# Blender 3.6.5
# www.blender.org
mtllib prismboxfixed.mtl
o Box
v 22.021576 88.162323 21.916220
v 22.193874 84.693703 21.916220
v 20.520601 84.693703 20.415243
v 20.870125 29.569700 11.135498
v 20.890175 29.569700 3.749373
v 20.890175 29.569700 11.135498
v 20.870125 29.569700 3.749373
v 20.870125 59.620827 11.135495
v 20.890175 69.577446 11.135494
v 20.890175 59.620827 11.135495
v 20.870125 69.577446 11.135494
v 20.870125 59.620827 -11.113530
v 20.890175 59.620827 -3.727405
v 20.890200 59.620827 -11.113530
v 20.870125 59.620827 -3.727405
v 20.870125 19.613075 3.749374
v 20.890175 19.613075 11.135498
v 20.890175 19.613075 3.749374
v 20.870125 19.613075 11.135498
v 20.870125 49.573578 11.135496
v 20.890175 49.573578 3.749371
v 20.890175 49.573578 11.135496
v 20.870125 49.573578 3.749371
v 20.870125 49.618900 11.135496
v 20.890175 59.575497 11.135495
v 20.890175 49.618900 11.135496
v 20.870125 59.575497 11.135495
v 20.870125 39.616951 3.749372
v 20.890175 39.616951 11.135497
v 20.890175 39.616951 3.749372
v 20.870125 39.616951 11.135497
v 20.870125 59.575497 -11.113530
v 20.890200 49.618900 -11.113529
v 20.890200 59.575497 -11.113530
v 20.870125 49.618900 -11.113529
v 20.890175 69.577446 3.749370
v 20.870125 69.577446 3.749370
v 20.870125 59.620827 3.749371
v 20.890175 59.620827 3.749371
v 20.870125 19.613075 3.704049
v 20.890175 29.569700 3.704048
v 20.890175 19.613075 3.704049
v 20.870125 29.569700 3.704048
v 20.890175 29.569700 -3.682077
v 20.870125 29.569700 -3.682077
v 20.870125 19.613075 -3.682076
v 20.890175 19.613075 -3.682076
v 20.870125 49.573578 -11.113529
v 20.890200 39.616951 -11.113528
v 20.890200 49.573578 -11.113529
v 20.870125 39.616951 -11.113528
v 20.870125 39.616951 3.704047
v 20.890175 49.573578 3.704046
v 20.890175 39.616951 3.704047
v 20.870125 49.573578 3.704046
v 20.890175 49.573578 -3.682079
v 20.870125 49.573578 -3.682079
v 20.870125 39.616951 -3.682078
v 20.890175 39.616951 -3.682078
v 20.870125 59.620827 3.704046
v 20.890175 69.577446 3.704045
v 20.890175 59.620827 3.704046
v 20.870125 69.577446 3.704045
v 20.870125 29.615025 11.135498
v 20.890175 39.571625 11.135497
v 20.890175 29.615025 11.135498
v 20.870125 39.571625 11.135497
v 20.890175 69.577446 -3.682080
v 20.870125 69.577446 -3.682080
v 20.870125 10.987075 -3.727401
v 20.890175 19.567776 -3.727401
v 20.890175 10.987075 -3.727401
v 20.870125 19.567776 -3.727401
v 20.870125 59.620827 -3.682080
v 20.890175 59.620827 -3.682080
v 20.890200 19.567776 -11.113527
v 20.870125 19.567776 -11.113527
v 20.870125 29.569700 -11.113527
v 20.890200 19.613075 -11.113527
v 20.890200 29.569700 -11.113527
v 20.870125 19.613075 -11.113527
v 20.870125 29.615025 -3.727402
v 20.890175 39.571625 -3.727403
v 20.890175 29.615025 -3.727402
v 20.870125 39.571625 -3.727403
v 20.890200 39.571625 -11.113528
v 20.870125 39.571625 -11.113528
v 20.870125 29.615025 -11.113527
v 20.890200 29.615025 -11.113527
v 20.870125 49.618900 -3.727404
v 20.890175 59.575497 -3.727405
v 20.890175 49.618900 -3.727404
v 20.870125 59.575497 -3.727405
v 20.870125 10.987076 11.135499
v 20.890175 19.567776 11.135498
v 20.890175 10.987076 11.135499
v 20.870125 19.567776 11.135498
v 20.890175 19.567776 3.749374
v 20.870125 19.567776 3.749374
v 20.870125 69.622772 11.135494
v 20.890175 79.579376 11.135494
v 20.890175 69.622772 11.135494
v 20.870125 79.579376 11.135494
v 20.870125 69.622772 -3.727405
v 20.890175 79.579376 -3.727406
v 20.890175 69.622772 -3.727405
v 20.869650 79.579376 -3.727631
v 20.890200 79.579376 -11.113531
v 20.869650 79.579376 -11.113756
v 20.870125 69.622772 -11.113531
v 20.890200 69.622772 -11.113531
v 20.890175 39.571625 3.749372
v 20.870125 39.571625 3.749372
v 20.890175 79.579376 3.749369
v 20.870125 79.579376 3.749369
v 20.870125 29.615025 3.749373
v 20.890175 29.615025 3.749373
v 20.870125 79.579376 3.704044
v 20.890175 79.579376 -3.682081
v 20.890175 79.579376 3.704044
v 20.870125 79.579376 -3.682081
v 20.870125 69.577446 -11.113531
v 20.890200 69.577446 -11.113531
v 20.890175 59.575497 3.749371
v 20.870125 59.575497 3.749371
v 20.870125 49.618900 3.749371
v 20.890175 49.618900 3.749371
v 20.870125 10.987075 3.704049
v 20.890175 19.567776 3.704049
v 20.890175 10.987075 3.704049
v 20.870125 19.567776 3.704049
v 20.890175 19.567776 -3.682076
v 20.870125 19.567776 -3.682076
v 20.870899 79.602303 -11.134181
v 20.890175 79.602051 -3.704756
v 20.890200 79.602051 -11.136206
v 20.870125 79.602051 -3.704756
v 20.890175 79.602051 3.726694
v 20.870125 79.602051 3.726694
v 20.890175 79.602051 11.158144
v 20.870899 79.602303 11.157795
v 21.774050 79.602051 -11.136331
v 21.774050 79.602051 11.158269
v 21.774050 10.988975 -11.136326
v 20.870125 10.988975 -11.136326
v 20.870125 10.988976 11.158274
v 21.774050 10.988976 11.158274
v 21.774050 5.658651 20.642099
v 21.078800 5.659849 -20.489025
v 21.774050 5.658648 -20.624199
v 21.078800 5.659852 20.642099
v 21.078800 84.764679 -20.489031
v 21.774050 84.763496 -20.624205
v 21.078800 84.764679 20.642094
v 21.774050 84.763496 20.642094
v -0.533850 111.656723 -0.090383
v -0.522250 111.656723 -0.208308
v -0.487850 111.656723 -0.321708
v -0.487850 111.656723 0.140917
v -0.522250 111.656723 0.027517
v -0.431975 111.656723 -0.426208
v -0.356825 111.656723 -0.517783
v -0.160725 111.656723 -0.648808
v 0.629000 111.656723 -0.321708
v -0.265225 111.656723 -0.592958
v 0.301900 111.656723 -0.648808
v 0.406400 111.656723 -0.592958
v 0.497975 111.656723 -0.517783
v 0.573150 111.656723 -0.426208
v 0.188500 111.656723 -0.683208
v 0.070575 111.656723 -0.694833
v -0.047325 111.656723 -0.683208
v -0.160725 111.656723 0.468042
v -0.265225 111.656723 0.412192
v -0.356825 111.656723 0.337017
v -0.431975 111.656723 0.245417
v 0.301900 111.656723 0.468042
v 0.675025 111.656723 -0.090383
v 0.663400 111.656723 -0.208308
v 0.188500 111.656723 0.502442
v 0.070575 111.656723 0.514042
v -0.047325 111.656723 0.502442
v 0.629000 111.656723 0.140917
v 0.573150 111.656723 0.245417
v 0.497975 111.656723 0.337017
v 0.406400 111.656723 0.412192
v 0.663400 111.656723 0.027517
v -0.056700 141.665894 -0.071561
v -0.057550 141.665894 -0.068386
v -0.056700 141.665894 -0.065236
v 0.079800 141.665894 0.070389
v 0.083075 141.665894 0.070389
v 0.085900 141.665894 0.068739
v 0.076975 141.665894 0.068739
v 0.085900 141.665894 -0.205536
v 0.076975 141.665894 -0.205536
v 0.079800 141.665894 -0.207161
v 0.083075 141.665894 -0.207161
v 0.219575 141.665894 -0.065236
v 0.220425 141.665894 -0.068386
v 0.218575 141.665894 -0.072861
v 20.870125 39.571625 -3.682078
v 20.619650 29.615025 -3.682302
v 20.619650 39.571625 -3.682303
v 20.870125 29.615025 -3.682077
v 20.619650 29.615025 3.703823
v 20.870125 29.615025 3.704048
v 20.870125 39.571625 3.704047
v 20.619650 39.571625 3.703822
v 20.619650 29.615025 3.749148
v 20.619650 39.571625 3.749147
v 20.619650 29.615025 11.135273
v 20.619650 39.571625 11.135272
v 20.619650 29.615025 -3.727627
v 20.619650 29.615025 -11.113752
v 20.619650 39.571625 -11.113753
v 20.619650 39.571625 -3.727628
v 20.619650 39.616951 -3.682303
v 20.619650 49.573578 -3.682304
v 20.619650 39.616951 3.703822
v 20.619650 49.573578 3.703821
v 20.619650 39.616951 3.749147
v 20.619650 49.573578 3.749146
v 20.619650 39.616951 11.135272
v 20.619650 49.573578 11.135271
v 20.619650 39.616951 -3.727628
v 20.619650 39.616951 -11.113753
v 20.870125 39.616951 -3.727403
v 20.870125 49.573578 -3.727404
v 20.619650 49.573578 -11.113754
v 20.619650 49.573578 -3.727629
v 20.870125 59.575497 -3.682080
v 20.619650 49.618900 -3.682304
v 20.619650 59.575497 -3.682305
v 20.870125 49.618900 -3.682079
v 20.619650 49.618900 3.703821
v 20.870125 49.618900 3.704046
v 20.870125 59.575497 3.704046
v 20.619650 59.575497 3.703820
v 20.619650 49.618900 3.749146
v 20.619650 59.575497 3.749146
v 20.619650 49.618900 11.135271
v 20.619650 59.575497 11.135270
v 20.619650 49.618900 -3.727629
v 20.619650 49.618900 -11.113754
v 20.619650 59.575497 -11.113755
v 20.619650 59.575497 -3.727629
v 20.619650 59.620827 -3.682305
v 20.619650 69.577446 -3.682305
v 20.619650 59.620827 3.703820
v 20.619650 69.577446 3.703820
v 20.619650 59.620827 3.749146
v 20.619650 69.577446 3.749145
v 20.619650 59.620827 11.135270
v 20.619650 69.577446 11.135269
v 20.619650 59.620827 -3.727629
v 20.619650 59.620827 -11.113755
v 20.869650 69.577446 -3.727630
v 20.619650 69.577446 -11.113756
v 20.619650 69.577446 -3.727630
v 20.619650 69.622772 -3.682305
v 20.619650 79.579376 -3.682306
v 20.870125 69.622772 -3.682080
v 20.619650 69.622772 3.703820
v 20.870125 69.622772 3.704045
v 20.619650 79.579376 3.703819
v 20.619650 69.622772 3.749145
v 20.619650 79.579376 3.749144
v 20.870125 69.622772 3.749370
v 20.619650 69.622772 11.135269
v 20.619650 69.622772 -3.727630
v 20.619650 69.622772 -11.113756
v 20.619650 79.579376 -3.727631
v 20.619650 10.987074 -11.113751
v 20.619650 19.567776 -11.113752
v 20.870125 10.987074 -11.113526
v 20.619650 19.567776 11.135273
v 20.619650 10.987076 11.135274
v 20.619650 19.613075 -11.113752
v 20.619650 29.569700 -11.113752
v 20.619650 79.579376 -11.113756
v 20.619650 29.569700 11.135273
v 20.619650 19.613075 11.135273
v 20.619650 79.579376 11.135269
v -20.500000 5.658651 21.623526
v 20.500000 5.659852 20.928276
v 20.500000 5.658651 21.623526
v -20.500000 5.659852 20.928276
v -22.178625 5.658651 20.500000
v -20.500000 5.658652 23.857225
v -20.500000 5.658651 20.500000
v -21.642775 5.658652 25.000000
v -22.394325 5.658652 25.000000
v -25.000000 5.658652 22.394299
v -23.857250 5.658651 20.500000
v -25.000000 5.658651 21.642750
v 20.500000 5.658651 20.500000
v 22.178625 5.658651 20.500000
v 20.500000 5.658652 23.857250
v 22.394299 5.658652 25.000000
v 25.000000 5.658652 22.394325
v 21.642750 5.658652 25.000000
v 23.857225 5.658651 20.500000
v 25.000000 5.658651 21.642775
v 1.523125 139.489197 -0.051436
v 1.516600 139.489197 -0.035636
v 1.506175 139.489197 -0.022086
v 1.525375 139.489197 -0.068386
v 1.523125 139.489197 -0.085361
v 1.506175 139.489197 -0.114711
v 1.516600 139.489197 -0.101161
v 0.081450 139.489197 -1.512311
v 0.098400 139.489197 -1.510085
v 0.114200 139.489197 -1.503536
v 0.064475 139.489197 -1.510085
v 0.048700 139.489197 -1.503536
v 0.127775 139.489197 -1.493135
v 0.035125 139.489197 -1.493135
v -1.343300 139.489197 -0.022086
v 0.035125 139.489197 1.356339
v 0.127775 139.489197 1.356339
v 0.048675 139.489197 1.366765
v 0.114200 139.489197 1.366765
v 0.081450 139.489197 1.375540
v 0.098400 139.489197 1.373289
v 0.064475 139.489197 1.373289
v -1.353700 139.489197 -0.035636
v -1.360250 139.489197 -0.051436
v -1.362475 139.489197 -0.068386
v -1.360250 139.489197 -0.085361
v -1.343300 139.489197 -0.114711
v -1.353700 139.489197 -0.101161
v 20.500000 84.764679 20.928270
v 20.500000 84.763496 21.623520
v -20.500000 84.764679 20.928270
v -20.500000 84.763496 21.623520
v -17.996424 7.348452 21.412601
v -17.996424 7.349627 20.717375
v -17.996424 83.243752 20.717369
v -17.996424 83.242577 21.412596
v -17.996424 83.242577 21.623520
v -17.996424 7.348452 21.623526
v 22.193874 84.693703 23.258394
v 17.996401 7.348452 21.412624
v 17.996401 7.349627 20.717375
v 17.996401 7.348452 21.623526
v 22.021576 84.693703 21.757420
v 22.193874 88.162323 24.991594
v 17.996401 83.243752 20.717369
v 17.996401 83.242577 21.412619
v 17.996401 83.242577 21.623520
v 21.775099 84.693703 21.916220
v 23.276075 84.693703 22.059370
v 22.021576 84.693703 22.059370
v 24.991600 88.162323 21.262794
v 24.991600 88.162323 22.059370
v 21.927925 88.162323 -21.780682
v 21.927925 88.162323 -22.083206
v 21.927925 84.693703 -22.083206
v 7.049275 128.184525 6.747790
v 3.535750 114.642021 3.182891
v 7.150525 128.174667 6.747790
v 3.455400 114.651894 3.182891
v -6.908125 128.184525 -6.928585
v -3.394575 114.642021 -3.363684
v -7.009375 128.174667 -6.928585
v -3.314225 114.651894 -3.363684
v 6.908775 128.184525 6.888316
v 3.440125 114.555824 3.279141
v 7.068550 128.280609 6.907566
v 3.343875 114.651894 3.294416
v 3.343875 114.651894 -3.475209
v 7.068550 128.280609 -7.088359
v 3.440125 114.555824 -3.459934
v 6.908775 128.184525 -7.069109
v -6.767600 128.184525 -7.069109
v -3.298950 114.555824 -3.459934
v -6.927400 128.280609 -7.088359
v -3.202725 114.651894 -3.475209
v -3.202725 114.651894 3.294416
v -6.927400 128.280609 6.907566
v -3.298950 114.555824 3.279141
v -6.767600 128.184525 6.888316
v 7.049300 128.184525 -6.928585
v 3.455400 114.651894 -3.363684
v -6.908125 128.184525 6.747790
v -3.314225 114.651894 3.182891
v -7.009375 128.174667 6.747790
v -6.767600 128.174667 -7.170334
v -3.202725 114.642021 -3.555559
v 3.343875 114.642021 3.374791
v -3.202725 114.642021 3.374791
v 6.908775 128.174667 -7.170334
v -3.441925 114.591507 3.422117
v 3.583100 114.591507 -3.602909
v -3.441925 114.591507 -3.602909
v 3.583100 114.591507 3.422117
v 3.851825 114.542099 -3.871634
v -3.710650 114.542099 -3.871634
v -3.710650 114.542130 3.690841
v 3.851825 114.542130 3.690841
v -3.710650 114.412071 3.690841
v 3.851825 114.412071 3.690841
v 3.851825 114.412071 -3.871634
v -3.710650 114.412071 -3.871634
v -3.441925 114.362701 3.422117
v 3.583100 114.362701 3.422117
v 3.583100 114.362701 -3.602909
v -3.441925 114.362701 -3.602909
v -3.441925 113.009003 -3.602909
v -3.441925 113.009003 3.422117
v 3.583100 113.009003 3.422117
v 3.583100 113.009003 -3.602909
v -2.881475 113.009003 -3.042459
v -2.881475 113.009003 2.861666
v 3.022650 113.009003 -3.042459
v 3.022650 113.009003 2.861666
v 0.001275 106.399521 -0.170458
v 0.131275 106.399521 -24.985733
v -0.015400 106.399521 -24.985733
v 0.147925 106.399521 -0.170458
v 0.001275 106.399521 -0.023808
v 0.147925 106.399521 -0.023808
v 24.984924 106.399521 -0.022958
v 24.984924 106.399521 -0.169608
v -24.986500 106.399521 -0.174733
v -24.986500 106.399521 -0.028058
v 24.984924 105.626068 -0.754358
v 0.723075 105.626068 -0.743558
v 0.724700 105.626068 0.563017
v 24.984924 105.626068 0.552217
v 0.701775 105.626068 -24.985733
v -0.542550 105.626068 24.986618
v 0.166600 106.399521 24.986618
v 0.019950 106.399521 24.986618
v 0.764050 105.626068 24.986618
v -24.986500 105.626068 0.543217
v -0.581900 105.626068 0.562792
v -0.583525 105.626068 -0.743808
v -24.986500 105.626068 -0.763358
v -20.624176 84.763496 -21.774055
v 18.007376 83.242577 -21.774055
v -17.985424 83.242577 -21.774055
v 20.642099 84.763496 -21.774055
v 18.007376 7.348449 -21.774050
v 20.642099 5.658648 -21.774050
v -17.985424 7.348449 -21.774050
v -20.624176 5.658648 -21.774050
v 21.774050 83.242577 -17.985430
v 21.774050 82.566124 17.330919
v 21.774050 82.566124 -17.308981
v 21.774050 83.242577 18.007370
v 21.774050 8.024899 17.330925
v 21.774050 7.348452 18.007376
v 21.774050 7.348449 -17.985424
v 21.774050 8.024898 -17.308975
v 20.426950 84.693703 -20.279705
v 23.276100 84.693703 -22.083206
v 21.927925 84.693703 -21.775105
v 22.166750 84.693703 -21.780682
v 22.166750 84.693703 -23.276081
v -24.829725 95.693848 4.114293
v -24.232124 95.693848 -4.610407
v -24.232124 95.693848 4.511368
v -24.829725 95.693848 -4.213357
v -24.232124 104.202995 -4.610408
v -24.829725 104.202995 -4.213357
v -24.829725 104.202995 4.114292
v -24.232124 104.008698 4.511367
v -4.114300 95.693848 -24.829733
v 4.610400 95.693848 -24.232132
v -4.511375 95.693848 -24.232132
v 4.213350 95.693848 -24.829733
v 4.610400 104.202995 -24.232132
v 4.213350 104.202995 -24.829733
v -4.114300 104.202995 -24.829733
v -4.511375 104.202995 -24.232132
v 4.114300 95.693848 24.829718
v -4.610425 95.693848 24.232117
v 4.511375 95.693848 24.232117
v -4.213350 95.693848 24.829718
v -4.610425 104.008698 24.232117
v -4.213350 104.202995 24.829718
v 4.114300 104.202995 24.829718
v 4.511375 104.202995 24.232117
v 24.829725 95.693848 -4.114307
v 24.232124 95.693848 4.610393
v 24.232124 95.693848 -4.511382
v 24.829725 95.693848 4.213343
v 24.232124 104.202995 4.610393
v 24.829725 104.202995 4.213342
v 24.829725 104.202995 -4.114307
v 24.232124 104.202995 -4.511383
v 4.564325 110.624168 -4.584134
v -4.423175 111.525131 -4.584134
v 4.564325 111.525131 -4.584134
v -4.423175 110.624168 -4.584134
v -4.423175 110.624168 4.403367
v 4.564325 111.525131 4.403367
v -4.423175 111.525131 4.403367
v 4.564325 110.624168 4.403367
v 4.564325 106.357323 -4.584133
v -4.423175 107.020447 -4.584133
v 4.564325 107.020447 -4.584133
v -4.423175 106.357323 -4.584133
v -4.423175 106.357323 4.403367
v 4.564325 107.020447 4.403367
v -4.423175 107.020447 4.403367
v 4.564325 106.357323 4.403367
v -4.615925 107.020447 -4.776908
v -4.615950 110.624168 4.596141
v -4.615925 110.624168 -4.776908
v -4.615950 107.020447 4.596142
v 4.757100 107.020447 4.596142
v 4.757100 110.624168 -4.776908
v 4.757100 110.624168 4.596141
v 4.757100 107.020447 -4.776908
v 4.757100 106.357323 4.596142
v 4.757100 106.357323 -4.776908
v -4.615925 106.357323 -4.776908
v -4.615950 106.357323 4.596142
v -4.615950 111.525131 4.596141
v -4.615925 111.525131 -4.776908
v 4.757100 111.525131 -4.776908
v 4.757100 111.525131 4.596141
v 4.757100 104.086151 -4.776907
v -4.615925 104.086151 -4.776907
v -4.615950 104.086151 4.596142
v 4.757100 104.086151 4.596142
v -4.615925 112.651299 -4.776908
v -4.615950 112.651299 4.596141
v 4.757100 112.651299 4.596141
v 4.757100 112.651299 -4.776908
v -24.986500 97.121445 24.986618
v -24.986500 105.603699 -0.109858
v -24.986500 97.106949 24.986618
v -24.986500 97.147652 -24.985733
v -24.986500 97.162201 -24.985733
v 24.984924 97.203949 -24.985733
v 24.984924 105.603645 -0.101083
v 24.984924 97.189346 -24.985733
v 24.984924 97.110054 24.986618
v 24.984924 97.124474 24.986618
v 0.048650 104.663551 -24.985733
v -24.986500 96.215500 -24.985733
v 0.048575 105.603622 -24.985733
v -0.604825 105.626068 -24.985733
v 0.110325 105.603729 24.986618
v 24.984924 96.257126 -24.985733
v 0.109875 104.663727 24.986618
v 24.984924 96.178001 24.986618
v -24.986500 96.174828 24.986618
v 22.166750 88.162323 -21.780682
v 21.412476 88.162323 -24.991606
v 22.166750 88.162323 -24.991606
v -24.986500 104.663673 -0.109633
v -24.986500 95.636955 -24.985733
v -24.986500 104.077377 -0.498033
v -24.986500 104.077171 0.279167
v -24.986500 95.596298 24.986618
v -0.278625 104.077148 24.986618
v 0.497500 104.077599 24.986618
v 24.984924 95.599548 24.986618
v 24.984924 104.663597 -0.101108
v 24.984924 104.077171 0.288117
v 24.984924 104.077148 -0.490383
v 24.984924 95.678505 -24.985733
v 0.438525 104.077026 -24.985733
v -0.341050 104.077126 -24.985733
v 0.655475 104.058029 -0.675933
v 0.656775 104.058052 0.495092
v -0.514025 104.058052 0.494842
v -0.515800 104.058029 -0.676208
v -20.729525 96.235672 20.798243
v 20.927475 96.235672 -20.891533
v -20.830675 96.235672 -21.018007
v 20.913624 96.235672 20.751968
v -24.425524 96.235672 -21.018007
v -20.830675 96.235672 -24.425558
v -24.425524 96.235672 -24.425558
v 20.927475 96.235672 -24.425531
v 24.425550 96.235672 -24.425531
v 24.425550 96.235672 -20.982983
v 24.425524 96.235672 20.781193
v 20.950676 96.235672 24.425543
v 24.425524 96.235672 24.425543
v -24.425550 96.235672 20.798243
v -24.425550 96.235672 24.425516
v -20.729525 96.235672 24.425516
v 21.436199 88.162323 24.991594
v 22.193874 88.162323 21.916220
v 22.021576 88.162323 22.059370
v 24.991600 88.162323 -21.469255
v 24.991600 88.162323 -22.083206
v -21.313425 88.162323 -24.991606
v -22.147051 88.162323 -21.854906
v -21.783199 88.162323 -21.854906
v -22.147051 88.162323 -24.991606
v -24.991600 88.162323 -22.119307
v -24.991600 88.162323 -21.505106
v -21.783199 88.162323 -22.469107
v -22.147051 84.693703 -21.558954
v -22.147051 84.693703 -23.276106
v -21.757401 84.693703 -21.558954
v -21.783199 84.693703 -22.173155
v -20.282225 84.693703 -20.057980
v -23.258375 84.693703 -22.173155
v -21.783199 84.693703 -21.775131
v -24.991600 88.162323 21.280245
v -21.877550 88.162323 22.282894
v -21.877550 88.162323 21.778521
v -24.991600 88.162323 22.282894
v -22.079725 88.162323 24.991594
v -21.238676 88.162323 24.991594
v -22.079725 88.162323 21.778521
v -21.877550 84.693703 22.282894
v -23.258400 84.693703 22.282894
v -21.877550 84.693703 21.757395
v -22.079725 84.693703 21.491394
v -20.376575 84.693703 19.990419
v -22.079725 84.693703 23.258369
v -25.229650 89.799103 19.610619
v -24.890549 89.799103 -19.841183
v -25.229650 89.799103 -19.841183
v -24.890549 89.799103 19.610619
v 19.877949 93.929497 -25.229658
v -19.613224 93.929497 -24.890556
v -19.613224 93.929497 -25.229658
v 19.877949 93.929497 -24.890556
v 19.925375 93.929497 25.229643
v 19.925375 89.799103 24.890541
v 19.925375 89.799103 25.229643
v 19.925375 93.929497 24.890541
v -25.229650 93.929497 -19.841183
v -24.890549 93.929497 19.610619
v -25.229650 93.929497 19.610619
v -24.890549 93.929497 -19.841183
v 25.229650 93.929497 -19.804283
v 24.890549 89.799103 -19.804283
v 25.229650 89.799103 -19.804283
v 24.890549 93.929497 -19.804283
v 19.877949 89.799103 -25.229658
v 19.877949 89.799103 -24.890556
v -19.661001 89.799103 24.890541
v -19.661001 89.799103 25.229643
v 24.890549 89.799103 19.679667
v 25.229650 89.799103 19.679667
v -19.661001 93.929497 25.229643
v -19.661001 93.929497 24.890541
v 25.229650 93.929497 19.679667
v 24.890549 93.929497 19.679667
v -19.613224 89.799103 -24.890556
v -19.613224 89.799103 -25.229658
v -19.898800 89.487473 25.229643
v 20.163176 89.487473 25.229643
v 20.163176 94.241104 25.229643
v -19.898800 94.241104 25.229643
v -20.136625 94.552727 25.229643
v -20.136625 89.175873 25.229643
v -20.374424 88.864273 25.229643
v 20.638800 88.864273 25.229643
v 20.400976 89.175873 25.229643
v 20.638800 94.864326 25.229643
v 20.400976 94.552727 25.229643
v -20.374424 94.864326 25.229643
v 25.229650 89.487473 19.917492
v 25.229650 89.487473 -20.042084
v 25.229650 94.241104 -20.042084
v 25.229650 94.241104 19.917492
v 25.229650 94.552727 20.155293
v 25.229650 89.175873 20.155293
v 25.229650 88.864273 20.393093
v 25.229650 88.864273 -20.517683
v 25.229650 89.175873 -20.279882
v 25.229650 94.864326 -20.517683
v 25.229650 94.552727 -20.279882
v 25.229650 94.864326 20.393093
v -21.757425 84.693703 21.491394
v 20.638800 94.864326 24.991592
v 20.638800 88.864273 24.991592
v -24.991600 94.864326 -20.554607
v -25.229675 94.864326 20.324017
v -24.991600 94.864326 20.324017
v -25.229650 94.864326 -20.554607
v 24.991600 94.864326 -20.517683
v 24.991600 88.864273 -20.517683
v 20.591351 88.864250 -24.991608
v 20.591351 94.864326 -25.229658
v 20.591351 94.864326 -24.991608
v 20.591351 88.864250 -25.229658
v -24.991600 88.864273 -20.554607
v -25.229650 88.864273 -20.554607
v -20.374424 88.864273 24.991592
v 24.991600 88.864273 20.393093
v -20.374424 94.864326 24.991592
v 24.991600 94.864326 20.393093
v -20.326624 94.864326 -24.991608
v -20.326624 88.864250 -25.229658
v -20.326624 88.864250 -24.991608
v -20.326624 94.864326 -25.229658
v -15.165851 84.693703 14.858893
v 15.245175 84.693703 -15.049557
v 15.309925 84.693703 15.153793
v -15.100651 84.693703 -14.895607
v 21.775126 84.693703 -21.780682
v -24.991600 88.162323 -24.991606
v -24.991600 88.864273 20.324017
v -25.229675 88.864273 20.324017
v -24.991600 88.162323 24.991594
v 22.433651 5.658648 -24.461899
v 22.255274 88.704628 -24.244583
v 22.433651 88.704628 -24.461906
v 22.255274 5.658648 -24.244576
v 22.122749 88.704628 -23.996632
v 22.122749 5.658648 -23.996624
v 22.041126 88.704628 -23.727583
v 22.041126 5.658648 -23.727575
v 22.013575 88.704628 -23.447783
v 22.013575 5.658648 -23.447775
v 22.041126 88.704628 -23.167982
v 22.041126 5.658648 -23.167974
v 22.122749 88.704628 -22.898932
v 22.122749 5.658648 -22.898924
v 22.255274 88.704628 -22.650982
v 22.255274 5.658648 -22.650974
v 22.433651 88.704628 -22.433659
v 22.433651 5.658648 -22.433651
v 24.461899 5.658648 -24.461899
v 24.244576 88.704628 -24.640284
v 24.461899 88.704628 -24.461906
v 24.244576 5.658648 -24.640276
v 23.996624 88.704628 -24.772808
v 23.996624 5.658648 -24.772800
v 23.727575 88.704628 -24.854433
v 23.727575 5.658648 -24.854425
v 23.447775 88.704628 -24.881983
v 23.447775 5.658648 -24.881975
v 23.167974 88.704628 -24.854433
v 23.167974 5.658648 -24.854425
v 22.898924 88.704628 -24.772808
v 22.898924 5.658648 -24.772800
v 22.650974 88.704628 -24.640284
v 22.650974 5.658648 -24.640276
v 25.000000 5.658648 -21.642750
v 25.000000 88.158676 -22.394304
v 25.000000 88.158676 -21.642756
v 25.000000 5.658648 -22.394299
v 22.394325 5.658648 -25.000000
v 22.394325 88.158676 -25.000006
v 23.857250 5.658648 -20.500000
v 22.178625 5.658648 -20.500000
v 20.806274 5.658648 -22.178625
v 20.500000 5.658648 -23.857225
v 21.642775 5.658648 -25.000000
v 20.500000 5.658648 -20.500000
v 23.857250 88.158676 -20.500006
v 21.642775 88.158676 -25.000006
v 20.500000 88.158676 -23.857231
v -20.870125 19.567776 -3.749377
v -20.890175 10.987075 -3.749376
v -20.890175 19.567776 -3.749377
v -20.870125 10.987075 -3.749376
v -20.870125 19.567776 11.113523
v -20.890200 10.987076 11.113524
v -20.890200 19.567776 11.113523
v -20.870125 10.987076 11.113524
v -20.890175 69.600098 -3.726705
v -20.890175 69.622772 3.682070
v -20.890175 69.622772 -3.704055
v -20.890175 79.602051 -3.726706
v -20.890175 79.579376 -3.749381
v -20.890175 79.579376 -11.135506
v -20.890175 79.602051 -11.158155
v -20.890175 69.622772 -11.135506
v -20.890175 69.600098 -11.158155
v -20.890175 69.622772 -3.749380
v -20.890175 59.598179 -3.726705
v -20.890175 69.577446 -3.749380
v -20.890175 69.577446 -11.135506
v -20.890175 59.620827 -11.135505
v -20.890175 59.598179 -11.158154
v -20.890175 59.620827 -3.749380
v -20.890175 79.579376 -3.704056
v -20.890175 79.602051 3.704744
v -20.890175 79.579376 3.682069
v -20.890175 69.600098 3.704745
v -20.890175 69.577446 -3.704055
v -20.890175 59.620827 -3.704055
v -20.890175 59.620827 3.682070
v -20.890175 59.598179 3.704746
v -20.890175 69.577446 3.682070
v -20.890200 69.600098 11.136194
v -20.890200 69.622772 11.113520
v -20.890175 69.622772 3.727395
v -20.890175 79.579376 3.727394
v -20.890200 79.602051 11.136194
v -20.890200 79.579376 11.113520
v -20.890200 59.598179 11.136195
v -20.890200 59.620827 11.113521
v -20.890200 69.577446 11.113520
v -20.890175 69.577446 3.727395
v -20.890175 59.620827 3.727396
v -20.890175 49.596249 3.704746
v -20.890200 49.596249 11.136196
v -20.890200 49.618900 11.113522
v -20.890175 49.618900 3.727396
v -20.890175 59.575497 3.727396
v -20.890200 59.575497 11.113521
v -20.890175 39.594299 3.704747
v -20.890200 39.594299 11.136197
v -20.890200 39.616951 11.113523
v -20.890200 49.573578 11.113522
v -20.890175 49.573578 3.727396
v -20.890175 39.616951 3.727397
v -20.890175 49.618900 -3.704054
v -20.890175 59.575497 -3.704055
v -20.890175 59.575497 3.682070
v -20.890175 49.618900 3.682071
v -20.890175 49.596249 -3.726704
v -20.890175 49.573578 -3.704054
v -20.890175 39.616951 -3.704053
v -20.890175 39.594299 -3.726703
v -20.890175 39.616951 3.682072
v -20.890175 49.573578 3.682071
v -20.890175 59.575497 -3.749380
v -20.890175 59.575497 -11.135505
v -20.890175 49.618900 -11.135504
v -20.890175 49.596249 -11.158154
v -20.890175 49.618900 -3.749379
v -20.890175 49.573578 -3.749379
v -20.890175 49.573578 -11.135504
v -20.890175 39.616951 -11.135503
v -20.890175 39.594299 -11.158153
v -20.890175 39.616951 -3.749378
v -20.890175 29.592350 -11.158152
v -20.890175 29.592350 -3.726702
v -20.890175 29.615025 -3.749377
v -20.890175 39.571625 -3.749378
v -20.890175 39.571625 -11.135503
v -20.890175 29.615025 -11.135502
v -20.890175 19.590425 -3.726701
v -20.890175 29.569700 -3.749377
v -20.890175 29.569700 -11.135502
v -20.890175 19.613075 -11.135502
v -20.890175 19.590425 -11.158152
v -20.890175 19.613075 -3.749377
v -20.890175 10.970699 -3.726701
v -20.890175 10.987075 -3.704051
v -20.890175 19.567776 -11.135502
v -20.890175 10.987074 -11.135501
v -20.890175 10.970698 -11.158151
v -20.890175 19.567776 -3.704051
v -20.890175 19.590425 3.704749
v -20.890175 19.613075 3.682074
v -20.890175 29.569700 3.682073
v -20.890175 29.592350 3.704748
v -20.890175 29.569700 -3.704052
v -20.890175 19.613075 -3.704051
v -20.890175 19.567776 3.682074
v -20.890175 10.987075 3.727399
v -20.890175 19.567776 3.727399
v -20.890175 10.970699 3.704749
v -20.890175 10.987075 3.682074
v -20.890200 19.590425 11.136198
v -20.890200 19.613075 11.113523
v -20.890175 19.613075 3.727399
v -20.890175 29.569700 3.727398
v -20.890200 29.592350 11.136198
v -20.890200 29.569700 11.113523
v -20.890200 10.970700 11.136199
v -20.890175 29.615025 -3.704052
v -20.890175 29.615025 3.682073
v -20.890175 39.571625 3.682072
v -20.890175 39.571625 -3.704053
v -20.890200 29.615025 11.113523
v -20.890200 39.571625 11.113523
v -20.890175 39.571625 3.727397
v -20.890175 29.615025 3.727398
v -23.690475 105.318573 -1.015983
v -23.690475 95.992622 -16.558533
v -23.690475 95.992622 -1.015982
v -23.690475 100.101402 -16.558533
v -23.690475 96.746277 -23.473932
v -23.690475 96.218597 -23.473932
v -0.722100 105.512871 22.906967
v -16.044199 95.992645 22.906967
v -0.722100 95.992645 22.906967
v -16.044199 100.101402 22.906967
v -23.915026 96.218597 22.906942
v -23.915026 96.746277 22.906942
v -23.690475 95.992622 15.991543
v -23.690475 100.101402 15.991543
v -23.690475 105.512871 0.448992
v -23.690475 95.992622 0.448993
v 0.722100 105.512871 -23.473932
v 16.044199 95.992645 -23.473932
v 0.722100 95.992645 -23.473932
v 16.044199 100.101402 -23.473932
v 23.787449 96.218597 -23.473932
v 23.787449 96.746277 -23.473932
v 16.044199 100.101402 22.906967
v 24.173126 96.218597 22.906967
v 24.173126 96.746277 22.906967
v 16.044199 95.992645 22.906967
v 0.722100 105.512871 22.906967
v 0.722100 95.992645 22.906967
v 23.733425 105.512871 0.708967
v 23.953875 95.992622 15.752342
v 23.733425 95.992622 0.708968
v 23.733425 100.295677 15.752342
v 23.733425 96.746277 22.445692
v 23.733425 96.218597 22.445692
v 23.733400 95.992622 -15.752382
v 23.953875 96.218597 -22.445707
v 23.953875 96.746277 -22.445707
v 23.733400 100.295677 -15.752382
v 23.733425 105.512871 -0.708983
v 23.733425 95.992622 -0.708982
v -4.610425 104.008698 22.261217
v -4.610425 95.693848 22.261217
v 4.511375 95.693848 22.261217
v 4.511375 104.202995 22.261217
v 23.611324 104.202995 4.610393
v 23.611324 95.693848 4.610393
v 23.611324 95.693848 -4.511382
v 23.611324 104.202995 -4.511383
v 4.610400 104.202995 -21.320457
v 4.610400 95.693848 -21.320457
v -4.511375 95.693848 -21.320457
v -4.511375 104.202995 -21.320457
v -23.048399 104.202995 -4.610408
v -23.048399 95.693848 -4.610407
v -23.048399 95.693848 4.511368
v -23.048399 104.008698 4.511367
v -21.774075 84.763496 20.624170
v -21.774050 83.242577 -18.007381
v -21.774075 83.242577 17.985418
v -21.774050 84.763496 -20.642105
v -21.774050 7.348449 -18.007376
v -21.774050 5.658648 -20.642099
v -21.774075 7.348452 17.985424
v -21.774075 5.658651 20.624176
v -21.078800 5.659849 -20.642099
v -21.078800 84.764679 -20.642105
v -21.078825 84.764679 20.489019
v -21.078825 5.659852 20.489025
v -21.774050 10.988975 -11.158276
v -20.870125 10.988976 11.136324
v -20.870125 10.988975 -11.158276
v -21.774050 10.988976 11.136324
v -21.774075 82.566124 17.308969
v -21.774050 79.602051 -11.158280
v -21.774050 79.602051 11.136319
v -21.774050 82.566124 -17.330931
v -21.774050 8.024898 -17.330925
v -21.774075 8.024899 17.308975
v -20.870899 79.602303 -11.157806
v -20.870926 79.602303 11.134170
v -20.870125 19.567776 -3.704051
v -20.870125 19.567776 3.682074
v -20.870125 59.575497 -3.749380
v -20.870125 49.618900 -3.749379
v -20.870125 10.987075 -3.704051
v -20.870125 49.618900 -11.135504
v -20.870125 59.575497 -11.135505
v -20.870125 69.577446 11.113520
v -20.870125 59.620827 11.113521
v -20.870125 39.571625 -3.749378
v -20.870125 29.615025 -3.749377
v -20.870125 79.579376 -3.704056
v -20.870125 79.579376 3.682069
v -20.870125 29.615025 -11.135502
v -20.870125 79.579376 -11.135506
v -20.870125 79.579376 -3.749381
v -20.870125 39.571625 -11.135503
v -20.870125 69.622772 11.113520
v -20.870125 69.622772 3.727395
v -20.869650 79.579376 3.727619
v -20.869650 79.579376 11.113745
v -20.870125 69.622772 -11.135506
v -20.870125 49.618900 11.113522
v -20.870125 49.618900 3.727396
v -20.870125 19.567776 -11.135502
v -20.870125 59.575497 3.727396
v -20.870125 59.575497 11.113521
v -20.870125 10.987074 -11.135501
v -20.870125 29.615025 11.113523
v -20.870125 29.615025 3.727398
v -20.870125 39.571625 3.727397
v -20.870125 39.571625 11.113523
v -20.870125 29.569700 11.113523
v -20.870125 19.613075 11.113523
v -20.870125 69.577446 3.682070
v -20.870125 59.620827 3.682070
v -20.870125 19.567776 3.727399
v -20.870125 59.620827 -3.704055
v -20.870125 10.987075 3.727399
v -20.870125 69.577446 -3.704055
v -20.870125 49.573578 3.682071
v -20.870125 39.616951 3.682072
v -20.870125 39.616951 -3.704053
v -20.870125 49.573578 -3.704054
v -20.870125 49.573578 11.113522
v -20.870125 39.616951 11.113523
v -20.870125 29.569700 3.682073
v -20.870125 19.613075 3.682074
v -20.870125 39.616951 -11.135503
v -20.870125 49.573578 -11.135504
v -20.870125 19.613075 -3.704051
v -20.870125 29.569700 -3.704052
v -20.870125 69.577446 -3.749380
v -20.870125 59.620827 -3.749380
v -20.870125 59.620827 -11.135505
v -20.870125 69.577446 -11.135506
v -20.870125 49.573578 -3.749379
v -20.870125 39.616951 -3.749378
v -20.870125 29.569700 -3.749377
v -20.870125 19.613075 -3.749377
v -20.870125 19.613075 -11.135502
v -20.870125 59.620827 3.727396
v -20.870125 29.569700 -11.135502
v -20.869650 69.577446 3.727620
v -20.870125 10.970700 11.136199
v -20.870125 19.590425 11.136198
v -20.870125 29.592350 11.136198
v -20.870125 39.594299 11.136197
v -20.870125 49.596249 11.136196
v -20.870125 59.598179 11.136195
v -20.870125 69.600098 11.136194
v -20.870125 39.616951 3.727397
v -20.870125 49.573578 3.727396
v -20.870125 19.613075 3.727399
v -20.870125 29.569700 3.727398
v -20.870125 69.622772 3.682070
v -20.870125 69.622772 -3.749380
v -20.870125 29.615025 -3.704052
v -20.870125 39.571625 -3.704053
v -20.870125 69.600098 -11.158155
v -20.870125 59.598179 -11.158154
v -20.870125 49.596249 -11.158154
v -20.870125 39.594299 -11.158153
v -20.870125 29.592350 -11.158152
v -20.870125 19.590425 -11.158152
v -20.870125 10.970698 -11.158151
v -20.870125 39.571625 3.682072
v -20.870125 29.615025 3.682073
v -20.870125 49.618900 -3.704054
v -20.870125 59.575497 -3.704055
v -20.870125 59.575497 3.682070
v -20.870125 49.618900 3.682071
v -20.870125 79.602051 3.704744
v -20.870125 79.602051 -3.726706
v -20.870125 69.622772 -3.704055
v 20.619650 10.987075 -3.727626
v 20.870125 10.987075 3.749374
v 20.619650 10.987075 3.749149
v 20.870125 10.987075 -3.682076
v 20.619650 10.987075 3.703824
v 20.619650 10.987075 -3.682301
v 20.619650 19.567776 -3.682302
v 20.619650 19.567776 3.703824
v 20.619650 19.567776 3.749149
v 20.619650 19.567776 -3.727626
v 20.619650 19.613075 -3.682302
v 20.619650 29.569700 -3.682302
v 20.619650 19.613075 3.703824
v 20.619650 29.569700 3.703823
v 20.619650 19.613075 3.749149
v 20.619650 29.569700 3.749148
v 20.619650 19.613075 -3.727626
v 20.870125 19.613075 -3.727401
v 20.870125 29.569700 -3.727402
v 20.619650 29.569700 -3.727627
v -2.000725 138.750000 -2.162410
v -1.856050 139.288177 1.834165
v -1.856050 139.288177 -2.017735
v -2.000725 138.750000 1.978865
v -1.375950 139.489197 1.395290
v 1.543000 139.489197 -1.523636
v -1.375950 139.489197 -1.523636
v 1.542975 139.489197 1.395290
v 2.140550 138.750000 1.978865
v 1.995850 139.288177 -2.017735
v 1.995850 139.288177 1.834165
v 2.140550 138.750000 -2.162410
v 7.064225 128.281403 -7.086110
v -6.924425 130.633026 -7.086110
v 7.064225 130.633026 -7.086110
v -6.924425 128.281403 -7.086110
v -6.924425 128.281403 6.902565
v 7.064225 130.633026 6.902565
v -6.924425 130.633026 6.902565
v 7.064225 128.281403 6.902565
v -6.842425 128.231644 -7.003409
v 6.983600 128.231644 6.822616
v 6.983600 128.231644 -7.003409
v -6.842425 128.231644 6.822616
v -6.015275 127.728477 6.836191
v -2.783700 115.088745 3.209491
v -6.060400 127.777756 6.614115
v -2.758225 115.091415 3.399191
v -3.419000 115.091415 2.738416
v -6.633950 127.777756 6.040565
v -3.229275 115.088745 2.763891
v -6.855999 127.728477 5.995465
v -6.015275 127.728477 -7.016984
v 6.201550 127.777756 -6.794935
v -6.060400 127.777756 -6.794935
v 6.156450 127.728477 -7.016984
v -6.633950 127.777756 -6.221385
v -6.855999 127.728477 -6.176260
v 6.156450 127.728477 6.836165
v 6.201550 127.777756 6.614115
v 6.997150 127.728477 -6.176260
v 6.775100 127.777756 6.040590
v 6.775100 127.777756 -6.221360
v 6.997150 127.728477 5.995465
v 2.899400 115.091415 -3.579959
v -2.783700 115.088745 -3.390259
v 2.924875 115.088745 -3.390259
v -2.758225 115.091415 -3.579959
v -3.419000 115.091415 -2.919209
v -3.229275 115.088745 -2.944684
v 2.924875 115.088745 3.209491
v 2.899400 115.091415 3.399191
v 3.560150 115.091415 2.738416
v 3.370450 115.088745 -2.944684
v 3.370450 115.088745 2.763916
v 3.560150 115.091415 -2.919209
v 3.363550 114.697121 3.149541
v 3.504300 114.714050 -3.296709
v 3.504300 114.714050 3.115942
v 3.363550 114.697121 -3.330309
v 6.791075 128.109894 6.913965
v 3.276900 114.714050 3.343316
v 6.812525 128.122177 6.922940
v 3.267650 114.723984 3.339216
v 3.267650 114.723984 -3.519984
v 6.812525 128.122177 -7.103734
v 3.276900 114.714050 -3.524084
v 6.791075 128.109894 -7.094759
v -6.671375 128.122177 -7.103734
v -6.649900 128.109894 -7.094759
v -3.126475 114.723984 -3.519984
v -3.135750 114.714050 -3.524084
v -3.126475 114.723984 3.339216
v -6.671375 128.122177 6.922940
v -3.135750 114.714050 3.343316
v -6.649900 128.109894 6.913965
v 7.083925 128.122177 6.651540
v 3.500200 114.723984 3.106666
v 7.074950 128.109894 6.630090
v 7.083925 128.122177 -6.832359
v 7.074950 128.109894 -6.810884
v 3.500200 114.723984 -3.287459
v -6.942775 128.122177 -6.832359
v -3.359025 114.723984 -3.287459
v -6.933800 128.109894 -6.810884
v -3.363125 114.714050 -3.296709
v -6.942775 128.122177 6.651540
v -6.933775 128.109894 6.630090
v -3.359025 114.723984 3.106666
v -3.363125 114.714050 3.115942
v 3.310525 114.697121 -3.383358
v -3.169350 114.697121 -3.383358
v 6.917475 128.172195 -6.887509
v 6.867675 128.172195 6.756516
v -6.726525 128.172195 6.756516
v -3.222375 114.697121 -3.330309
v -3.222375 114.697121 3.149541
v 3.310525 114.697121 3.202591
v -6.776325 128.172195 6.706690
v 6.917475 128.172195 6.706690
v -3.169350 114.697121 3.202591
v 6.867675 128.172195 -6.937310
v -6.776325 128.172195 -6.887509
v 3.380725 114.618851 3.219741
v 3.380725 114.618851 -3.400534
v -6.726525 128.172195 -6.937310
v -3.239550 114.618851 -3.400534
v -3.239550 114.618851 3.219741
v -5.974200 127.691399 6.958066
v -2.724875 115.139648 3.282816
v -5.974200 127.718246 6.682365
v -2.724875 115.112808 3.501642
v -3.521450 115.112808 2.705066
v -6.702175 127.718246 5.954365
v -3.302625 115.139648 2.705066
v -6.977875 127.691399 5.954365
v -5.974200 127.691399 -7.138885
v 6.115350 127.718246 -6.863160
v -5.974200 127.718246 -6.863160
v 6.115350 127.691399 -7.138885
v -6.702175 127.718246 -6.135185
v -6.977900 127.691399 -6.135185
v 6.115350 127.691399 6.958066
v 6.115350 127.718246 6.682365
v 7.119050 127.691399 -6.135185
v 6.843350 127.718246 5.954365
v 6.843350 127.718246 -6.135185
v 7.119050 127.691399 5.954365
v 2.866025 115.112808 -3.682409
v -2.724875 115.139648 -3.463609
v 2.866025 115.139648 -3.463609
v -2.724875 115.112808 -3.682409
v -3.521450 115.112808 -2.885834
v -3.302625 115.139648 -2.885834
v 2.866025 115.139648 3.282841
v 2.866025 115.112808 3.501642
v 3.662625 115.112808 2.705066
v 3.443800 115.139648 -2.885834
v 3.443800 115.139648 2.705066
v 3.662625 115.112808 -2.885834
v 3.299075 114.680527 -3.613609
v -3.157900 114.680527 -3.613609
v 6.834375 128.123703 -7.225560
v -6.693225 128.123703 -7.225560
v -3.157900 114.680527 3.432841
v 3.299075 114.680527 3.432841
v -6.693225 128.123703 7.044765
v 6.834375 128.123703 7.044765
v -3.452650 114.680527 3.138091
v -7.064575 128.123703 6.673390
v -7.064575 128.123703 -6.854185
v -3.452650 114.680527 -3.318884
v 3.593800 114.680527 -3.318884
v 7.205750 128.123703 -6.854185
v 7.205750 128.123703 6.673390
v 3.593800 114.680527 3.138091
v 3.535750 114.642021 -3.363684
v 6.908775 128.174667 6.989541
v 3.343875 114.642021 -3.555559
v -6.767600 128.174667 6.989541
v 7.150525 128.174667 -6.928585
v -3.394575 114.642021 3.182891
v 24.991600 88.162323 24.991594
v -24.991600 95.602875 -24.991608
v -24.991600 95.602875 -21.505108
v -24.991600 95.602875 21.280243
v -24.991600 95.602875 24.991592
v 24.991600 95.602875 24.991592
v 24.991600 95.602875 21.262793
v 24.991600 95.602875 -21.469257
v 24.991600 88.162323 -24.991606
v 24.991600 95.602875 -24.991608
v -21.209949 95.602875 24.991592
v 21.436199 95.602875 24.991592
v 21.412476 95.602875 -24.991608
v -21.313425 95.602875 -24.991608
v -25.000000 -0.000002 -25.000000
v -25.000000 4.088402 25.000000
v -25.000000 4.088398 -25.000000
v -25.000000 0.000002 25.000000
v 24.586950 4.449127 24.586950
v -24.586950 4.449127 24.586950
v 25.000000 4.088402 25.000000
v 25.000000 4.088398 -25.000000
v -24.586950 4.449123 -24.586950
v 24.586950 4.449123 -24.586950
v 25.000000 0.000002 25.000000
v 25.000000 -0.000002 -25.000000
v 25.000000 4.809873 -25.000000
v 25.000000 4.809877 25.000000
v -25.000000 4.809873 -25.000000
v -25.000000 4.809877 25.000000
v -25.000000 5.658652 25.000000
v -25.000000 5.658648 -25.000000
v 25.000000 5.658648 -25.000000
v 25.000000 5.658652 25.000000
v 20.806274 88.158676 -22.178631
v 22.178625 88.158676 -20.500006
v 20.500000 88.158676 -20.500006
v -25.000000 5.658648 -21.642775
v -25.000000 88.158676 -22.394331
v -25.000000 5.658648 -22.394325
v -25.000000 88.158676 -21.642780
v -22.394299 5.658648 -25.000000
v -22.394299 88.158676 -25.000006
v -21.642750 5.658648 -25.000000
v -20.500000 5.658648 -23.857250
v -20.500000 5.658648 -22.178625
v -22.178625 5.658648 -20.500000
v -23.857225 5.658648 -20.500000
v -20.500000 5.658648 -20.500000
v -23.857225 88.158676 -20.500006
v -21.642750 88.158676 -25.000006
v -20.500000 88.158676 -23.857256
v -22.178625 88.158676 -20.500006
v -20.500000 88.158676 -22.178631
v -20.500000 88.158676 -20.500006
v -17.996424 7.349627 20.928276
v 17.996401 7.349627 20.928276
v 17.996401 83.243752 20.928270
v -17.996424 83.243752 20.928270
v 25.000000 88.158676 22.394320
v 25.000000 88.158676 21.642769
v 22.394299 88.158676 24.999994
v 23.857225 88.158676 20.499994
v 21.642750 88.158676 24.999994
v 20.500000 88.158676 23.857244
v 22.178625 88.158676 20.499994
v 20.500000 88.158676 20.499994
v 20.500000 88.158676 21.623520
v -22.433651 5.658652 24.461899
v -22.255274 88.704628 24.244568
v -22.433651 88.704628 24.461891
v -22.255274 5.658652 24.244576
v -22.122749 88.704628 23.996616
v -22.122749 5.658652 23.996624
v -22.041126 88.704628 23.727568
v -22.041126 5.658652 23.727575
v -22.013575 88.704628 23.447767
v -22.013575 5.658652 23.447775
v -22.041126 88.704628 23.167967
v -22.041126 5.658652 23.167974
v -22.122749 88.704628 22.898916
v -22.122749 5.658652 22.898924
v -22.255274 88.704628 22.650967
v -22.255274 5.658652 22.650974
v -22.433651 88.704628 22.433643
v -22.433651 5.658652 22.433651
v -24.461899 5.658652 22.433651
v -24.640276 88.704628 22.650967
v -24.461899 88.704628 22.433643
v -24.640276 5.658652 22.650974
v -24.772800 88.704628 22.898916
v -24.772800 5.658652 22.898924
v -24.854425 88.704628 23.167967
v -24.854425 5.658652 23.167974
v -24.881975 88.704628 23.447767
v -24.881975 5.658652 23.447775
v -24.854425 88.704628 23.727568
v -24.854425 5.658652 23.727575
v -24.772800 88.704628 23.996616
v -24.772800 5.658652 23.996624
v -24.640276 88.704628 24.244568
v -24.640276 5.658652 24.244576
v -24.461899 88.704628 24.461891
v -24.461899 5.658652 24.461899
v -25.000000 88.158676 22.394293
v -25.000000 88.158676 21.642744
v -22.394325 88.158676 24.999994
v -23.857250 88.158676 20.499994
v -21.642775 88.158676 24.999994
v -20.500000 88.158676 23.857220
v -20.500000 88.158676 21.623520
v -20.500000 88.158676 20.499994
v -22.178625 88.158676 20.499994
v 20.642099 5.659849 -21.078800
v 20.642099 84.764679 -21.078806
v -20.489025 84.764679 -21.078831
v -20.489025 5.659849 -21.078825
v 11.158275 10.988974 -21.774050
v -11.136325 10.988974 -20.870125
v 11.158275 10.988974 -20.870125
v -11.136325 10.988974 -21.774050
v 17.330925 82.566124 -21.774055
v 11.158275 79.602051 -21.774055
v 17.330925 8.024897 -21.774050
v -17.308975 8.024897 -21.774050
v -11.136325 79.602051 -21.774055
v -17.308975 82.566124 -21.774055
v 11.157801 79.602303 -20.870905
v -11.134175 79.602303 -20.870932
v 3.704050 19.567774 -20.870127
v -3.682075 19.567774 -20.890177
v 3.704050 19.567774 -20.890177
v -3.682075 19.567774 -20.870127
v 3.749375 59.575497 -20.870129
v 3.749375 49.618900 -20.890179
v 3.749375 59.575497 -20.890179
v 3.749375 49.618900 -20.870129
v 3.704050 10.987073 -20.870125
v 3.704050 10.987073 -20.890175
v 11.135500 49.618900 -20.890179
v 11.135500 49.618900 -20.870129
v 11.135500 59.575497 -20.870129
v 11.135500 59.575497 -20.890179
v -11.113525 69.577446 -20.870131
v -11.113525 59.620827 -20.890203
v -11.113525 69.577446 -20.890205
v -11.113525 59.620827 -20.870129
v 3.749375 39.571625 -20.870129
v 3.749375 29.615023 -20.890177
v 3.749375 39.571625 -20.890179
v 3.749375 29.615023 -20.870127
v 3.704050 79.579376 -20.870131
v -3.682075 79.579376 -20.890181
v 3.704050 79.579376 -20.890181
v -3.682075 79.579376 -20.870131
v 11.135500 29.615023 -20.890177
v 11.135500 29.615023 -20.870127
v 11.135500 79.579376 -20.870131
v 3.749375 79.579376 -20.890181
v 11.135500 79.579376 -20.890181
v 3.749375 79.579376 -20.870131
v 11.135500 39.571625 -20.870129
v 11.135500 39.571625 -20.890179
v -11.113525 69.622772 -20.870131
v -3.727400 69.622772 -20.890181
v -11.113525 69.622772 -20.890205
v -3.727400 69.622772 -20.870131
v -3.727625 79.579376 -20.869656
v -11.113525 79.579376 -20.890205
v -3.727400 79.579376 -20.890181
v -11.113750 79.579376 -20.869656
v 11.135500 69.622772 -20.870131
v 11.135500 69.622772 -20.890181
v -11.113525 49.618900 -20.870129
v -3.727400 49.618900 -20.890179
v -11.113525 49.618900 -20.890203
v -3.727400 49.618900 -20.870129
v 11.135500 19.567774 -20.870127
v 3.749375 19.567774 -20.890177
v 11.135500 19.567774 -20.890177
v 3.749375 19.567774 -20.870127
v -3.727400 59.575497 -20.870129
v -11.113525 59.575497 -20.890203
v -3.727400 59.575497 -20.890179
v -11.113525 59.575497 -20.870129
v 11.135500 10.987073 -20.870125
v 11.135500 10.987073 -20.890175
v -11.113525 29.615023 -20.870127
v -3.727400 29.615023 -20.890177
v -11.113525 29.615023 -20.890202
v -3.727400 29.615023 -20.870127
v -3.727400 39.571625 -20.870129
v -11.113525 39.571625 -20.890203
v -3.727400 39.571625 -20.890179
v -11.113525 39.571625 -20.870129
v -11.113525 29.569698 -20.870127
v -11.113525 19.613073 -20.890202
v -11.113525 29.569698 -20.890202
v -11.113525 19.613073 -20.870127
v -3.682075 69.577446 -20.870131
v -3.682075 59.620827 -20.890179
v -3.682075 69.577446 -20.890181
v -3.682075 59.620827 -20.870129
v -3.727400 19.567774 -20.870127
v -11.113525 19.567774 -20.890202
v -3.727400 19.567774 -20.890177
v -11.113525 19.567774 -20.870127
v 3.704050 59.620827 -20.890179
v 3.704050 59.620827 -20.870129
v -3.727400 10.987073 -20.870125
v -3.727400 10.987073 -20.890175
v 3.704050 69.577446 -20.870131
v 3.704050 69.577446 -20.890181
v -3.682075 49.573578 -20.870129
v -3.682075 39.616951 -20.890179
v -3.682075 49.573578 -20.890179
v -3.682075 39.616951 -20.870129
v 3.704050 39.616951 -20.890179
v 3.704050 39.616951 -20.870129
v 3.704050 49.573578 -20.870129
v 3.704050 49.573578 -20.890179
v -11.113525 49.573578 -20.870129
v -11.113525 39.616951 -20.890203
v -11.113525 49.573578 -20.890203
v -11.113525 39.616951 -20.870129
v -3.682075 29.569698 -20.870127
v -3.682075 19.613073 -20.890177
v -3.682075 29.569698 -20.890177
v -3.682075 19.613073 -20.870127
v 11.135500 39.616951 -20.870129
v 11.135500 49.573578 -20.890179
v 11.135500 39.616951 -20.890179
v 11.135500 49.573578 -20.870129
v 3.704050 19.613073 -20.890177
v 3.704050 19.613073 -20.870127
v 3.704050 29.569698 -20.870127
v 3.704050 29.569698 -20.890177
v 3.749375 69.577446 -20.870131
v 3.749375 59.620827 -20.890179
v 3.749375 69.577446 -20.890181
v 3.749375 59.620827 -20.870129
v 11.135500 59.620827 -20.890179
v 11.135500 59.620827 -20.870129
v 11.135500 69.577446 -20.870131
v 11.135500 69.577446 -20.890181
v 3.749375 49.573578 -20.870129
v 3.749375 39.616951 -20.890179
v 3.749375 49.573578 -20.890179
v 3.749375 39.616951 -20.870129
v 3.749375 29.569698 -20.870127
v 3.749375 19.613073 -20.890177
v 3.749375 29.569698 -20.890177
v 3.749375 19.613073 -20.870127
v 11.135500 19.613073 -20.890177
v 11.135500 19.613073 -20.870127
v -3.727400 59.620827 -20.890179
v -3.727400 59.620827 -20.870129
v 11.135500 29.569698 -20.870127
v 11.135500 29.569698 -20.890177
v -3.727625 69.577446 -20.869656
v -3.727400 69.577446 -20.890181
v -3.727400 39.616951 -20.890179
v -3.727400 39.616951 -20.870129
v -3.727400 49.573578 -20.870129
v -3.727400 49.573578 -20.890179
v -3.727400 19.613073 -20.890177
v -3.727400 19.613073 -20.870127
v -3.727400 29.569698 -20.870127
v -3.727400 29.569698 -20.890177
v -3.682075 69.622772 -20.890181
v -3.682075 69.622772 -20.870131
v 3.749375 69.622772 -20.870131
v 3.749375 69.622772 -20.890181
v 3.704050 29.615023 -20.870127
v 3.704050 39.571625 -20.890179
v 3.704050 29.615023 -20.890177
v 3.704050 39.571625 -20.870129
v -3.682075 39.571625 -20.890179
v -3.682075 39.571625 -20.870129
v -3.682075 29.615023 -20.870127
v -3.682075 29.615023 -20.890177
v 3.704050 49.618900 -20.870129
v 3.704050 59.575497 -20.890179
v 3.704050 49.618900 -20.890179
v 3.704050 59.575497 -20.870129
v -3.682075 59.575497 -20.890179
v -3.682075 59.575497 -20.870129
v -3.682075 49.618900 -20.870129
v -3.682075 49.618900 -20.890179
v -3.704750 79.602051 -20.890181
v -11.136200 79.602051 -20.890205
v -3.704750 79.602051 -20.870131
v 3.726700 79.602051 -20.890181
v 3.726700 79.602051 -20.870131
v 11.158150 79.602051 -20.890181
v 3.704050 69.622772 -20.870131
v 3.704050 69.622772 -20.890181
v 18.007376 83.242577 -20.870905
v -17.985424 83.242577 -20.870932
v -11.134175 10.981348 -20.870926
v -17.985424 7.348449 -20.870926
v 11.157801 10.981348 -20.870899
v 18.007376 7.348449 -20.870899
v -3.682075 10.987073 -20.890175
v -3.682075 10.987073 -20.870125
v 11.158150 19.590424 -20.890177
v 11.158150 10.970697 -20.890175
v 3.726700 19.590424 -20.890177
v 11.158150 29.592348 -20.890177
v 3.726700 29.592348 -20.890177
v 3.726700 39.594299 -20.890179
v 11.158150 39.594299 -20.890179
v 3.726700 49.596249 -20.890179
v 11.158150 49.596249 -20.890179
v 3.726700 59.598179 -20.890179
v 11.158150 59.598179 -20.890179
v 3.726700 69.600098 -20.890181
v 11.158150 69.600098 -20.890181
v -11.136200 69.600098 -20.890205
v -11.136200 59.598179 -20.890203
v -3.704750 59.598179 -20.890179
v -3.704750 69.600098 -20.890181
v -3.704750 49.596249 -20.890179
v -11.136200 49.596249 -20.890203
v -11.136200 39.594299 -20.890203
v -3.704750 39.594299 -20.890179
v -11.136200 29.592348 -20.890202
v -3.704750 29.592348 -20.890177
v -3.704750 19.590424 -20.890177
v -11.136200 19.590424 -20.890202
v 3.726700 10.970697 -20.890175
v 3.749375 10.987073 -20.890175
v -3.704750 10.970697 -20.890175
v -11.136200 10.970697 -20.890200
v -11.113525 10.987073 -20.890200
v -11.113525 10.987073 -20.870125
v 3.749375 10.987073 -20.870125
v 11.135275 79.579376 -20.619656
v 11.135275 69.622772 -20.619656
v -11.113750 79.579376 -20.619656
v -3.727625 79.579376 -20.619656
v 3.749150 79.579376 -20.619656
v -3.682300 79.579376 -20.619656
v 3.703825 79.579376 -20.619656
v -11.113750 59.620827 -20.619654
v -11.113750 69.577446 -20.619656
v -11.113750 29.615023 -20.619652
v -11.113750 39.571625 -20.619654
v 11.135275 29.569698 -20.619652
v 11.135275 19.613073 -20.619652
v -11.113750 69.622772 -20.619656
v 11.135275 69.577446 -20.619656
v 11.135275 59.620827 -20.619654
v 11.135275 59.575497 -20.619654
v 11.135275 49.618900 -20.619654
v -11.113750 49.618900 -20.619654
v -11.113750 59.575497 -20.619654
v 11.135275 49.573578 -20.619654
v 11.135275 39.616951 -20.619654
v -11.113750 39.616951 -20.619654
v -11.113750 49.573578 -20.619654
v 11.135275 39.571625 -20.619654
v 11.135275 29.615023 -20.619652
v -11.113750 19.613073 -20.619652
v -11.113750 29.569698 -20.619652
v 11.135275 19.567774 -20.619652
v 11.135275 10.987073 -20.619650
v -11.113750 10.987073 -20.619650
v -11.113750 19.567774 -20.619652
v -3.727625 69.622772 -20.619656
v 3.749150 69.622772 -20.619656
v 3.703825 69.622772 -20.619656
v -3.682300 69.622772 -20.619656
v -3.727625 69.577446 -20.619656
v -3.727625 59.620827 -20.619654
v 3.749150 69.577446 -20.619656
v 3.749150 59.620827 -20.619654
v 3.703825 69.577446 -20.619656
v 3.703825 59.620827 -20.619654
v -3.682300 69.577446 -20.619656
v -3.682300 59.620827 -20.619654
v -3.727625 59.575497 -20.619654
v -3.727625 49.618900 -20.619654
v 3.749150 59.575497 -20.619654
v 3.749150 49.618900 -20.619654
v 3.703825 59.575497 -20.619654
v 3.703825 49.618900 -20.619654
v -3.682300 59.575497 -20.619654
v -3.682300 49.618900 -20.619654
v -3.727625 49.573578 -20.619654
v -3.727625 39.616951 -20.619654
v 3.749150 49.573578 -20.619654
v 3.749150 39.616951 -20.619654
v 3.703825 49.573578 -20.619654
v 3.703825 39.616951 -20.619654
v -3.682300 49.573578 -20.619654
v -3.682300 39.616951 -20.619654
v -3.727625 39.571625 -20.619654
v -3.727625 29.615023 -20.619652
v 3.749150 39.571625 -20.619654
v 3.749150 29.615023 -20.619652
v 3.703825 39.571625 -20.619654
v 3.703825 29.615023 -20.619652
v -3.682300 39.571625 -20.619654
v -3.682300 29.615023 -20.619652
v -3.727625 29.569698 -20.619652
v -3.727625 19.613073 -20.619652
v 3.749150 29.569698 -20.619652
v 3.749150 19.613073 -20.619652
v 3.703825 29.569698 -20.619652
v 3.703825 19.613073 -20.619652
v -3.682300 29.569698 -20.619652
v -3.682300 19.613073 -20.619652
v -3.727625 19.567774 -20.619652
v -3.727625 10.987073 -20.619650
v 3.749150 19.567774 -20.619652
v 3.749150 10.987073 -20.619650
v 3.703825 19.567774 -20.619652
v 3.703825 10.987073 -20.619650
v -3.682300 19.567774 -20.619652
v -3.682300 10.987073 -20.619650
v -20.619650 10.987075 3.727624
v -20.619650 10.987076 11.113750
v -20.619650 10.987074 -11.135276
v -20.619650 10.987075 -3.749151
v -20.870125 10.987075 3.682074
v -20.619650 10.987075 -3.703826
v -20.619650 10.987075 3.682299
v -20.619650 19.567776 3.682299
v -20.619650 19.567776 -3.703826
v -20.619650 19.567776 -3.749151
v -20.619650 19.567776 -11.135277
v -20.619650 19.567776 11.113749
v -20.619650 19.567776 3.727623
v -20.619650 19.613075 3.682299
v -20.619650 29.569700 3.682298
v -20.619650 19.613075 -3.703826
v -20.619650 29.569700 -3.703827
v -20.619650 19.613075 -3.749151
v -20.619650 29.569700 -3.749152
v -20.619650 19.613075 -11.135277
v -20.619650 29.569700 -11.135277
v -20.619650 19.613075 3.727623
v -20.619650 19.613075 11.113749
v -20.619650 29.569700 11.113749
v -20.619650 29.569700 3.727623
v -20.619650 29.615025 3.682298
v -20.619650 39.571625 3.682297
v -20.619650 29.615025 -3.703827
v -20.619650 39.571625 -3.703828
v -20.619650 29.615025 -3.749152
v -20.619650 39.571625 -3.749153
v -20.619650 29.615025 -11.135277
v -20.619650 39.571625 -11.135278
v -20.619650 29.615025 3.727623
v -20.619650 29.615025 11.113749
v -20.619650 39.571625 11.113748
v -20.619650 39.571625 3.727622
v -20.619650 39.616951 3.682297
v -20.619650 49.573578 3.682296
v -20.619650 39.616951 -3.703828
v -20.619650 49.573578 -3.703829
v -20.619650 39.616951 -3.749153
v -20.619650 49.573578 -3.749154
v -20.619650 39.616951 -11.135278
v -20.619650 49.573578 -11.135279
v -20.619650 39.616951 3.727622
v -20.619650 39.616951 11.113748
v -20.619650 49.573578 11.113747
v -20.619650 49.573578 3.727621
v -20.619650 49.618900 3.682296
v -20.619650 59.575497 3.682296
v -20.619650 49.618900 -3.703829
v -20.619650 59.575497 -3.703830
v -20.619650 49.618900 -3.749154
v -20.619650 59.575497 -3.749155
v -20.619650 49.618900 -11.135279
v -20.619650 59.575497 -11.135280
v -20.619650 49.618900 3.727621
v -20.619650 49.618900 11.113747
v -20.619650 59.575497 11.113746
v -20.619650 59.575497 3.727620
v -20.619650 59.620827 3.682296
v -20.619650 69.577446 3.682295
v -20.619650 59.620827 -3.703830
v -20.619650 69.577446 -3.703830
v -20.619650 59.620827 -3.749155
v -20.619650 69.577446 -3.749155
v -20.619650 59.620827 -11.135280
v -20.619650 69.577446 -11.135281
v -20.619650 59.620827 3.727620
v -20.619650 59.620827 11.113746
v -20.619650 69.577446 11.113745
v -20.619650 69.577446 3.727620
v -20.619650 69.622772 3.682295
v -20.619650 79.579376 3.682294
v -20.619650 69.622772 -3.703830
v -20.619650 79.579376 -3.703831
v -20.619650 69.622772 -3.749155
v -20.619650 79.579376 -3.749156
v -20.619650 69.622772 -11.135281
v -20.619650 69.622772 3.727620
v -20.619650 69.622772 11.113745
v -20.619650 79.579376 3.727619
v -20.619650 79.579376 11.113745
v -20.619650 79.579376 -11.135281
v 20.890175 10.987075 3.749374
v 20.890200 10.987074 -11.113526
v 20.890175 10.987075 -3.682076
v 20.890175 29.569700 -3.727402
v 20.890175 19.613075 -3.727401
v 20.890175 69.622772 3.704045
v 20.890175 69.622772 -3.682080
v 20.890175 49.618900 -3.682079
v 20.890175 59.575497 -3.682080
v 20.890175 49.618900 3.704046
v 20.890175 59.575497 3.704046
v 20.890175 29.615025 -3.682077
v 20.890175 39.571625 -3.682078
v 20.890175 29.615025 3.704048
v 20.890175 39.571625 3.704047
v 20.890175 69.622772 3.749370
v 20.890200 10.970698 -11.136201
v 20.890200 19.590425 -11.136202
v 20.890175 19.590425 -3.704751
v 20.890175 10.970699 -3.704751
v 20.890175 19.590425 3.726699
v 20.890175 10.970699 3.726699
v 20.890175 19.590425 11.158148
v 20.890175 10.970700 11.158149
v 20.890175 29.592350 -3.704752
v 20.890200 29.592350 -11.136202
v 20.890175 29.592350 3.726698
v 20.890175 29.592350 11.158148
v 20.890175 39.594299 3.726697
v 20.890175 39.594299 11.158147
v 20.890175 49.596249 3.726696
v 20.890175 49.596249 11.158146
v 20.890175 59.598179 3.726696
v 20.890175 59.598179 11.158145
v 20.890175 69.600098 11.158144
v 20.890175 69.600098 3.726695
v 20.890175 69.600098 -3.704755
v 20.890200 69.600098 -11.136206
v 20.890175 69.577446 -3.727405
v 20.890175 59.598179 -3.704755
v 20.890200 59.598179 -11.136205
v 20.890175 49.596249 -3.704754
v 20.890200 49.596249 -11.136204
v 20.890175 39.616951 -3.727403
v 20.890175 49.573578 -3.727404
v 20.890175 39.594299 -3.704753
v 20.890200 39.594299 -11.136203
v -22.650974 88.704628 22.255266
v -22.650974 5.658652 22.255274
v -22.898924 88.704628 22.122742
v -22.898924 5.658652 22.122749
v -23.167974 88.704628 22.041119
v -23.167974 5.658651 22.041126
v -23.447775 88.704628 22.013567
v -23.447775 5.658651 22.013575
v -23.727575 88.704628 22.041119
v -23.727575 5.658651 22.041126
v -23.996624 88.704628 22.122742
v -23.996624 5.658652 22.122749
v -24.244576 88.704628 22.255266
v -24.244576 5.658652 22.255274
v -24.244576 88.704628 24.640268
v -24.244576 5.658652 24.640276
v -23.996624 88.704628 24.772793
v -23.996624 5.658652 24.772800
v -23.727575 88.704628 24.854418
v -23.727575 5.658652 24.854425
v -23.447775 88.704628 24.881968
v -23.447775 5.658652 24.881975
v -23.167974 88.704628 24.854418
v -23.167974 5.658652 24.854425
v -22.898924 88.704628 24.772793
v -22.898924 5.658652 24.772800
v -22.650974 88.704628 24.640268
v -22.650974 5.658652 24.640276
v 11.158150 69.600098 -20.870131
v 11.158150 59.598179 -20.870129
v 11.158150 49.596249 -20.870129
v 11.158150 39.594299 -20.870129
v 11.158150 29.592348 -20.870127
v 11.158150 19.590424 -20.870127
v 11.158150 10.970697 -20.870125
v -11.136200 10.970697 -20.870125
v -11.136200 19.590424 -20.870127
v -11.136200 29.592348 -20.870127
v -11.136200 39.594299 -20.870129
v -11.136200 49.596249 -20.870129
v -11.136200 59.598179 -20.870129
v -11.136200 69.600098 -20.870131
v 20.870125 10.970698 -11.136201
v 20.870125 19.590425 -11.136202
v 20.870125 29.592350 -11.136202
v 20.870125 39.594299 -11.136203
v 20.870125 49.596249 -11.136204
v 20.870125 59.598179 -11.136205
v 20.870125 69.600098 -11.136206
v 20.870125 69.600098 11.158144
v 20.870125 59.598179 11.158145
v 20.870125 49.596249 11.158146
v 20.870125 39.594299 11.158147
v 20.870125 29.592350 11.158148
v 20.870125 19.590425 11.158148
v 20.870125 10.970700 11.158149
v 21.078800 83.243752 -17.985430
v 21.078800 83.243752 18.007370
v 21.078800 7.349624 -17.985424
v 21.078800 7.349627 18.007376
v -16.044199 100.101402 -23.473957
v -16.044199 95.992645 -23.473957
v -0.722100 105.512871 -23.473932
v -0.722100 95.992645 -23.473932
v 20.115749 94.241104 -25.229658
v 20.353550 89.175873 -25.229658
v 20.115749 89.487473 -25.229658
v 20.353550 94.552727 -25.229658
v -19.851025 94.241104 -25.229658
v -20.088825 94.552727 -25.229658
v -19.851025 89.487473 -25.229658
v -20.088825 89.175873 -25.229658
v -25.229650 94.241104 -20.078983
v -25.229650 89.175873 -20.316782
v -25.229650 89.487473 -20.078983
v -25.229650 94.552727 -20.316782
v -25.229675 94.241104 19.848417
v -25.229675 94.552727 20.086216
v -25.229675 89.487473 19.848417
v -25.229675 89.175873 20.086216
v 1.845650 139.342270 -1.856436
v 1.891525 139.318924 1.731990
v 1.891250 139.319077 -1.906785
v 1.845850 139.342194 1.687914
v 1.800050 139.365494 -1.806085
v 1.800150 139.365417 1.643839
v 1.754475 139.388687 -1.755736
v 1.754475 139.388687 1.599764
v 1.708875 139.411896 -1.705385
v 1.708775 139.411926 1.555714
v 1.663275 139.435074 -1.655035
v 1.663100 139.435165 1.511639
v 1.617700 139.458282 -1.604686
v 1.617400 139.458435 1.467564
v -1.747125 139.319153 -1.906636
v -1.747400 139.319031 1.731840
v -1.698600 139.342224 1.687814
v -1.698425 139.342316 -1.856336
v -1.649825 139.365463 1.643790
v -1.649725 139.365494 -1.806036
v -1.601050 139.388687 1.599764
v -1.601050 139.388687 -1.755736
v -1.552250 139.411896 1.555765
v -1.552350 139.411880 -1.705436
v -1.503475 139.435104 1.511739
v -1.503650 139.435059 -1.655110
v -1.454700 139.458344 1.467715
v -1.454975 139.458221 -1.604810
v 24.461899 5.658648 -22.433651
v 24.640276 88.704628 -22.650982
v 24.461899 88.704628 -22.433659
v 24.640276 5.658648 -22.650974
v 24.772800 88.704628 -22.898932
v 24.772800 5.658648 -22.898924
v 24.854425 88.704628 -23.167982
v 24.854425 5.658648 -23.167974
v 24.881975 88.704628 -23.447783
v 24.881975 5.658648 -23.447775
v 24.854425 88.704628 -23.727583
v 24.854425 5.658648 -23.727575
v 24.772800 88.704628 -23.996632
v 24.772800 5.658648 -23.996624
v 24.640276 88.704628 -24.244583
v 24.640276 5.658648 -24.244576
v 22.650974 88.704628 -22.255281
v 22.650974 5.658648 -22.255274
v 22.898924 88.704628 -22.122757
v 22.898924 5.658648 -22.122749
v 23.167974 88.704628 -22.041134
v 23.167974 5.658648 -22.041126
v 23.447775 88.704628 -22.013582
v 23.447775 5.658648 -22.013575
v 23.727575 88.704628 -22.041134
v 23.727575 5.658648 -22.041126
v 23.996624 88.704628 -22.122757
v 23.996624 5.658648 -22.122749
v 24.244576 88.704628 -22.255281
v 24.244576 5.658648 -22.255274
v 0.497975 115.856552 0.336941
v 0.573125 115.856552 0.245341
v 0.629000 115.856552 0.140841
v 0.663400 115.856552 0.027441
v 0.675000 115.856552 -0.090484
v 0.663400 115.856552 -0.208384
v 0.629000 115.856552 -0.321784
v 0.573125 115.856552 -0.426284
v 0.497975 115.856552 -0.517884
v 0.406375 115.856552 -0.593034
v 0.301875 115.856552 -0.648909
v 0.188475 115.856552 -0.683284
v 0.070575 115.856598 -0.694234
v -0.047225 115.856598 -0.682634
v -0.160750 115.856552 -0.648909
v -0.265250 115.856552 -0.593034
v -0.356825 115.856552 -0.517884
v -0.431500 115.856598 -0.425884
v -0.487850 115.856552 -0.321784
v -0.522250 115.856552 -0.208384
v -0.533875 115.856552 -0.090484
v -0.522250 115.856552 0.027441
v -0.487850 115.856552 0.140841
v -0.432000 115.856552 0.245341
v -0.356400 115.856598 0.336591
v -0.265250 115.856552 0.412091
v -0.160750 115.856552 0.467966
v -0.047225 115.856598 0.501866
v 0.070575 115.856552 0.513966
v 0.188475 115.856552 0.502341
v 0.301875 115.856552 0.467966
v 0.406375 115.856552 0.412091
v 20.870899 7.348452 18.007376
v 20.870899 83.242577 18.007370
v 20.870926 83.242577 -17.985430
v 20.870899 10.981349 -11.134176
v 20.870926 7.348449 -17.985424
v 20.870899 10.981351 11.157800
v -20.870899 7.348449 -18.007401
v -20.870899 83.242577 -18.007406
v -20.870926 83.242577 17.985418
v -20.870926 10.981351 11.134174
v -20.870926 7.348452 17.985424
v -20.870899 10.981349 -11.157802
v 18.007376 83.243752 -21.078806
v 18.007376 7.349624 -21.078800
v -17.985424 7.349624 -21.078825
v -17.985424 83.243752 -21.078831
v 22.650974 5.658652 24.640276
v 22.433651 88.704628 24.461891
v 22.433651 5.658652 24.461899
v 22.650974 88.704628 24.640268
v 22.898924 5.658652 24.772800
v 22.898924 88.704628 24.772793
v 23.167974 5.658652 24.854425
v 23.167974 88.704628 24.854418
v 23.447775 5.658652 24.881975
v 23.447775 88.704628 24.881968
v 23.727575 5.658652 24.854425
v 23.727575 88.704628 24.854418
v 23.996624 5.658652 24.772800
v 23.996624 88.704628 24.772793
v 24.244576 5.658652 24.640276
v 24.244576 88.704628 24.640268
v 24.461899 5.658652 24.461899
v 24.461899 88.704628 24.461891
v 24.640276 5.658652 24.244576
v 24.640276 88.704628 24.244568
v 24.772800 5.658652 23.996624
v 24.772800 88.704628 23.996616
v 24.854425 5.658652 23.727575
v 24.854425 88.704628 23.727568
v 24.881975 5.658652 23.447775
v 24.881975 88.704628 23.447767
v 24.854425 5.658652 23.167974
v 24.854425 88.704628 23.167967
v 24.772800 5.658652 22.898924
v 24.772800 88.704628 22.898916
v 24.640276 5.658652 22.650974
v 24.640276 88.704628 22.650967
v 24.461899 5.658652 22.433651
v 24.461899 88.704628 22.433643
v 24.244576 5.658652 22.255274
v 24.244576 88.704628 22.255266
v 23.996624 5.658652 22.122749
v 23.996624 88.704628 22.122742
v 23.727575 5.658651 22.041126
v 23.727575 88.704628 22.041119
v 23.447775 5.658651 22.013575
v 23.447775 88.704628 22.013567
v 23.167974 5.658651 22.041126
v 23.167974 88.704628 22.041119
v 22.898924 5.658652 22.122749
v 22.898924 88.704628 22.122742
v 22.650974 5.658652 22.255274
v 22.650974 88.704628 22.255266
v 22.433651 5.658652 22.433651
v 22.433651 88.704628 22.433643
v 22.255274 5.658652 22.650974
v 22.255274 88.704628 22.650967
v 22.122749 5.658652 22.898924
v 22.122749 88.704628 22.898916
v 22.041126 5.658652 23.167974
v 22.041126 88.704628 23.167967
v 22.013575 5.658652 23.447775
v 22.013575 88.704628 23.447767
v 22.041126 5.658652 23.727575
v 22.041126 88.704628 23.727568
v 22.122749 5.658652 23.996624
v 22.122749 88.704628 23.996616
v 22.255274 5.658652 24.244576
v 22.255274 88.704628 24.244568
v -22.650974 5.658648 -24.640276
v -22.433651 88.704628 -24.461906
v -22.433651 5.658648 -24.461899
v -22.650974 88.704628 -24.640284
v -22.898924 5.658648 -24.772800
v -22.898924 88.704628 -24.772808
v -23.167974 5.658648 -24.854425
v -23.167974 88.704628 -24.854433
v -23.447775 5.658648 -24.881975
v -23.447775 88.704628 -24.881983
v -23.727575 5.658648 -24.854425
v -23.727575 88.704628 -24.854433
v -23.996624 5.658648 -24.772800
v -23.996624 88.704628 -24.772808
v -24.244576 5.658648 -24.640276
v -24.244576 88.704628 -24.640284
v -24.461899 5.658648 -24.461899
v -24.461899 88.704628 -24.461906
v -24.640276 5.658648 -24.244576
v -24.640276 88.704628 -24.244583
v -24.772800 5.658648 -23.996624
v -24.772800 88.704628 -23.996632
v -24.854425 5.658648 -23.727575
v -24.854425 88.704628 -23.727583
v -24.881975 5.658648 -23.447775
v -24.881975 88.704628 -23.447783
v -24.854425 5.658648 -23.167974
v -24.854425 88.704628 -23.167982
v -24.772800 5.658648 -22.898924
v -24.772800 88.704628 -22.898932
v -24.640276 5.658648 -22.650974
v -24.640276 88.704628 -22.650982
v -24.461899 5.658648 -22.433651
v -24.461899 88.704628 -22.433659
v -24.244576 5.658648 -22.255274
v -24.244576 88.704628 -22.255281
v -23.996624 5.658648 -22.122749
v -23.996624 88.704628 -22.122757
v -23.727575 5.658648 -22.041126
v -23.727575 88.704628 -22.041134
v -23.447775 5.658648 -22.013575
v -23.447775 88.704628 -22.013582
v -23.167974 5.658648 -22.041126
v -23.167974 88.704628 -22.041134
v -22.898924 5.658648 -22.122749
v -22.898924 88.704628 -22.122757
v -22.650974 5.658648 -22.255274
v -22.650974 88.704628 -22.255281
v -22.433651 5.658648 -22.433651
v -22.433651 88.704628 -22.433659
v -22.255274 5.658648 -22.650974
v -22.255274 88.704628 -22.650982
v -22.122749 5.658648 -22.898924
v -22.122749 88.704628 -22.898932
v -22.041126 5.658648 -23.167974
v -22.041126 88.704628 -23.167982
v -22.013575 5.658648 -23.447775
v -22.013575 88.704628 -23.447783
v -22.041126 5.658648 -23.727575
v -22.041126 88.704628 -23.727583
v -22.122749 5.658648 -23.996624
v -22.122749 88.704628 -23.996632
v -22.255274 5.658648 -24.244576
v -22.255274 88.704628 -24.244583
v -2.434375 137.467377 2.412514
v 2.574175 137.467377 2.412514
v -3.079050 136.038010 3.057165
v 3.218850 136.038010 3.057165
v -3.890800 134.559326 3.868915
v 4.030600 134.559326 3.868915
v -4.814325 133.132095 4.792440
v 4.954125 133.132095 4.792440
v -5.786675 131.853622 5.764790
v 5.926475 131.853622 5.764790
v -6.741575 130.810974 6.719715
v 6.881400 130.810974 6.719715
v 2.574175 137.467377 -2.596061
v -2.434375 137.467377 -2.596061
v 3.218850 136.038010 -3.240710
v -3.079050 136.038010 -3.240710
v 4.030600 134.559326 -4.052460
v -3.890800 134.559326 -4.052460
v 4.954125 133.132095 -4.975985
v -4.814300 133.132095 -4.975985
v 5.926475 131.853622 -5.948335
v -5.786650 131.853622 -5.948335
v 6.881400 130.810974 -6.903260
v -6.741575 130.810974 -6.903260
v -21.078800 83.243752 -18.007381
v -21.078800 7.349624 -18.007376
v -21.078825 7.349627 17.985424
v -21.078825 83.243752 17.985418
vn -0.4146 0.7011 -0.5802
vn 0.7136 -0.6192 -0.3275
vn -0.0136 -0.9998 -0.0136
vn -0.8430 -0.5379 -0.0004
vn 0.9045 -0.3016 0.3015
vn 0.9045 -0.3015 -0.3015
vn 0.8429 0.5380 0.0004
vn -0.8409 0.5411 -0.0004
vn 0.9045 0.3015 -0.3015
vn -0.8243 -0.5662 -0.0004
vn 0.8449 -0.5350 0.0003
vn 0.9046 0.3014 -0.3015
vn 0.9045 0.3015 0.3015
vn -0.8259 0.5599 -0.0663
vn 0.8409 -0.5412 0.0005
vn 0.9045 0.3016 0.3015
vn -0.8404 0.5420 -0.0004
vn -0.8429 -0.5381 -0.0004
vn 0.8469 0.5314 -0.0186
vn -0.8430 0.5379 -0.0005
vn 0.8452 -0.5344 0.0004
vn -0.8449 0.5345 0.0187
vn 0.8402 0.5422 -0.0011
vn 0.9046 -0.3014 0.3015
vn 0.8448 -0.5351 0.0005
vn 0.8330 0.5533 0.0005
vn -0.8449 0.5350 -0.0004
vn 0.9045 0.3016 -0.3015
vn -0.8485 -0.5293 -0.0004
vn 0.8387 -0.5446 0.0004
vn 0.8379 0.5455 -0.0206
vn 0.8447 -0.5352 0.0004
vn -0.8484 -0.5294 -0.0005
vn -0.8483 -0.5295 -0.0004
vn -0.8428 0.5383 -0.0005
vn -0.8430 -0.5380 -0.0004
vn 0.8511 0.5251 0.0004
vn -0.0008 -1.0000 -0.0000
vn 0.8134 -0.0000 -0.5817
vn -0.8472 -0.5313 -0.0004
vn 0.8388 -0.5444 0.0004
vn 0.8452 0.5344 0.0033
vn 0.8429 0.5380 -0.0011
vn -0.8406 0.5416 -0.0003
vn 0.8450 0.5348 -0.0011
vn -0.8394 0.5435 -0.0006
vn 0.8452 0.5344 0.0050
vn -0.8385 0.5445 0.0191
vn -0.8431 -0.5377 -0.0004
vn -0.8236 0.5651 -0.0472
vn 0.9057 -0.2987 -0.3008
vn 0.8435 -0.5371 0.0093
vn 0.9034 -0.3043 0.3022
vn -0.8346 0.5508 -0.0098
vn 0.8436 -0.5339 0.0574
vn 0.8450 0.5348 0.0004
vn 0.8352 0.5497 -0.0193
vn -0.8641 -0.5033 -0.0004
vn 0.8529 0.5218 -0.0183
vn 0.8840 0.4674 -0.0011
vn 0.8403 0.5422 0.0005
vn -0.8442 -0.5361 -0.0004
vn 0.8408 0.5414 0.0051
vn -0.9998 0.0211 0.0044
vn 0.7071 0.7071 -0.0000
vn 0.5520 0.5682 -0.6102
vn -0.0000 1.0000 -0.0000
vn 0.5760 0.5723 0.5837
vn -1.0000 0.0037 -0.0028
vn 0.9048 -0.3009 0.3014
vn 0.9046 -0.3014 -0.3015
vn -0.0000 0.7071 0.7071
vn -0.0000 0.7071 -0.7071
vn 0.5769 -0.5779 0.5773
vn -0.6246 -0.5875 -0.5145
vn 0.5231 -0.5684 -0.6350
vn -0.5778 -0.5768 0.5774
vn -0.6236 0.5887 -0.5144
vn 0.5239 0.5674 -0.6352
vn -0.5769 0.5779 0.5773
vn 0.5778 0.5768 0.5774
vn -0.7279 -0.6857 -0.0000
vn -0.7142 -0.6853 -0.1420
vn -0.6725 -0.6857 -0.2786
vn -0.6725 -0.6857 0.2786
vn -0.7139 -0.6857 0.1421
vn -0.6052 -0.6857 -0.4045
vn -0.5147 -0.6857 -0.5147
vn -0.2785 -0.6857 -0.6725
vn 0.6725 -0.6857 -0.2785
vn -0.4046 -0.6856 -0.6052
vn 0.2785 -0.6857 -0.6725
vn 0.4044 -0.6857 -0.6052
vn 0.5147 -0.6857 -0.5147
vn 0.6052 -0.6857 -0.4044
vn 0.1420 -0.6857 -0.7139
vn -0.0000 -0.6853 -0.7282
vn -0.1421 -0.6857 -0.7139
vn -0.2785 -0.6857 0.6725
vn -0.4045 -0.6859 0.6049
vn -0.5148 -0.6857 0.5147
vn -0.6052 -0.6857 0.4044
vn 0.2785 -0.6857 0.6725
vn 0.7279 -0.6857 -0.0000
vn 0.7145 -0.6851 -0.1419
vn 0.1420 -0.6857 0.7139
vn -0.0000 -0.6857 0.7279
vn -0.1421 -0.6856 0.7139
vn 0.6725 -0.6857 0.2785
vn 0.6052 -0.6857 0.4044
vn 0.5147 -0.6857 0.5147
vn 0.4044 -0.6857 0.6052
vn 0.7139 -0.6857 0.1418
vn -0.4885 0.8145 -0.3129
vn -0.5498 0.8353 0.0006
vn -0.4881 0.8147 0.3131
vn -0.1591 0.8299 0.5348
vn 0.1591 0.8297 0.5351
vn 0.3576 0.8244 0.4387
vn -0.3574 0.8248 0.4382
vn 0.3568 0.8243 -0.4396
vn -0.3572 0.8242 -0.4394
vn -0.1574 0.8303 -0.5346
vn 0.1577 0.8302 -0.5348
vn 0.4883 0.8147 0.3127
vn 0.5615 0.8265 -0.0403
vn 0.4644 0.8194 -0.3360
vn 0.0006 -0.7069 -0.7073
vn 0.0006 0.7069 -0.7073
vn 0.8388 -0.5445 0.0004
vn -0.0006 -0.7073 0.7069
vn -0.8428 0.5382 -0.0004
vn -0.8484 -0.5293 -0.0004
vn -0.0006 0.7073 0.7069
vn -0.8428 0.5383 -0.0004
vn -0.8429 -0.5380 -0.0004
vn 0.8448 -0.5351 0.0004
vn -0.8406 0.5416 -0.0004
vn -0.8450 0.5345 0.0187
vn -0.8484 -0.5294 -0.0004
vn 0.8452 -0.5345 0.0004
vn -0.8422 0.5388 0.0189
vn 0.8378 0.5455 -0.0206
vn 0.8402 0.5422 0.0005
vn -0.8485 -0.5292 -0.0004
vn -0.8394 0.5435 -0.0005
vn 0.8402 0.5422 -0.0010
vn -0.8409 0.5412 -0.0004
vn 0.8330 0.5533 0.0004
vn 0.8449 -0.5350 0.0004
vn 0.8624 -0.5062 0.0089
vn 0.8389 -0.5443 0.0004
vn 0.8351 0.5497 -0.0193
vn 0.8453 -0.5343 0.0004
vn -0.8236 0.5652 -0.0472
vn 0.0009 -1.0000 -0.0000
vn -0.0009 -1.0000 -0.0000
vn 0.8429 0.5381 -0.0011
vn 0.3019 -0.9046 0.3010
vn 0.5774 -0.5768 -0.5778
vn -0.3019 -0.9046 0.3010
vn -0.5774 -0.5768 -0.5778
vn -0.0000 -0.7071 -0.7071
vn 0.7173 -0.6303 0.2971
vn 0.5774 -0.5774 -0.5773
vn 0.2971 -0.6303 0.7173
vn -0.2971 -0.6303 0.7173
vn -0.7173 -0.6303 0.2971
vn -0.2971 -0.6303 -0.7173
vn -0.7173 -0.6303 -0.2971
vn -0.5774 -0.5774 -0.5773
vn 0.2971 -0.6303 -0.7173
vn 0.7173 -0.6303 -0.2971
vn 0.8537 -0.4717 0.2207
vn 0.7637 -0.4878 0.4228
vn 0.6476 -0.5235 0.5536
vn 0.8858 -0.4640 0.0006
vn 0.8548 -0.4700 -0.2199
vn 0.6476 -0.5235 -0.5537
vn 0.7674 -0.4844 -0.4200
vn -0.0000 -0.4644 -0.8856
vn 0.2200 -0.4698 -0.8549
vn 0.4216 -0.4869 -0.7649
vn -0.2201 -0.4698 -0.8549
vn -0.4220 -0.4872 -0.7646
vn 0.5531 -0.5231 -0.6484
vn -0.5530 -0.5231 -0.6485
vn -0.6479 -0.5233 0.5535
vn -0.5536 -0.5235 0.6476
vn 0.5533 -0.5232 0.6481
vn -0.4219 -0.4867 0.7649
vn 0.4213 -0.4868 0.7652
vn 0.0001 -0.4641 0.8858
vn 0.2186 -0.4702 0.8550
vn -0.2185 -0.4702 0.8551
vn -0.7622 -0.4892 0.4239
vn -0.8549 -0.4698 0.2200
vn -0.8857 -0.4643 0.0001
vn -0.8549 -0.4698 -0.2199
vn -0.6479 -0.5233 -0.5535
vn -0.7659 -0.4859 -0.4210
vn 0.5773 0.5779 -0.5769
vn 0.5774 0.5768 0.5778
vn -0.5773 0.5779 -0.5769
vn -0.5774 0.5768 0.5778
vn 0.7069 0.7073 0.0006
vn 0.7075 0.7067 0.0012
vn 0.7067 -0.7075 -0.0012
vn 0.7073 -0.7069 -0.0006
vn 0.3015 -0.3015 0.9045
vn 0.3015 0.3015 0.9045
vn 0.0605 -0.7037 0.7079
vn -0.7069 0.7073 0.0006
vn -0.7075 0.7067 0.0012
vn -0.3015 0.3015 0.9045
vn -0.5084 0.3384 0.7918
vn 0.5451 0.3374 0.7675
vn -0.7067 -0.7075 -0.0012
vn -0.7073 -0.7069 -0.0006
vn -0.3015 -0.3015 0.9045
vn 0.7681 0.3159 -0.5570
vn 0.4496 -0.8821 0.1404
vn -0.3146 -0.6265 0.7131
vn 0.9495 -0.3103 -0.0471
vn 0.7055 0.4382 0.5570
vn -0.5781 0.7036 0.4131
vn -0.5774 0.5774 -0.5774
vn -0.3482 -0.6119 -0.7102
vn 0.9406 -0.0018 0.3394
vn 0.2616 -0.7816 0.5663
vn 0.4577 0.4978 0.7366
vn 0.8056 -0.5422 0.2388
vn -0.9406 -0.0018 -0.3394
vn -0.2616 -0.7816 -0.5663
vn -0.4578 0.4978 -0.7366
vn -0.8056 -0.5422 -0.2388
vn 0.3389 -0.0011 0.9408
vn 0.5103 -0.6923 0.5102
vn 0.6309 0.4519 0.6307
vn 0.2382 -0.5425 0.8055
vn 0.2388 -0.5422 -0.8056
vn 0.6307 0.4519 -0.6308
vn 0.5102 -0.6923 -0.5103
vn 0.3394 -0.0017 -0.9406
vn -0.3389 -0.0011 -0.9408
vn -0.5103 -0.6923 -0.5102
vn -0.6309 0.4519 -0.6307
vn -0.2382 -0.5426 -0.8055
vn -0.2387 -0.5422 0.8056
vn -0.6308 0.4519 0.6308
vn -0.5102 -0.6923 0.5103
vn -0.3395 -0.0017 0.9406
vn 0.9408 -0.0011 -0.3389
vn 0.8055 -0.5425 -0.2382
vn -0.9408 -0.0012 0.3388
vn -0.8056 -0.5425 0.2382
vn -0.4577 0.4979 0.7366
vn -0.7366 0.4980 -0.4576
vn -0.5663 -0.7817 -0.2614
vn 0.5663 -0.7817 0.2614
vn -0.5663 -0.7815 0.2618
vn 0.7366 0.4978 -0.4578
vn -0.0682 0.9953 0.0683
vn 0.0683 0.9953 -0.0683
vn -0.0683 0.9953 -0.0682
vn 0.0682 0.9953 0.0682
vn 0.5945 0.5414 -0.5945
vn -0.5945 0.5414 -0.5945
vn -0.5945 0.5414 0.5945
vn 0.5945 0.5414 0.5945
vn -0.5945 -0.5414 0.5945
vn 0.5945 -0.5415 0.5945
vn 0.5945 -0.5414 -0.5945
vn -0.5945 -0.5415 -0.5945
vn -0.3686 -0.8534 0.3686
vn 0.3686 -0.8534 0.3686
vn 0.3686 -0.8534 -0.3686
vn -0.3686 -0.8534 -0.3686
vn -0.5774 -0.5774 -0.5774
vn -0.5773 -0.5773 0.5774
vn 0.5774 -0.5773 0.5774
vn 0.5773 -0.5773 -0.5774
vn -0.6965 -0.1728 -0.6965
vn -0.6964 -0.1727 0.6965
vn 0.6964 -0.1727 -0.6965
vn 0.6965 -0.1728 0.6965
vn -0.1364 0.9813 -0.1357
vn 0.3541 0.7015 -0.6185
vn -0.3485 0.7035 -0.6194
vn 0.1370 0.9811 -0.1370
vn -0.1353 0.9815 0.1354
vn 0.1354 0.9814 0.1357
vn 0.6187 0.7020 0.3527
vn 0.6192 0.7030 -0.3498
vn -0.6194 0.7034 -0.3488
vn -0.6184 0.7016 0.3540
vn 0.7786 0.5074 -0.3692
vn 0.3986 0.8253 -0.4000
vn 0.3995 0.8274 0.3948
vn 0.7797 0.5048 0.3705
vn 0.3707 0.5035 -0.7804
vn -0.3721 0.5012 0.7813
vn 0.3461 0.7042 0.6199
vn -0.3564 0.7007 0.6181
vn 0.3687 0.5107 0.7767
vn -0.7801 0.5038 0.3710
vn -0.3966 0.8285 0.3953
vn -0.3959 0.8267 -0.3998
vn -0.7779 0.5085 -0.3693
vn -0.6352 0.5674 -0.5239
vn -0.0000 -0.0000 -1.0000
vn 0.5774 0.5768 -0.5778
vn 0.5773 -0.5779 -0.5769
vn -0.6350 -0.5684 -0.5232
vn 1.0000 -0.0000 -0.0000
vn -0.0223 -0.9995 0.0222
vn 0.7049 -0.7015 -0.1046
vn -0.1369 -0.9699 -0.2014
vn 0.7102 -0.6243 0.3253
vn 0.1611 -0.8501 -0.5013
vn -0.6952 -0.6146 0.3727
vn -0.2747 -0.3111 -0.9098
vn -0.2747 -0.3111 0.9098
vn -0.6952 -0.6146 -0.3728
vn -0.2890 -0.0000 -0.9573
vn -0.8813 -0.0000 -0.4725
vn -0.9035 -0.0000 0.4286
vn -0.3114 -0.0000 0.9503
vn -0.3727 -0.6146 -0.6952
vn 0.9098 -0.3111 -0.2747
vn -0.9098 -0.3111 -0.2747
vn 0.3728 -0.6146 -0.6952
vn 0.9573 -0.0000 -0.2890
vn 0.4725 -0.0000 -0.8813
vn -0.4725 -0.0000 -0.8813
vn -0.9573 -0.0000 -0.2890
vn 0.3727 -0.6146 0.6952
vn -0.9098 -0.3111 0.2747
vn 0.9098 -0.3111 0.2747
vn -0.3727 -0.6146 0.6952
vn -0.9503 -0.0000 0.3114
vn -0.4286 -0.0000 0.9035
vn 0.4725 -0.0000 0.8813
vn 0.9573 -0.0000 0.2890
vn 0.6952 -0.6146 -0.3727
vn 0.2747 -0.3111 0.9098
vn 0.2747 -0.3111 -0.9098
vn 0.6952 -0.6146 0.3728
vn 0.2890 -0.0000 0.9573
vn 0.8813 -0.0000 0.4725
vn 0.8813 -0.0000 -0.4725
vn 0.2890 -0.0000 -0.9573
vn 0.3015 0.9045 -0.3015
vn -0.3015 -0.9045 -0.3016
vn 0.3015 -0.9045 -0.3015
vn -0.3015 0.9045 -0.3015
vn -0.3015 0.9045 0.3015
vn 0.3015 -0.9045 0.3015
vn -0.3015 -0.9045 0.3015
vn 0.3015 0.9045 0.3015
vn -0.3015 -0.9045 0.3016
vn -0.5773 -0.5773 -0.5774
vn -0.5774 0.5774 0.5773
vn -0.5773 0.5773 -0.5774
vn 0.5773 -0.5774 0.5774
vn 0.5774 0.5774 -0.5773
vn 0.5774 0.5774 0.5773
vn -0.5773 0.5774 -0.5774
vn 0.5773 -0.5773 0.5774
vn -0.5773 -0.5774 -0.5774
vn -0.5774 -0.5773 0.5773
vn 0.5774 -0.5774 0.5774
vn -0.5965 0.5370 -0.5965
vn -0.5965 0.5370 0.5965
vn 0.5965 0.5370 0.5965
vn 0.5965 0.5370 -0.5965
vn -0.6402 0.4247 0.6402
vn -1.0000 -0.0000 -0.0000
vn -0.7071 -0.0000 0.7071
vn -0.7071 -0.0000 -0.7071
vn -0.6400 0.4247 -0.6404
vn 0.6400 0.4251 -0.6401
vn 1.0000 -0.0001 -0.0000
vn 0.7071 -0.0000 -0.7071
vn 0.7071 -0.0000 0.7071
vn 0.6406 0.4242 0.6400
vn -0.3685 0.5088 -0.7781
vn -0.0000 -0.0000 1.0000
vn 0.6138 0.6359 0.4679
vn -0.0473 -0.3086 -0.9500
vn 0.5570 0.4382 -0.7055
vn -0.4953 -0.7142 -0.4946
vn -0.7461 -0.6567 0.1094
vn -0.7458 -0.6571 -0.1091
vn -0.4949 -0.7142 0.4949
vn 0.1092 -0.6572 0.7458
vn -0.1098 -0.6564 0.7464
vn 0.4942 -0.7146 0.4951
vn 0.7459 -0.6571 -0.1090
vn 0.7459 -0.6571 0.1090
vn 0.4953 -0.7139 -0.4951
vn -0.1087 -0.6573 -0.7457
vn 0.1088 -0.6571 -0.7459
vn -0.0426 -0.9982 0.0426
vn -0.0428 -0.9982 -0.0428
vn 0.0427 -0.9982 -0.0428
vn 0.0426 -0.9982 0.0426
vn -0.4082 0.9129 -0.0000
vn -0.0000 0.9129 -0.4082
vn -0.3220 0.8903 -0.3220
vn 0.3220 0.8903 -0.3220
vn 0.4082 0.9129 -0.0000
vn -0.0000 0.9129 0.4082
vn 0.3220 0.8903 0.3220
vn -0.3220 0.8903 0.3220
vn -0.0000 -0.3665 0.9304
vn -0.4663 0.6374 0.6135
vn 0.9309 -0.3652 -0.0000
vn 0.7671 0.3413 -0.5432
vn -0.0000 -0.3652 -0.9309
vn -0.5820 0.5990 0.5500
vn 0.4155 0.7277 0.5457
vn -0.5423 0.3426 -0.7672
vn -0.7298 0.4405 -0.5228
vn -0.9511 -0.3050 0.0477
vn 0.4472 0.6044 -0.6594
vn -0.7115 -0.5930 0.3770
vn -0.1247 -0.7011 -0.7021
vn -0.2459 -0.9604 0.1309
vn 0.3587 -0.6450 -0.6748
vn 0.0342 -0.9986 0.0392
vn -0.5751 -0.7863 -0.2260
vn 0.4646 0.3448 -0.8156
vn -0.9304 -0.3665 -0.0000
vn 0.5774 0.5774 0.5774
vn 0.5780 0.7207 -0.3828
vn -0.7678 0.3503 0.5365
vn -0.5568 0.4368 0.7065
vn 0.0468 -0.3122 0.9489
vn -0.6168 0.6512 -0.4421
vn 0.3982 -0.5987 0.6950
vn -0.6716 -0.6984 0.2474
vn 0.1363 -0.9715 0.1941
vn -0.7145 -0.6117 -0.3396
vn 0.0297 -0.9990 -0.0340
vn -0.1612 -0.8658 0.4738
vn -0.9045 0.3015 -0.3016
vn -0.9045 0.3015 0.3015
vn -0.3015 -0.3015 -0.9045
vn 0.7071 -0.7071 -0.0000
vn 0.3015 -0.3015 -0.9045
vn -0.7071 -0.7071 -0.0000
vn -0.7071 0.7071 -0.0000
vn -0.9045 -0.3015 0.3015
vn -0.9045 -0.3015 -0.3016
vn -0.0000 -0.7071 0.7071
vn 0.9045 -0.3015 0.3015
vn -0.3015 0.3015 -0.9045
vn 0.3015 0.3015 -0.9045
vn 0.5773 0.5773 0.5774
vn 0.5774 -0.5773 -0.5773
vn 0.5774 0.5773 -0.5774
vn 0.5774 0.5773 0.5773
vn -0.8570 0.3549 -0.3735
vn -0.9045 0.3015 -0.3015
vn -0.5773 0.5774 0.5773
vn 0.5774 -0.5773 -0.5774
vn -0.9045 -0.3015 -0.3015
vn -0.5773 -0.5774 -0.5773
vn -0.5774 -0.5773 -0.5773
vn -0.5774 0.5773 -0.5774
vn -0.0000 -1.0000 -0.0000
vn 0.8082 0.3431 0.4786
vn -0.5774 -0.5774 0.5774
vn -0.8315 -0.0000 -0.5556
vn -0.9239 -0.0000 -0.3827
vn -0.9808 -0.0000 -0.1951
vn -0.9808 -0.0000 0.1951
vn -0.9239 -0.0000 0.3827
vn -0.8315 -0.0000 0.5556
vn 0.5556 -0.0000 -0.8315
vn 0.3827 -0.0000 -0.9239
vn 0.1951 -0.0000 -0.9808
vn -0.1951 -0.0000 -0.9808
vn -0.3827 -0.0000 -0.9239
vn -0.5556 -0.0000 -0.8315
vn 0.7173 0.6303 -0.2971
vn 0.7173 0.6303 0.2971
vn 0.2971 0.6303 -0.7173
vn -0.6616 -0.7498 -0.0000
vn -0.7520 -0.6160 -0.2346
vn -0.6318 -0.5684 0.5270
vn 0.2971 0.6303 0.7173
vn -0.2971 0.6303 -0.7173
vn -0.7520 0.6160 -0.2346
vn -0.8452 0.5344 -0.0050
vn -0.8134 -0.0000 -0.5817
vn -0.9045 -0.3016 -0.3015
vn -0.8452 0.5344 -0.0032
vn -0.9046 -0.3014 -0.3015
vn -0.9045 0.3016 0.3015
vn -0.5760 0.5723 -0.5837
vn -0.9045 0.3016 -0.3015
vn -1.0000 -0.0001 -0.0000
vn -0.9046 0.3014 0.3015
vn -0.9057 -0.2987 0.3008
vn -0.5520 0.5682 0.6103
vn -0.9034 -0.3043 -0.3022
vn -0.8134 -0.0000 0.5817
vn -0.5154 -0.0000 -0.8569
vn -0.5156 -0.0000 0.8568
vn -0.7138 -0.0000 -0.7003
vn -0.7078 -0.0000 -0.7064
vn -0.7194 -0.0000 0.6946
vn -0.7272 -0.0000 0.6865
vn -0.9999 -0.0000 -0.0161
vn -0.9999 -0.0000 -0.0120
vn 0.9999 0.0095 -0.0086
vn 0.9990 0.0406 0.0166
vn 0.9999 -0.0000 -0.0147
vn 0.9985 0.0512 0.0211
vn 0.9994 0.0149 0.0312
vn 0.9995 -0.0000 0.0329
vn 0.9999 -0.0000 0.0163
vn 0.9999 -0.0000 0.0119
vn -0.5239 0.5674 0.6352
vn -0.5778 0.5768 -0.5774
vn -0.5769 -0.5779 -0.5773
vn -0.5232 -0.5684 0.6350
vn 0.5778 -0.5768 -0.5774
vn 0.5769 0.5779 -0.5773
vn 0.6236 0.5887 0.5144
vn 0.6246 -0.5875 0.5145
vn -0.9046 -0.3014 0.3015
vn -0.9048 -0.3009 -0.3014
vn 1.0000 0.0037 0.0028
vn 0.9998 0.0211 -0.0044
vn 0.8442 -0.5361 0.0004
vn -0.8408 0.5414 -0.0051
vn -0.8403 0.5422 -0.0005
vn -0.8452 -0.5344 -0.0004
vn 0.0008 -1.0000 -0.0000
vn 0.8430 0.5379 0.0005
vn 0.8430 -0.5379 0.0004
vn -0.8840 0.4674 0.0011
vn -0.8449 -0.5350 -0.0003
vn -0.8450 0.5348 -0.0004
vn 0.8641 -0.5033 0.0004
vn -0.8529 0.5218 0.0183
vn 0.8428 0.5383 0.0005
vn 0.8431 -0.5377 0.0004
vn -0.8352 0.5497 0.0193
vn 0.8430 -0.5380 0.0004
vn -0.8436 -0.5339 -0.0574
vn 0.8236 0.5651 0.0472
vn -0.8435 -0.5371 -0.0093
vn 0.8346 0.5508 0.0098
vn 0.8385 0.5445 -0.0191
vn -0.8448 -0.5351 -0.0005
vn 0.8394 0.5435 0.0006
vn -0.8402 0.5422 0.0011
vn 0.8406 0.5416 0.0003
vn 0.8429 -0.5381 0.0004
vn -0.8450 0.5347 0.0010
vn -0.8429 0.5380 0.0011
vn -0.8447 -0.5352 -0.0004
vn -0.8511 0.5251 -0.0004
vn -0.8388 -0.5444 -0.0004
vn 0.8472 -0.5313 0.0004
vn 0.8409 0.5411 0.0004
vn 0.8483 -0.5295 0.0004
vn -0.8469 0.5314 0.0186
vn -0.8387 -0.5446 -0.0004
vn 0.8449 0.5345 -0.0187
vn 0.8484 -0.5294 0.0005
vn -0.8379 0.5455 0.0206
vn -0.8447 -0.5352 -0.0003
vn -0.8429 0.5380 -0.0004
vn 0.8449 0.5350 0.0004
vn 0.8485 -0.5293 0.0004
vn -0.8330 0.5533 -0.0005
vn 0.8243 -0.5662 0.0004
vn -0.8409 -0.5412 -0.0005
vn 0.8404 0.5420 0.0004
vn 0.8259 0.5599 0.0663
vn -0.8624 -0.5062 -0.0089
vn 0.0001 -0.0000 1.0000
vn 0.8422 0.5388 -0.0189
vn 0.8435 0.5371 0.0004
vn -0.8389 -0.5443 -0.0004
vn -0.8453 -0.5342 -0.0004
vn 0.8484 -0.5293 0.0004
vn -0.8387 -0.5445 -0.0004
vn 0.8407 0.5414 0.0050
vn -0.8471 -0.5314 -0.0004
vn 0.8429 0.5381 0.0004
vn 0.8409 -0.5412 0.0004
vn -0.8434 0.5372 -0.0004
vn -0.6479 0.4007 -0.6479
vn -0.5295 0.6636 0.5284
vn -0.5277 0.6654 -0.5280
vn -0.6479 0.4007 0.6479
vn -0.1388 0.9783 0.1541
vn 0.1501 0.9793 -0.1355
vn -0.1415 0.9804 -0.1367
vn 0.1471 0.9773 0.1525
vn 0.6479 0.4007 0.6479
vn 0.5279 0.6646 -0.5289
vn 0.5297 0.6628 0.5293
vn 0.6479 0.4007 -0.6479
vn -0.6494 0.3956 -0.6494
vn 0.6494 0.3956 -0.6494
vn 0.6494 0.3956 0.6494
vn -0.6494 0.3956 0.6494
vn -0.6644 0.3421 -0.6645
vn 0.6645 0.3420 0.6644
vn 0.6645 0.3421 -0.6644
vn -0.6644 0.3421 0.6644
vn 0.2732 -0.4824 0.8322
vn 0.5723 0.8153 -0.0883
vn 0.8214 -0.4983 -0.2775
vn 0.3996 0.2824 0.8721
vn -0.8714 0.2809 -0.4023
vn 0.2774 -0.4984 -0.8214
vn 0.0883 0.8153 -0.5723
vn -0.8330 -0.4799 -0.2754
vn 0.2754 -0.4799 -0.8329
vn -0.8214 -0.4984 0.2774
vn 0.8214 -0.4983 0.2775
vn -0.2732 -0.4824 -0.8322
vn 0.2775 -0.4983 0.8214
vn -0.8322 -0.4825 0.2732
vn -0.2754 -0.4799 0.8329
vn -0.8214 -0.4984 -0.2774
vn 0.8329 -0.4799 0.2754
vn -0.2775 -0.4983 -0.8214
vn -0.2774 -0.4984 0.8214
vn 0.8322 -0.4825 -0.2732
vn -0.3996 0.2824 -0.8721
vn 0.5723 0.8153 0.0884
vn -0.5723 0.8153 0.0883
vn 0.4023 0.2809 -0.8713
vn -0.8721 0.2824 0.3996
vn 0.0883 0.8153 0.5723
vn -0.5723 0.8153 -0.0884
vn -0.4023 0.2809 0.8714
vn 0.8721 0.2825 -0.3996
vn -0.0883 0.8153 0.5723
vn -0.0884 0.8153 -0.5723
vn 0.8713 0.2809 0.4023
vn 0.9468 -0.3124 0.0772
vn 0.7106 -0.6204 -0.3318
vn 0.7105 -0.6204 0.3320
vn 0.9468 -0.3124 -0.0775
vn -0.1106 -0.3686 0.9230
vn 0.3317 -0.6204 0.7106
vn 0.5069 0.3035 0.8068
vn -0.1865 0.0506 0.9811
vn -0.1864 0.0514 -0.9811
vn 0.5069 0.3035 -0.8068
vn 0.3320 -0.6202 -0.7107
vn -0.1108 -0.3691 -0.9228
vn -0.5070 0.3035 -0.8068
vn 0.1104 -0.3688 -0.9229
vn 0.1862 0.0504 -0.9812
vn -0.3318 -0.6206 -0.7104
vn 0.1861 0.0512 0.9812
vn -0.5069 0.3035 0.8068
vn -0.3320 -0.6204 0.7105
vn 0.1106 -0.3687 0.9229
vn 0.8068 0.3033 0.5070
vn 0.9812 0.0514 -0.1861
vn 0.9230 -0.3685 -0.1108
vn 0.8068 0.3036 -0.5069
vn 0.9229 -0.3689 0.1105
vn 0.9812 0.0504 0.1865
vn -0.8068 0.3034 -0.5070
vn -0.9811 0.0513 0.1865
vn -0.9228 -0.3691 0.1106
vn -0.7107 -0.6203 -0.3320
vn -0.8070 0.3034 0.5067
vn -0.9228 -0.3690 -0.1112
vn -0.9812 0.0504 -0.1861
vn -0.7104 -0.6206 0.3319
vn 0.0772 -0.3124 -0.9468
vn -0.0775 -0.3124 -0.9468
vn 0.9537 -0.2927 -0.0690
vn 0.0691 -0.2927 0.9537
vn -0.0688 -0.2925 0.9538
vn -0.9468 -0.3124 -0.0772
vn -0.9468 -0.3124 0.0775
vn 0.0775 -0.3125 0.9467
vn -0.9537 -0.2927 0.0691
vn 0.9538 -0.2926 0.0688
vn -0.0773 -0.3125 0.9468
vn 0.0688 -0.2925 -0.9538
vn -0.9538 -0.2925 -0.0688
vn 0.5627 -0.6056 0.5626
vn 0.5627 -0.6056 -0.5627
vn -0.0691 -0.2926 -0.9537
vn -0.5627 -0.6056 -0.5627
vn -0.5628 -0.6056 0.5626
vn 0.2298 -0.4411 0.8676
vn 0.5862 0.8041 0.0986
vn 0.8261 -0.5609 -0.0546
vn 0.3607 0.2166 0.9072
vn -0.9063 0.2150 -0.3637
vn 0.0546 -0.5610 -0.8260
vn -0.0986 0.8042 -0.5862
vn -0.8683 -0.4382 -0.2324
vn 0.2324 -0.4381 -0.8683
vn -0.8261 -0.5609 0.0546
vn 0.8260 -0.5610 0.0546
vn -0.2298 -0.4410 -0.8676
vn 0.0546 -0.5609 0.8261
vn -0.8676 -0.4410 0.2298
vn -0.2324 -0.4382 0.8683
vn -0.8260 -0.5610 -0.0546
vn 0.8683 -0.4382 0.2324
vn -0.0546 -0.5609 -0.8261
vn -0.0546 -0.5610 0.8260
vn 0.8676 -0.4411 -0.2298
vn -0.3607 0.2166 -0.9072
vn 0.5862 0.8042 -0.0987
vn -0.5862 0.8041 -0.0986
vn 0.3637 0.2150 -0.9063
vn -0.9072 0.2166 0.3607
vn -0.0986 0.8041 0.5862
vn -0.5862 0.8042 0.0987
vn -0.3637 0.2150 0.9063
vn 0.9072 0.2166 -0.3607
vn 0.0986 0.8042 0.5862
vn 0.0986 0.8041 -0.5862
vn 0.9064 0.2150 0.3637
vn 0.2190 -0.5321 -0.8178
vn -0.2186 -0.5333 -0.8172
vn 0.3339 0.1504 -0.9305
vn -0.3341 0.1514 -0.9303
vn -0.2189 -0.5321 0.8179
vn 0.2187 -0.5334 0.8171
vn -0.3340 0.1504 0.9305
vn 0.3340 0.1514 0.9303
vn -0.8171 -0.5334 0.2188
vn -0.9304 0.1513 0.3339
vn -0.9306 0.1503 -0.3338
vn -0.8177 -0.5323 -0.2191
vn 0.8172 -0.5333 -0.2187
vn 0.9303 0.1513 -0.3340
vn 0.9305 0.1504 0.3339
vn 0.8178 -0.5322 0.2190
vn 0.2615 -0.7816 -0.5663
vn 0.7366 0.4980 0.4576
vn 0.5663 -0.7817 -0.2614
vn -0.7366 0.4978 0.4578
vn 0.4577 0.4979 -0.7366
vn -0.2614 -0.7817 0.5663
vn -0.6560 0.3732 -0.6560
vn -0.9342 0.3569 -0.0000
vn -0.9342 0.3568 -0.0000
vn -0.6560 0.3732 0.6560
vn 0.6560 0.3732 0.6560
vn 0.9342 0.3569 -0.0000
vn 0.9342 0.3568 -0.0000
vn 0.6560 0.3732 -0.6560
vn -0.0000 0.3569 0.9342
vn -0.0000 0.3568 0.9342
vn -0.0000 0.3569 -0.9342
vn -0.0000 0.3568 -0.9342
vn -0.6443 0.4120 0.6443
vn -0.6443 0.4120 -0.6443
vn 0.6443 0.4120 0.6443
vn 0.6443 0.4120 -0.6443
vn 0.5774 -0.5774 -0.5774
vn 0.6443 -0.4120 -0.6443
vn 0.6443 -0.4120 0.6443
vn -0.6443 -0.4120 -0.6443
vn -0.6443 -0.4120 0.6443
vn -0.5774 0.5773 0.5773
vn 0.5774 0.5773 -0.5773
vn -0.6616 0.7498 -0.0000
vn -0.6318 0.5684 0.5270
vn -0.7173 0.6303 -0.2971
vn -0.7173 0.6303 0.2971
vn 0.5774 -0.5774 0.5773
vn -0.2971 0.6303 0.7173
vn 0.5773 0.5774 0.5774
vn 0.8315 -0.0000 0.5556
vn 0.9239 -0.0000 0.3827
vn 0.9808 -0.0000 0.1951
vn 0.9808 -0.0000 -0.1951
vn 0.9239 -0.0000 -0.3827
vn 0.8315 -0.0000 -0.5556
vn 0.5774 -0.5768 0.5778
vn 0.5773 0.5779 0.5769
vn -0.5144 0.5887 0.6236
vn -0.5145 -0.5875 0.6246
vn -0.3015 -0.3014 -0.9046
vn 0.3014 -0.3009 -0.9048
vn -0.0028 0.0037 1.0000
vn 0.0044 0.0211 0.9998
vn -0.0003 -0.5287 0.8488
vn 0.3015 -0.3015 -0.9046
vn 0.0049 0.5372 -0.8434
vn 0.0006 0.5367 -0.8438
vn 0.3016 -0.3015 -0.9045
vn 0.0004 -0.5353 -0.8447
vn -0.0000 -1.0000 0.0008
vn -0.5816 -0.0000 -0.8134
vn -0.0006 0.5367 0.8438
vn -0.0004 -0.5377 0.8431
vn -0.0028 0.4785 -0.8781
vn 0.3016 0.3015 -0.9045
vn 0.0001 -0.5348 -0.8450
vn -0.0005 -0.5289 0.8487
vn -0.0187 0.5364 -0.8437
vn -0.0005 0.5366 0.8438
vn -0.0005 -0.5377 0.8432
vn -0.0188 0.5377 -0.8429
vn 0.0582 -0.5339 -0.8436
vn -0.0458 0.5484 0.8350
vn 0.0094 -0.5376 -0.8431
vn 0.3022 -0.3043 -0.9034
vn -0.3008 -0.2987 -0.9057
vn -0.0096 0.5376 0.8432
vn 0.0188 0.5366 0.8436
vn 0.0009 -0.5347 -0.8450
vn -0.0006 0.5363 0.8440
vn -0.0003 -0.5397 0.8419
vn -0.0008 -0.5387 0.8425
vn -0.0009 0.5367 -0.8438
vn 0.0006 -0.5348 -0.8450
vn -0.0005 0.5364 0.8440
vn -0.0005 -0.5387 0.8425
vn -0.0011 0.5392 -0.8422
vn -0.0012 0.5366 -0.8438
vn 0.0003 -0.5348 -0.8450
vn 0.0004 0.5366 -0.8439
vn 0.0004 -0.5442 -0.8390
vn 0.0031 0.5356 -0.8444
vn -0.0004 0.5367 0.8438
vn -0.0004 -0.5288 0.8487
vn -0.3016 -0.3015 -0.9045
vn -0.0188 0.5365 -0.8437
vn 0.0004 -0.5454 -0.8381
vn 0.0188 0.5379 0.8428
vn -0.3014 -0.3015 -0.9046
vn -0.0202 0.5366 -0.8436
vn 0.3015 0.3015 -0.9046
vn 0.0006 -0.5374 -0.8433
vn 0.0004 0.5367 -0.8438
vn -0.0004 0.5379 0.8430
vn 0.0003 0.5379 -0.8430
vn 0.0004 -0.5340 -0.8455
vn -0.0651 0.5492 0.8332
vn -0.0004 -0.5403 0.8415
vn 0.0094 -0.5338 -0.8456
vn -0.3008 -0.2986 -0.9057
vn 0.0188 0.5362 0.8439
vn -0.0006 -0.5386 0.8425
vn -0.0004 0.5363 0.8440
vn -0.0004 -0.5386 0.8426
vn -0.0003 -0.5302 0.8479
vn 0.0005 0.5366 -0.8438
vn -0.6104 0.5682 -0.5519
vn 0.5838 0.5723 -0.5759
vn 0.5818 -0.0000 -0.8133
vn -0.0000 -1.0000 -0.0009
vn 0.8569 -0.0000 -0.5154
vn 0.0001 -0.0000 -1.0000
vn -0.8568 -0.0000 -0.5157
vn 0.7069 -0.7073 0.0006
vn -0.0005 -0.5377 0.8431
vn -0.0096 0.5376 0.8431
vn -0.7073 0.7069 -0.0006
vn -0.0189 0.5378 -0.8429
vn -0.7073 0.7069 -0.0007
vn 0.7069 0.7073 0.0007
vn -0.0187 0.5365 -0.8437
vn -0.0028 0.4784 -0.8781
vn 0.0582 -0.5338 -0.8436
vn -0.0004 -0.5377 0.8432
vn -0.0004 -0.5376 0.8432
vn -0.0009 0.5366 -0.8438
vn 0.0009 -0.5348 -0.8450
vn -0.0203 0.5366 -0.8436
vn -0.0005 0.5367 0.8438
vn -0.0011 0.5366 -0.8438
vn 0.0004 -0.5348 -0.8450
vn -0.0000 -1.0000 0.0009
vn 0.0031 0.5357 -0.8444
vn -0.0458 0.5483 0.8350
vn 0.0004 0.5379 -0.8430
vn -0.0004 -0.5289 0.8487
vn 0.0004 0.5366 -0.8438
vn -0.0008 -0.5386 0.8425
vn 0.0005 0.5367 -0.8438
vn 0.0004 -0.5353 -0.8446
vn -0.0004 -0.5302 0.8479
vn 0.0005 -0.5442 -0.8390
vn -0.0006 -0.5386 0.8426
vn -0.0188 0.5366 -0.8437
vn 0.0004 -0.5455 -0.8381
vn -0.0005 0.5363 0.8440
vn -0.0005 -0.5386 0.8425
vn -0.0004 0.5380 0.8429
vn -0.0004 -0.5386 0.8425
vn 0.0049 0.5372 -0.8435
vn 0.0006 -0.7073 -0.7069
vn -0.0006 -0.7069 0.7073
vn -0.8407 0.5414 -0.0050
vn -0.0006 0.7069 0.7073
vn 0.0006 0.7073 -0.7069
vn 0.8429 -0.5380 0.0004
vn 0.8471 -0.5314 0.0004
vn -0.8429 0.5381 -0.0004
vn -0.8409 -0.5412 -0.0004
vn 0.8434 0.5372 0.0004
vn -0.8429 0.5381 0.0011
vn -0.8388 -0.5445 -0.0004
vn 0.8428 0.5382 0.0004
vn 0.8428 0.5383 0.0004
vn -0.8448 -0.5351 -0.0004
vn 0.8406 0.5416 0.0004
vn -0.8450 0.5348 0.0010
vn 0.8450 0.5345 -0.0187
vn 0.8484 -0.5294 0.0004
vn -0.8452 -0.5345 -0.0004
vn -0.8378 0.5455 0.0206
vn -0.8402 0.5422 -0.0005
vn 0.8485 -0.5292 0.0004
vn 0.8394 0.5435 0.0005
vn -0.8402 0.5422 0.0010
vn 0.8409 0.5412 0.0004
vn -0.8330 0.5533 -0.0004
vn -0.8449 -0.5350 -0.0004
vn -0.8841 0.4674 0.0011
vn -0.8351 0.5497 0.0193
vn -0.8453 -0.5343 -0.0004
vn 0.8236 0.5652 0.0472
vn 0.8432 -0.5377 0.0004
vn 0.8134 -0.0000 0.5817
vn -0.8435 0.5371 -0.0004
vn 0.8387 -0.5445 0.0004
vn 0.8453 -0.5342 0.0004
vn 0.5156 -0.0000 -0.8568
vn 0.5154 -0.0000 0.8569
vn -0.5556 -0.0000 0.8315
vn -0.3827 -0.0000 0.9239
vn -0.1951 -0.0000 0.9808
vn 0.1951 -0.0000 0.9808
vn 0.3827 -0.0000 0.9239
vn 0.5556 -0.0000 0.8315
vn -1.0000 -0.0000 0.0001
vn -0.0001 -0.0000 -1.0000
vn 0.2384 0.9459 -0.2201
vn 0.1701 0.9702 0.1726
vn 0.1669 0.9729 -0.1603
vn 0.2399 0.9389 0.2469
vn 0.2385 0.9458 -0.2202
vn 0.2396 0.9390 0.2466
vn 0.2384 0.9459 -0.2200
vn 0.2400 0.9389 0.2467
vn 0.2396 0.9390 0.2465
vn 0.2382 0.9460 -0.2197
vn 0.2398 0.9390 0.2466
vn 0.2288 0.9506 -0.2098
vn 0.2286 0.9445 0.2358
vn -0.1609 0.9741 -0.1591
vn -0.1640 0.9716 0.1708
vn -0.2264 0.9425 0.2459
vn -0.2251 0.9494 -0.2191
vn -0.2268 0.9423 0.2461
vn -0.2257 0.9492 -0.2193
vn -0.2266 0.9424 0.2460
vn -0.2255 0.9492 -0.2195
vn -0.2264 0.9424 0.2461
vn -0.2248 0.9494 -0.2194
vn -0.2256 0.9492 -0.2193
vn -0.2159 0.9475 0.2359
vn -0.2159 0.9536 -0.2100
vn 0.9808 -0.0000 0.1950
vn 0.9808 -0.0000 -0.1950
vn 0.9239 -0.0000 -0.3828
vn 0.1923 -0.0000 -0.9813
vn -0.0027 0.0001 -1.0000
vn -0.1922 0.0001 -0.9813
vn -0.3801 0.0001 -0.9249
vn -0.5556 -0.0000 -0.8314
vn -0.7090 -0.0000 -0.7052
vn -0.8315 0.0001 -0.5556
vn -0.9229 0.0001 -0.3851
vn -0.8302 -0.0000 0.5575
vn -0.7071 0.0001 0.7071
vn -0.5575 0.0001 0.8302
vn -0.3807 -0.0000 0.9247
vn -0.1951 0.0001 0.9808
vn -0.0020 0.0001 1.0000
vn 0.1950 -0.0000 0.9808
vn -0.6133 0.4977 0.6133
vn 0.6133 0.4977 0.6133
vn -0.5728 0.5864 0.5728
vn 0.5728 0.5864 0.5728
vn -0.5348 0.6542 0.5348
vn 0.5348 0.6542 0.5348
vn -0.4951 0.7140 0.4951
vn 0.4951 0.7139 0.4951
vn -0.4481 0.7736 0.4481
vn 0.4481 0.7736 0.4481
vn -0.4105 0.8142 0.4105
vn 0.4105 0.8142 0.4105
vn 0.6133 0.4977 -0.6133
vn -0.6133 0.4977 -0.6133
vn 0.5728 0.5864 -0.5728
vn -0.5728 0.5864 -0.5728
vn 0.5348 0.6542 -0.5348
vn -0.5348 0.6542 -0.5348
vn 0.4951 0.7140 -0.4951
vn -0.4951 0.7139 -0.4951
vn 0.4481 0.7736 -0.4481
vn -0.4481 0.7736 -0.4481
vn 0.4105 0.8142 -0.4105
vn -0.4105 0.8143 -0.4105
vt 0.641598 0.628826
vt 0.642111 0.619409
vt 0.637127 0.619409
vt 0.390355 0.095312
vt 0.384464 0.095312
vt 0.390355 0.119280
vt 0.390355 0.127222
vt 0.372610 0.119280
vt 0.378501 0.119280
vt 0.384464 0.087370
vt 0.390355 0.087370
vt 0.390355 0.111267
vt 0.384464 0.111267
vt 0.390355 0.111303
vt 0.390355 0.119244
vt 0.384464 0.103325
vt 0.390355 0.103325
vt 0.372610 0.119244
vt 0.372610 0.111303
vt 0.384464 0.127222
vt 0.384464 0.119280
vt 0.384428 0.087370
vt 0.384428 0.095312
vt 0.378537 0.095312
vt 0.378537 0.087370
vt 0.372610 0.111267
vt 0.372610 0.103325
vt 0.384428 0.103325
vt 0.384428 0.111267
vt 0.378537 0.111267
vt 0.378537 0.103325
vt 0.384428 0.119280
vt 0.384428 0.127222
vt 0.390355 0.095348
vt 0.390355 0.103289
vt 0.378537 0.127222
vt 0.378501 0.080490
vt 0.378501 0.087334
vt 0.378537 0.119280
vt 0.372610 0.087334
vt 0.372610 0.095312
vt 0.372610 0.087370
vt 0.378501 0.095348
vt 0.378501 0.103289
vt 0.372610 0.103289
vt 0.372610 0.095348
vt 0.378501 0.111303
vt 0.378501 0.119244
vt 0.390355 0.080490
vt 0.390355 0.087334
vt 0.384464 0.087334
vt 0.390355 0.127258
vt 0.390355 0.135199
vt 0.378501 0.127258
vt 0.378501 0.135199
vt 0.372610 0.135199
vt 0.372609 0.135199
vt 0.372610 0.127258
vt 0.384464 0.103289
vt 0.384464 0.135199
vt 0.384464 0.095348
vt 0.384428 0.135199
vt 0.378537 0.135199
vt 0.372610 0.127222
vt 0.384464 0.119244
vt 0.384464 0.111303
vt 0.384428 0.080490
vt 0.384428 0.087334
vt 0.378537 0.087334
vt 0.372593 0.135218
vt 0.378519 0.135217
vt 0.372592 0.135217
vt 0.384446 0.135217
vt 0.390373 0.135217
vt 0.390373 0.135218
vt 0.372591 0.135217
vt 0.390374 0.135217
vt 0.372591 0.080492
vt 0.390374 0.080492
vt 0.637025 0.079556
vt 0.363832 0.079564
vt 0.362931 0.079556
vt 0.637025 0.079564
vt 0.640860 0.079711
vt 0.638790 0.619602
vt 0.640860 0.619599
vt 0.638790 0.079715
vt 0.373291 0.608887
vt 0.626786 0.608893
vt 0.626786 0.608887
vt 0.374122 0.608893
vt 0.000000 0.000000
vt 0.499744 0.975762
vt 0.499748 0.975761
vt 0.499753 0.975762
vt 0.499960 0.975970
vt 0.499960 0.975975
vt 0.499957 0.975980
vt 0.499957 0.975966
vt 0.499539 0.975980
vt 0.499539 0.975966
vt 0.499537 0.975970
vt 0.499537 0.975975
vt 0.499753 0.976183
vt 0.499748 0.976185
vt 0.499742 0.976182
vt 0.378537 0.103289
vt 0.378537 0.095348
vt 0.384428 0.095348
vt 0.384428 0.103289
vt 0.372609 0.095348
vt 0.372609 0.103289
vt 0.378501 0.103325
vt 0.372609 0.103325
vt 0.378501 0.111267
vt 0.372609 0.111267
vt 0.378537 0.119244
vt 0.378537 0.111303
vt 0.384428 0.111303
vt 0.384428 0.119244
vt 0.372609 0.111303
vt 0.372609 0.119244
vt 0.372609 0.119280
vt 0.378501 0.127222
vt 0.372609 0.127222
vt 0.378537 0.127258
vt 0.384428 0.127258
vt 0.384464 0.127258
vt 0.372609 0.127258
vt 0.372609 0.080490
vt 0.372609 0.087334
vt 0.372610 0.080490
vt 0.372609 0.087370
vt 0.372609 0.095312
vt 0.643566 0.079556
vt 0.638933 0.079564
vt 0.636078 0.079556
vt 0.658453 0.079556
vt 0.666069 0.079556
vt 0.648703 0.079556
vt 0.643694 0.079556
vt 0.499608 0.971314
vt 0.499707 0.971314
vt 0.499791 0.971314
vt 0.499502 0.971314
vt 0.499397 0.971314
vt 0.499214 0.971314
vt 0.499298 0.971314
vt 0.490500 0.971314
vt 0.490514 0.971314
vt 0.490555 0.971314
vt 0.490620 0.971314
vt 0.508385 0.971314
vt 0.508450 0.971314
vt 0.508504 0.971314
vt 0.508490 0.971314
vt 0.637066 0.079711
vt 0.637066 0.619602
vt 0.637066 0.619599
vt 0.637066 0.079715
vt 0.625656 0.608873
vt 0.374550 0.608880
vt 0.374550 0.608873
vt 0.625656 0.608880
vt 0.363115 0.618809
vt 0.363115 0.080597
vt 0.363115 0.080594
vt 0.363115 0.618812
vt 0.384092 0.092128
vt 0.384092 0.092136
vt 0.384092 0.596029
vt 0.384092 0.596021
vt 0.619328 0.092128
vt 0.619328 0.092136
vt 0.641598 0.619409
vt 0.642111 0.628826
vt 0.619328 0.596029
vt 0.619328 0.596021
vt 0.640864 0.619409
vt 0.645335 0.619409
vt 0.650444 0.628826
vt 0.367729 0.605961
vt 0.367729 0.081084
vt 0.635691 0.081084
vt 0.635691 0.605961
vt 0.499723 0.973776
vt 0.499748 0.973772
vt 0.499699 0.973786
vt 0.499678 0.973801
vt 0.497577 0.975902
vt 0.497561 0.975923
vt 0.497551 0.975947
vt 0.497548 0.975973
vt 0.497551 0.975999
vt 0.497561 0.976023
vt 0.497577 0.976043
vt 0.499678 0.978144
vt 0.499699 0.978160
vt 0.499723 0.978170
vt 0.499748 0.978173
vt 0.499774 0.978170
vt 0.499798 0.978160
vt 0.499819 0.978144
vt 0.501920 0.976043
vt 0.501936 0.976023
vt 0.501946 0.975999
vt 0.501949 0.975973
vt 0.501946 0.975947
vt 0.501936 0.975923
vt 0.501920 0.975902
vt 0.499819 0.973801
vt 0.499798 0.973786
vt 0.499774 0.973776
vt 0.641319 0.628826
vt 0.641319 0.619409
vt 0.456399 0.892935
vt 0.478129 0.809180
vt 0.455773 0.892874
vt 0.478626 0.809241
vt 0.542720 0.892935
vt 0.520990 0.809180
vt 0.543346 0.892874
vt 0.520493 0.809241
vt 0.457268 0.892935
vt 0.478720 0.808647
vt 0.456280 0.893529
vt 0.479316 0.809241
vt 0.541851 0.892935
vt 0.520399 0.808647
vt 0.542839 0.893529
vt 0.519804 0.809241
vt 0.454420 0.896606
vt 0.454296 0.897268
vt 0.543729 0.896606
vt 0.543852 0.897268
vt 0.520450 0.807126
vt 0.479184 0.806529
vt 0.521048 0.806529
vt 0.479782 0.807126
vt 0.455319 0.896606
vt 0.542829 0.896606
vt 0.455319 0.896538
vt 0.542829 0.896538
vt 0.520496 0.805851
vt 0.521008 0.805783
vt 0.453772 0.896538
vt 0.516246 0.803176
vt 0.481935 0.803176
vt 0.492731 0.772204
vt 0.505800 0.759135
vt 0.492731 0.759135
vt 0.505800 0.772204
vt 0.481207 0.803358
vt 0.479839 0.803107
vt 0.516974 0.803358
vt 0.518342 0.803107
vt 0.518342 0.802445
vt 0.479839 0.802445
vt 0.516974 0.802193
vt 0.481207 0.802193
vt 0.496689 0.801498
vt 0.496689 0.797229
vt 0.500958 0.797229
vt 0.500958 0.801498
vt 0.495423 0.802764
vt 0.495423 0.795963
vt 0.502224 0.802764
vt 0.502224 0.795963
vt 0.451959 0.749150
vt 0.368173 0.749150
vt 0.493027 0.493027
vt 0.514670 0.514670
vt 0.493027 0.514670
vt 0.514670 0.493027
vt 0.498892 0.750726
vt 0.335129 0.750726
vt 0.535272 0.748684
vt 0.657202 0.748684
vt 0.335129 0.746069
vt 0.495100 0.746069
vt 0.495090 0.746069
vt 0.494846 0.746196
vt 0.334216 0.750400
vt 0.498661 0.750400
vt 0.334216 0.746196
vt 0.496153 0.746594
vt 0.499586 0.750379
vt 0.498874 0.750375
vt 0.502488 0.746625
vt 0.666116 0.746196
vt 0.499637 0.750400
vt 0.666116 0.750400
vt 0.503543 0.746196
vt 0.664617 0.746069
vt 0.499859 0.750726
vt 0.664617 0.750726
vt 0.503705 0.746069
vt 0.503715 0.746069
vt 0.503542 0.746196
vt 0.496577 0.746242
vt 0.499846 0.749745
vt 0.499182 0.749745
vt 0.502494 0.746242
vt 0.366917 0.605961
vt 0.619400 0.596021
vt 0.384163 0.596021
vt 0.636620 0.605961
vt 0.619400 0.092128
vt 0.636620 0.081084
vt 0.384163 0.092128
vt 0.366917 0.081084
vt 0.731602 0.374613
vt 0.744347 0.374369
vt 0.731847 0.374369
vt 0.744591 0.374613
vt 0.744347 0.347469
vt 0.744591 0.347225
vt 0.731602 0.347225
vt 0.731847 0.347469
vt 0.636848 0.619409
vt 0.642030 0.619409
vt 0.523739 0.680378
vt 0.469816 0.680378
vt 0.526193 0.680378
vt 0.472270 0.680378
vt 0.471587 0.685399
vt 0.469748 0.724793
vt 0.469748 0.685399
vt 0.471587 0.724793
vt 0.527778 0.724793
vt 0.529616 0.685399
vt 0.529616 0.724793
vt 0.527778 0.685399
vt 0.528562 0.678873
vt 0.472110 0.736556
vt 0.528562 0.736556
vt 0.472110 0.678873
vt 0.344853 0.680378
vt 0.348546 0.680378
vt 0.528234 0.682139
vt 0.530122 0.724476
vt 0.530122 0.682139
vt 0.528234 0.724476
vt 0.471977 0.724476
vt 0.470038 0.682139
vt 0.470038 0.724476
vt 0.471977 0.682139
vt 0.471438 0.678873
vt 0.527891 0.736556
vt 0.471438 0.736556
vt 0.527891 0.678873
vt 0.523848 0.680711
vt 0.470858 0.680711
vt 0.526260 0.680711
vt 0.473270 0.680711
vt 0.471493 0.682139
vt 0.469555 0.724476
vt 0.469555 0.682139
vt 0.471493 0.724476
vt 0.527763 0.724476
vt 0.529651 0.682139
vt 0.529651 0.724476
vt 0.527763 0.682139
vt 0.472882 0.680378
vt 0.526805 0.680378
vt 0.470428 0.680378
vt 0.524351 0.680378
vt 0.528236 0.685399
vt 0.530074 0.724793
vt 0.530074 0.685399
vt 0.528236 0.724793
vt 0.472045 0.724793
vt 0.470207 0.685399
vt 0.470207 0.724793
vt 0.472045 0.685399
vt 0.470686 0.779705
vt 0.528490 0.784840
vt 0.470686 0.784840
vt 0.528490 0.779705
vt 0.476023 0.751377
vt 0.523153 0.754854
vt 0.476023 0.754854
vt 0.523153 0.751377
vt 0.529420 0.755591
vt 0.469756 0.778530
vt 0.529420 0.778530
vt 0.469756 0.755591
vt 0.493584 0.759482
vt 0.505345 0.759729
vt 0.493831 0.759729
vt 0.505592 0.759482
vt 0.505345 0.771242
vt 0.505592 0.771489
vt 0.493831 0.771242
vt 0.493584 0.771489
vt 0.490923 0.778532
vt 0.509324 0.778146
vt 0.491310 0.778146
vt 0.509711 0.778532
vt 0.509324 0.760131
vt 0.509711 0.759745
vt 0.491310 0.760131
vt 0.490923 0.759745
vt 0.508461 0.757523
vt 0.490745 0.757895
vt 0.508089 0.757895
vt 0.490373 0.757523
vt 0.490745 0.775239
vt 0.490373 0.775611
vt 0.508089 0.775239
vt 0.508461 0.775611
vt 0.507991 0.757083
vt 0.507645 0.773543
vt 0.507645 0.757428
vt 0.507991 0.773889
vt 0.491531 0.773543
vt 0.491185 0.773889
vt 0.491531 0.757428
vt 0.491185 0.757083
vt 0.470440 0.738225
vt 0.528736 0.752682
vt 0.470440 0.752682
vt 0.528736 0.738225
vt 0.528676 0.738225
vt 0.470500 0.752682
vt 0.528676 0.752682
vt 0.470500 0.738225
vt 0.528730 0.738225
vt 0.470446 0.752682
vt 0.528730 0.752682
vt 0.470446 0.738225
vt 0.493148 0.774169
vt 0.493148 0.758957
vt 0.508360 0.758957
vt 0.508360 0.774169
vt 0.529783 0.786442
vt 0.469393 0.791882
vt 0.529783 0.791882
vt 0.469393 0.786442
vt 1.000000 1.000000
vt 1.000000 0.000000
vt 0.000000 1.000000
vt 0.666048 0.689823
vt 0.499629 0.745908
vt 0.666048 0.689727
vt 0.506485 0.744869
vt 0.491891 0.744869
vt 0.334173 0.690069
vt 0.334173 0.690165
vt 0.666007 0.690181
vt 0.499405 0.745963
vt 0.666007 0.690011
vt 0.504470 0.745407
vt 0.494340 0.745407
vt 0.334035 0.690098
vt 0.334035 0.690266
vt 0.333921 0.689150
vt 0.500249 0.740077
vt 0.333921 0.683921
vt 0.500249 0.745157
vt 0.333921 0.690441
vt 0.496863 0.745155
vt 0.333921 0.690344
vt 0.492522 0.745304
vt 0.665920 0.691338
vt 0.500659 0.745631
vt 0.665920 0.689984
vt 0.505002 0.745780
vt 0.500249 0.744974
vt 0.665920 0.683579
vt 0.500249 0.739713
vt 0.665920 0.688905
vt 0.506296 0.745564
vt 0.665920 0.689802
vt 0.501956 0.745415
vt 0.665920 0.689899
vt 0.665920 0.688854
vt 0.500656 0.740141
vt 0.665920 0.682661
vt 0.500659 0.745194
vt 0.333921 0.683192
vt 0.333921 0.689384
vt 0.495118 0.745524
vt 0.333921 0.690192
vt 0.497852 0.745631
vt 0.333921 0.691318
vt 0.502341 0.746361
vt 0.496713 0.746361
vt 0.499527 0.746265
vt 0.499802 0.749693
vt 0.499170 0.749693
vt 0.642030 0.628826
vt 0.502419 0.746320
vt 0.496232 0.746320
vt 0.499327 0.746214
vt 0.499714 0.749982
vt 0.499020 0.749982
vt 0.639783 0.628826
vt 0.499334 0.738908
vt 0.333792 0.679473
vt 0.497538 0.736197
vt 0.333792 0.683189
vt 0.666065 0.683203
vt 0.501132 0.736196
vt 0.666065 0.679487
vt 0.666065 0.689191
vt 0.499215 0.745292
vt 0.333792 0.689177
vt 0.499186 0.739315
vt 0.333848 0.679290
vt 0.496421 0.736244
vt 0.333848 0.683133
vt 0.666058 0.682891
vt 0.501578 0.736247
vt 0.666058 0.679048
vt 0.499373 0.738907
vt 0.666065 0.679508
vt 0.501173 0.736196
vt 0.666065 0.683224
vt 0.333792 0.683457
vt 0.497573 0.736196
vt 0.333792 0.679739
vt 0.333792 0.689445
vt 0.499271 0.745292
vt 0.666065 0.689211
vt 0.500249 0.738563
vt 0.665920 0.679284
vt 0.502839 0.735909
vt 0.665920 0.682233
vt 0.333921 0.682393
vt 0.497660 0.735910
vt 0.333921 0.679835
vt 0.500249 0.738793
vt 0.456412 0.736379
vt 0.402525 0.739256
vt 0.456412 0.739256
vt 0.402525 0.736379
vt 0.357647 0.738505
vt 0.429600 0.734663
vt 0.357647 0.734663
vt 0.429600 0.738505
vt 0.345059 0.702656
vt 0.342991 0.741383
vt 0.345059 0.741383
vt 0.342991 0.702656
vt 0.342631 0.703161
vt 0.341707 0.720450
vt 0.342631 0.720450
vt 0.341707 0.703161
vt 0.494844 0.746196
vt 0.724870 0.346173
vt 0.751001 0.374615
vt 0.724870 0.374615
vt 0.751001 0.346173
vt 0.368411 0.683442
vt 0.347351 0.683442
vt 0.369193 0.683442
vt 0.368627 0.683442
vt 0.626566 0.683442
vt 0.626747 0.683442
vt 0.649270 0.683442
vt 0.626852 0.683442
vt 0.639854 0.628826
vt 0.360655 0.629089
vt 0.358134 0.629089
vt 0.359234 0.629089
vt 0.349530 0.629089
vt 0.358134 0.618598
vt 0.359312 0.618598
vt 0.359234 0.618598
vt 0.363774 0.618598
vt 0.354772 0.618598
vt 0.358949 0.629089
vt 0.358337 0.629089
vt 0.360881 0.629089
vt 0.358949 0.618598
vt 0.358337 0.618598
vt 0.363489 0.618598
vt 0.630610 0.640522
vt 0.367650 0.640522
vt 0.630782 0.668234
vt 0.367768 0.668234
vt 0.631061 0.668234
vt 0.631061 0.640130
vt 0.367650 0.667880
vt 0.630610 0.667880
vt 0.367895 0.667880
vt 0.367895 0.640522
vt 0.630782 0.640130
vt 0.367488 0.640130
vt 0.631068 0.640522
vt 0.367488 0.668234
vt 0.631068 0.667880
vt 0.367768 0.640130
vt 0.366090 0.638298
vt 0.632459 0.638298
vt 0.632459 0.670066
vt 0.366090 0.670066
vt 0.364692 0.671897
vt 0.364692 0.636467
vt 0.363294 0.634635
vt 0.635255 0.634635
vt 0.633857 0.636467
vt 0.635255 0.673729
vt 0.633857 0.671897
vt 0.363294 0.673729
vt 0.632643 0.638457
vt 0.366320 0.638457
vt 0.366320 0.669944
vt 0.632643 0.669944
vt 0.634218 0.672008
vt 0.634218 0.636393
vt 0.635793 0.634329
vt 0.363169 0.634329
vt 0.364744 0.636393
vt 0.363169 0.674072
vt 0.364744 0.672008
vt 0.635793 0.674072
vt 0.362925 0.674072
vt 0.635336 0.674072
vt 0.634976 0.634635
vt 0.634976 0.673729
vt 0.362925 0.634329
vt 0.363575 0.673729
vt 0.363575 0.634635
vt 0.367880 0.626166
vt 0.632004 0.608533
vt 0.630707 0.626166
vt 0.367549 0.608533
vt 0.631244 0.628578
vt 0.366690 0.608468
vt 0.369568 0.628578
vt 0.634401 0.608468
vt 0.375883 0.608468
vt 0.625208 0.608468
vt 0.366113 0.608468
vt 0.625782 0.608468
vt 0.634974 0.608468
vt 0.375305 0.608468
vt 0.485475 0.605710
vt 0.514815 0.575876
vt 0.485185 0.575813
vt 0.514664 0.605646
vt 0.376770 0.608533
vt 0.622783 0.608533
vt 0.625393 0.608533
vt 0.366187 0.608533
vt 0.634613 0.608533
vt 0.375407 0.608533
vt 0.630599 0.626166
vt 0.368100 0.626166
vt 0.370025 0.628578
vt 0.631389 0.628578
vt 0.635336 0.634329
vt 0.665222 0.080013
vt 0.663815 0.628984
vt 0.665222 0.628984
vt 0.663815 0.080013
vt 0.662209 0.628984
vt 0.662209 0.080013
vt 0.660467 0.628984
vt 0.660467 0.080013
vt 0.658655 0.628984
vt 0.658655 0.080013
vt 0.656843 0.628984
vt 0.656843 0.080013
vt 0.655101 0.628984
vt 0.655101 0.080013
vt 0.653495 0.628984
vt 0.653495 0.080013
vt 0.652088 0.628984
vt 0.652088 0.080013
vt 0.334869 0.080165
vt 0.336265 0.628913
vt 0.334869 0.628913
vt 0.336265 0.080165
vt 0.337858 0.628913
vt 0.337858 0.080165
vt 0.339587 0.628913
vt 0.339587 0.080165
vt 0.341385 0.628913
vt 0.341385 0.080165
vt 0.343182 0.628913
vt 0.343182 0.080165
vt 0.344911 0.628913
vt 0.344911 0.080165
vt 0.346504 0.628913
vt 0.346504 0.080165
vt 0.347900 0.628913
vt 0.347900 0.080165
vt 0.650469 0.079711
vt 0.650469 0.628816
vt 0.642708 0.079711
vt 0.642708 0.628816
vt 0.351134 0.079556
vt 0.356143 0.079556
vt 0.363759 0.079556
vt 0.352571 0.079556
vt 0.333768 0.079556
vt 0.341384 0.079556
vt 0.647066 0.628816
vt 0.647066 0.079711
vt 0.640469 0.628816
vt 0.640469 0.079711
vt 0.637066 0.628816
vt 0.378483 0.087334
vt 0.378483 0.080490
vt 0.390338 0.087334
vt 0.390338 0.080490
vt 0.378501 0.127240
vt 0.384411 0.127258
vt 0.378519 0.127258
vt 0.378501 0.135217
vt 0.378483 0.135199
vt 0.372592 0.135199
vt 0.372574 0.135217
vt 0.372592 0.127258
vt 0.372574 0.127240
vt 0.378483 0.127258
vt 0.378501 0.119262
vt 0.378483 0.127222
vt 0.372592 0.127222
vt 0.372592 0.119280
vt 0.372574 0.119262
vt 0.378483 0.119280
vt 0.378519 0.135199
vt 0.384429 0.135217
vt 0.384411 0.135199
vt 0.384429 0.127240
vt 0.378519 0.127222
vt 0.378519 0.119280
vt 0.384411 0.119280
vt 0.384429 0.119262
vt 0.384411 0.127222
vt 0.390356 0.127240
vt 0.390338 0.127258
vt 0.384447 0.127258
vt 0.384447 0.135199
vt 0.390356 0.135217
vt 0.390338 0.135199
vt 0.390356 0.119262
vt 0.390338 0.119280
vt 0.390338 0.127222
vt 0.384447 0.127222
vt 0.384447 0.119280
vt 0.384429 0.111285
vt 0.390356 0.111285
vt 0.390338 0.111303
vt 0.384447 0.111303
vt 0.384447 0.119244
vt 0.390338 0.119244
vt 0.384429 0.103307
vt 0.390356 0.103307
vt 0.390338 0.103325
vt 0.390338 0.111267
vt 0.384447 0.111267
vt 0.384447 0.103325
vt 0.378519 0.111303
vt 0.378519 0.119244
vt 0.384411 0.119244
vt 0.384411 0.111303
vt 0.378501 0.111285
vt 0.378519 0.111267
vt 0.378519 0.103325
vt 0.378501 0.103307
vt 0.384411 0.103325
vt 0.384411 0.111267
vt 0.378483 0.119244
vt 0.372592 0.119244
vt 0.372592 0.111303
vt 0.372574 0.111285
vt 0.378483 0.111303
vt 0.378483 0.111267
vt 0.372592 0.111267
vt 0.372592 0.103325
vt 0.372574 0.103307
vt 0.378483 0.103325
vt 0.372574 0.095330
vt 0.378501 0.095330
vt 0.378483 0.095348
vt 0.378483 0.103289
vt 0.372592 0.103289
vt 0.372592 0.095348
vt 0.378501 0.087352
vt 0.378483 0.095312
vt 0.372592 0.095312
vt 0.372592 0.087370
vt 0.372574 0.087352
vt 0.378483 0.087370
vt 0.378501 0.080477
vt 0.378519 0.080490
vt 0.372592 0.087334
vt 0.372592 0.080490
vt 0.372574 0.080477
vt 0.378519 0.087334
vt 0.384429 0.087352
vt 0.384411 0.087370
vt 0.384411 0.095312
vt 0.384429 0.095330
vt 0.378519 0.095312
vt 0.378519 0.087370
vt 0.384411 0.087334
vt 0.384447 0.080490
vt 0.384447 0.087334
vt 0.384429 0.080477
vt 0.384411 0.080490
vt 0.390356 0.087352
vt 0.390338 0.087370
vt 0.384447 0.087370
vt 0.384447 0.095312
vt 0.390356 0.095330
vt 0.390338 0.095312
vt 0.390356 0.080477
vt 0.378519 0.095348
vt 0.384411 0.095348
vt 0.384411 0.103289
vt 0.378519 0.103289
vt 0.390338 0.095348
vt 0.390338 0.103289
vt 0.384447 0.103289
vt 0.384447 0.095348
vt 0.503686 0.742688
vt 0.606651 0.679619
vt 0.503686 0.679619
vt 0.606651 0.708125
vt 0.652464 0.684612
vt 0.652464 0.681116
vt 0.504472 0.742688
vt 0.605977 0.679619
vt 0.504472 0.679619
vt 0.605977 0.708125
vt 0.658119 0.681116
vt 0.658119 0.684612
vt 0.391016 0.679619
vt 0.345203 0.681116
vt 0.345203 0.684612
vt 0.391016 0.708125
vt 0.493981 0.742688
vt 0.493981 0.679619
vt 0.494905 0.742688
vt 0.393400 0.679619
vt 0.494905 0.679619
vt 0.393400 0.708125
vt 0.342103 0.681116
vt 0.342103 0.684612
vt 0.339548 0.681116
vt 0.339548 0.684612
vt 0.492259 0.742688
vt 0.392600 0.679619
vt 0.492259 0.679619
vt 0.392600 0.708125
vt 0.348259 0.684612
vt 0.348259 0.681116
vt 0.601311 0.679619
vt 0.645652 0.681116
vt 0.645652 0.684612
vt 0.601311 0.708125
vt 0.501652 0.742688
vt 0.501652 0.679619
vt 0.634630 0.606480
vt 0.382983 0.596573
vt 0.617441 0.596573
vt 0.365821 0.606480
vt 0.382983 0.092105
vt 0.365821 0.081098
vt 0.617441 0.092105
vt 0.634630 0.081098
vt 0.359262 0.618809
vt 0.361365 0.080597
vt 0.359262 0.080594
vt 0.361365 0.618812
vt 0.626676 0.608887
vt 0.373181 0.608893
vt 0.373181 0.608887
vt 0.625846 0.608893
vt 0.362812 0.079556
vt 0.636005 0.079564
vt 0.636906 0.079556
vt 0.362812 0.079564
vt 0.372574 0.080492
vt 0.390356 0.080492
vt 0.636281 0.605607
vt 0.424269 0.573262
vt 0.574809 0.573262
vt 0.363823 0.605623
vt 0.423884 0.113672
vt 0.363805 0.081143
vt 0.575551 0.113672
vt 0.636182 0.080596
vt 0.372574 0.135218
vt 0.390354 0.135218
vt 0.384464 0.080490
vt 0.378537 0.080490
vt 0.378501 0.087370
vt 0.378501 0.095312
vt 0.496557 0.972799
vt 0.502648 0.973020
vt 0.496778 0.973020
vt 0.502868 0.972799
vt 0.501979 0.973752
vt 0.497531 0.978200
vt 0.497531 0.973752
vt 0.501979 0.978200
vt 0.502868 0.979111
vt 0.496778 0.978890
vt 0.502648 0.978890
vt 0.496557 0.979111
vt 0.454311 0.897273
vt 0.455752 0.913694
vt 0.543820 0.897273
vt 0.542962 0.913694
vt 0.454840 0.896930
vt 0.543308 0.896930
vt 0.543395 0.893464
vt 0.519956 0.808860
vt 0.541974 0.893803
vt 0.521163 0.808879
vt 0.518374 0.808879
vt 0.541118 0.893803
vt 0.518549 0.808860
vt 0.540809 0.893464
vt 0.454753 0.893464
vt 0.456174 0.893803
vt 0.457030 0.893803
vt 0.457339 0.893464
vt 0.476754 0.808879
vt 0.477961 0.808860
vt 0.479542 0.808879
vt 0.479367 0.808860
vt 0.519574 0.806162
vt 0.478556 0.806279
vt 0.519361 0.806279
vt 0.478342 0.806162
vt 0.543893 0.896092
vt 0.520807 0.806279
vt 0.543950 0.896176
vt 0.520781 0.806347
vt 0.477135 0.806347
vt 0.454198 0.896176
vt 0.477109 0.806279
vt 0.454255 0.896092
vt 0.542214 0.896176
vt 0.519302 0.806347
vt 0.542076 0.896092
vt 0.455934 0.896176
vt 0.456072 0.896092
vt 0.478615 0.806347
vt 0.478005 0.806162
vt 0.455581 0.896521
vt 0.542885 0.896521
vt 0.519912 0.806162
vt 0.542567 0.896521
vt 0.455263 0.896521
vt 0.520021 0.805623
vt 0.477896 0.805623
vt 0.469704 0.221959
vt 0.417063 0.273920
vt 0.417722 0.221942
vt 0.470331 0.273937
vt 0.544175 0.893208
vt 0.520422 0.809211
vt 0.542411 0.893393
vt 0.521815 0.809026
vt 0.519881 0.809026
vt 0.542263 0.893393
vt 0.519881 0.809211
vt 0.542263 0.893208
vt 0.453973 0.893208
vt 0.455737 0.893393
vt 0.540064 0.895060
vt 0.457158 0.895245
vt 0.540064 0.895245
vt 0.457158 0.895060
vt 0.458356 0.895781
vt 0.541262 0.895966
vt 0.458356 0.895966
vt 0.541262 0.895781
vt 0.476102 0.809026
vt 0.477494 0.809211
vt 0.479771 0.807648
vt 0.518145 0.807833
vt 0.479771 0.807833
vt 0.518145 0.807648
vt 0.520423 0.809211
vt 0.478071 0.800168
vt 0.520075 0.801812
vt 0.478071 0.801812
vt 0.520075 0.800168
vt 0.456796 0.886415
vt 0.478847 0.811108
vt 0.458450 0.886576
vt 0.477534 0.810946
vt 0.477706 0.809026
vt 0.478144 0.806048
vt 0.455022 0.896187
vt 0.455577 0.893208
vt 0.521377 0.806048
vt 0.544730 0.896187
vt 0.540527 0.893208
vt 0.521890 0.806048
vt 0.545051 0.896187
vt 0.519248 0.809026
vt 0.479771 0.809026
vt 0.455795 0.896187
vt 0.478415 0.806048
vt 0.457621 0.893208
vt 0.518145 0.807995
vt 0.519502 0.806048
vt 0.479771 0.807995
vt 0.457621 0.894019
vt 0.542353 0.896187
vt 0.540527 0.894019
vt 0.540527 0.893646
vt 0.457621 0.893646
vt 0.479771 0.808332
vt 0.520696 0.806048
vt 0.519340 0.808332
vt 0.519787 0.805851
vt 0.478130 0.805783
vt 0.519787 0.805783
vt 0.478130 0.805851
vt 0.544376 0.896538
vt 0.477998 0.806048
vt 0.455230 0.896538
vt 0.478367 0.805783
vt 0.454877 0.896187
vt 0.453418 0.896187
vt 0.479771 0.809211
vt 0.457621 0.893393
vt 0.477420 0.805851
vt 0.476909 0.805783
vt 0.333911 0.679317
vt 0.356762 0.629751
vt 0.356762 0.679317
vt 0.333911 0.629751
vt 0.641774 0.679317
vt 0.666099 0.629751
vt 0.666099 0.679317
vt 0.641774 0.629751
vt 0.635507 0.634427
vt 0.362992 0.634427
vt 0.362992 0.674397
vt 0.635507 0.674397
vt 0.641660 0.629751
vt 0.641660 0.679317
vt 0.356997 0.679317
vt 0.356997 0.629751
vt 0.363234 0.634427
vt 0.635960 0.634427
vt 0.635960 0.674397
vt 0.363234 0.674397
vt 0.334002 0.678219
vt 0.357185 0.630444
vt 0.357379 0.678219
vt 0.334002 0.630444
vt 0.641397 0.678219
vt 0.665431 0.630444
vt 0.665431 0.678219
vt 0.641397 0.630444
vt 0.636006 0.634951
vt 0.363027 0.634951
vt 0.363027 0.673477
vt 0.636006 0.673477
vt 0.641236 0.630444
vt 0.641236 0.678219
vt 0.356680 0.678219
vt 0.356680 0.630444
vt 0.363351 0.634951
vt 0.635685 0.634951
vt 0.635685 0.673477
vt 0.363351 0.673477
vt 0.334231 0.043001
vt 0.665485 0.069091
vt 0.334231 0.069091
vt 0.665485 0.043001
vt 0.334677 0.068838
vt 0.663092 0.071175
vt 0.337353 0.071175
vt 0.665767 0.068838
vt 0.662733 0.071495
vt 0.336984 0.071495
vt 0.334231 0.073899
vt 0.665485 0.073899
vt 0.334677 0.042352
vt 0.665767 0.042352
vt 0.334677 0.073512
vt 0.665767 0.073512
vt 0.665485 0.078681
vt 0.334231 0.078681
vt 0.334231 0.078754
vt 0.665485 0.078754
vt 0.491772 0.067487
vt 0.511932 0.047328
vt 0.511932 0.067487
vt 0.491772 0.047328
vt 0.665767 0.079011
vt 0.334677 0.079011
vt 0.334651 0.044170
vt 0.665452 0.066967
vt 0.665452 0.044170
vt 0.334651 0.066967
vt 0.637978 0.628816
vt 0.637978 0.079711
vt 0.642066 0.628816
vt 0.642066 0.079711
vt 0.349505 0.080594
vt 0.349505 0.629078
vt 0.357386 0.080594
vt 0.357386 0.629078
vt 0.352961 0.629078
vt 0.352961 0.080594
vt 0.359659 0.629078
vt 0.363115 0.629078
vt 0.359659 0.080594
vt 0.358038 0.629078
vt 0.367729 0.605969
vt 0.367729 0.081092
vt 0.635691 0.081092
vt 0.635691 0.605969
vt 0.501708 0.747090
vt 0.496869 0.747090
vt 0.499289 0.747007
vt 0.358038 0.080594
vt 0.501711 0.747464
vt 0.496591 0.747464
vt 0.499149 0.747376
vt 0.499031 0.738551
vt 0.497228 0.735808
vt 0.500836 0.735820
vt 0.499372 0.738696
vt 0.497518 0.735898
vt 0.501227 0.735897
vt 0.499458 0.738906
vt 0.497469 0.735910
vt 0.501447 0.735910
vt 0.341384 0.628913
vt 0.341384 0.080165
vt 0.637489 0.619599
vt 0.637489 0.079715
vt 0.637489 0.079711
vt 0.637489 0.619602
vt 0.373789 0.608873
vt 0.626526 0.608880
vt 0.626526 0.608873
vt 0.374617 0.608880
vt 0.362740 0.080594
vt 0.363148 0.618812
vt 0.362740 0.618809
vt 0.363148 0.080597
vt 0.355268 0.079556
vt 0.359901 0.079564
vt 0.364107 0.080492
vt 0.364828 0.080492
vt 0.636359 0.606918
vt 0.575120 0.114770
vt 0.575120 0.571990
vt 0.636359 0.079844
vt 0.635601 0.079934
vt 0.425233 0.114124
vt 0.574474 0.114124
vt 0.364121 0.079934
vt 0.364430 0.080288
vt 0.424691 0.572324
vt 0.424691 0.115004
vt 0.364367 0.605373
vt 0.364309 0.606464
vt 0.574186 0.573265
vt 0.425931 0.573265
vt 0.635825 0.606464
vt 0.364107 0.135217
vt 0.364827 0.135218
vt 0.364828 0.087334
vt 0.364812 0.087334
vt 0.364828 0.119244
vt 0.364812 0.111303
vt 0.364812 0.119244
vt 0.364828 0.111303
vt 0.364828 0.080490
vt 0.364812 0.080490
vt 0.364828 0.127222
vt 0.364812 0.119280
vt 0.364812 0.127222
vt 0.364828 0.119280
vt 0.364828 0.103289
vt 0.364812 0.095348
vt 0.364812 0.103289
vt 0.364828 0.095348
vt 0.364828 0.135199
vt 0.364812 0.135199
vt 0.364828 0.127258
vt 0.364812 0.127258
vt 0.364828 0.095312
vt 0.364812 0.087370
vt 0.364812 0.095312
vt 0.364828 0.087370
vt 0.364828 0.111267
vt 0.364812 0.103325
vt 0.364812 0.111267
vt 0.364828 0.103325
vt 0.364812 0.135217
vt 0.364828 0.135217
vt 0.636006 0.606533
vt 0.425941 0.573266
vt 0.574184 0.573266
vt 0.364126 0.606533
vt 0.364369 0.605429
vt 0.424701 0.114969
vt 0.424701 0.572325
vt 0.364369 0.080374
vt 0.363963 0.079876
vt 0.574472 0.114081
vt 0.425242 0.114081
vt 0.635758 0.079876
vt 0.636343 0.079847
vt 0.575117 0.571991
vt 0.575117 0.114729
vt 0.636343 0.606915
vt 0.364812 0.087352
vt 0.364812 0.080477
vt 0.364812 0.095330
vt 0.364812 0.103307
vt 0.364812 0.111285
vt 0.364812 0.119262
vt 0.364812 0.127240
vt 0.514670 0.919964
vt 0.493027 0.919964
vt 0.365028 0.135199
vt 0.365028 0.127258
vt 0.365028 0.119280
vt 0.365028 0.127222
vt 0.365028 0.095348
vt 0.365028 0.103289
vt 0.365028 0.095312
vt 0.365028 0.087370
vt 0.365028 0.119244
vt 0.365028 0.111303
vt 0.365028 0.111267
vt 0.365028 0.103325
vt 0.365028 0.087334
vt 0.365028 0.080490
vt 0.378520 0.080490
vt 0.378520 0.087334
vt 0.378520 0.087370
vt 0.378520 0.095312
vt 0.378520 0.095348
vt 0.378520 0.103289
vt 0.378520 0.103325
vt 0.378520 0.111267
vt 0.378520 0.111303
vt 0.378520 0.119244
vt 0.378520 0.119280
vt 0.378520 0.127222
vt 0.378520 0.127258
vt 0.378520 0.135199
vt 0.372592 0.080477
vt 0.372592 0.087352
vt 0.378519 0.087352
vt 0.378519 0.080477
vt 0.384446 0.087352
vt 0.384446 0.080477
vt 0.390373 0.087352
vt 0.390373 0.080477
vt 0.378519 0.095330
vt 0.372592 0.095330
vt 0.384446 0.095330
vt 0.390373 0.095330
vt 0.384446 0.103307
vt 0.390373 0.103307
vt 0.384446 0.111285
vt 0.390373 0.111285
vt 0.384446 0.119262
vt 0.390373 0.119262
vt 0.390373 0.127240
vt 0.384446 0.127240
vt 0.378519 0.127240
vt 0.372592 0.127240
vt 0.378519 0.119262
vt 0.372592 0.119262
vt 0.378519 0.111285
vt 0.372592 0.111285
vt 0.378519 0.103307
vt 0.372592 0.103307
vt 0.364828 0.127240
vt 0.364828 0.119262
vt 0.364828 0.111285
vt 0.364828 0.103307
vt 0.364828 0.095330
vt 0.364828 0.087352
vt 0.364828 0.080477
vt 0.744584 0.374613
vt 0.744339 0.374369
vt 0.744339 0.347469
vt 0.731839 0.374369
vt 0.731594 0.374613
vt 0.731839 0.347469
vt 0.731594 0.347225
vt 0.744584 0.347225
vt 0.366818 0.606487
vt 0.383126 0.596580
vt 0.617584 0.596580
vt 0.366818 0.081105
vt 0.383126 0.092113
vt 0.634747 0.081105
vt 0.617584 0.092113
vt 0.634747 0.606487
vt 0.656631 0.681116
vt 0.656631 0.684612
vt 0.353396 0.724209
vt 0.336428 0.741176
vt 0.353396 0.741176
vt 0.486978 0.604606
vt 0.512212 0.600790
vt 0.490690 0.600837
vt 0.515946 0.604538
vt 0.512324 0.578840
vt 0.516107 0.575092
vt 0.490477 0.578793
vt 0.486671 0.575024
vt 0.632180 0.670066
vt 0.633578 0.636467
vt 0.632180 0.638298
vt 0.633578 0.671897
vt 0.366371 0.670066
vt 0.364973 0.671897
vt 0.366371 0.638298
vt 0.364973 0.636467
vt 0.371269 0.741176
vt 0.354302 0.724209
vt 0.354302 0.741176
vt 0.366075 0.669944
vt 0.364500 0.636393
vt 0.366075 0.638457
vt 0.364500 0.672008
vt 0.632186 0.669944
vt 0.633761 0.672008
vt 0.632186 0.638457
vt 0.633761 0.636393
vt 0.371269 0.706336
vt 0.354302 0.723303
vt 0.371269 0.723303
vt 0.628909 0.680158
vt 0.647209 0.684001
vt 0.650647 0.680158
vt 0.625963 0.684001
vt 0.369412 0.680158
vt 0.372344 0.684001
vt 0.347073 0.680158
vt 0.350511 0.684001
vt 0.353396 0.723303
vt 0.336428 0.706336
vt 0.336428 0.723303
vt 0.497023 0.978661
vt 0.502492 0.978731
vt 0.496947 0.978731
vt 0.502425 0.978662
vt 0.497100 0.978592
vt 0.502358 0.978592
vt 0.497177 0.978522
vt 0.502291 0.978522
vt 0.497254 0.978453
vt 0.502223 0.978453
vt 0.497330 0.978384
vt 0.502156 0.978383
vt 0.497407 0.978314
vt 0.502089 0.978314
vt 0.496947 0.973186
vt 0.502492 0.973186
vt 0.502425 0.973260
vt 0.497024 0.973260
vt 0.502358 0.973334
vt 0.497100 0.973335
vt 0.502291 0.973409
vt 0.497177 0.973409
vt 0.502224 0.973483
vt 0.497254 0.973483
vt 0.502156 0.973557
vt 0.497330 0.973557
vt 0.502089 0.973632
vt 0.497407 0.973631
vt 0.354302 0.706336
vt 0.365937 0.606480
vt 0.634747 0.606480
vt 0.617584 0.596572
vt 0.617584 0.092105
vt 0.634747 0.081098
vt 0.383126 0.092105
vt 0.365937 0.081098
vt 0.383126 0.596572
vt 0.363986 0.605623
vt 0.636445 0.605607
vt 0.574957 0.573262
vt 0.575695 0.113672
vt 0.636345 0.080596
vt 0.424028 0.113672
vt 0.363969 0.081143
vt 0.424418 0.573262
vt 0.636518 0.080886
vt 0.636334 0.605680
vt 0.574954 0.573264
vt 0.424432 0.573264
vt 0.363987 0.605680
vt 0.424042 0.113615
vt 0.363987 0.080886
vt 0.575692 0.113615
vt 0.363824 0.080886
vt 0.363824 0.605680
vt 0.424273 0.573264
vt 0.574794 0.573264
vt 0.636171 0.605680
vt 0.575537 0.113615
vt 0.636354 0.080886
vt 0.423887 0.113615
vt 0.353396 0.706336
vt 0.732421 0.373183
vt 0.732645 0.348249
vt 0.732421 0.348025
vt 0.744128 0.348249
vt 0.744352 0.348025
vt 0.744352 0.373183
vt 0.744128 0.372959
vt 0.732645 0.372959
vt 0.367801 0.605969
vt 0.619400 0.596029
vt 0.636620 0.605969
vt 0.619400 0.092136
vt 0.636620 0.081092
vt 0.384163 0.092136
vt 0.367801 0.081092
vt 0.384163 0.596029
vt 0.336428 0.724209
vt 0.629723 0.679864
vt 0.652769 0.679864
vt 0.365622 0.679864
vt 0.343852 0.679864
vt 0.512266 0.966504
vt 0.514969 0.958159
vt 0.518988 0.948860
vt 0.524049 0.939239
vt 0.529806 0.929954
vt 0.535868 0.921636
vt 0.541822 0.914852
vt 0.486448 0.966504
vt 0.483744 0.958159
vt 0.479725 0.948860
vt 0.474664 0.939239
vt 0.468907 0.929954
vt 0.462845 0.921636
vt 0.456892 0.914852
vt 0.633750 0.606487
vt 0.382983 0.596580
vt 0.365821 0.606487
vt 0.382983 0.092113
vt 0.365821 0.081105
vt 0.617441 0.092113
vt 0.633750 0.081105
vt 0.617441 0.596580
vt 0.371269 0.724209
vt 0.365400 0.679864
vt 0.629831 0.679864
vt 0.370041 0.680158
vt 0.372958 0.684001
vt 0.629053 0.680158
vt 0.626104 0.684001
s 1
usemtl uv
f 1/1/1 2/2/2 3/3/3
f 4/4/4 5/5/5 6/4/6
f 4/4/4 7/5/7 5/5/5
f 8/6/8 9/7/6 10/6/9
f 8/6/8 11/7/10 9/7/6
f 12/8/11 13/9/12 14/8/13
f 12/8/11 15/9/14 13/9/12
f 16/10/15 17/11/9 18/10/16
f 16/10/15 19/11/17 17/11/9
f 7/5/7 18/10/16 5/5/5
f 7/5/7 16/10/15 18/10/16
f 20/12/18 21/13/5 22/12/6
f 20/12/18 23/13/19 21/13/5
f 24/14/20 25/15/6 26/14/9
f 24/14/20 27/15/4 25/15/6
f 28/16/21 29/17/9 30/16/16
f 28/16/21 31/17/22 29/17/9
f 32/18/23 33/19/13 34/18/24
f 32/18/23 35/19/25 33/19/13
f 23/13/19 30/16/16 21/13/5
f 23/13/19 28/16/21 30/16/16
f 11/7/10 36/20/5 9/7/6
f 11/7/10 37/20/26 36/20/5
f 38/21/21 10/6/9 39/21/16
f 38/21/21 8/6/8 10/6/9
f 40/22/27 41/23/6 42/22/28
f 40/22/27 43/23/29 41/23/6
f 37/20/26 39/21/16 36/20/5
f 37/20/26 38/21/21 39/21/16
f 43/23/29 44/24/5 41/23/6
f 43/23/29 45/24/7 44/24/5
f 46/25/30 42/22/28 47/25/13
f 46/25/30 40/22/27 42/22/28
f 31/17/22 22/12/6 29/17/9
f 31/17/22 20/12/18 22/12/6
f 45/24/7 47/25/13 44/24/5
f 45/24/7 46/25/30 47/25/13
f 48/26/31 49/27/13 50/26/24
f 48/26/31 51/27/32 49/27/13
f 52/28/22 53/29/6 54/28/28
f 52/28/22 55/29/33 53/29/6
f 55/29/33 56/30/5 53/29/6
f 55/29/33 57/30/19 56/30/5
f 58/31/30 54/28/28 59/31/13
f 58/31/30 52/28/22 54/28/28
f 57/30/19 59/31/13 56/30/5
f 57/30/19 58/31/30 59/31/13
f 60/32/8 61/33/6 62/32/28
f 60/32/8 63/33/34 61/33/6
f 64/34/35 65/35/6 66/34/9
f 64/34/35 67/35/36 65/35/6
f 63/33/34 68/36/5 61/33/6
f 63/33/34 69/36/37 68/36/5
f 70/37/38 71/38/6 72/37/39
f 70/37/38 73/38/40 71/38/6
f 74/39/41 62/32/28 75/39/13
f 74/39/41 60/32/8 62/32/28
f 73/38/40 76/40/24 71/38/6
f 73/38/40 77/40/42 76/40/24
f 69/36/37 75/39/13 68/36/5
f 69/36/37 74/39/41 75/39/13
f 78/41/43 79/42/13 80/41/24
f 78/41/43 81/42/32 79/42/13
f 82/43/44 83/44/6 84/43/12
f 82/43/44 85/44/18 83/44/6
f 85/44/18 86/45/24 83/44/6
f 85/44/18 87/45/45 86/45/24
f 88/46/25 84/43/12 89/46/13
f 88/46/25 82/43/44 84/43/12
f 90/47/46 91/48/6 92/47/12
f 90/47/46 93/48/36 91/48/6
f 94/49/38 95/50/6 96/49/39
f 94/49/38 97/50/36 95/50/6
f 93/48/36 34/18/24 91/48/6
f 93/48/36 32/18/23 34/18/24
f 97/50/36 98/51/5 95/50/6
f 97/50/36 99/51/47 98/51/5
f 35/19/25 92/47/12 33/19/13
f 35/19/25 90/47/46 92/47/12
f 100/52/48 101/53/6 102/52/9
f 100/52/48 103/53/49 101/53/6
f 104/54/50 105/55/51 106/54/12
f 104/54/50 107/55/52 105/55/51
f 107/55/52 108/56/53 105/55/51
f 107/55/52 109/57/54 108/56/53
f 110/58/55 106/54/12 111/58/13
f 110/58/55 104/54/50 106/54/12
f 67/35/36 112/59/5 65/35/6
f 67/35/36 113/59/56 112/59/5
f 103/53/49 114/60/5 101/53/6
f 103/53/49 115/60/57 114/60/5
f 116/61/21 66/34/9 117/61/16
f 116/61/21 64/34/35 66/34/9
f 118/62/58 119/63/5 120/62/6
f 118/62/58 121/63/59 119/63/5
f 113/59/56 117/61/16 112/59/5
f 113/59/56 116/61/21 117/61/16
f 122/64/60 14/8/13 123/64/24
f 122/64/60 12/8/11 14/8/13
f 27/15/4 124/65/5 25/15/6
f 27/15/4 125/65/61 124/65/5
f 126/66/21 26/14/9 127/66/16
f 126/66/21 24/14/20 26/14/9
f 128/67/38 129/68/6 130/67/39
f 128/67/38 131/68/62 129/68/6
f 125/65/61 127/66/16 124/65/5
f 125/65/61 126/66/21 127/66/16
f 131/68/62 132/69/5 129/68/6
f 131/68/62 133/69/63 132/69/5
f 134/70/64 135/71/65 136/72/66
f 134/70/64 137/71/67 135/71/65
f 137/71/67 138/73/65 135/71/65
f 137/71/67 139/73/67 138/73/65
f 139/73/67 140/74/68 138/73/65
f 139/73/67 141/75/69 140/74/68
f 142/76/70 141/75/69 134/70/64
f 142/76/70 143/77/71 141/75/69
f 144/78/13 134/70/64 145/78/72
f 144/78/13 142/76/70 134/70/64
f 143/77/71 146/79/73 141/75/69
f 143/77/71 147/79/9 146/79/73
f 147/79/9 145/78/72 146/79/73
f 147/79/9 144/78/13 145/78/72
f 148/80/74 149/81/75 150/82/76
f 148/80/74 151/83/77 149/81/75
f 150/84/76 152/85/78 153/86/79
f 150/84/76 149/87/75 152/85/78
f 153/88/79 154/89/80 155/90/81
f 153/88/79 152/91/78 154/89/80
f 155/86/81 151/87/77 148/84/74
f 155/86/81 154/85/80 151/87/77
f 156/92/82 157/92/83 158/92/84
f 159/92/85 156/92/82 158/92/84
f 159/92/85 160/92/86 156/92/82
f 158/92/84 161/92/87 162/92/88
f 158/92/84 162/92/88 159/92/85
f 162/92/88 163/92/89 159/92/85
f 163/92/89 164/92/90 159/92/85
f 162/92/88 165/92/91 163/92/89
f 166/92/92 167/92/93 168/92/94
f 168/92/94 169/92/95 166/92/92
f 169/92/95 164/92/90 166/92/92
f 163/92/89 166/92/92 164/92/90
f 170/92/96 166/92/92 163/92/89
f 171/92/97 170/92/96 163/92/89
f 163/92/89 172/92/98 171/92/97
f 173/92/99 174/92/100 175/92/101
f 175/92/101 176/92/102 173/92/99
f 176/92/102 159/92/85 173/92/99
f 177/92/103 173/92/99 159/92/85
f 164/92/90 177/92/103 159/92/85
f 164/92/90 178/92/104 177/92/103
f 164/92/90 179/92/105 178/92/104
f 177/92/103 180/92/106 181/92/107
f 177/92/103 181/92/107 173/92/99
f 181/92/107 182/92/108 173/92/99
f 183/92/109 184/92/110 185/92/111
f 185/92/111 186/92/112 183/92/109
f 186/92/112 177/92/103 183/92/109
f 178/92/104 183/92/109 177/92/103
f 178/92/104 187/92/113 183/92/109
f 188/93/114 189/94/115 190/95/116
f 191/96/117 192/97/118 193/98/119
f 194/99/120 191/96/117 193/98/119
f 190/95/116 194/99/120 193/98/119
f 188/93/114 190/95/116 193/98/119
f 193/98/119 195/100/121 188/93/114
f 196/101/122 188/93/114 195/100/121
f 197/102/123 196/101/122 195/100/121
f 195/100/121 198/103/124 197/102/123
f 199/104/125 200/105/126 201/106/127
f 193/98/119 199/104/125 201/106/127
f 201/106/127 195/100/121 193/98/119
f 202/107/56 203/108/128 204/107/129
f 202/107/56 205/108/130 203/108/128
f 205/108/130 206/109/131 203/108/128
f 205/108/130 207/109/132 206/109/131
f 208/110/133 204/107/129 209/110/134
f 208/110/133 202/107/56 204/107/129
f 207/109/132 209/110/134 206/109/131
f 207/109/132 208/110/133 209/110/134
f 113/59/56 210/61/128 211/59/129
f 113/59/56 116/61/21 210/61/128
f 116/61/21 212/34/131 210/61/128
f 116/61/21 64/34/135 212/34/131
f 67/35/136 211/59/129 213/35/134
f 67/35/136 113/59/56 211/59/129
f 88/46/137 214/43/131 215/111/128
f 88/46/137 82/43/138 214/43/131
f 85/44/18 216/112/129 217/44/134
f 85/44/18 87/45/45 216/112/129
f 82/43/138 217/44/134 214/43/131
f 82/43/138 85/44/18 217/44/134
f 57/30/19 218/31/128 219/30/129
f 57/30/19 58/31/30 218/31/128
f 58/31/30 220/28/131 218/31/128
f 58/31/30 52/28/139 220/28/131
f 55/29/140 219/30/129 221/29/134
f 55/29/140 57/30/19 219/30/129
f 52/28/139 221/29/134 220/28/131
f 52/28/139 55/29/140 221/29/134
f 23/13/19 222/16/128 223/13/129
f 23/13/19 28/16/141 222/16/128
f 28/16/141 224/17/131 222/16/128
f 28/16/141 31/17/139 224/17/131
f 20/12/18 223/13/129 225/12/134
f 20/12/18 23/13/19 223/13/129
f 51/27/32 226/113/131 227/114/128
f 51/27/32 228/113/142 226/113/131
f 229/115/4 230/116/129 231/115/134
f 229/115/4 48/26/143 230/116/129
f 228/113/142 231/115/134 226/113/131
f 228/113/142 229/115/4 231/115/134
f 232/117/144 233/118/128 234/117/129
f 232/117/144 235/118/41 233/118/128
f 235/118/41 236/119/131 233/118/128
f 235/118/41 237/119/20 236/119/131
f 238/120/145 234/117/129 239/120/134
f 238/120/145 232/117/144 234/117/129
f 237/119/20 239/120/134 236/119/131
f 237/119/20 238/120/145 239/120/134
f 125/65/144 240/66/128 241/65/129
f 125/65/144 126/66/21 240/66/128
f 126/66/21 242/14/131 240/66/128
f 126/66/21 24/14/20 242/14/131
f 27/15/4 241/65/129 243/15/134
f 27/15/4 125/65/144 241/65/129
f 35/19/137 244/47/131 245/121/128
f 35/19/137 90/47/146 244/47/131
f 93/48/36 246/122/129 247/48/134
f 93/48/36 32/18/147 246/122/129
f 90/47/146 247/48/134 244/47/131
f 90/47/146 93/48/36 247/48/134
f 69/36/37 248/39/128 249/36/129
f 69/36/37 74/39/41 248/39/128
f 74/39/41 250/32/131 248/39/128
f 74/39/41 60/32/148 250/32/131
f 63/33/34 249/36/129 251/33/134
f 63/33/34 69/36/37 249/36/129
f 60/32/148 251/33/134 250/32/131
f 60/32/148 63/33/34 251/33/134
f 37/20/149 252/21/128 253/20/129
f 37/20/149 38/21/21 252/21/128
f 38/21/21 254/6/131 252/21/128
f 38/21/21 8/6/148 254/6/131
f 11/7/10 253/20/129 255/7/134
f 11/7/10 37/20/149 253/20/129
f 12/8/150 256/9/131 257/123/128
f 12/8/150 15/9/14 256/9/131
f 258/124/151 259/125/129 260/124/72
f 258/124/151 122/64/60 259/125/129
f 15/9/14 260/124/72 256/9/131
f 15/9/14 258/124/151 260/124/72
f 121/63/59 261/126/128 262/63/129
f 121/63/59 263/126/152 261/126/128
f 263/126/152 264/127/131 261/126/128
f 263/126/152 265/127/48 264/127/131
f 265/127/48 266/62/134 264/127/131
f 265/127/48 118/62/58 266/62/134
f 115/60/153 267/128/128 268/60/129
f 115/60/153 269/128/154 267/128/128
f 269/128/154 270/52/131 267/128/128
f 269/128/154 100/52/48 270/52/131
f 110/58/55 271/54/131 272/129/128
f 110/58/55 104/54/155 271/54/131
f 104/54/155 273/55/72 271/54/131
f 104/54/155 107/55/52 273/55/72
f 77/40/42 274/130/128 275/131/129
f 77/40/42 276/132/156 274/130/128
f 94/49/157 277/50/134 278/49/131
f 94/49/157 97/50/136 277/50/134
f 78/41/158 279/133/128 280/134/129
f 78/41/158 81/42/32 279/133/128
f 64/34/135 213/35/134 212/34/131
f 64/34/135 67/35/136 213/35/134
f 48/26/143 227/114/128 230/116/129
f 48/26/143 51/27/32 227/114/128
f 31/17/139 225/12/134 224/17/131
f 31/17/139 20/12/18 225/12/134
f 32/18/147 245/121/128 246/122/129
f 32/18/147 35/19/137 245/121/128
f 24/14/20 243/15/134 242/14/131
f 24/14/20 27/15/4 243/15/134
f 8/6/148 255/7/134 254/6/131
f 8/6/148 11/7/10 255/7/134
f 109/57/54 272/129/128 281/57/73
f 109/57/54 110/58/55 272/129/128
f 19/11/17 282/4/134 283/11/131
f 19/11/17 4/4/4 282/4/134
f 87/45/45 215/111/128 216/112/129
f 87/45/45 88/46/137 215/111/128
f 122/64/60 257/123/128 259/125/129
f 122/64/60 12/8/150 257/123/128
f 118/62/58 262/63/129 266/62/134
f 118/62/58 121/63/59 262/63/129
f 103/53/49 268/60/129 284/53/134
f 103/53/49 115/60/153 268/60/129
f 107/55/52 281/57/73 273/55/72
f 107/55/52 109/57/54 281/57/73
f 100/52/48 284/53/134 270/52/131
f 100/52/48 103/53/49 284/53/134
f 285/135/159 286/136/160 287/135/161
f 285/135/159 288/136/162 286/136/160
f 289/137/163 285/135/159 290/138/164
f 289/137/163 291/137/165 285/135/159
f 292/139/166 293/139/167 290/138/164
f 290/138/164 293/139/167 289/137/163
f 293/139/167 294/140/168 289/137/163
f 294/140/168 295/137/169 289/137/163
f 294/140/168 296/141/170 295/137/169
f 287/135/161 297/137/171 298/137/163
f 299/138/168 287/135/161 298/137/163
f 298/137/163 300/139/166 299/138/168
f 301/140/164 300/139/166 298/137/163
f 300/139/166 302/139/167 299/138/168
f 298/137/163 303/137/172 301/140/164
f 303/137/172 304/141/173 301/140/164
f 305/142/174 306/143/175 307/144/176
f 308/145/177 305/142/174 307/144/176
f 309/146/178 308/145/177 307/144/176
f 310/147/179 309/146/178 307/144/176
f 310/147/179 311/148/180 309/146/178
f 312/149/181 313/150/182 314/151/183
f 315/150/184 312/149/181 314/151/183
f 316/151/185 315/150/184 314/151/183
f 314/151/183 317/152/186 316/151/185
f 318/152/187 316/151/185 317/152/186
f 317/152/186 310/147/179 318/152/187
f 307/144/176 318/152/187 310/147/179
f 319/144/188 318/152/187 307/144/176
f 320/153/189 319/144/188 307/144/176
f 307/144/176 321/153/190 320/153/189
f 322/154/191 320/153/189 321/153/190
f 321/153/190 323/154/192 322/154/191
f 323/154/192 324/155/193 322/154/191
f 323/154/192 325/156/194 324/155/193
f 324/155/193 326/156/195 322/154/191
f 319/144/188 327/143/196 328/142/197
f 328/142/197 329/145/198 319/144/188
f 329/145/198 330/146/199 319/144/188
f 330/146/199 331/147/200 319/144/188
f 331/147/200 318/152/187 319/144/188
f 330/146/199 332/148/201 331/147/200
f 287/157/161 333/158/202 334/159/203
f 287/157/161 286/160/160 333/158/202
f 334/161/203 335/162/204 336/163/205
f 334/161/203 333/164/202 335/162/204
f 336/165/205 288/166/162 285/167/159
f 336/165/205 335/168/204 288/166/162
f 337/169/206 338/170/207 339/171/208
f 337/169/206 339/171/208 340/172/209
f 341/172/210 337/169/206 340/172/209
f 341/172/210 342/169/211 337/169/206
f 3/3/3 2/2/2 343/2/212
f 344/173/213 345/174/214 338/170/207
f 344/173/213 338/170/207 337/169/206
f 342/169/211 344/173/213 337/169/206
f 342/169/211 346/173/215 344/173/213
f 347/175/216 343/2/212 348/176/217
f 340/172/209 339/171/208 349/177/218
f 340/172/209 349/177/218 350/178/219
f 351/178/220 340/172/209 350/178/219
f 351/178/220 341/172/210 340/172/209
f 352/179/221 353/180/222 354/175/223
f 350/178/219 349/177/218 345/174/214
f 350/178/219 345/174/214 344/173/213
f 346/173/215 350/178/219 344/173/213
f 346/173/215 351/178/220 350/178/219
f 355/181/224 356/181/225 353/180/222
f 336/182/205 342/169/211 341/172/210
f 336/182/205 285/183/159 342/169/211
f 285/183/159 346/173/215 342/169/211
f 285/183/159 287/184/161 346/173/215
f 287/184/161 351/178/220 346/173/215
f 287/184/161 334/185/203 351/178/220
f 334/185/203 341/172/210 351/178/220
f 334/185/203 336/182/205 341/172/210
f 189/94/115 330/186/199 329/187/198
f 188/93/114 330/186/199 189/94/115
f 188/93/114 332/188/201 330/186/199
f 188/93/114 331/189/200 332/188/201
f 318/190/187 331/189/200 188/93/114
f 318/190/187 188/93/114 196/101/122
f 318/190/187 196/101/122 316/191/185
f 316/191/185 196/101/122 197/102/123
f 316/191/185 197/102/123 315/192/184
f 315/192/184 197/102/123 198/103/124
f 315/192/184 198/103/124 312/193/181
f 312/193/181 198/103/124 313/194/182
f 313/194/182 198/103/124 195/100/121
f 313/194/182 195/100/121 314/195/183
f 314/195/183 195/100/121 317/196/186
f 310/197/179 317/196/186 195/100/121
f 310/197/179 195/100/121 201/106/127
f 201/106/127 311/198/180 310/197/179
f 200/105/126 311/198/180 201/106/127
f 200/105/126 309/199/178 311/198/180
f 200/105/126 308/200/177 309/199/178
f 199/104/125 308/200/177 200/105/126
f 199/104/125 305/201/174 308/200/177
f 199/104/125 306/202/175 305/201/174
f 199/104/125 307/203/176 306/202/175
f 321/204/190 307/203/176 199/104/125
f 321/204/190 199/104/125 193/98/119
f 321/204/190 193/98/119 192/97/118
f 321/204/190 192/97/118 323/205/192
f 323/205/192 192/97/118 325/206/194
f 325/206/194 192/97/118 324/207/193
f 324/207/193 192/97/118 191/96/117
f 324/207/193 191/96/117 326/208/195
f 326/208/195 191/96/117 322/209/191
f 322/209/191 191/96/117 194/99/120
f 322/209/191 194/99/120 320/210/189
f 319/211/188 320/210/189 194/99/120
f 319/211/188 194/99/120 190/95/116
f 190/95/116 327/212/196 319/211/188
f 190/95/116 328/213/197 327/212/196
f 189/94/115 328/213/197 190/95/116
f 189/94/115 329/187/198 328/213/197
f 357/214/226 358/214/227 359/215/228
f 360/216/229 361/217/230 362/218/231
f 360/216/229 363/219/232 361/217/230
f 364/220/233 365/221/234 366/222/235
f 364/220/233 367/223/236 365/221/234
f 368/224/237 369/225/238 370/226/239
f 368/224/237 371/227/240 369/225/238
f 372/227/241 373/226/242 374/225/243
f 372/227/241 375/224/244 373/226/242
f 376/228/245 377/229/246 378/230/247
f 376/228/245 379/231/248 377/229/246
f 380/231/249 381/230/250 382/229/251
f 380/231/249 383/228/252 381/230/250
f 375/232/244 378/233/247 373/233/242
f 375/232/244 376/232/245 378/233/247
f 383/234/252 370/235/239 381/235/250
f 383/234/252 368/234/237 370/235/239
f 379/236/248 374/237/243 377/238/246
f 379/236/248 372/239/241 374/237/243
f 371/239/240 382/238/251 369/237/238
f 371/239/240 380/236/249 382/238/251
f 363/227/232 370/226/239 369/225/238
f 363/227/232 360/224/229 370/226/239
f 384/228/253 374/229/243 373/230/242
f 384/228/253 385/231/254 374/229/243
f 367/231/236 378/230/247 377/229/246
f 367/231/236 364/228/233 378/230/247
f 386/224/255 382/225/251 381/226/250
f 386/224/255 387/227/256 382/225/251
f 364/240/233 381/235/250 378/233/247
f 364/240/233 386/241/255 381/235/250
f 360/241/229 373/233/242 370/235/239
f 360/241/229 384/240/253 373/233/242
f 387/239/256 377/238/246 382/237/251
f 387/239/256 367/236/236 377/238/246
f 385/236/254 369/237/238 374/238/243
f 385/236/254 363/239/232 369/237/238
f 386/241/255 366/242/235 388/243/257
f 386/241/255 364/240/233 366/242/235
f 379/223/248 389/222/258 390/221/259
f 379/223/248 376/220/245 389/222/258
f 380/244/249 391/245/260 392/245/261
f 380/244/249 371/244/240 391/245/260
f 376/232/245 393/246/262 389/246/258
f 376/232/245 375/232/244 393/246/262
f 369/247/238 377/248/246 374/248/243
f 369/247/238 382/247/251 377/248/246
f 394/249/263 395/250/264 396/251/265
f 394/249/263 397/252/266 395/250/264
f 396/253/265 398/254/267 399/254/268
f 396/253/265 395/253/264 398/254/267
f 397/255/266 400/256/269 401/256/270
f 397/255/266 394/255/263 400/256/269
f 394/255/263 399/254/268 400/256/269
f 394/255/263 396/253/265 399/254/268
f 395/253/264 401/256/270 398/254/267
f 395/253/264 397/255/266 401/256/270
f 402/257/271 401/256/270 400/256/269
f 402/257/271 403/257/272 401/256/270
f 404/258/273 399/254/268 398/254/267
f 404/258/273 405/258/274 399/254/268
f 405/258/274 400/256/269 399/254/268
f 405/258/274 402/257/271 400/256/269
f 406/259/275 403/257/272 402/257/271
f 406/259/275 407/259/276 403/257/272
f 408/260/277 405/258/274 404/258/273
f 408/260/277 409/260/278 405/258/274
f 409/260/278 402/257/271 405/258/274
f 409/260/278 406/259/275 402/257/271
f 403/257/272 398/254/267 401/256/270
f 403/257/272 404/258/273 398/254/267
f 410/261/279 406/262/275 409/261/278
f 410/261/279 411/262/280 406/262/275
f 412/263/281 408/264/277 407/263/276
f 412/263/281 413/264/282 408/264/277
f 411/262/280 407/263/276 406/262/275
f 411/262/280 412/263/281 407/263/276
f 407/259/276 404/258/273 403/257/272
f 407/259/276 408/260/277 404/258/273
f 411/262/280 414/265/283 415/266/284
f 411/262/280 410/261/279 414/265/283
f 410/261/279 416/267/285 414/265/283
f 410/261/279 413/264/282 416/267/285
f 413/264/282 417/268/286 416/267/285
f 413/264/282 412/263/281 417/268/286
f 412/263/281 415/266/284 417/268/286
f 412/263/281 411/262/280 415/266/284
f 413/264/282 409/261/278 408/264/277
f 413/264/282 410/261/279 409/261/278
f 418/269/287 419/270/288 420/270/289
f 418/269/287 421/269/290 419/270/288
f 422/271/291 421/272/290 418/273/287
f 422/271/291 423/274/292 421/272/290
f 421/275/290 424/276/293 425/276/294
f 421/275/290 423/275/292 424/276/293
f 422/277/291 426/278/295 427/278/296
f 422/277/291 418/277/287 426/278/295
f 428/279/297 421/275/290 425/276/294
f 428/279/297 429/280/298 421/275/290
f 430/281/299 424/276/293 423/275/292
f 430/281/299 431/279/300 424/276/293
f 429/282/298 419/283/288 421/284/290
f 429/282/298 432/285/301 419/283/288
f 433/286/302 434/287/303 435/288/304
f 433/286/302 436/289/305 434/287/303
f 436/290/305 423/291/292 434/292/303
f 436/290/305 430/293/299 423/291/292
f 437/294/306 422/295/291 427/296/296
f 437/294/306 438/297/307 422/295/291
f 439/298/308 426/296/295 418/295/287
f 439/298/308 440/294/309 426/296/295
f 438/299/307 435/292/304 422/291/291
f 438/299/307 433/290/302 435/292/304
f 431/300/300 425/301/294 424/302/293
f 431/300/300 428/303/297 425/301/294
f 434/292/303 422/291/291 435/292/304
f 434/292/303 423/291/292 422/291/291
f 441/304/310 442/305/311 443/306/311
f 441/304/310 444/307/312 442/305/311
f 444/307/312 445/308/311 442/305/311
f 444/307/312 446/309/313 445/308/311
f 446/309/313 447/310/311 445/308/311
f 446/309/313 448/311/314 447/310/311
f 448/311/314 443/306/311 447/310/311
f 448/311/314 441/304/310 443/306/311
f 449/312/315 450/313/315 451/314/315
f 449/312/315 452/315/315 450/313/315
f 452/315/315 453/316/315 450/313/315
f 452/315/315 454/317/315 453/316/315
f 455/318/315 453/316/315 454/317/315
f 455/318/315 456/319/315 453/316/315
f 449/312/315 456/319/315 455/318/315
f 449/312/315 451/314/315 456/319/315
f 457/320/316 359/215/228 458/180/317
f 459/215/318 460/321/319 457/320/316
f 459/215/318 461/321/320 460/321/319
f 462/322/321 463/323/322 464/324/323
f 462/322/321 465/325/324 463/323/322
f 465/326/324 466/327/325 463/328/322
f 465/326/324 467/329/326 466/327/325
f 468/330/327 464/331/323 469/332/328
f 468/330/327 462/333/321 464/331/323
f 465/334/324 468/335/327 467/336/326
f 465/334/324 462/337/321 468/335/327
f 470/338/329 471/339/330 472/339/331
f 470/338/329 473/338/332 471/339/330
f 473/340/332 474/341/333 471/342/330
f 473/340/332 475/343/334 474/341/333
f 476/344/335 472/345/331 477/346/336
f 476/344/335 470/347/329 472/345/331
f 473/348/332 476/349/335 475/350/334
f 473/348/332 470/351/329 476/349/335
f 478/352/337 479/353/338 480/354/339
f 478/352/337 481/355/340 479/353/338
f 481/356/340 482/357/341 479/358/338
f 481/356/340 483/359/342 482/357/341
f 484/360/343 480/361/339 485/362/344
f 484/360/343 478/363/337 480/361/339
f 481/334/340 484/335/343 483/336/342
f 481/334/340 478/337/337 484/335/343
f 486/364/345 487/365/346 488/366/347
f 486/364/345 489/367/348 487/365/346
f 489/368/348 490/369/349 487/370/346
f 489/368/348 491/371/350 490/369/349
f 492/372/351 488/373/347 493/374/352
f 492/372/351 486/375/345 488/373/347
f 489/348/348 492/349/351 491/350/350
f 489/348/348 486/351/345 492/349/351
f 494/376/353 495/377/354 496/378/355
f 494/376/353 497/379/356 495/377/354
f 498/379/357 499/378/358 500/377/359
f 498/379/357 501/376/360 499/378/358
f 501/376/360 496/377/355 499/378/358
f 501/376/360 494/379/353 496/377/355
f 497/379/356 500/378/359 495/377/354
f 497/379/356 498/376/357 500/378/359
f 502/380/353 503/381/354 504/382/355
f 502/380/353 505/383/356 503/381/354
f 506/383/357 507/382/358 508/381/361
f 506/383/357 509/380/360 507/382/358
f 509/380/360 504/381/355 507/382/358
f 509/380/360 502/383/353 504/381/355
f 505/383/356 508/382/361 503/381/354
f 505/383/356 506/380/357 508/382/361
f 510/384/362 511/385/363 512/386/364
f 510/384/362 513/387/280 511/385/363
f 514/387/365 515/386/366 516/385/367
f 514/387/365 517/384/165 515/386/366
f 513/384/280 516/385/367 511/386/363
f 513/384/280 514/387/365 516/385/367
f 517/387/165 512/386/364 515/385/366
f 517/387/165 510/384/362 512/386/364
f 518/388/367 502/389/353 509/390/360
f 518/388/367 519/391/366 502/389/353
f 519/391/366 505/392/356 502/389/353
f 519/391/366 520/393/368 505/392/356
f 520/393/368 506/394/357 505/392/356
f 520/393/368 521/395/363 506/394/357
f 521/395/363 509/390/360 506/394/357
f 521/395/363 518/388/367 509/390/360
f 522/396/280 495/397/354 500/398/359
f 522/396/280 523/399/362 495/397/354
f 523/399/362 496/400/355 495/397/354
f 523/399/362 524/401/165 496/400/355
f 524/401/165 499/402/358 496/400/355
f 524/401/165 525/403/369 499/402/358
f 525/403/369 500/398/359 499/402/358
f 525/403/369 522/396/280 500/398/359
f 517/404/165 507/405/358 504/406/355
f 517/404/165 514/407/365 507/405/358
f 514/407/365 508/408/361 507/405/358
f 514/407/365 513/409/280 508/408/361
f 513/409/280 503/410/354 508/408/361
f 513/409/280 510/411/362 503/410/354
f 510/411/362 504/406/355 503/410/354
f 510/411/362 517/404/165 504/406/355
f 515/412/366 497/413/356 494/414/353
f 515/412/366 512/415/364 497/413/356
f 512/415/364 498/416/357 497/413/356
f 512/415/364 511/417/363 498/416/357
f 511/417/363 501/418/360 498/416/357
f 511/417/363 516/419/367 501/418/360
f 516/419/367 494/414/353 501/418/360
f 516/419/367 515/412/366 494/414/353
f 526/420/165 520/421/368 519/422/366
f 526/420/165 527/423/370 520/421/368
f 528/424/371 518/425/367 521/426/363
f 528/424/371 529/427/372 518/425/367
f 529/427/372 519/426/366 518/425/367
f 529/427/372 526/424/165 519/426/366
f 527/428/370 521/429/363 520/430/368
f 527/428/370 528/431/371 521/429/363
f 530/432/373 415/433/284 414/432/283
f 530/432/373 531/433/374 415/433/284
f 532/434/375 416/435/285 417/434/286
f 532/434/375 533/435/376 416/435/285
f 531/433/374 417/434/286 415/433/284
f 531/433/374 532/434/375 417/434/286
f 523/436/362 531/437/374 530/438/373
f 523/436/362 522/439/280 531/437/374
f 525/439/369 533/438/376 532/437/375
f 525/439/369 524/436/165 533/438/376
f 522/436/280 532/437/375 531/438/374
f 522/436/280 525/439/369 532/437/375
f 524/439/165 530/438/373 533/437/376
f 524/439/165 523/436/362 530/438/373
f 533/435/376 414/432/283 416/435/285
f 533/435/376 530/432/373 414/432/283
f 528/92/371 526/440/165 529/441/372
f 528/92/371 527/442/370 526/440/165
f 534/443/377 535/444/378 536/445/379
f 534/443/377 437/446/306 535/444/378
f 440/447/309 537/448/380 535/444/378
f 440/447/309 538/449/381 537/448/380
f 539/450/382 540/451/383 541/452/384
f 539/450/382 428/453/297 540/451/383
f 431/454/300 542/455/385 540/451/383
f 431/454/300 543/456/386 542/455/385
f 537/457/380 544/458/311 545/459/380
f 537/457/380 546/460/311 544/458/311
f 538/461/381 546/462/311 537/463/380
f 538/461/381 547/464/387 546/462/311
f 543/465/386 548/466/388 542/467/385
f 543/465/386 436/468/305 548/466/388
f 546/469/311 549/470/384 544/471/311
f 546/469/311 541/472/384 549/470/384
f 432/473/301 541/474/384 546/475/311
f 432/473/301 539/476/382 541/474/384
f 542/477/385 550/478/388 551/479/385
f 542/477/385 548/480/388 550/478/388
f 548/480/388 552/481/379 550/478/388
f 548/480/388 536/482/379 552/481/379
f 433/483/302 536/484/379 548/485/388
f 433/483/302 534/486/377 536/484/379
f 547/487/387 432/488/301 546/489/311
f 432/488/301 547/487/387 420/490/289
f 432/488/301 420/490/289 419/491/288
f 457/320/316 460/321/319 553/492/389
f 437/493/306 440/494/309 535/495/378
f 440/494/309 437/493/306 427/496/296
f 440/494/309 427/496/296 426/497/295
f 554/498/390 555/492/391 461/321/320
f 556/499/378 557/500/392 558/501/393
f 556/499/378 545/502/380 557/500/392
f 552/503/379 559/504/394 560/505/395
f 552/503/379 556/499/378 559/504/394
f 536/506/379 556/499/378 552/503/379
f 536/506/379 535/507/378 556/499/378
f 535/507/378 545/502/380 556/499/378
f 535/507/378 537/508/380 545/502/380
f 550/509/388 560/510/395 561/511/396
f 550/509/388 552/512/379 560/510/395
f 551/513/385 562/514/397 563/515/398
f 551/513/385 550/509/388 562/514/397
f 564/516/315 563/517/398 565/518/399
f 564/516/315 551/519/385 563/517/398
f 549/520/384 566/521/400 567/522/401
f 549/520/384 564/516/315 566/521/400
f 541/523/384 564/516/315 549/520/384
f 541/523/384 540/524/383 564/516/315
f 540/524/383 551/519/385 564/516/315
f 540/524/383 542/525/385 551/519/385
f 544/526/311 567/527/401 568/528/402
f 544/526/311 549/529/384 567/527/401
f 545/530/380 569/531/403 557/532/392
f 545/530/380 544/533/311 569/531/403
f 565/534/399 570/535/404 566/536/400
f 565/534/399 571/537/405 570/535/404
f 572/538/406 558/539/393 573/540/407
f 572/538/406 559/541/394 558/539/393
f 562/542/397 572/543/406 571/544/405
f 562/542/397 561/545/396 572/543/406
f 570/546/404 569/547/403 568/548/402
f 570/546/404 573/549/407 569/547/403
f 572/271/406 570/272/404 571/274/405
f 572/271/406 573/273/407 570/272/404
f 547/285/387 418/284/287 420/283/289
f 547/285/387 439/550/308 418/284/287
f 574/551/67 575/552/67 576/553/67
f 574/551/67 577/554/67 575/552/67
f 578/555/408 579/556/409 580/556/410
f 578/555/408 576/555/67 579/556/409
f 576/555/67 581/556/409 579/556/409
f 576/555/67 575/557/67 581/556/409
f 575/557/67 582/556/411 581/556/409
f 575/557/67 583/558/412 582/556/411
f 577/559/67 583/558/412 575/557/67
f 577/559/67 584/560/412 583/558/412
f 585/561/413 584/560/412 577/559/67
f 585/561/413 586/561/414 584/560/412
f 587/562/408 576/555/67 578/555/408
f 587/562/408 574/562/67 576/555/67
f 588/561/415 574/562/67 587/562/408
f 588/561/415 589/561/413 574/562/67
f 589/561/413 577/559/67 574/562/67
f 589/561/413 585/561/413 577/559/67
f 590/563/416 591/176/366 1/1/1
f 590/563/416 348/176/217 591/176/366
f 1/1/1 356/181/225 355/181/224
f 1/1/1 592/1/417 356/181/225
f 348/176/217 2/2/2 591/176/366
f 348/176/217 343/2/212 2/2/2
f 592/1/417 353/180/222 356/181/225
f 592/1/417 354/175/223 353/180/222
f 593/181/418 358/214/227 357/214/226
f 593/181/418 594/181/419 358/214/227
f 357/214/226 555/492/391 554/498/390
f 357/214/226 553/492/389 555/492/391
f 594/181/419 359/215/228 358/214/227
f 594/181/419 458/180/317 359/215/228
f 553/492/389 461/321/320 555/492/391
f 553/492/389 460/321/319 461/321/320
f 595/564/420 596/565/421 597/566/422
f 595/564/420 598/565/423 596/565/421
f 597/566/422 599/567/424 600/567/425
f 597/566/422 601/566/426 599/567/424
f 598/565/423 602/568/427 596/565/421
f 598/565/423 603/568/428 602/568/427
f 604/569/429 605/570/430 606/571/431
f 604/569/429 607/572/432 605/570/430
f 606/571/431 602/568/427 603/568/428
f 608/570/433 603/568/428 598/565/423
f 601/566/426 607/572/432 599/567/424
f 601/566/426 605/570/430 607/572/432
f 609/567/434 610/573/435 611/573/436
f 609/567/434 612/567/437 610/573/435
f 611/573/436 613/574/438 614/575/439
f 611/573/436 615/574/440 613/574/438
f 612/567/437 616/576/441 610/573/435
f 612/567/437 617/572/442 616/576/441
f 618/576/443 619/577/444 620/578/445
f 618/576/443 621/577/446 619/577/444
f 620/578/445 616/576/441 617/572/442
f 600/567/425 599/567/424 607/572/432
f 615/574/440 621/577/446 613/574/438
f 615/574/440 619/577/444 621/577/446
f 622/579/447 623/580/72 624/580/448
f 622/579/447 625/579/73 623/580/72
f 626/581/449 627/582/450 628/582/451
f 626/581/449 629/581/452 627/582/450
f 630/583/220 631/584/453 632/584/215
f 630/583/220 633/583/452 631/584/453
f 634/585/454 635/586/163 636/586/455
f 634/585/454 637/585/456 635/586/163
f 638/587/457 639/588/72 640/588/13
f 638/587/457 641/587/456 639/588/72
f 642/589/458 629/581/452 626/581/449
f 642/589/458 643/589/453 629/581/452
f 624/580/448 637/585/456 634/585/454
f 624/580/448 623/580/72 637/585/456
f 632/584/215 644/590/65 645/590/211
f 632/584/215 631/584/453 644/590/65
f 640/588/13 646/591/73 647/591/9
f 640/588/13 639/588/72 646/591/73
f 648/592/210 633/583/452 630/583/220
f 648/592/210 649/592/450 633/583/452
f 650/593/6 641/587/456 638/587/457
f 650/593/6 651/593/163 641/587/456
f 628/582/451 652/594/65 653/594/459
f 628/582/451 627/582/450 652/594/65
f 648/592/210 654/595/388 645/590/211
f 645/590/211 654/595/388 655/596/388
f 645/590/211 655/596/388 632/584/215
f 632/584/215 655/596/388 656/597/388
f 632/584/215 656/597/388 630/583/220
f 630/583/220 656/597/388 657/598/388
f 656/597/388 658/599/388 657/598/388
f 657/598/388 658/599/388 659/600/388
f 658/599/388 660/601/280 659/600/388
f 659/600/388 660/601/280 661/602/365
f 659/600/388 661/602/365 662/603/388
f 662/603/388 661/602/365 663/604/460
f 662/603/388 663/604/460 664/605/388
f 664/605/388 663/604/460 665/606/363
f 664/605/388 665/606/363 658/599/388
f 658/599/388 665/606/363 660/601/280
f 630/583/220 657/598/388 648/592/210
f 648/592/210 657/598/388 654/595/388
f 657/598/388 659/600/388 654/595/388
f 654/595/388 659/600/388 662/603/388
f 654/595/388 662/603/388 655/596/388
f 655/596/388 662/603/388 664/605/388
f 655/596/388 664/605/388 656/597/388
f 656/597/388 664/605/388 658/599/388
f 611/573/436 610/573/435 616/576/441
f 650/593/6 666/607/315 647/591/9
f 647/591/9 666/607/315 667/608/315
f 647/591/9 667/608/315 640/588/13
f 640/588/13 667/608/315 668/609/315
f 640/588/13 668/609/315 638/587/457
f 638/587/457 668/609/315 669/610/315
f 668/609/315 670/611/315 669/610/315
f 669/610/315 670/611/315 671/612/315
f 670/611/315 672/613/281 671/612/315
f 671/612/315 672/613/281 673/614/461
f 671/612/315 673/614/461 674/615/315
f 674/615/315 673/614/461 675/616/462
f 674/615/315 675/616/462 676/617/315
f 676/617/315 675/616/462 677/618/463
f 676/617/315 677/618/463 670/611/315
f 670/611/315 677/618/463 672/613/281
f 638/587/457 669/610/315 650/593/6
f 650/593/6 669/610/315 666/607/315
f 669/610/315 671/612/315 666/607/315
f 666/607/315 671/612/315 674/615/315
f 666/607/315 674/615/315 667/608/315
f 667/608/315 674/615/315 676/617/315
f 667/608/315 676/617/315 668/609/315
f 668/609/315 676/617/315 670/611/315
f 678/569/464 617/572/442 612/567/437
f 679/604/211 661/602/365 680/602/210
f 679/604/211 663/604/460 661/602/365
f 681/619/465 682/620/466 683/620/448
f 681/619/465 684/619/368 682/620/466
f 685/616/9 673/614/461 686/614/6
f 685/616/9 675/616/462 673/614/461
f 687/621/451 688/622/462 689/622/459
f 687/621/451 690/621/467 688/622/462
f 691/623/468 684/619/368 681/619/465
f 691/623/468 692/623/469 684/619/368
f 680/602/210 660/601/280 693/601/220
f 680/602/210 661/602/365 660/601/280
f 686/614/6 672/613/281 694/613/457
f 686/614/6 673/614/461 672/613/281
f 695/606/215 663/604/460 679/604/211
f 695/606/215 665/606/363 663/604/460
f 696/618/13 675/616/462 685/616/9
f 696/618/13 677/618/463 675/616/462
f 697/624/458 698/625/470 699/625/449
f 697/624/458 700/624/471 698/625/470
f 694/613/457 677/618/463 696/618/13
f 694/613/457 672/613/281 677/618/463
f 693/601/220 665/606/363 695/606/215
f 693/601/220 660/601/280 665/606/363
f 653/594/459 643/589/453 642/589/458
f 653/594/459 652/594/65 643/589/453
f 636/586/455 625/579/73 622/579/447
f 636/586/455 635/586/163 625/579/73
f 645/590/211 649/592/450 648/592/210
f 645/590/211 644/590/65 649/592/450
f 647/591/9 651/593/163 650/593/6
f 647/591/9 646/591/73 651/593/163
f 600/626/425 678/627/464 609/628/434
f 600/626/425 604/629/429 678/627/464
f 554/630/390 608/631/433 595/632/420
f 554/630/390 459/633/318 608/631/433
f 606/634/431 459/633/318 457/635/316
f 606/634/431 608/631/433 459/633/318
f 618/636/443 3/637/3 347/638/216
f 618/636/443 620/639/445 3/637/3
f 701/640/472 702/641/472 703/642/472
f 701/640/472 704/643/472 702/641/472
f 678/627/464 606/644/431 620/645/445
f 678/627/464 604/629/429 606/644/431
f 3/646/3 705/647/473 352/648/221
f 3/646/3 457/649/316 705/647/473
f 355/650/224 705/647/473 593/651/418
f 355/650/224 352/648/221 705/647/473
f 689/622/459 700/624/471 697/624/458
f 689/622/459 688/622/462 700/624/471
f 614/652/439 347/638/216 590/653/416
f 614/652/439 618/636/443 347/638/216
f 600/567/425 595/564/420 597/566/422
f 600/567/425 706/567/279 595/564/420
f 707/654/454 692/623/469 691/623/468
f 707/654/454 708/654/474 692/623/469
f 709/567/474 611/573/436 614/575/439
f 709/567/474 609/567/434 611/573/436
f 710/655/380 711/656/475 712/657/380
f 710/655/380 713/658/475 711/656/475
f 713/658/475 714/659/476 711/656/475
f 713/658/475 715/660/476 714/659/476
f 715/660/476 716/661/477 714/659/476
f 715/660/476 717/662/477 716/661/477
f 717/662/477 718/663/378 716/661/477
f 717/662/477 719/664/378 718/663/378
f 719/664/378 720/665/478 718/663/378
f 719/664/378 721/666/478 720/665/478
f 721/666/478 722/667/479 720/665/478
f 721/666/478 723/668/479 722/667/479
f 723/668/479 724/669/480 722/667/479
f 723/668/479 725/670/480 724/669/480
f 725/670/480 726/671/379 724/669/480
f 725/670/480 727/672/379 726/671/379
f 728/673/384 729/674/481 730/675/384
f 728/673/384 731/676/481 729/674/481
f 731/676/481 732/677/482 729/674/481
f 731/676/481 733/678/482 732/677/482
f 733/678/482 734/679/483 732/677/482
f 733/678/482 735/680/483 734/679/483
f 735/680/483 736/681/311 734/679/483
f 735/680/483 737/682/311 736/681/311
f 737/682/311 738/683/484 736/681/311
f 737/682/311 739/684/484 738/683/484
f 739/684/484 740/685/485 738/683/484
f 739/684/484 741/686/485 740/685/485
f 741/686/485 742/687/486 740/685/485
f 741/686/485 743/688/486 742/687/486
f 743/688/486 712/689/380 742/687/486
f 743/688/486 710/690/380 712/689/380
f 744/691/164 745/692/487 746/692/488
f 744/691/164 747/691/173 745/692/487
f 745/692/487 748/693/172 749/694/489
f 745/692/487 747/691/173 748/693/172
f 747/695/173 744/696/164 750/697/166
f 747/695/173 750/697/166 751/697/456
f 751/697/456 752/698/490 747/695/173
f 748/699/172 747/695/173 752/698/490
f 748/699/172 752/698/490 753/700/491
f 754/699/169 748/699/172 753/700/491
f 751/697/456 755/697/492 752/698/490
f 756/701/493 744/691/164 746/692/488
f 756/701/493 750/702/166 744/691/164
f 753/157/491 757/703/494 754/704/169
f 753/157/491 758/705/495 757/703/494
f 759/706/496 760/707/497 761/706/498
f 759/706/496 762/707/157 760/707/497
f 763/708/499 764/709/497 765/708/500
f 763/708/499 766/709/157 764/709/497
f 767/710/378 768/711/465 769/712/501
f 770/713/453 767/710/378 769/712/501
f 767/710/378 770/713/453 771/714/498
f 770/713/453 772/715/454 771/714/498
f 770/713/453 773/716/502 772/715/454
f 773/716/502 774/717/448 772/715/454
f 773/716/502 775/718/380 774/717/448
f 775/718/380 776/719/503 774/717/448
f 775/718/380 767/710/378 776/719/503
f 767/710/378 771/714/498 776/719/503
f 777/720/378 767/710/378 778/721/498
f 767/710/378 779/722/454 778/721/498
f 767/710/378 775/718/380 779/722/454
f 775/718/380 780/723/448 779/722/454
f 775/718/380 781/724/380 780/723/448
f 781/724/380 782/725/503 780/723/448
f 781/724/380 777/720/378 782/725/503
f 777/720/378 778/721/498 782/725/503
f 770/713/453 769/712/501 783/726/454
f 784/727/453 770/713/453 783/726/454
f 784/727/453 783/726/454 785/728/498
f 786/729/504 784/727/453 785/728/498
f 786/729/504 785/728/498 768/711/465
f 767/710/378 786/729/504 768/711/465
f 786/729/504 767/710/378 787/730/454
f 767/710/378 788/731/501 787/730/454
f 767/710/378 777/720/378 788/731/501
f 777/720/378 789/732/465 788/731/501
f 777/720/378 790/733/504 789/732/465
f 790/733/504 791/734/498 789/732/465
f 790/733/504 786/729/504 791/734/498
f 786/729/504 787/730/454 791/734/498
f 786/729/504 792/735/379 793/736/465
f 786/729/504 793/736/465 794/737/505
f 784/727/453 786/729/504 794/737/505
f 784/727/453 794/737/505 795/738/506
f 796/739/507 784/727/453 795/738/506
f 796/739/507 795/738/506 797/740/508
f 792/735/379 796/739/507 797/740/508
f 792/735/379 797/740/508 793/736/465
f 790/733/504 798/741/379 799/742/465
f 798/741/379 800/743/500 799/742/465
f 798/741/379 792/735/379 800/743/500
f 792/735/379 801/744/506 800/743/500
f 792/735/379 786/729/504 801/744/506
f 786/729/504 802/745/505 801/744/506
f 786/729/504 790/733/504 802/745/505
f 790/733/504 799/742/465 802/745/505
f 803/746/504 804/747/379 805/748/465
f 803/746/504 805/748/465 806/749/505
f 790/733/504 803/746/504 806/749/505
f 790/733/504 806/749/505 807/750/454
f 798/741/379 790/733/504 807/750/454
f 798/741/379 807/750/454 808/751/500
f 804/747/379 798/741/379 808/751/500
f 804/747/379 808/751/500 805/748/465
f 809/752/504 810/753/379 811/754/465
f 810/753/379 812/755/500 811/754/465
f 810/753/379 804/747/379 812/755/500
f 804/747/379 813/756/454 812/755/500
f 804/747/379 803/746/504 813/756/454
f 803/746/504 814/757/505 813/756/454
f 803/746/504 809/752/504 814/757/505
f 809/752/504 811/754/465 814/757/505
f 777/720/378 815/758/501 816/759/454
f 790/733/504 777/720/378 816/759/454
f 790/733/504 816/759/454 817/760/498
f 803/746/504 790/733/504 817/760/498
f 803/746/504 817/760/498 818/761/465
f 819/762/378 803/746/504 818/761/465
f 803/746/504 819/762/378 820/763/454
f 819/762/378 821/764/501 820/763/454
f 819/762/378 822/765/378 821/764/501
f 822/765/378 823/766/465 821/764/501
f 822/765/378 809/752/504 823/766/465
f 809/752/504 824/767/498 823/766/465
f 809/752/504 803/746/504 824/767/498
f 803/746/504 820/763/454 824/767/498
f 819/762/378 818/761/465 815/758/501
f 777/720/378 819/762/378 815/758/501
f 819/762/378 777/720/378 825/768/498
f 777/720/378 826/769/454 825/768/498
f 777/720/378 781/724/380 826/769/454
f 781/724/380 827/770/448 826/769/454
f 781/724/380 828/771/380 827/770/448
f 828/771/380 829/772/503 827/770/448
f 828/771/380 819/762/378 829/772/503
f 819/762/378 825/768/498 829/772/503
f 822/765/378 819/762/378 830/773/498
f 819/762/378 831/774/454 830/773/498
f 819/762/378 828/771/380 831/774/454
f 828/771/380 832/775/448 831/774/454
f 828/771/380 833/776/380 832/775/448
f 833/776/380 834/777/503 832/775/448
f 833/776/380 822/765/378 834/777/503
f 822/765/378 830/773/498 834/777/503
f 835/778/380 836/779/378 837/780/503
f 836/779/378 838/781/498 837/780/503
f 836/779/378 822/765/378 838/781/498
f 822/765/378 839/782/454 838/781/498
f 822/765/378 833/776/380 839/782/454
f 833/776/380 840/783/448 839/782/454
f 833/776/380 835/778/380 840/783/448
f 835/778/380 837/780/503 840/783/448
f 841/784/378 836/779/378 842/785/498
f 836/779/378 843/786/454 842/785/498
f 836/779/378 835/778/380 843/786/454
f 835/778/380 844/787/448 843/786/454
f 835/778/380 845/788/380 844/787/448
f 845/788/380 846/789/503 844/787/448
f 845/788/380 841/784/378 846/789/503
f 841/784/378 842/785/498 846/789/503
f 841/784/378 847/790/378 848/791/509
f 847/790/378 841/784/378 761/706/498
f 841/784/378 849/792/454 761/706/498
f 841/784/378 845/788/380 849/792/454
f 845/788/380 850/793/509 849/792/454
f 845/788/380 851/794/510 850/793/509
f 847/790/378 761/706/498 760/707/497
f 841/784/378 848/791/509 852/795/454
f 853/796/504 841/784/378 852/795/454
f 841/784/378 853/796/504 854/797/465
f 853/796/504 855/798/498 854/797/465
f 853/796/504 856/799/504 855/798/498
f 856/799/504 857/800/454 855/798/498
f 856/799/504 836/779/378 857/800/454
f 836/779/378 858/801/501 857/800/454
f 836/779/378 841/784/378 858/801/501
f 841/784/378 854/797/465 858/801/501
f 853/796/504 852/795/454 859/802/498
f 853/796/504 860/803/509 861/804/454
f 853/796/504 862/805/378 860/803/509
f 862/805/378 853/796/504 859/802/498
f 862/805/378 859/802/498 863/806/497
f 864/807/379 861/804/454 765/708/500
f 864/807/379 853/796/504 861/804/454
f 853/796/504 864/807/379 865/808/465
f 853/796/504 865/808/465 866/809/505
f 856/799/504 853/796/504 866/809/505
f 856/799/504 866/809/505 867/810/454
f 868/811/379 856/799/504 867/810/454
f 868/811/379 867/810/454 869/812/500
f 864/807/379 868/811/379 869/812/500
f 864/807/379 869/812/500 865/808/465
f 870/813/511 765/708/500 764/709/497
f 870/813/511 864/807/379 765/708/500
f 822/765/378 836/779/378 871/814/501
f 836/779/378 872/815/465 871/814/501
f 836/779/378 856/799/504 872/815/465
f 856/799/504 873/816/498 872/815/465
f 856/799/504 809/752/504 873/816/498
f 809/752/504 874/817/454 873/816/498
f 809/752/504 822/765/378 874/817/454
f 822/765/378 871/814/501 874/817/454
f 856/799/504 868/811/379 875/818/465
f 868/811/379 876/819/500 875/818/465
f 868/811/379 810/753/379 876/819/500
f 810/753/379 877/820/454 876/819/500
f 810/753/379 809/752/504 877/820/454
f 809/752/504 878/821/505 877/820/454
f 809/752/504 856/799/504 878/821/505
f 856/799/504 875/818/465 878/821/505
f 620/578/445 619/577/444 615/574/440
f 879/822/378 880/823/378 881/824/378
f 879/822/378 882/825/378 880/823/378
f 880/823/378 882/825/378 883/826/512
f 880/823/378 883/826/512 884/827/513
f 614/575/439 613/574/438 621/577/446
f 885/828/388 886/829/388 887/830/388
f 885/828/388 888/831/388 886/829/388
f 888/831/388 889/832/514 886/829/388
f 888/831/388 890/833/515 889/832/514
f 891/834/516 889/835/514 890/836/515
f 891/834/516 890/836/515 892/837/517
f 893/838/378 891/834/516 892/837/517
f 893/838/378 894/839/378 891/834/516
f 705/179/473 458/180/317 594/181/419
f 895/840/311 896/841/311 897/842/311
f 895/840/311 898/843/311 896/841/311
f 898/843/311 899/844/311 896/841/311
f 898/843/311 900/845/311 899/844/311
f 901/843/388 902/846/388 903/847/388
f 901/843/388 904/841/388 902/846/388
f 905/840/388 904/841/388 901/843/388
f 905/840/388 906/842/388 904/841/388
f 3/3/3 354/175/223 592/1/417
f 907/848/518 908/849/519 909/850/520
f 907/848/518 910/851/521 908/849/519
f 908/849/519 910/851/521 911/852/522
f 908/849/519 911/852/522 912/853/523
f 606/571/431 605/570/430 601/566/426
f 913/854/524 914/855/523 915/856/523
f 913/854/524 915/856/523 916/857/525
f 917/858/315 913/854/524 916/857/525
f 917/858/315 918/859/315 913/854/524
f 597/566/422 596/565/421 602/568/427
f 479/358/338 919/357/378 920/358/378
f 479/358/338 482/357/341 919/357/378
f 485/362/344 921/361/315 922/362/315
f 485/362/344 480/361/339 921/361/315
f 487/370/346 923/369/388 924/370/388
f 487/370/346 490/369/349 923/369/388
f 493/374/352 925/373/311 926/374/311
f 493/374/352 488/373/347 925/373/311
f 471/342/330 927/341/315 928/342/315
f 471/342/330 474/341/333 927/341/315
f 477/346/336 929/345/378 930/346/378
f 477/346/336 472/345/331 929/345/378
f 463/328/322 931/327/311 932/328/311
f 463/328/322 466/327/325 931/327/311
f 469/332/328 933/331/388 934/332/388
f 469/332/328 464/331/323 933/331/388
f 935/860/526 936/861/378 937/862/378
f 935/860/526 938/863/527 936/861/378
f 938/863/527 939/864/378 936/861/378
f 938/863/527 940/865/528 939/864/378
f 940/865/528 941/866/378 939/864/378
f 940/865/528 942/867/529 941/866/378
f 942/867/529 937/862/378 941/866/378
f 942/867/529 935/860/526 937/862/378
f 938/868/527 943/869/530 940/870/528
f 938/868/527 944/871/531 943/869/530
f 935/872/526 944/873/531 938/874/527
f 935/872/526 945/875/532 944/873/531
f 942/870/529 945/871/532 935/868/526
f 942/870/529 946/869/533 945/871/532
f 940/876/528 946/877/533 942/878/529
f 940/876/528 943/879/530 946/877/533
f 947/880/448 948/881/73 949/880/72
f 947/880/448 950/881/465 948/881/73
f 951/882/378 952/883/534 953/884/535
f 951/882/378 954/885/378 952/883/534
f 954/885/378 947/886/448 952/883/534
f 954/885/378 955/887/378 947/886/448
f 955/887/378 950/888/465 947/886/448
f 955/887/378 956/889/378 950/888/465
f 956/889/378 953/884/535 950/888/465
f 956/889/378 951/882/378 953/884/535
f 952/716/534 949/880/72 957/890/536
f 952/716/534 947/880/448 949/880/72
f 950/881/465 958/891/537 948/881/73
f 950/881/465 953/739/535 958/891/537
f 953/739/535 957/890/536 958/891/537
f 953/739/535 952/716/534 957/890/536
f 959/795/538 859/802/498 852/795/454
f 959/795/538 960/802/539 859/802/498
f 961/768/540 829/772/503 825/768/498
f 961/768/540 962/772/541 829/772/503
f 963/791/542 852/795/454 848/791/509
f 963/791/542 959/795/538 852/795/454
f 962/772/541 827/770/448 829/772/503
f 962/772/541 964/770/543 827/770/448
f 965/769/544 825/768/498 826/769/454
f 965/769/544 961/768/540 825/768/498
f 966/743/545 799/742/465 800/743/500
f 966/743/545 967/742/546 799/742/465
f 968/781/547 837/780/503 838/781/498
f 968/781/547 969/780/541 837/780/503
f 970/726/548 785/728/498 783/726/454
f 970/726/548 971/728/549 785/728/498
f 969/780/541 840/783/448 837/780/503
f 969/780/541 972/783/550 840/783/448
f 973/715/551 771/714/498 772/715/454
f 973/715/551 974/714/552 771/714/498
f 975/782/553 838/781/498 839/782/454
f 975/782/553 968/781/547 838/781/498
f 976/736/554 794/737/505 793/736/465
f 976/736/554 977/737/555 794/737/505
f 978/738/556 797/740/508 795/738/506
f 978/738/556 979/740/557 797/740/508
f 977/737/555 795/738/506 794/737/505
f 977/737/555 978/738/556 795/738/506
f 980/717/558 772/715/454 774/717/448
f 980/717/558 973/715/551 772/715/454
f 981/748/559 806/749/505 805/748/465
f 981/748/559 982/749/560 806/749/505
f 983/792/553 761/706/498 849/792/454
f 983/792/553 759/706/496 761/706/498
f 984/750/553 808/751/500 807/750/454
f 984/750/553 985/751/561 808/751/500
f 986/793/542 849/792/454 850/793/509
f 986/793/542 983/792/553 849/792/454
f 982/749/560 807/750/454 806/749/505
f 982/749/560 984/750/553 807/750/454
f 987/818/559 878/821/505 875/818/465
f 987/818/559 988/821/562 878/821/505
f 989/820/563 876/819/500 877/820/454
f 989/820/563 990/819/564 876/819/500
f 988/821/562 877/820/454 878/821/505
f 988/821/562 989/820/563 877/820/454
f 991/812/565 865/808/465 869/812/500
f 991/812/565 992/808/566 865/808/465
f 993/734/567 789/732/465 791/734/498
f 993/734/567 994/732/568 789/732/465
f 995/804/569 765/708/500 861/804/454
f 995/804/569 763/708/499 765/708/500
f 994/732/568 788/731/501 789/732/465
f 994/732/568 996/731/570 788/731/501
f 997/803/542 861/804/454 860/803/509
f 997/803/542 995/804/569 861/804/454
f 998/730/571 791/734/498 787/730/454
f 998/730/571 993/734/567 791/734/498
f 972/783/550 839/782/454 840/783/448
f 972/783/550 975/782/553 839/782/454
f 996/731/570 787/730/454 788/731/501
f 996/731/570 998/730/571 787/730/454
f 999/767/572 823/766/465 824/767/498
f 999/767/572 1000/766/573 823/766/465
f 1000/766/573 821/764/501 823/766/465
f 1000/766/573 1001/764/574 821/764/501
f 1002/763/575 824/767/498 820/763/454
f 1002/763/575 999/767/572 824/767/498
f 1001/764/574 820/763/454 821/764/501
f 1001/764/574 1002/763/575 820/763/454
f 1003/755/576 811/754/465 812/755/500
f 1003/755/576 1004/754/577 811/754/465
f 1005/798/578 854/797/465 855/798/498
f 1005/798/578 1006/797/573 854/797/465
f 1007/775/574 831/774/454 832/775/448
f 1007/775/574 1008/774/563 831/774/454
f 1006/797/573 858/801/501 854/797/465
f 1006/797/573 1009/801/579 858/801/501
f 1010/800/580 855/798/498 857/800/454
f 1010/800/580 1005/798/578 855/798/498
f 1011/721/581 782/725/503 778/721/498
f 1011/721/581 1012/725/541 782/725/503
f 1009/801/579 857/800/454 858/801/501
f 1009/801/579 1010/800/580 857/800/454
f 1012/725/541 780/723/448 782/725/503
f 1012/725/541 1013/723/570 780/723/448
f 1014/722/582 778/721/498 779/722/454
f 1014/722/582 1011/721/581 778/721/498
f 1015/773/572 834/777/503 830/773/498
f 1015/773/572 1016/777/541 834/777/503
f 985/751/561 805/748/465 808/751/500
f 985/751/561 981/748/559 805/748/465
f 1016/777/541 832/775/448 834/777/503
f 1016/777/541 1007/775/574 832/775/448
f 964/770/543 826/769/454 827/770/448
f 964/770/543 965/769/544 826/769/454
f 1008/774/563 830/773/498 831/774/454
f 1008/774/563 1015/773/572 830/773/498
f 1017/785/578 846/789/503 842/785/498
f 1017/785/578 1018/789/583 846/789/503
f 1018/789/583 844/787/448 846/789/503
f 1018/789/583 1019/787/584 844/787/448
f 967/742/546 802/745/505 799/742/465
f 967/742/546 1020/745/585 802/745/505
f 1013/723/570 779/722/454 780/723/448
f 1013/723/570 1014/722/582 779/722/454
f 1021/786/544 842/785/498 843/786/454
f 1021/786/544 1017/785/578 842/785/498
f 1022/744/586 800/743/500 801/744/506
f 1022/744/586 966/743/545 800/743/500
f 1020/745/585 801/744/506 802/745/505
f 1020/745/585 1022/744/586 801/744/506
f 1023/813/388 864/807/379 870/813/511
f 1023/813/388 1024/807/388 864/807/379
f 1024/807/388 868/811/379 864/807/379
f 1024/807/388 1025/811/388 868/811/379
f 1025/811/388 810/753/379 868/811/379
f 1025/811/388 1026/753/388 810/753/379
f 1026/753/388 804/747/379 810/753/379
f 1026/753/388 1027/747/388 804/747/379
f 1027/747/388 798/741/379 804/747/379
f 1027/747/388 1028/741/388 798/741/379
f 1028/741/388 792/735/379 798/741/379
f 1028/741/388 1029/735/587 792/735/379
f 1029/735/587 796/739/507 792/735/379
f 1029/735/587 958/891/537 796/739/507
f 1004/754/577 814/757/505 811/754/465
f 1004/754/577 1030/757/588 814/757/505
f 1031/756/544 812/755/500 813/756/454
f 1031/756/544 1003/755/576 812/755/500
f 979/740/557 793/736/465 797/740/508
f 979/740/557 976/736/554 793/736/465
f 1030/757/588 813/756/454 814/757/505
f 1030/757/588 1031/756/544 813/756/454
f 992/808/566 866/809/505 865/808/465
f 992/808/566 1032/809/589 866/809/505
f 1033/810/563 869/812/500 867/810/454
f 1033/810/563 991/812/565 869/812/500
f 971/728/549 768/711/465 785/728/498
f 971/728/549 1034/711/590 768/711/465
f 1035/719/591 774/717/448 776/719/503
f 1035/719/591 980/717/558 774/717/448
f 974/714/552 776/719/503 771/714/498
f 974/714/552 1035/719/591 776/719/503
f 1036/814/550 874/817/454 871/814/501
f 1036/814/550 1037/817/592 874/817/454
f 957/890/536 775/718/380 773/716/502
f 957/890/536 1038/718/311 775/718/380
f 1038/718/311 781/724/380 775/718/380
f 1038/718/311 1039/724/311 781/724/380
f 1039/724/311 828/771/380 781/724/380
f 1039/724/311 1040/771/311 828/771/380
f 1040/771/311 833/776/380 828/771/380
f 1040/771/311 1041/776/311 833/776/380
f 1041/776/311 835/778/380 833/776/380
f 1041/776/311 1042/778/311 835/778/380
f 1042/778/311 845/788/380 835/778/380
f 1042/778/311 1043/788/311 845/788/380
f 1043/788/311 851/794/510 845/788/380
f 1043/788/311 1044/794/311 851/794/510
f 1037/817/592 873/816/498 874/817/454
f 1037/817/592 1045/816/547 873/816/498
f 1046/815/593 871/814/501 872/815/465
f 1046/815/593 1036/814/550 871/814/501
f 990/819/564 875/818/465 876/819/500
f 990/819/564 987/818/559 875/818/465
f 1045/816/547 872/815/465 873/816/498
f 1045/816/547 1046/815/593 872/815/465
f 1047/758/543 816/759/454 815/758/501
f 1047/758/543 1048/759/580 816/759/454
f 1048/759/580 817/760/498 816/759/454
f 1048/759/580 1049/760/540 817/760/498
f 1019/787/584 843/786/454 844/787/448
f 1019/787/584 1021/786/544 843/786/454
f 1050/761/593 815/758/501 818/761/465
f 1050/761/593 1047/758/543 815/758/501
f 958/891/537 784/727/453 796/739/507
f 958/891/537 1051/727/67 784/727/453
f 1051/727/67 770/713/453 784/727/453
f 1051/727/67 1052/713/67 770/713/453
f 1052/713/67 773/716/502 770/713/453
f 1052/713/67 957/890/536 773/716/502
f 1049/760/540 818/761/465 817/760/498
f 1049/760/540 1050/761/593 818/761/465
f 1053/712/558 783/726/454 769/712/501
f 1053/712/558 970/726/548 783/726/454
f 1034/711/590 769/712/501 768/711/465
f 1034/711/590 1053/712/558 769/712/501
f 1032/809/589 867/810/454 866/809/505
f 1032/809/589 1033/810/563 867/810/454
f 276/132/156 1054/37/131 274/130/128
f 276/132/156 70/37/157 1054/37/131
f 1055/892/156 278/49/131 1056/892/128
f 1055/892/156 94/49/157 278/49/131
f 1057/893/156 1058/67/131 1059/893/128
f 1057/893/156 128/67/157 1058/67/131
f 133/69/594 1059/893/128 1060/69/129
f 133/69/594 1057/893/156 1059/893/128
f 131/68/62 1060/69/129 1061/68/134
f 131/68/62 133/69/594 1060/69/129
f 128/67/157 1061/68/134 1058/67/131
f 128/67/157 131/68/62 1061/68/134
f 99/51/47 1056/892/128 1062/51/129
f 99/51/47 1055/892/156 1056/892/128
f 97/50/136 1062/51/129 277/50/134
f 97/50/136 99/51/47 1062/51/129
f 73/38/595 275/131/129 1063/38/134
f 73/38/595 77/40/42 275/131/129
f 70/37/157 1063/38/134 1054/37/131
f 70/37/157 73/38/595 1063/38/134
f 45/24/596 1064/25/128 1065/24/129
f 45/24/596 46/25/30 1064/25/128
f 46/25/30 1066/22/131 1064/25/128
f 46/25/30 40/22/27 1066/22/131
f 43/23/133 1065/24/129 1067/23/134
f 43/23/133 45/24/596 1065/24/129
f 40/22/27 1067/23/134 1066/22/131
f 40/22/27 43/23/133 1067/23/134
f 7/5/596 1068/10/128 1069/5/129
f 7/5/596 16/10/597 1068/10/128
f 16/10/597 283/11/131 1068/10/128
f 16/10/597 19/11/17 283/11/131
f 4/4/4 1069/5/129 282/4/134
f 4/4/4 7/5/596 1069/5/129
f 81/42/32 1070/894/131 279/133/128
f 81/42/32 1071/894/598 1070/894/131
f 1072/895/18 280/134/129 1073/895/134
f 1072/895/18 78/41/158 280/134/129
f 1071/894/598 1073/895/134 1070/894/131
f 1071/894/598 1072/895/18 1073/895/134
f 1074/896/599 1075/897/600 1076/898/601
f 1074/896/599 1077/899/602 1075/897/600
f 1078/900/603 1079/901/604 1080/902/605
f 1078/900/603 1081/903/606 1079/901/604
f 1082/904/607 1083/905/608 1084/906/609
f 1082/904/607 1085/907/610 1083/905/608
f 1085/907/610 1076/898/601 1083/905/608
f 1085/907/610 1074/896/599 1076/898/601
f 1086/908/384 1087/909/611 1088/909/612
f 1086/908/384 1089/908/380 1087/909/611
f 1090/910/379 1091/911/613 1092/911/614
f 1090/910/379 1093/910/385 1091/911/613
f 1089/908/380 1092/911/614 1087/909/611
f 1089/908/380 1090/910/379 1092/911/614
f 1077/899/602 1084/906/609 1075/897/600
f 1077/899/602 1082/904/607 1084/906/609
f 1093/910/385 1088/909/612 1091/911/613
f 1093/910/385 1086/908/384 1088/909/612
f 1094/912/615 1095/913/616 1096/912/617
f 1094/912/615 1097/913/618 1095/913/616
f 1098/914/619 1099/915/620 1100/916/621
f 1098/914/619 1101/917/622 1099/915/620
f 1102/918/623 1103/919/624 1104/920/625
f 1102/918/623 1105/921/626 1103/919/624
f 1106/922/627 1107/923/628 1108/923/629
f 1106/922/627 1109/922/630 1107/923/628
f 1105/921/626 1110/924/631 1103/919/624
f 1105/921/626 1111/925/632 1110/924/631
f 1112/914/633 1100/916/621 1113/916/634
f 1112/914/633 1098/914/619 1100/916/621
f 1114/925/635 1115/919/636 1116/924/637
f 1114/925/635 1117/921/638 1115/919/636
f 1118/926/639 1119/927/640 1120/927/641
f 1118/926/639 1121/926/642 1119/927/640
f 1122/928/643 1104/920/625 1123/929/644
f 1122/928/643 1102/918/623 1104/920/625
f 1101/917/622 1124/915/645 1099/915/620
f 1101/917/622 1125/917/646 1124/915/645
f 1125/917/646 1113/916/634 1124/915/645
f 1125/917/646 1112/914/633 1113/916/634
f 1126/918/647 1127/929/648 1128/920/649
f 1126/918/647 1129/928/650 1127/929/648
f 1117/921/638 1128/920/649 1115/919/636
f 1117/921/638 1126/918/647 1128/920/649
f 1130/930/651 1131/931/652 1132/932/653
f 1130/930/651 1133/933/654 1131/931/652
f 1134/934/655 1135/935/656 1136/936/657
f 1134/934/655 1137/937/658 1135/935/656
f 1138/938/659 1139/939/660 1140/940/661
f 1138/938/659 1141/941/662 1139/939/660
f 1141/941/662 1142/939/663 1139/939/660
f 1141/941/662 1143/941/664 1142/939/663
f 1109/922/630 1143/941/664 1141/941/662
f 1109/922/630 1106/922/627 1143/941/664
f 1106/922/627 1144/938/665 1143/941/664
f 1106/922/627 1121/926/642 1144/938/665
f 1121/926/642 1138/938/659 1144/938/665
f 1121/926/642 1118/926/639 1138/938/659
f 1118/926/639 1141/941/662 1138/938/659
f 1118/926/639 1109/922/630 1141/941/662
f 1143/941/664 1145/940/666 1142/939/663
f 1143/941/664 1144/938/665 1145/940/666
f 1146/937/667 1147/936/668 1148/935/669
f 1146/937/667 1149/934/670 1147/936/668
f 1149/934/670 1136/936/657 1147/936/668
f 1149/934/670 1134/934/655 1136/936/657
f 1098/914/619 1134/934/655 1149/934/670
f 1098/914/619 1112/914/633 1134/934/655
f 1112/914/633 1137/937/658 1134/934/655
f 1112/914/633 1125/917/646 1137/937/658
f 1125/917/646 1146/937/667 1137/937/658
f 1125/917/646 1101/917/622 1146/937/667
f 1101/917/622 1149/934/670 1146/937/667
f 1101/917/622 1098/914/619 1149/934/670
f 1140/940/661 1144/938/665 1138/938/659
f 1140/940/661 1145/940/666 1144/938/665
f 1148/935/669 1137/937/658 1146/937/667
f 1148/935/669 1135/935/656 1137/937/658
f 1150/942/671 1151/943/672 1152/944/673
f 1150/942/671 1132/932/653 1151/943/672
f 1152/944/673 1153/945/674 1150/942/671
f 1152/944/673 1154/946/675 1153/945/674
f 1117/921/638 1154/946/675 1152/944/673
f 1117/921/638 1114/925/635 1154/946/675
f 1114/925/635 1155/947/676 1154/946/675
f 1114/925/635 1129/928/650 1155/947/676
f 1129/928/650 1151/943/672 1155/947/676
f 1129/928/650 1126/918/647 1151/943/672
f 1126/918/647 1152/944/673 1151/943/672
f 1126/918/647 1117/921/638 1152/944/673
f 1131/931/652 1154/946/675 1155/947/676
f 1131/931/652 1153/945/674 1154/946/675
f 1156/945/677 1157/947/678 1158/946/679
f 1156/945/677 1159/931/680 1157/947/678
f 1158/946/679 1160/942/681 1156/945/677
f 1158/946/679 1161/944/682 1160/942/681
f 1111/925/632 1161/944/682 1158/946/679
f 1111/925/632 1105/921/626 1161/944/682
f 1105/921/626 1162/943/683 1161/944/682
f 1105/921/626 1102/918/623 1162/943/683
f 1102/918/623 1157/947/678 1162/943/683
f 1102/918/623 1122/928/643 1157/947/678
f 1122/928/643 1158/946/679 1157/947/678
f 1122/928/643 1111/925/632 1158/946/679
f 1163/932/684 1161/944/682 1162/943/683
f 1163/932/684 1160/942/681 1161/944/682
f 1159/931/680 1162/943/683 1157/947/678
f 1159/931/680 1163/932/684 1162/943/683
f 1132/932/653 1155/947/676 1151/943/672
f 1132/932/653 1131/931/652 1155/947/676
f 1111/925/632 1123/929/644 1110/924/631
f 1111/925/632 1122/928/643 1123/929/644
f 1121/926/642 1108/923/629 1119/927/640
f 1121/926/642 1106/922/627 1108/923/629
f 1129/928/650 1116/924/637 1127/929/648
f 1129/928/650 1114/925/635 1116/924/637
f 1109/922/630 1120/927/641 1107/923/628
f 1109/922/630 1118/926/639 1120/927/641
f 1164/948/685 1145/940/666 1140/940/661
f 1164/948/685 1165/948/686 1145/940/666
f 1133/933/654 1153/945/674 1131/931/652
f 1133/933/654 1166/949/687 1153/945/674
f 1167/950/688 1147/936/668 1136/936/657
f 1167/950/688 1168/950/689 1147/936/668
f 1169/933/690 1163/932/684 1159/931/680
f 1169/933/690 1170/930/691 1163/932/684
f 1171/951/692 1136/936/657 1135/935/656
f 1171/951/692 1167/950/688 1136/936/657
f 1170/930/691 1160/942/681 1163/932/684
f 1170/930/691 1172/952/693 1160/942/681
f 1166/949/687 1150/942/671 1153/945/674
f 1166/949/687 1173/952/694 1150/942/671
f 1168/950/689 1148/935/669 1147/936/668
f 1168/950/689 1174/951/695 1148/935/669
f 1175/953/696 1140/940/661 1139/939/660
f 1175/953/696 1164/948/685 1140/940/661
f 1173/952/694 1132/932/653 1150/942/671
f 1173/952/694 1130/930/651 1132/932/653
f 1176/949/697 1159/931/680 1156/945/677
f 1176/949/697 1169/933/690 1159/931/680
f 1167/950/688 1177/954/698 1095/913/616
f 1167/950/688 1171/951/692 1177/954/698
f 1164/948/685 1096/912/617 1178/955/699
f 1164/948/685 1175/953/696 1096/912/617
f 1179/953/700 1180/955/701 1094/912/615
f 1179/953/700 1165/948/686 1180/955/701
f 1174/951/695 1097/913/618 1181/954/702
f 1174/951/695 1168/950/689 1097/913/618
f 1175/953/696 1094/912/615 1096/912/617
f 1175/953/696 1179/953/700 1094/912/615
f 1168/950/689 1095/913/616 1097/913/618
f 1168/950/689 1167/950/688 1095/913/616
f 1165/948/686 1178/955/699 1180/955/701
f 1165/948/686 1164/948/685 1178/955/699
f 1171/951/692 1181/954/702 1177/954/698
f 1171/951/692 1174/951/695 1181/954/702
f 1130/930/651 1095/913/616 1177/954/698
f 1130/930/651 1173/952/694 1095/913/616
f 1166/949/687 1178/955/699 1096/912/617
f 1166/949/687 1133/933/654 1178/955/699
f 1169/933/690 1094/912/615 1180/955/701
f 1169/933/690 1176/949/697 1094/912/615
f 1172/952/693 1181/954/702 1097/913/618
f 1172/952/693 1170/930/691 1181/954/702
f 1176/949/697 1097/913/618 1094/912/615
f 1176/949/697 1172/952/693 1097/913/618
f 1173/952/694 1096/912/617 1095/913/616
f 1173/952/694 1166/949/687 1096/912/617
f 1170/930/691 1180/955/701 1181/954/702
f 1170/930/691 1169/933/690 1180/955/701
f 1133/933/654 1177/954/698 1178/955/699
f 1133/933/654 1130/930/651 1177/954/698
f 1172/952/693 1156/945/677 1160/942/681
f 1172/952/693 1176/949/697 1156/945/677
f 1165/948/686 1142/939/663 1145/940/666
f 1165/948/686 1179/953/700 1142/939/663
f 1174/951/695 1135/935/656 1148/935/669
f 1174/951/695 1171/951/692 1135/935/656
f 1179/953/700 1139/939/660 1142/939/663
f 1179/953/700 1175/953/696 1139/939/660
f 1177/956/698 1180/957/701 1178/958/699
f 1177/956/698 1181/959/702 1180/957/701
f 378/233/247 370/235/239 373/233/242
f 378/233/247 381/235/250 370/235/239
f 1182/960/703 1183/961/704 1184/962/705
f 1182/960/703 1185/963/706 1183/961/704
f 1186/964/707 1187/965/708 1188/966/709
f 1186/964/707 1189/967/710 1187/965/708
f 1190/968/711 1191/969/712 1192/969/713
f 1190/968/711 1193/968/714 1191/969/712
f 1189/970/710 1194/971/715 1187/972/708
f 1189/970/710 1195/973/716 1194/971/715
f 1196/960/717 1184/962/705 1197/962/718
f 1196/960/717 1182/960/703 1184/962/705
f 1198/974/719 1199/975/720 1200/976/721
f 1198/974/719 1201/977/722 1199/975/720
f 1202/978/723 1203/979/724 1204/979/725
f 1202/978/723 1205/978/726 1203/979/724
f 1206/980/727 1188/981/709 1207/982/728
f 1206/980/727 1186/983/707 1188/981/709
f 1185/963/706 1208/984/729 1183/961/704
f 1185/963/706 1209/963/730 1208/984/729
f 1209/963/730 1197/962/718 1208/984/729
f 1209/963/730 1196/960/717 1197/962/718
f 1210/985/731 1211/986/732 1212/987/733
f 1210/985/731 1213/988/734 1211/986/732
f 1201/989/722 1212/990/733 1199/991/720
f 1201/989/722 1210/992/731 1212/990/733
f 1205/993/726 1214/994/735 1215/994/736
f 1205/993/726 1202/993/723 1214/994/735
f 1202/993/723 1216/995/737 1214/994/735
f 1202/993/723 1193/996/714 1216/995/737
f 1193/996/714 1217/995/738 1216/995/737
f 1193/996/714 1190/996/711 1217/995/738
f 1190/996/711 1215/994/736 1217/995/738
f 1190/996/711 1205/993/726 1215/994/736
f 1209/963/730 1218/997/739 1219/997/740
f 1209/963/730 1185/963/706 1218/997/739
f 1185/963/706 1220/998/741 1218/997/739
f 1185/963/706 1182/960/703 1220/998/741
f 1182/960/703 1221/998/742 1220/998/741
f 1182/960/703 1196/960/717 1221/998/742
f 1196/960/717 1219/997/740 1221/998/742
f 1196/960/717 1209/963/730 1219/997/740
f 1189/999/710 1222/1000/743 1223/1001/744
f 1189/999/710 1186/1002/707 1222/1000/743
f 1206/1003/727 1224/1004/745 1225/1005/746
f 1206/1003/727 1195/1006/716 1224/1004/745
f 1186/1007/707 1225/1005/746 1222/1008/743
f 1186/1007/707 1206/1009/727 1225/1005/746
f 1195/1010/716 1223/1011/744 1224/1004/745
f 1195/1010/716 1189/1012/710 1223/1011/744
f 1198/1006/719 1226/1005/747 1227/1004/748
f 1198/1006/719 1213/1003/734 1226/1005/747
f 1201/1013/722 1227/1004/748 1228/1011/749
f 1201/1013/722 1198/1014/719 1227/1004/748
f 1213/1015/734 1229/1016/750 1226/1005/747
f 1213/1015/734 1210/1017/731 1229/1016/750
f 1210/1017/731 1228/1011/749 1229/1016/750
f 1210/1017/731 1201/999/722 1228/1011/749
f 363/1018/232 1230/1019/751 361/1020/230
f 363/1018/232 385/1021/254 1230/1019/751
f 1221/998/742 391/245/260 1231/1022/752
f 1221/998/742 1219/997/740 391/245/260
f 1214/1023/735 393/1024/262 1232/1025/753
f 1214/1023/735 1216/1026/737 393/1024/262
f 1217/1026/738 390/1025/259 389/1024/258
f 1217/1026/738 1215/1023/736 390/1025/259
f 1218/997/739 1233/1022/754 392/245/261
f 1218/997/739 1220/998/741 1233/1022/754
f 1216/1027/737 389/246/258 393/246/262
f 1216/1027/737 1217/1027/738 389/246/258
f 1220/998/741 1231/1022/752 1233/1022/754
f 1220/998/741 1221/998/742 1231/1022/752
f 1232/1025/753 1215/1023/736 1214/1023/735
f 1232/1025/753 390/1025/259 1215/1023/736
f 392/245/261 1219/997/740 1218/997/739
f 392/245/261 391/245/260 1219/997/740
f 362/243/231 1229/1008/750 1228/1011/749
f 362/243/231 361/1020/230 1229/1008/750
f 1230/1019/751 1227/1004/748 1226/1005/747
f 1230/1019/751 1234/242/755 1227/1004/748
f 366/242/235 1225/1005/746 1224/1004/745
f 366/242/235 365/1019/234 1225/1005/746
f 1235/1020/756 1223/1011/744 1222/1008/743
f 1235/1020/756 388/243/257 1223/1011/744
f 1224/1004/745 388/243/257 366/242/235
f 1224/1004/745 1223/1011/744 388/243/257
f 1228/1011/749 1234/242/755 362/243/231
f 1228/1011/749 1227/1004/748 1234/242/755
f 365/1019/234 1222/1008/743 1225/1005/746
f 365/1019/234 1235/1020/756 1222/1008/743
f 361/1020/230 1226/1005/747 1229/1008/750
f 361/1020/230 1230/1019/751 1226/1005/747
f 1195/1006/716 1207/1028/728 1194/1029/715
f 1195/1006/716 1206/1003/727 1207/1028/728
f 1205/978/726 1192/969/713 1203/979/724
f 1205/978/726 1190/968/711 1192/969/713
f 1213/992/734 1200/991/721 1211/990/732
f 1213/992/734 1198/989/719 1200/991/721
f 1193/968/714 1204/979/725 1191/969/712
f 1193/968/714 1202/978/723 1204/979/725
f 372/1030/241 390/1031/259 1232/1031/753
f 372/1030/241 379/1030/248 390/1031/259
f 385/219/254 1234/218/755 1230/217/751
f 385/219/254 384/216/253 1234/218/755
f 368/234/237 1233/1022/754 1231/1022/752
f 368/234/237 383/234/252 1233/1022/754
f 367/1021/236 1235/1020/756 365/1019/234
f 367/1021/236 387/1018/256 1235/1020/756
f 371/219/240 1231/218/752 391/217/260
f 371/219/240 368/216/237 1231/218/752
f 387/223/256 388/222/257 1235/221/756
f 387/223/256 386/220/255 388/222/257
f 384/240/253 362/243/231 1234/242/755
f 384/240/253 360/241/229 362/243/231
f 383/216/252 392/217/261 1233/218/754
f 383/216/252 380/219/249 392/217/261
f 375/220/244 1232/221/753 393/222/262
f 375/220/244 372/223/241 1232/221/753
f 699/625/449 690/621/467 687/621/451
f 699/625/449 698/625/470 690/621/467
f 590/563/416 355/181/224 1236/181/372
f 590/563/416 1/1/1 355/181/224
f 683/620/448 708/654/474 707/654/454
f 683/620/448 682/620/466 708/654/474
f 1237/1032/757 600/1033/425 1238/1034/758
f 1237/1032/757 706/1035/279 600/1033/425
f 1239/1036/759 709/1037/474 1240/1038/760
f 1239/1036/759 609/1039/434 709/1037/474
f 707/1040/454 609/1039/434 1239/1036/759
f 691/1041/468 609/1039/434 707/1040/454
f 691/1041/468 600/1033/425 609/1039/434
f 681/1042/465 600/1033/425 691/1041/468
f 681/1042/465 1238/1034/758 600/1033/425
f 683/1043/448 1238/1034/758 681/1042/465
f 683/1043/448 1239/1036/759 1238/1034/758
f 707/1040/454 1239/1036/759 683/1043/448
f 1241/1038/761 355/1044/224 1242/1045/762
f 1241/1038/761 1236/1037/372 355/1044/224
f 1243/1046/763 1244/1035/165 1245/1032/764
f 1243/1046/763 593/1047/418 1244/1035/165
f 686/1048/6 593/1047/418 1243/1046/763
f 694/1049/457 593/1047/418 686/1048/6
f 694/1049/457 355/1044/224 593/1047/418
f 696/1050/13 355/1044/224 694/1049/457
f 696/1050/13 1242/1045/762 355/1044/224
f 685/1051/9 1242/1045/762 696/1050/13
f 685/1051/9 1243/1046/763 1242/1045/762
f 686/1048/6 1243/1046/763 685/1051/9
f 1240/1052/760 614/1053/439 1246/1054/765
f 1240/1052/760 709/1055/474 614/1053/439
f 1247/1056/766 1236/1057/372 1241/1058/761
f 1247/1056/766 590/1059/416 1236/1057/372
f 680/1060/210 590/1059/416 1247/1056/766
f 693/1061/220 590/1059/416 680/1060/210
f 693/1061/220 614/1053/439 590/1059/416
f 695/1062/215 614/1053/439 693/1061/220
f 695/1062/215 1246/1054/765 614/1053/439
f 679/1063/211 1246/1054/765 695/1062/215
f 679/1063/211 1247/1056/766 1246/1054/765
f 680/1060/210 1247/1056/766 679/1063/211
f 1245/1058/764 554/1064/390 1248/1065/767
f 1245/1058/764 1244/1057/165 554/1064/390
f 1249/1066/768 706/1055/279 1237/1052/757
f 1249/1066/768 595/1067/420 706/1055/279
f 699/1068/449 595/1067/420 1249/1066/768
f 687/1069/451 595/1067/420 699/1068/449
f 687/1069/451 554/1064/390 595/1067/420
f 689/1070/459 554/1064/390 687/1069/451
f 689/1070/459 1248/1065/767 554/1064/390
f 697/1071/458 1248/1065/767 689/1070/459
f 697/1071/458 1249/1066/768 1248/1065/767
f 699/1068/449 1249/1066/768 697/1071/458
f 357/214/226 1244/181/165 593/181/418
f 357/214/226 554/498/390 1244/181/165
f 1250/1072/279 1251/1073/769 1252/1074/770
f 1250/1072/279 1253/1075/474 1251/1073/769
f 1251/1076/769 1254/1077/385 1255/1078/379
f 1251/1076/769 1256/1079/771 1254/1077/385
f 1257/1079/772 1258/1078/380 1259/1077/384
f 1257/1079/772 1252/1076/770 1258/1078/380
f 1252/1074/770 1255/1080/379 1258/1081/380
f 1252/1074/770 1251/1073/769 1255/1080/379
f 1260/1075/372 1257/1074/772 1256/1073/771
f 1260/1075/372 1261/1072/773 1257/1074/772
f 1254/1080/385 1262/1082/774 1263/1083/775
f 1254/1080/385 1259/1081/384 1262/1082/774
f 1253/1084/474 1256/1079/771 1251/1076/769
f 1253/1084/474 1260/1085/372 1256/1079/771
f 1261/1085/773 1252/1076/770 1257/1079/772
f 1261/1085/773 1250/1084/279 1252/1076/770
f 1259/1077/384 1264/1086/776 1262/1087/774
f 1259/1077/384 1258/1078/380 1264/1086/776
f 1255/1078/379 1263/1087/775 1265/1086/777
f 1255/1078/379 1254/1077/385 1263/1087/775
f 1258/1081/380 1265/1083/777 1264/1082/776
f 1258/1081/380 1255/1080/379 1265/1083/777
f 1264/1082/776 1266/1088/778 1267/1089/364
f 1264/1082/776 1265/1083/777 1266/1088/778
f 1263/1083/775 1268/1090/779 1269/1091/460
f 1263/1083/775 1262/1082/774 1268/1090/779
f 1266/1092/778 1268/1093/779 1267/1094/364
f 1266/1092/778 1269/1095/460 1268/1093/779
f 1265/1086/777 1269/1096/460 1266/1097/778
f 1265/1086/777 1263/1087/775 1269/1096/460
f 1262/1087/774 1267/1097/364 1268/1096/779
f 1262/1087/774 1264/1086/776 1267/1097/364
f 1253/1098/474 1261/1099/773 1260/1100/372
f 1253/1098/474 1250/1101/279 1261/1099/773
f 1256/1073/771 1259/1081/384 1254/1080/385
f 1256/1073/771 1257/1074/772 1259/1081/384
f 753/157/491 1270/1102/780 758/705/495
f 753/157/491 752/1103/490 1270/1102/780
f 749/694/489 757/703/494 758/705/495
f 749/694/489 758/705/495 1270/1102/780
f 745/692/487 749/694/489 1270/1102/780
f 1270/1102/780 1271/1104/72 745/692/487
f 756/701/493 745/692/487 1271/1104/72
f 746/692/488 745/692/487 756/701/493
f 1270/1102/780 1272/705/781 1271/1104/72
f 748/693/172 757/703/494 749/694/489
f 748/693/172 754/704/169 757/703/494
f 752/1103/490 1272/705/781 1270/1102/780
f 752/1103/490 755/157/492 1272/705/781
f 755/157/492 1271/1104/72 1272/705/781
f 755/157/492 751/1105/456 1271/1104/72
f 751/1105/456 756/701/493 1271/1104/72
f 751/1105/456 750/702/166 756/701/493
f 1273/1106/168 1274/1107/782 1275/1106/170
f 1273/1106/168 1276/1107/783 1274/1107/782
f 1274/1107/782 1277/1108/169 1275/1106/170
f 1274/1107/782 1278/1109/494 1277/1108/169
f 1277/699/169 1279/699/172 1280/700/173
f 1280/700/173 1281/698/450 1277/699/169
f 1282/697/456 1277/699/169 1281/698/450
f 1275/695/170 1277/699/169 1282/697/456
f 1282/697/456 1283/697/167 1275/695/170
f 1283/697/167 1273/696/168 1275/695/170
f 1281/698/450 1284/697/784 1282/697/456
f 1/1/1 591/176/366 2/2/2
f 1285/1110/785 1273/1106/168 1283/1111/167
f 1285/1110/785 1276/1107/783 1273/1106/168
f 1280/167/173 1286/1112/489 1287/1113/487
f 1280/167/173 1279/1114/172 1286/1112/489
f 1274/1107/782 1276/1107/783 1285/1110/785
f 1285/1110/785 1288/1115/72 1274/1107/782
f 1289/1113/65 1274/1107/782 1288/1115/72
f 1278/1109/494 1274/1107/782 1289/1113/65
f 1289/1113/65 1287/1113/487 1278/1109/494
f 1287/1113/487 1286/1112/489 1278/1109/494
f 1288/1115/72 1290/1113/786 1289/1113/65
f 335/1116/204 1291/170/311 288/1117/162
f 288/1117/162 1291/170/311 1292/174/311
f 288/1117/162 1292/174/311 286/1118/160
f 286/1118/160 1292/174/311 1293/177/311
f 286/1118/160 1293/177/311 333/1119/202
f 333/1119/202 1293/177/311 1294/171/311
f 333/1119/202 1294/171/311 335/1116/204
f 335/1116/204 1294/171/311 1291/170/311
f 1277/1108/169 1286/1112/489 1279/1114/172
f 1277/1108/169 1278/1109/494 1286/1112/489
f 1281/167/450 1290/1113/786 1284/167/784
f 1281/167/450 1289/1113/65 1290/1113/786
f 1280/167/173 1289/1113/65 1281/167/450
f 1280/167/173 1287/1113/487 1289/1113/65
f 428/1120/297 431/1121/300 540/1122/383
f 1282/1123/456 1285/1110/785 1283/1111/167
f 1282/1123/456 1288/1115/72 1285/1110/785
f 1284/167/784 1288/1115/72 1282/1123/456
f 1284/167/784 1290/1113/786 1288/1115/72
f 436/1124/305 433/1125/302 548/1126/388
f 304/691/173 1295/692/488 301/691/164
f 304/691/173 1296/692/487 1295/692/488
f 1295/692/488 300/693/166 301/691/164
f 1295/692/488 1297/694/493 300/693/166
f 1298/701/489 304/691/173 303/702/172
f 1298/701/489 1296/692/487 304/691/173
f 299/157/168 1299/703/785 1300/705/783
f 299/157/168 302/704/167 1299/703/785
f 1301/1104/73 1302/705/471 1303/705/453
f 1303/705/453 1300/705/783 1301/1104/73
f 1295/692/488 1296/692/487 1298/701/489
f 1301/1104/73 1295/692/488 1298/701/489
f 1297/694/493 1295/692/488 1301/1104/73
f 1297/694/493 1301/1104/73 1300/705/783
f 1300/705/783 1299/703/785 1297/694/493
f 550/1127/388 561/1128/396 562/1129/397
f 300/693/166 1299/703/785 302/704/167
f 300/693/166 1297/694/493 1299/703/785
f 287/157/161 1302/705/471 297/157/171
f 287/157/161 1303/705/453 1302/705/471
f 299/157/168 1303/705/453 287/157/161
f 299/157/168 1300/705/783 1303/705/453
f 556/1130/378 558/1131/393 559/1132/394
f 298/1105/163 1298/701/489 303/702/172
f 298/1105/163 1301/1104/73 1298/701/489
f 297/157/171 1301/1104/73 298/1105/163
f 297/157/171 1302/705/471 1301/1104/73
f 564/1133/315 565/1134/399 566/1135/400
f 1304/673/385 1305/674/787 1306/675/385
f 1304/673/385 1307/676/787 1305/674/787
f 1307/676/787 1308/677/788 1305/674/787
f 1307/676/787 1309/678/788 1308/677/788
f 1309/678/788 1310/679/789 1308/677/788
f 1309/678/788 1311/680/789 1310/679/789
f 1311/680/789 1312/1136/315 1310/679/789
f 1311/680/789 1313/1137/315 1312/1136/315
f 1313/1137/315 1314/683/790 1312/1136/315
f 1313/1137/315 1315/684/790 1314/683/790
f 1315/684/790 1316/685/791 1314/683/790
f 1315/684/790 1317/686/791 1316/685/791
f 1317/686/791 1318/687/792 1316/685/791
f 1317/686/791 1319/688/792 1318/687/792
f 1319/688/792 1320/689/384 1318/687/792
f 1319/688/792 1321/690/384 1320/689/384
f 1322/690/380 1323/687/475 1324/689/380
f 1322/690/380 1325/688/475 1323/687/475
f 1325/688/475 1326/685/476 1323/687/475
f 1325/688/475 1327/686/476 1326/685/476
f 1327/686/476 1328/683/477 1326/685/476
f 1327/686/476 1329/684/477 1328/683/477
f 1329/684/477 1330/1136/378 1328/683/477
f 1329/684/477 1331/1137/378 1330/1136/378
f 1331/1137/378 1332/679/478 1330/1136/378
f 1331/1137/378 1333/680/478 1332/679/478
f 1333/680/478 1334/677/479 1332/679/478
f 1333/680/478 1335/678/479 1334/677/479
f 1335/678/479 1336/674/480 1334/677/479
f 1335/678/479 1337/676/480 1336/674/480
f 1337/676/480 1338/675/379 1336/674/480
f 1337/676/480 1339/673/379 1338/675/379
f 296/1106/170 1340/1107/783 1341/1107/782
f 296/1106/170 294/1106/168 1340/1107/783
f 1340/1107/783 293/1108/167 1342/1109/785
f 1340/1107/783 294/1106/168 293/1108/167
f 1343/1110/494 296/1106/170 1341/1107/782
f 1343/1110/494 295/1111/169 296/1106/170
f 290/167/164 1344/1112/493 292/1114/166
f 290/167/164 1345/1113/488 1344/1112/493
f 293/1108/167 1344/1112/493 1342/1109/785
f 293/1108/167 292/1114/166 1344/1112/493
f 290/167/164 1346/1113/65 1345/1113/488
f 290/167/164 285/167/159 1346/1113/65
f 285/167/159 1347/1113/462 1346/1113/65
f 285/167/159 291/167/165 1347/1113/462
f 291/167/165 1348/1115/73 1347/1113/462
f 291/167/165 289/1123/163 1348/1115/73
f 289/1123/163 1343/1110/494 1348/1115/73
f 289/1123/163 295/1111/169 1343/1110/494
f 444/1138/312 1349/1139/793 446/1140/313
f 444/1138/312 1350/1141/794 1349/1139/793
f 441/1142/310 1350/1143/794 444/1144/312
f 441/1142/310 1351/1145/795 1350/1143/794
f 448/1146/314 1351/1147/795 441/1148/310
f 448/1146/314 1352/1149/796 1351/1147/795
f 446/1150/313 1352/1151/796 448/1150/314
f 446/1150/313 1349/1151/793 1352/1151/796
f 1353/1152/458 1354/1153/65 1355/1153/453
f 1353/1152/458 1356/1152/459 1354/1153/65
f 1357/1154/311 1353/1155/458 1358/1156/797
f 1357/1154/311 1359/1157/311 1353/1155/458
f 1359/1158/311 1356/1159/459 1353/1160/458
f 1359/1158/311 1360/1161/311 1356/1159/459
f 1360/1162/311 1361/1163/798 1356/1164/459
f 1360/1162/311 1362/1165/311 1361/1163/798
f 1362/1166/311 1358/1167/797 1361/1168/798
f 1362/1166/311 1357/1169/311 1358/1167/797
f 1358/1170/797 1355/1153/453 1363/1171/799
f 1358/1170/797 1353/1152/458 1355/1153/453
f 1356/1152/459 1364/1171/800 1354/1153/65
f 1356/1152/459 1361/1170/798 1364/1171/800
f 1361/1170/798 1363/1171/799 1364/1171/800
f 1361/1170/798 1358/1170/797 1363/1171/799
f 1365/1172/801 1366/1173/802 1367/1173/449
f 1365/1172/801 1368/1172/803 1366/1173/802
f 1369/1174/804 1370/1175/459 1371/1176/805
f 1369/1174/804 1372/1177/806 1370/1175/459
f 1373/1178/807 1367/1173/449 1374/1179/808
f 1373/1178/807 1365/1172/801 1367/1173/449
f 1372/1177/806 1375/1175/458 1370/1175/459
f 1372/1177/806 1376/1177/809 1375/1175/458
f 1377/1174/810 1371/1176/805 1378/1176/449
f 1377/1174/810 1369/1174/804 1371/1176/805
f 1379/1180/811 1380/1181/812 1381/1182/451
f 1379/1180/811 1382/1183/813 1380/1181/812
f 1383/1184/804 1384/1185/459 1385/1186/451
f 1383/1184/804 1386/1187/806 1384/1185/459
f 1387/1188/814 1388/1189/451 1389/1189/449
f 1387/1188/814 1390/1188/815 1388/1189/451
f 1386/1187/806 1391/1185/458 1384/1185/459
f 1386/1187/806 1392/1187/816 1391/1185/458
f 1393/1188/817 1394/1189/451 1395/1189/449
f 1393/1188/817 1396/1188/818 1394/1189/451
f 1397/1184/810 1385/1186/451 1398/1186/449
f 1397/1184/810 1383/1184/804 1385/1186/451
f 1399/1190/819 1400/1191/458 1401/1191/459
f 1399/1190/819 1402/1190/820 1400/1191/458
f 1403/1188/821 1404/1189/822 1405/1189/823
f 1403/1188/821 1406/1188/824 1404/1189/822
f 1402/1190/820 1405/1189/823 1400/1191/458
f 1402/1190/820 1403/1188/821 1405/1189/823
f 1407/1190/825 1395/1189/449 1408/1191/458
f 1407/1190/825 1393/1188/817 1395/1189/449
f 1409/1177/826 1410/1175/458 1411/1175/459
f 1409/1177/826 1412/1177/827 1410/1175/458
f 1413/1172/828 1414/1173/802 1415/1173/449
f 1413/1172/828 1416/1172/803 1414/1173/802
f 1417/1174/829 1418/1176/451 1419/1176/449
f 1417/1174/829 1420/1174/830 1418/1176/451
f 1421/1178/807 1415/1173/449 1422/1179/808
f 1421/1178/807 1413/1172/828 1415/1173/449
f 1412/1177/827 1419/1176/449 1410/1175/458
f 1412/1177/827 1417/1174/829 1419/1176/449
f 1423/1187/831 1424/1185/458 1425/1185/459
f 1423/1187/831 1426/1187/832 1424/1185/458
f 1427/1184/833 1428/1186/451 1429/1186/449
f 1427/1184/833 1430/1184/834 1428/1186/451
f 1426/1187/832 1429/1186/449 1424/1185/458
f 1426/1187/832 1427/1184/833 1429/1186/449
f 1431/1192/835 1432/1193/459 1433/1194/451
f 1431/1192/835 1434/1195/836 1432/1193/459
f 1435/1180/837 1436/1181/459 1437/1182/451
f 1435/1180/837 1438/1183/838 1436/1181/459
f 1439/1172/833 1440/1173/802 1441/1173/449
f 1439/1172/833 1442/1172/839 1440/1173/802
f 1438/1183/838 1443/1181/458 1436/1181/459
f 1438/1183/838 1444/1183/840 1443/1181/458
f 1445/1178/807 1441/1173/449 1446/1179/808
f 1445/1178/807 1439/1172/833 1441/1173/449
f 1447/1180/841 1437/1182/451 1448/1182/842
f 1447/1180/841 1435/1180/837 1437/1182/451
f 1392/1187/816 1398/1186/449 1391/1185/458
f 1392/1187/816 1397/1184/810 1398/1186/449
f 1444/1183/840 1448/1182/842 1443/1181/458
f 1444/1183/840 1447/1180/841 1448/1182/842
f 1449/1196/843 1450/1197/459 1451/1198/451
f 1449/1196/843 1452/1199/844 1450/1197/459
f 1452/1199/844 1453/1197/458 1450/1197/459
f 1452/1199/844 1454/1199/845 1453/1197/458
f 1455/1196/841 1451/1198/451 1456/1198/846
f 1455/1196/841 1449/1196/843 1451/1198/451
f 1454/1199/845 1456/1198/846 1453/1197/458
f 1454/1199/845 1455/1196/841 1456/1198/846
f 1457/1196/847 1458/1197/848 1459/1198/451
f 1457/1196/847 1460/1199/849 1458/1197/848
f 1461/1192/850 1462/1193/459 1463/1194/451
f 1461/1192/850 1464/1195/844 1462/1193/459
f 1465/1199/825 1466/1198/846 1467/1197/458
f 1465/1199/825 1468/1196/810 1466/1198/846
f 1464/1195/844 1469/1193/458 1462/1193/459
f 1464/1195/844 1470/1195/851 1469/1193/458
f 1471/1192/841 1463/1194/451 1472/1194/449
f 1471/1192/841 1461/1192/850 1463/1194/451
f 1473/1180/852 1474/1181/459 1475/1182/451
f 1473/1180/852 1476/1183/853 1474/1181/459
f 1470/1195/851 1472/1194/449 1469/1193/458
f 1470/1195/851 1471/1192/841 1472/1194/449
f 1476/1183/853 1477/1181/458 1474/1181/459
f 1476/1183/853 1478/1183/840 1477/1181/458
f 1479/1180/810 1475/1182/451 1480/1182/842
f 1479/1180/810 1473/1180/852 1475/1182/451
f 1481/1196/843 1482/1197/459 1483/1198/451
f 1481/1196/843 1484/1199/806 1482/1197/459
f 1420/1174/830 1411/1175/459 1418/1176/451
f 1420/1174/830 1409/1177/826 1411/1175/459
f 1484/1199/806 1467/1197/458 1482/1197/459
f 1484/1199/806 1465/1199/825 1467/1197/458
f 1376/1177/809 1378/1176/449 1375/1175/458
f 1376/1177/809 1377/1174/810 1378/1176/449
f 1468/1196/810 1483/1198/451 1466/1198/846
f 1468/1196/810 1481/1196/843 1483/1198/451
f 1485/1192/837 1486/1193/459 1487/1194/451
f 1485/1192/837 1488/1195/853 1486/1193/459
f 1488/1195/853 1489/1193/458 1486/1193/459
f 1488/1195/853 1490/1195/840 1489/1193/458
f 1382/1183/813 1491/1181/458 1380/1181/812
f 1382/1183/813 1492/1183/854 1491/1181/458
f 1478/1183/840 1480/1182/842 1477/1181/458
f 1478/1183/840 1479/1180/810 1480/1182/842
f 1493/1192/855 1487/1194/451 1494/1194/449
f 1493/1192/855 1485/1192/837 1487/1194/451
f 1495/1180/856 1381/1182/451 1496/1182/857
f 1495/1180/856 1379/1180/811 1381/1182/451
f 1492/1183/854 1496/1182/857 1491/1181/458
f 1492/1183/854 1495/1180/856 1496/1182/857
f 1460/1199/849 1497/1197/458 1458/1197/848
f 1460/1199/849 1498/1199/858 1497/1197/458
f 1499/1196/859 1459/1198/451 1500/1198/846
f 1499/1196/859 1457/1196/847 1459/1198/451
f 1406/1188/824 1401/1191/459 1404/1189/822
f 1406/1188/824 1399/1190/819 1401/1191/459
f 1498/1199/858 1500/1198/846 1497/1197/458
f 1498/1199/858 1499/1196/859 1500/1198/846
f 1434/1195/836 1501/1193/458 1432/1193/459
f 1434/1195/836 1502/1195/860 1501/1193/458
f 1503/1192/861 1433/1194/451 1504/1194/449
f 1503/1192/861 1431/1192/835 1433/1194/451
f 1390/1188/815 1505/1191/459 1388/1189/451
f 1390/1188/815 1506/1190/838 1505/1191/459
f 1507/1190/853 1408/1191/458 1508/1191/459
f 1507/1190/853 1407/1190/825 1408/1191/458
f 1396/1188/818 1508/1191/459 1394/1189/451
f 1396/1188/818 1507/1190/853 1508/1191/459
f 1509/1187/851 1510/1186/449 1511/1185/458
f 1509/1187/851 1512/1184/841 1510/1186/449
f 1512/1184/841 1513/1186/451 1510/1186/449
f 1512/1184/841 1514/1184/852 1513/1186/451
f 1515/1187/838 1511/1185/458 1516/1185/459
f 1515/1187/838 1509/1187/851 1511/1185/458
f 1430/1184/834 1425/1185/459 1428/1186/451
f 1430/1184/834 1423/1187/831 1425/1185/459
f 1514/1184/852 1516/1185/459 1513/1186/451
f 1514/1184/852 1515/1187/838 1516/1185/459
f 1517/1177/809 1518/1176/449 1519/1175/458
f 1517/1177/809 1520/1174/862 1518/1176/449
f 1520/1174/862 1521/1176/805 1518/1176/449
f 1520/1174/862 1522/1174/863 1521/1176/805
f 1490/1195/840 1494/1194/449 1489/1193/458
f 1490/1195/840 1493/1192/855 1494/1194/449
f 1523/1177/838 1519/1175/458 1524/1175/459
f 1523/1177/838 1517/1177/809 1519/1175/458
f 1364/1171/800 1525/1200/73 1526/1200/864
f 1364/1171/800 1527/1201/67 1525/1200/73
f 1527/1201/67 1528/1200/73 1525/1200/73
f 1527/1201/67 1529/1201/67 1528/1200/73
f 1529/1201/67 1530/1200/865 1528/1200/73
f 1529/1201/67 1363/1171/799 1530/1200/865
f 1522/1174/863 1524/1175/459 1521/1176/805
f 1522/1174/863 1523/1177/838 1524/1175/459
f 1531/1190/825 1389/1189/449 1532/1191/458
f 1531/1190/825 1387/1188/814 1389/1189/449
f 1506/1190/838 1532/1191/458 1505/1191/459
f 1506/1190/838 1531/1190/825 1532/1191/458
f 1502/1195/860 1504/1194/449 1501/1193/458
f 1502/1195/860 1503/1192/861 1504/1194/449
f 1533/1202/388 1364/1203/800 1363/1204/799
f 1533/1202/388 1534/1205/388 1364/1203/800
f 1534/1206/388 1535/1207/388 1364/1208/800
f 1534/1206/388 1536/1209/388 1535/1207/388
f 1536/1210/388 1537/1211/388 1535/1212/388
f 1536/1210/388 1538/1213/388 1537/1211/388
f 1538/1214/388 1363/1215/799 1537/1216/388
f 1538/1214/388 1533/1217/388 1363/1215/799
f 1368/1172/803 1539/1179/866 1366/1173/802
f 1368/1172/803 1540/1178/867 1539/1179/866
f 1541/1218/384 1422/1179/808 1415/1173/449
f 1541/1218/384 1542/1219/868 1422/1179/808
f 1543/1218/311 1415/1173/449 1414/1173/802
f 1543/1218/311 1541/1218/384 1415/1173/449
f 1541/1218/384 1543/1218/311 1486/1193/459
f 1541/1218/384 1486/1193/459 1489/1193/458
f 1544/1220/384 1541/1218/384 1489/1193/458
f 1544/1220/384 1489/1193/458 1494/1194/449
f 1545/1220/311 1544/1220/384 1494/1194/449
f 1545/1220/311 1494/1194/449 1487/1194/451
f 1543/1218/311 1545/1220/311 1487/1194/451
f 1543/1218/311 1487/1194/451 1486/1193/459
f 1544/1220/384 1545/1220/311 1384/1185/459
f 1545/1220/311 1385/1186/451 1384/1185/459
f 1545/1220/311 1546/1221/311 1385/1186/451
f 1546/1221/311 1398/1186/449 1385/1186/451
f 1546/1221/311 1547/1221/384 1398/1186/449
f 1547/1221/384 1391/1185/458 1398/1186/449
f 1547/1221/384 1544/1220/384 1391/1185/458
f 1544/1220/384 1384/1185/459 1391/1185/458
f 1546/1221/311 1548/1222/311 1483/1198/451
f 1548/1222/311 1466/1198/846 1483/1198/451
f 1548/1222/311 1549/1222/384 1466/1198/846
f 1549/1222/384 1467/1197/458 1466/1198/846
f 1549/1222/384 1547/1221/384 1467/1197/458
f 1547/1221/384 1482/1197/459 1467/1197/458
f 1547/1221/384 1546/1221/311 1482/1197/459
f 1546/1221/311 1483/1198/451 1482/1197/459
f 1549/1222/384 1548/1222/311 1370/1175/459
f 1548/1222/311 1371/1176/805 1370/1175/459
f 1548/1222/311 1550/1223/311 1371/1176/805
f 1550/1223/311 1378/1176/449 1371/1176/805
f 1550/1223/311 1551/1223/384 1378/1176/449
f 1551/1223/384 1375/1175/458 1378/1176/449
f 1551/1223/384 1549/1222/384 1375/1175/458
f 1549/1222/384 1370/1175/459 1375/1175/458
f 1550/1223/311 1552/1224/311 1475/1182/451
f 1552/1224/311 1480/1182/842 1475/1182/451
f 1552/1224/311 1553/1224/384 1480/1182/842
f 1553/1224/384 1477/1181/458 1480/1182/842
f 1553/1224/384 1551/1223/384 1477/1181/458
f 1551/1223/384 1474/1181/459 1477/1181/458
f 1551/1223/384 1550/1223/311 1474/1181/459
f 1550/1223/311 1475/1182/451 1474/1181/459
f 1553/1224/384 1552/1224/311 1508/1191/459
f 1552/1224/311 1394/1189/451 1508/1191/459
f 1552/1224/311 1528/1200/73 1394/1189/451
f 1528/1200/73 1395/1189/449 1394/1189/451
f 1528/1200/73 1530/1200/865 1395/1189/449
f 1530/1200/865 1408/1191/458 1395/1189/449
f 1530/1200/865 1553/1224/384 1408/1191/458
f 1553/1224/384 1508/1191/459 1408/1191/458
f 1554/1224/380 1496/1182/857 1381/1182/451
f 1555/1223/380 1554/1224/380 1381/1182/451
f 1555/1223/380 1381/1182/451 1380/1181/812
f 1556/1223/311 1555/1223/380 1380/1181/812
f 1556/1223/311 1380/1181/812 1491/1181/458
f 1557/1224/311 1556/1223/311 1491/1181/458
f 1556/1223/311 1557/1224/311 1437/1182/451
f 1557/1224/311 1448/1182/842 1437/1182/451
f 1557/1224/311 1552/1224/311 1448/1182/842
f 1552/1224/311 1443/1181/458 1448/1182/842
f 1552/1224/311 1550/1223/311 1443/1181/458
f 1550/1223/311 1436/1181/459 1443/1181/458
f 1550/1223/311 1556/1223/311 1436/1181/459
f 1556/1223/311 1437/1182/451 1436/1181/459
f 1557/1224/311 1401/1191/459 1400/1191/458
f 1557/1224/311 1554/1224/380 1401/1191/459
f 1554/1224/380 1557/1224/311 1496/1182/857
f 1557/1224/311 1491/1181/458 1496/1182/857
f 1554/1224/380 1404/1189/822 1401/1191/459
f 1554/1224/380 1526/1200/864 1404/1189/822
f 1526/1200/864 1405/1189/823 1404/1189/822
f 1526/1200/864 1525/1200/73 1405/1189/823
f 1525/1200/73 1400/1191/458 1405/1189/823
f 1525/1200/73 1557/1224/311 1400/1191/458
f 1557/1224/311 1525/1200/73 1388/1189/451
f 1557/1224/311 1388/1189/451 1505/1191/459
f 1552/1224/311 1557/1224/311 1505/1191/459
f 1552/1224/311 1505/1191/459 1532/1191/458
f 1528/1200/73 1552/1224/311 1532/1191/458
f 1528/1200/73 1532/1191/458 1389/1189/449
f 1525/1200/73 1528/1200/73 1389/1189/449
f 1525/1200/73 1389/1189/449 1388/1189/451
f 1548/1222/311 1558/1222/311 1524/1175/459
f 1548/1222/311 1524/1175/459 1519/1175/458
f 1550/1223/311 1548/1222/311 1519/1175/458
f 1550/1223/311 1519/1175/458 1518/1176/449
f 1556/1223/311 1550/1223/311 1518/1176/449
f 1556/1223/311 1518/1176/449 1521/1176/805
f 1558/1222/311 1556/1223/311 1521/1176/805
f 1558/1222/311 1521/1176/805 1524/1175/459
f 1556/1223/311 1558/1222/311 1410/1175/458
f 1558/1222/311 1411/1175/459 1410/1175/458
f 1558/1222/311 1559/1222/380 1411/1175/459
f 1559/1222/380 1418/1176/451 1411/1175/459
f 1559/1222/380 1555/1223/380 1418/1176/451
f 1555/1223/380 1419/1176/449 1418/1176/451
f 1555/1223/380 1556/1223/311 1419/1176/449
f 1556/1223/311 1410/1175/458 1419/1176/449
f 1560/1221/380 1459/1198/451 1458/1197/848
f 1560/1221/380 1559/1222/380 1459/1198/451
f 1559/1222/380 1500/1198/846 1459/1198/451
f 1559/1222/380 1558/1222/311 1500/1198/846
f 1558/1222/311 1497/1197/458 1500/1198/846
f 1558/1222/311 1561/1221/311 1497/1197/458
f 1561/1221/311 1558/1222/311 1451/1198/451
f 1561/1221/311 1451/1198/451 1450/1197/459
f 1546/1221/311 1561/1221/311 1450/1197/459
f 1546/1221/311 1450/1197/459 1453/1197/458
f 1548/1222/311 1546/1221/311 1453/1197/458
f 1548/1222/311 1453/1197/458 1456/1198/846
f 1558/1222/311 1548/1222/311 1456/1198/846
f 1558/1222/311 1456/1198/846 1451/1198/451
f 1561/1221/311 1458/1197/848 1497/1197/458
f 1561/1221/311 1560/1221/380 1458/1197/848
f 1560/1221/380 1561/1221/311 1429/1186/449
f 1561/1221/311 1424/1185/458 1429/1186/449
f 1560/1221/380 1429/1186/449 1428/1186/451
f 1562/1220/380 1560/1221/380 1428/1186/451
f 1562/1220/380 1428/1186/451 1425/1185/459
f 1563/1220/311 1562/1220/380 1425/1185/459
f 1563/1220/311 1425/1185/459 1424/1185/458
f 1561/1221/311 1563/1220/311 1424/1185/458
f 1563/1220/311 1561/1221/311 1513/1186/451
f 1561/1221/311 1510/1186/449 1513/1186/451
f 1561/1221/311 1546/1221/311 1510/1186/449
f 1546/1221/311 1511/1185/458 1510/1186/449
f 1546/1221/311 1545/1220/311 1511/1185/458
f 1545/1220/311 1516/1185/459 1511/1185/458
f 1545/1220/311 1563/1220/311 1516/1185/459
f 1563/1220/311 1513/1186/451 1516/1185/459
f 1563/1220/311 1564/1218/311 1501/1193/458
f 1564/1218/311 1432/1193/459 1501/1193/458
f 1564/1218/311 1565/1218/380 1432/1193/459
f 1565/1218/380 1433/1194/451 1432/1193/459
f 1565/1218/380 1562/1220/380 1433/1194/451
f 1562/1220/380 1504/1194/449 1433/1194/451
f 1562/1220/380 1563/1220/311 1504/1194/449
f 1563/1220/311 1501/1193/458 1504/1194/449
f 1543/1218/311 1564/1218/311 1462/1193/459
f 1543/1218/311 1462/1193/459 1469/1193/458
f 1545/1220/311 1543/1218/311 1469/1193/458
f 1545/1220/311 1469/1193/458 1472/1194/449
f 1563/1220/311 1545/1220/311 1472/1194/449
f 1563/1220/311 1472/1194/449 1463/1194/451
f 1564/1218/311 1563/1220/311 1463/1194/451
f 1564/1218/311 1463/1194/451 1462/1193/459
f 1566/1219/869 1414/1173/802 1567/1179/866
f 1566/1219/869 1543/1218/311 1414/1173/802
f 1543/1218/311 1566/1219/869 1374/1179/808
f 1543/1218/311 1374/1179/808 1367/1173/449
f 1564/1218/311 1543/1218/311 1367/1173/449
f 1564/1218/311 1367/1173/449 1366/1173/802
f 1568/1219/869 1564/1218/311 1366/1173/802
f 1564/1218/311 1568/1219/869 1446/1179/808
f 1564/1218/311 1446/1179/808 1441/1173/449
f 1565/1218/380 1564/1218/311 1441/1173/449
f 1565/1218/380 1441/1173/449 1440/1173/802
f 1569/1219/870 1565/1218/380 1440/1173/802
f 1569/1219/870 1440/1173/802 1570/1179/866
f 1568/1219/869 1366/1173/802 1539/1179/866
f 544/1225/311 568/1225/402 569/1226/403
f 1442/1172/839 1570/1179/866 1440/1173/802
f 1442/1172/839 1571/1178/867 1570/1179/866
f 1416/1172/803 1567/1179/866 1414/1173/802
f 1416/1172/803 1572/1178/867 1567/1179/866
f 1407/1190/825 1573/1227/206 1574/1228/871
f 1407/1190/825 1393/1188/872 1573/1227/206
f 1403/1188/821 1575/1227/453 1576/1227/65
f 1403/1188/821 1406/1188/873 1575/1227/453
f 1393/1188/872 1577/1227/874 1573/1227/206
f 1393/1188/872 1396/1188/875 1577/1227/874
f 1387/1188/814 1578/1227/876 1579/1227/877
f 1387/1188/814 1390/1188/878 1578/1227/876
f 1379/1180/879 1580/1229/219 1581/1230/876
f 1379/1180/879 1382/1183/813 1580/1229/219
f 1430/1184/834 1582/1231/219 1583/1232/874
f 1430/1184/834 1423/1187/831 1582/1231/219
f 1490/1195/840 1584/1233/206 1585/1234/871
f 1490/1195/840 1493/1192/855 1584/1233/206
f 1406/1188/873 1586/1228/219 1575/1227/453
f 1406/1188/873 1399/1190/880 1586/1228/219
f 1478/1183/840 1587/1230/206 1588/1229/871
f 1478/1183/840 1479/1180/881 1587/1230/206
f 1376/1177/809 1589/1235/206 1590/1236/871
f 1376/1177/809 1377/1174/882 1589/1235/206
f 1420/1174/883 1591/1236/219 1592/1235/874
f 1420/1174/883 1409/1177/884 1591/1236/219
f 1465/1199/825 1593/1237/206 1594/1238/871
f 1465/1199/825 1468/1196/882 1593/1237/206
f 1457/1196/885 1595/1238/219 1596/1237/874
f 1457/1196/885 1460/1199/849 1595/1238/219
f 1392/1187/886 1597/1232/206 1598/1231/871
f 1392/1187/886 1397/1184/882 1597/1232/206
f 1431/1192/887 1599/1234/219 1600/1233/874
f 1431/1192/887 1434/1195/888 1599/1234/219
f 1421/1178/889 1601/1239/206 1602/1240/871
f 1421/1178/889 1413/1172/828 1601/1239/206
f 1442/1172/890 1603/1240/219 1604/1239/874
f 1442/1172/890 1571/1178/867 1603/1240/219
f 1402/1190/891 1576/1227/65 1605/1228/871
f 1402/1190/891 1403/1188/821 1576/1227/65
f 1399/1190/880 1605/1228/871 1586/1228/219
f 1399/1190/880 1402/1190/891 1605/1228/871
f 1507/1190/853 1574/1228/871 1606/1228/219
f 1507/1190/853 1407/1190/825 1574/1228/871
f 1396/1188/875 1606/1228/219 1577/1227/874
f 1396/1188/875 1507/1190/853 1606/1228/219
f 1531/1190/825 1579/1227/877 1607/1228/871
f 1531/1190/825 1387/1188/814 1579/1227/877
f 1506/1190/838 1607/1228/871 1608/1228/219
f 1506/1190/838 1531/1190/825 1607/1228/871
f 1390/1188/878 1608/1228/219 1578/1227/876
f 1390/1188/878 1506/1190/838 1608/1228/219
f 1492/1183/854 1609/1230/65 1610/1229/871
f 1492/1183/854 1495/1180/856 1609/1230/65
f 1495/1180/856 1581/1230/876 1609/1230/65
f 1495/1180/856 1379/1180/879 1581/1230/876
f 1382/1183/813 1610/1229/871 1580/1229/219
f 1382/1183/813 1492/1183/854 1610/1229/871
f 1479/1180/881 1611/1230/874 1587/1230/206
f 1479/1180/881 1473/1180/892 1611/1230/874
f 1476/1183/853 1588/1229/871 1612/1229/219
f 1476/1183/853 1478/1183/840 1588/1229/871
f 1473/1180/892 1612/1229/219 1611/1230/874
f 1473/1180/892 1476/1183/853 1612/1229/219
f 1444/1183/840 1613/1230/206 1614/1229/871
f 1444/1183/840 1447/1180/893 1613/1230/206
f 1447/1180/893 1615/1230/876 1613/1230/206
f 1447/1180/893 1435/1180/894 1615/1230/876
f 1438/1183/838 1614/1229/871 1616/1229/219
f 1438/1183/838 1444/1183/840 1614/1229/871
f 1435/1180/894 1616/1229/219 1615/1230/876
f 1435/1180/894 1438/1183/838 1616/1229/219
f 1412/1177/827 1617/1235/206 1618/1236/871
f 1412/1177/827 1417/1174/895 1617/1235/206
f 1417/1174/895 1592/1235/874 1617/1235/206
f 1417/1174/895 1420/1174/883 1592/1235/874
f 1409/1177/884 1618/1236/871 1591/1236/219
f 1409/1177/884 1412/1177/827 1618/1236/871
f 1377/1174/882 1619/1235/874 1589/1235/206
f 1377/1174/882 1369/1174/896 1619/1235/874
f 1372/1177/897 1590/1236/871 1620/1236/219
f 1372/1177/897 1376/1177/809 1590/1236/871
f 1369/1174/896 1620/1236/219 1619/1235/874
f 1369/1174/896 1372/1177/897 1620/1236/219
f 1517/1177/809 1621/1235/206 1622/1236/871
f 1517/1177/809 1520/1174/898 1621/1235/206
f 1520/1174/898 1623/1235/874 1621/1235/206
f 1520/1174/898 1522/1174/896 1623/1235/874
f 1523/1177/899 1622/1236/871 1624/1236/219
f 1523/1177/899 1517/1177/809 1622/1236/871
f 1522/1174/896 1624/1236/219 1623/1235/874
f 1522/1174/896 1523/1177/899 1624/1236/219
f 1498/1199/858 1625/1237/206 1626/1238/871
f 1498/1199/858 1499/1196/900 1625/1237/206
f 1499/1196/900 1596/1237/874 1625/1237/206
f 1499/1196/900 1457/1196/885 1596/1237/874
f 1460/1199/849 1626/1238/871 1595/1238/219
f 1460/1199/849 1498/1199/858 1626/1238/871
f 1468/1196/882 1627/1237/874 1593/1237/206
f 1468/1196/882 1481/1196/901 1627/1237/874
f 1484/1199/897 1594/1238/871 1628/1238/219
f 1484/1199/897 1465/1199/825 1594/1238/871
f 1481/1196/901 1628/1238/219 1627/1237/874
f 1481/1196/901 1484/1199/897 1628/1238/219
f 1454/1199/845 1629/1237/206 1630/1238/871
f 1454/1199/845 1455/1196/893 1629/1237/206
f 1455/1196/893 1631/1237/874 1629/1237/206
f 1455/1196/893 1449/1196/901 1631/1237/874
f 1452/1199/902 1630/1238/871 1632/1238/219
f 1452/1199/902 1454/1199/845 1630/1238/871
f 1449/1196/901 1632/1238/219 1631/1237/874
f 1449/1196/901 1452/1199/902 1632/1238/219
f 1426/1187/903 1633/1232/206 1634/1231/871
f 1426/1187/903 1427/1184/904 1633/1232/206
f 1427/1184/904 1583/1232/874 1633/1232/206
f 1427/1184/904 1430/1184/834 1583/1232/874
f 1423/1187/831 1634/1231/871 1582/1231/219
f 1423/1187/831 1426/1187/903 1634/1231/871
f 1397/1184/882 1635/1232/874 1597/1232/206
f 1397/1184/882 1383/1184/896 1635/1232/874
f 1386/1187/897 1598/1231/871 1636/1231/219
f 1386/1187/897 1392/1187/886 1598/1231/871
f 1383/1184/896 1636/1231/219 1635/1232/874
f 1383/1184/896 1386/1187/897 1636/1231/219
f 1509/1187/905 1637/1232/206 1638/1231/871
f 1509/1187/905 1512/1184/893 1637/1232/206
f 1512/1184/893 1639/1232/874 1637/1232/206
f 1512/1184/893 1514/1184/892 1639/1232/874
f 1515/1187/838 1638/1231/871 1640/1231/219
f 1515/1187/838 1509/1187/905 1638/1231/871
f 1514/1184/892 1640/1231/219 1639/1232/874
f 1514/1184/892 1515/1187/838 1640/1231/219
f 1502/1195/860 1641/1233/206 1642/1234/871
f 1502/1195/860 1503/1192/906 1641/1233/206
f 1503/1192/906 1600/1233/874 1641/1233/206
f 1503/1192/906 1431/1192/887 1600/1233/874
f 1434/1195/888 1642/1234/871 1599/1234/219
f 1434/1195/888 1502/1195/860 1642/1234/871
f 1493/1192/855 1643/1233/874 1584/1233/206
f 1493/1192/855 1485/1192/894 1643/1233/874
f 1488/1195/853 1585/1234/871 1644/1234/219
f 1488/1195/853 1490/1195/840 1585/1234/871
f 1485/1192/894 1644/1234/219 1643/1233/874
f 1485/1192/894 1488/1195/853 1644/1234/219
f 1470/1195/905 1645/1233/206 1646/1234/871
f 1470/1195/905 1471/1192/893 1645/1233/206
f 1471/1192/893 1647/1233/874 1645/1233/206
f 1471/1192/893 1461/1192/850 1647/1233/874
f 1464/1195/902 1646/1234/871 1648/1234/219
f 1464/1195/902 1470/1195/905 1646/1234/871
f 1461/1192/850 1648/1234/219 1647/1233/874
f 1461/1192/850 1464/1195/902 1648/1234/219
f 1445/1178/889 1649/1239/206 1650/1240/871
f 1445/1178/889 1439/1172/904 1649/1239/206
f 1439/1172/904 1604/1239/874 1649/1239/206
f 1439/1172/904 1442/1172/890 1604/1239/874
f 1413/1172/828 1651/1239/874 1601/1239/206
f 1413/1172/828 1416/1172/907 1651/1239/874
f 1416/1172/907 1652/1240/219 1651/1239/874
f 1416/1172/907 1572/1178/867 1652/1240/219
f 1373/1178/889 1653/1239/206 1654/1240/871
f 1373/1178/889 1365/1172/801 1653/1239/206
f 1365/1172/801 1655/1239/874 1653/1239/206
f 1365/1172/801 1368/1172/907 1655/1239/874
f 1368/1172/907 1656/1240/219 1655/1239/874
f 1368/1172/907 1540/1178/867 1656/1240/219
f 1540/1178/867 1654/1240/871 1656/1240/219
f 1540/1178/867 1373/1178/889 1654/1240/871
f 1572/1178/867 1602/1240/871 1652/1240/219
f 1572/1178/867 1421/1178/889 1602/1240/871
f 1571/1178/867 1650/1240/871 1603/1240/219
f 1571/1178/867 1445/1178/889 1650/1240/871
f 766/709/157 1657/803/908 1658/709/909
f 766/709/157 997/803/156 1657/803/908
f 762/707/157 1659/793/908 1660/707/909
f 762/707/157 986/793/156 1659/793/908
f 1661/806/157 1662/1241/908 1663/806/909
f 1661/806/157 963/791/156 1662/1241/908
f 960/802/910 1663/806/909 1664/802/911
f 960/802/910 1661/806/157 1663/806/909
f 959/795/538 1664/802/911 1665/1242/912
f 959/795/538 960/802/910 1664/802/911
f 963/791/156 1665/1242/912 1662/1241/908
f 963/791/156 959/795/538 1665/1242/912
f 759/706/496 1660/707/909 1666/706/911
f 759/706/496 762/707/157 1660/707/909
f 983/792/913 1666/706/911 1667/792/912
f 983/792/913 759/706/496 1666/706/911
f 995/804/914 1668/708/911 1669/804/912
f 995/804/914 763/708/499 1668/708/911
f 997/803/156 1669/804/912 1657/803/908
f 997/803/156 995/804/914 1669/804/912
f 1005/798/915 1670/797/909 1671/798/911
f 1005/798/915 1006/797/573 1670/797/909
f 1006/797/573 1672/1243/908 1670/797/909
f 1006/797/573 1009/801/579 1672/1243/908
f 1010/800/592 1671/798/911 1673/1244/912
f 1010/800/592 1005/798/915 1671/798/911
f 1009/801/579 1673/1244/912 1672/1243/908
f 1009/801/579 1010/800/592 1673/1244/912
f 1017/785/915 1674/789/909 1675/785/911
f 1017/785/915 1018/789/916 1674/789/909
f 1018/789/916 1676/787/908 1674/789/909
f 1018/789/916 1019/787/584 1676/787/908
f 1021/786/544 1675/785/911 1677/786/912
f 1021/786/544 1017/785/915 1675/785/911
f 992/808/566 1678/809/908 1679/808/909
f 992/808/566 1032/809/917 1678/809/908
f 1033/810/563 1680/812/911 1681/810/912
f 1033/810/563 991/812/918 1680/812/911
f 1032/809/917 1681/810/912 1678/809/908
f 1032/809/917 1033/810/563 1681/810/912
f 1045/816/547 1682/815/909 1683/816/911
f 1045/816/547 1046/815/919 1682/815/909
f 1046/815/919 1684/1245/908 1682/815/909
f 1046/815/919 1036/814/920 1684/1245/908
f 1037/817/592 1683/816/911 1685/1246/912
f 1037/817/592 1045/816/547 1683/816/911
f 1036/814/920 1685/1246/912 1684/1245/908
f 1036/814/920 1037/817/592 1685/1246/912
f 968/781/547 1686/780/909 1687/781/911
f 968/781/547 969/780/541 1686/780/909
f 969/780/541 1688/783/908 1686/780/909
f 969/780/541 972/783/921 1688/783/908
f 975/782/913 1687/781/911 1689/782/912
f 975/782/913 968/781/547 1687/781/911
f 987/818/922 1690/821/908 1691/818/909
f 987/818/922 988/821/923 1690/821/908
f 989/820/563 1692/819/911 1693/820/912
f 989/820/563 990/819/924 1692/819/911
f 988/821/923 1693/820/912 1690/821/908
f 988/821/923 989/820/563 1693/820/912
f 999/767/572 1694/766/909 1695/767/911
f 999/767/572 1000/766/573 1694/766/909
f 1000/766/573 1696/1247/908 1694/766/909
f 1000/766/573 1001/764/925 1696/1247/908
f 1002/763/926 1695/767/911 1697/1248/912
f 1002/763/926 999/767/572 1695/767/911
f 1001/764/925 1697/1248/912 1696/1247/908
f 1001/764/925 1002/763/926 1697/1248/912
f 1015/773/572 1698/777/909 1699/773/911
f 1015/773/572 1016/777/927 1698/777/909
f 1016/777/927 1700/775/908 1698/777/909
f 1016/777/927 1007/775/925 1700/775/908
f 1008/774/563 1699/773/911 1701/774/912
f 1008/774/563 1015/773/572 1699/773/911
f 1004/754/566 1702/757/908 1703/754/909
f 1004/754/566 1030/757/588 1702/757/908
f 1031/756/544 1704/755/911 1705/756/912
f 1031/756/544 1003/755/928 1704/755/911
f 1030/757/588 1705/756/912 1702/757/908
f 1030/757/588 1031/756/544 1705/756/912
f 1049/760/929 1706/761/909 1707/760/911
f 1049/760/929 1050/761/568 1706/761/909
f 1050/761/568 1708/1249/908 1706/761/909
f 1050/761/568 1047/758/543 1708/1249/908
f 1048/759/930 1707/760/911 1709/1250/912
f 1048/759/930 1049/760/929 1707/760/911
f 1047/758/543 1709/1250/912 1708/1249/908
f 1047/758/543 1048/759/930 1709/1250/912
f 961/768/929 1710/772/909 1711/768/911
f 961/768/929 962/772/541 1710/772/909
f 962/772/541 1712/770/908 1710/772/909
f 962/772/541 964/770/543 1712/770/908
f 965/769/544 1711/768/911 1713/769/912
f 965/769/544 961/768/929 1711/768/911
f 981/748/922 1714/749/908 1715/748/909
f 981/748/922 982/749/931 1714/749/908
f 984/750/553 1716/751/911 1717/750/912
f 984/750/553 985/751/932 1716/751/911
f 982/749/931 1717/750/912 1714/749/908
f 982/749/931 984/750/553 1717/750/912
f 993/734/567 1718/732/909 1719/734/911
f 993/734/567 994/732/568 1718/732/909
f 994/732/568 1720/1251/908 1718/732/909
f 994/732/568 996/731/933 1720/1251/908
f 998/730/571 1719/734/911 1721/1252/912
f 998/730/571 993/734/567 1719/734/911
f 996/731/933 1721/1252/912 1720/1251/908
f 996/731/933 998/730/571 1721/1252/912
f 1011/721/934 1722/725/909 1723/721/911
f 1011/721/934 1012/725/541 1722/725/909
f 1012/725/541 1724/723/908 1722/725/909
f 1012/725/541 1013/723/933 1724/723/908
f 1014/722/582 1723/721/911 1725/722/912
f 1014/722/582 1011/721/934 1723/721/911
f 967/742/935 1726/745/908 1727/742/909
f 967/742/935 1020/745/585 1726/745/908
f 1022/744/586 1728/743/911 1729/744/73
f 1022/744/586 966/743/936 1728/743/911
f 1020/745/585 1729/744/73 1726/745/908
f 1020/745/585 1022/744/586 1729/744/73
f 971/728/549 1730/711/909 1731/728/911
f 971/728/549 1034/711/590 1730/711/909
f 1034/711/590 1732/1253/908 1730/711/909
f 1034/711/590 1053/712/558 1732/1253/908
f 1053/712/558 1733/1254/912 1732/1253/908
f 1053/712/558 970/726/548 1733/1254/912
f 974/714/937 1734/719/909 1735/714/911
f 974/714/937 1035/719/938 1734/719/909
f 1035/719/938 1736/717/908 1734/719/909
f 1035/719/938 980/717/558 1736/717/908
f 976/736/554 1737/737/908 1738/736/909
f 976/736/554 977/737/939 1737/737/908
f 977/737/939 1739/738/73 1737/737/908
f 977/737/939 978/738/556 1739/738/73
f 763/708/499 1658/709/909 1668/708/911
f 763/708/499 766/709/157 1658/709/909
f 986/793/156 1667/792/912 1659/793/908
f 986/793/156 983/792/913 1667/792/912
f 991/812/918 1679/808/909 1680/812/911
f 991/812/918 992/808/566 1679/808/909
f 972/783/921 1689/782/912 1688/783/908
f 972/783/921 975/782/913 1689/782/912
f 1003/755/928 1703/754/909 1704/755/911
f 1003/755/928 1004/754/566 1703/754/909
f 1007/775/925 1701/774/912 1700/775/908
f 1007/775/925 1008/774/563 1701/774/912
f 985/751/932 1715/748/909 1716/751/911
f 985/751/932 981/748/922 1715/748/909
f 964/770/543 1713/769/912 1712/770/908
f 964/770/543 965/769/544 1713/769/912
f 1013/723/933 1725/722/912 1724/723/908
f 1013/723/933 1014/722/582 1725/722/912
f 979/740/557 1738/736/909 1740/740/72
f 979/740/557 976/736/554 1738/736/909
f 1019/787/584 1677/786/912 1676/787/908
f 1019/787/584 1021/786/544 1677/786/912
f 990/819/924 1691/818/909 1692/819/911
f 990/819/924 987/818/922 1691/818/909
f 966/743/936 1727/742/909 1728/743/911
f 966/743/936 967/742/935 1727/742/909
f 970/726/548 1731/728/911 1733/1254/912
f 970/726/548 971/728/549 1731/728/911
f 973/715/940 1735/714/911 1741/715/912
f 973/715/940 974/714/937 1735/714/911
f 978/738/556 1740/740/72 1739/738/73
f 978/738/556 979/740/557 1740/740/72
f 980/717/558 1741/715/912 1736/717/908
f 980/717/558 973/715/940 1741/715/912
f 960/802/539 863/806/497 859/802/498
f 960/802/539 1661/806/157 863/806/497
f 99/51/47 1742/892/941 98/51/5
f 99/51/47 1055/892/156 1742/892/941
f 77/40/42 1743/132/941 76/40/24
f 77/40/42 276/132/156 1743/132/941
f 133/69/63 1744/893/941 132/69/5
f 133/69/63 1057/893/156 1744/893/941
f 1071/894/942 1745/895/6 1746/894/12
f 1071/894/942 1072/895/18 1745/895/6
f 263/126/152 1747/127/28 1748/126/13
f 263/126/152 265/127/48 1747/127/28
f 265/127/48 120/62/6 1747/127/28
f 265/127/48 118/62/58 120/62/6
f 232/117/61 1749/118/13 1750/117/5
f 232/117/61 235/118/943 1749/118/13
f 235/118/943 1751/119/28 1749/118/13
f 235/118/943 237/119/20 1751/119/28
f 19/11/17 6/4/6 17/11/9
f 19/11/17 4/4/4 6/4/6
f 238/120/29 1750/117/5 1752/120/6
f 238/120/29 232/117/61 1750/117/5
f 237/119/20 1752/120/6 1751/119/28
f 237/119/20 238/120/29 1752/120/6
f 202/107/56 1753/108/13 1754/107/5
f 202/107/56 205/108/943 1753/108/13
f 87/45/45 89/46/13 86/45/24
f 87/45/45 88/46/25 89/46/13
f 205/108/943 1755/109/28 1753/108/13
f 205/108/943 207/109/35 1755/109/28
f 208/110/133 1754/107/5 1756/110/6
f 208/110/133 202/107/56 1754/107/5
f 207/109/35 1756/110/6 1755/109/28
f 207/109/35 208/110/133 1756/110/6
f 115/60/57 1757/128/16 114/60/5
f 115/60/57 269/128/944 1757/128/16
f 269/128/944 102/52/9 1757/128/16
f 269/128/944 100/52/48 102/52/9
f 1758/1255/945 76/40/24 1743/132/941
f 1758/1255/945 1759/1256/384 76/40/24
f 1759/1256/384 71/38/6 76/40/24
f 1759/1256/384 1760/1257/383 71/38/6
f 1760/1257/383 72/37/39 71/38/6
f 1760/1257/383 1761/1258/315 72/37/39
f 1761/1258/315 132/69/5 1744/893/941
f 1761/1258/315 1760/1257/383 132/69/5
f 1760/1257/383 129/68/6 132/69/5
f 1760/1257/383 1762/1259/315 129/68/6
f 1762/1259/315 130/67/39 129/68/6
f 1762/1259/315 1763/1260/315 130/67/39
f 1763/1260/315 98/51/5 1742/892/941
f 1763/1260/315 1762/1259/315 98/51/5
f 1762/1259/315 95/50/6 98/51/5
f 1762/1259/315 1764/1261/385 95/50/6
f 1764/1261/385 96/49/39 95/50/6
f 1764/1261/385 1765/1262/946 96/49/39
f 1766/1263/383 1746/894/12 1745/895/6
f 1766/1263/383 1760/1257/383 1746/894/12
f 1760/1257/383 79/42/13 1746/894/12
f 1760/1257/383 1759/1256/384 79/42/13
f 1759/1256/384 80/41/24 79/42/13
f 1759/1256/384 1767/1264/384 80/41/24
f 1767/1264/384 1745/895/6 80/41/24
f 1767/1264/384 1766/1263/383 1745/895/6
f 1766/1263/383 1768/1265/315 41/23/6
f 1768/1265/315 42/22/28 41/23/6
f 1768/1265/315 1762/1259/315 42/22/28
f 1762/1259/315 47/25/13 42/22/28
f 1762/1259/315 1760/1257/383 47/25/13
f 1760/1257/383 44/24/5 47/25/13
f 1760/1257/383 1766/1263/383 44/24/5
f 1766/1263/383 41/23/6 44/24/5
f 1768/1265/315 1769/1266/385 6/4/6
f 1769/1266/385 17/11/9 6/4/6
f 1769/1266/385 1764/1261/385 17/11/9
f 1764/1261/385 18/10/16 17/11/9
f 1764/1261/385 1762/1259/315 18/10/16
f 1762/1259/315 5/5/5 18/10/16
f 1762/1259/315 1768/1265/315 5/5/5
f 1768/1265/315 6/4/6 5/5/5
f 1770/1267/315 1771/1268/385 65/35/6
f 1771/1268/385 66/34/9 65/35/6
f 1771/1268/385 1769/1266/385 66/34/9
f 1769/1266/385 117/61/16 66/34/9
f 1769/1266/385 1768/1265/315 117/61/16
f 1768/1265/315 112/59/5 117/61/16
f 1768/1265/315 1770/1267/315 112/59/5
f 1770/1267/315 65/35/6 112/59/5
f 1772/1269/315 1773/1270/385 22/12/6
f 1773/1270/385 29/17/9 22/12/6
f 1773/1270/385 1771/1268/385 29/17/9
f 1771/1268/385 30/16/16 29/17/9
f 1771/1268/385 1770/1267/315 30/16/16
f 1770/1267/315 21/13/5 30/16/16
f 1770/1267/315 1772/1269/315 21/13/5
f 1772/1269/315 22/12/6 21/13/5
f 1774/1271/315 1775/1272/385 25/15/6
f 1775/1272/385 26/14/9 25/15/6
f 1775/1272/385 1773/1270/385 26/14/9
f 1773/1270/385 127/66/16 26/14/9
f 1773/1270/385 1772/1269/315 127/66/16
f 1772/1269/315 124/65/5 127/66/16
f 1772/1269/315 1774/1271/315 124/65/5
f 1774/1271/315 25/15/6 124/65/5
f 1776/1273/385 10/6/9 9/7/6
f 1776/1273/385 1775/1272/385 10/6/9
f 1775/1272/385 39/21/16 10/6/9
f 1775/1272/385 1774/1271/315 39/21/16
f 1774/1271/315 36/20/5 39/21/16
f 1774/1271/315 1777/1274/315 36/20/5
f 1777/1274/315 9/7/6 36/20/5
f 1777/1274/315 1776/1273/385 9/7/6
f 140/74/68 102/52/9 101/53/6
f 140/74/68 1776/1273/385 102/52/9
f 1776/1273/385 1757/128/16 102/52/9
f 1776/1273/385 1777/1274/315 1757/128/16
f 1777/1274/315 114/60/5 1757/128/16
f 1777/1274/315 138/73/65 114/60/5
f 138/73/65 101/53/6 114/60/5
f 138/73/65 140/74/68 101/53/6
f 1778/1275/383 135/71/65 119/63/5
f 135/71/65 120/62/6 119/63/5
f 135/71/65 138/73/65 120/62/6
f 138/73/65 1747/127/28 120/62/6
f 138/73/65 1777/1274/315 1747/127/28
f 1777/1274/315 1748/126/13 1747/127/28
f 1777/1274/315 1778/1275/383 1748/126/13
f 1778/1275/383 119/63/5 1748/126/13
f 136/72/66 135/71/65 105/55/51
f 135/71/65 106/54/12 105/55/51
f 135/71/65 1778/1275/383 106/54/12
f 1778/1275/383 111/58/13 106/54/12
f 1778/1275/383 1779/1276/384 111/58/13
f 1779/1276/384 108/56/53 111/58/13
f 1779/1276/384 136/72/66 108/56/53
f 136/72/66 105/55/51 108/56/53
f 1779/1276/384 1778/1275/383 1780/124/51
f 1778/1275/383 13/9/12 1780/124/51
f 1778/1275/383 1781/1277/383 13/9/12
f 1781/1277/383 14/8/13 13/9/12
f 1781/1277/383 1782/1278/384 14/8/13
f 1782/1278/384 123/64/24 14/8/13
f 1782/1278/384 1779/1276/384 123/64/24
f 1779/1276/384 1780/124/51 123/64/24
f 1781/1277/383 92/47/12 91/48/6
f 1781/1277/383 1783/1279/383 92/47/12
f 1783/1279/383 33/19/13 92/47/12
f 1783/1279/383 1784/1280/384 33/19/13
f 1784/1280/384 34/18/24 33/19/13
f 1784/1280/384 1782/1278/384 34/18/24
f 1782/1278/384 91/48/6 34/18/24
f 1782/1278/384 1781/1277/383 91/48/6
f 1783/1279/383 1785/113/12 1786/115/6
f 1783/1279/383 1787/1281/383 1785/113/12
f 1787/1281/383 49/27/13 1785/113/12
f 1787/1281/383 1788/1282/384 49/27/13
f 1788/1282/384 50/26/24 49/27/13
f 1788/1282/384 1784/1280/384 50/26/24
f 1784/1280/384 1786/115/6 50/26/24
f 1784/1280/384 1783/1279/383 1786/115/6
f 1787/1281/383 84/43/12 83/44/6
f 1787/1281/383 1766/1263/383 84/43/12
f 1766/1263/383 89/46/13 84/43/12
f 1766/1263/383 1767/1264/384 89/46/13
f 1767/1264/384 86/45/24 89/46/13
f 1767/1264/384 1788/1282/384 86/45/24
f 1788/1282/384 83/44/6 86/45/24
f 1788/1282/384 1787/1281/383 83/44/6
f 1783/1279/383 1772/1269/315 53/29/6
f 1772/1269/315 54/28/28 53/29/6
f 1772/1269/315 1770/1267/315 54/28/28
f 1770/1267/315 59/31/13 54/28/28
f 1770/1267/315 1787/1281/383 59/31/13
f 1787/1281/383 56/30/5 59/31/13
f 1787/1281/383 1783/1279/383 56/30/5
f 1783/1279/383 53/29/6 56/30/5
f 1787/1281/383 1770/1267/315 1756/110/6
f 1770/1267/315 1755/109/28 1756/110/6
f 1770/1267/315 1768/1265/315 1755/109/28
f 1768/1265/315 1753/108/13 1755/109/28
f 1768/1265/315 1766/1263/383 1753/108/13
f 1766/1263/383 1754/107/5 1753/108/13
f 1766/1263/383 1787/1281/383 1754/107/5
f 1787/1281/383 1756/110/6 1754/107/5
f 1781/1277/383 1774/1271/315 1752/120/6
f 1774/1271/315 1751/119/28 1752/120/6
f 1774/1271/315 1772/1269/315 1751/119/28
f 1772/1269/315 1749/118/13 1751/119/28
f 1772/1269/315 1783/1279/383 1749/118/13
f 1783/1279/383 1750/117/5 1749/118/13
f 1783/1279/383 1781/1277/383 1750/117/5
f 1781/1277/383 1752/120/6 1750/117/5
f 1781/1277/383 1778/1275/383 68/36/5
f 1778/1275/383 61/33/6 68/36/5
f 1778/1275/383 1777/1274/315 61/33/6
f 1777/1274/315 62/32/28 61/33/6
f 1777/1274/315 1774/1271/315 62/32/28
f 1774/1271/315 75/39/13 62/32/28
f 1774/1271/315 1781/1277/383 75/39/13
f 1781/1277/383 68/36/5 75/39/13
f 121/63/59 1748/126/13 119/63/5
f 121/63/59 263/126/152 1748/126/13
f 1072/895/18 80/41/24 1745/895/6
f 1072/895/18 78/41/43 80/41/24
f 81/42/32 1746/894/12 79/42/13
f 81/42/32 1071/894/942 1746/894/12
f 228/113/142 1786/115/6 1785/113/12
f 228/113/142 229/115/4 1786/115/6
f 109/57/54 111/58/13 108/56/53
f 109/57/54 110/58/55 111/58/13
f 229/115/4 50/26/24 1786/115/6
f 229/115/4 48/26/31 50/26/24
f 51/27/32 1785/113/12 49/27/13
f 51/27/32 228/113/142 1785/113/12
f 15/9/14 1780/124/51 13/9/12
f 15/9/14 258/124/151 1780/124/51
f 258/124/151 123/64/24 1780/124/51
f 258/124/151 122/64/60 123/64/24
f 1321/672/384 1789/669/481 1320/671/384
f 1321/672/384 1790/670/481 1789/669/481
f 1790/670/481 1791/667/482 1789/669/481
f 1790/670/481 1792/668/482 1791/667/482
f 1792/668/482 1793/665/483 1791/667/482
f 1792/668/482 1794/666/483 1793/665/483
f 1794/666/483 1795/663/311 1793/665/483
f 1794/666/483 1796/664/311 1795/663/311
f 1796/664/311 1797/661/484 1795/663/311
f 1796/664/311 1798/662/484 1797/661/484
f 1798/662/484 1799/659/485 1797/661/484
f 1798/662/484 1800/660/485 1799/659/485
f 1800/660/485 1801/656/486 1799/659/485
f 1800/660/485 1802/658/486 1801/656/486
f 1802/658/486 1324/657/380 1801/656/486
f 1802/658/486 1322/655/380 1324/657/380
f 1339/655/379 1803/656/947 1338/657/379
f 1339/655/379 1804/658/947 1803/656/947
f 1804/658/947 1805/659/948 1803/656/947
f 1804/658/947 1806/660/948 1805/659/948
f 1806/660/948 1807/661/949 1805/659/948
f 1806/660/948 1808/662/949 1807/661/949
f 1808/662/949 1809/663/388 1807/661/949
f 1808/662/949 1810/664/388 1809/663/388
f 1810/664/388 1811/665/950 1809/663/388
f 1810/664/388 1812/666/950 1811/665/950
f 1812/666/950 1813/667/951 1811/665/950
f 1812/666/950 1814/668/951 1813/667/951
f 1814/668/951 1815/669/952 1813/667/951
f 1814/668/951 1816/670/952 1815/669/952
f 1816/670/952 1306/671/385 1815/669/952
f 1816/670/952 1304/672/385 1306/671/385
f 1363/1171/799 1553/1224/384 1530/1200/865
f 1363/1171/799 1817/1283/315 1553/1224/384
f 1817/1283/315 1551/1223/384 1553/1224/384
f 1817/1283/315 1818/1284/315 1551/1223/384
f 1818/1284/315 1549/1222/384 1551/1223/384
f 1818/1284/315 1819/1285/315 1549/1222/384
f 1819/1285/315 1547/1221/384 1549/1222/384
f 1819/1285/315 1820/1286/315 1547/1221/384
f 1820/1286/315 1544/1220/384 1547/1221/384
f 1820/1286/315 1821/1287/315 1544/1220/384
f 1821/1287/315 1541/1218/384 1544/1220/384
f 1821/1287/315 1822/1288/315 1541/1218/384
f 1822/1288/315 1542/1219/868 1541/1218/384
f 1822/1288/315 1823/1289/315 1542/1219/868
f 1824/1289/378 1565/1218/380 1569/1219/870
f 1824/1289/378 1825/1288/378 1565/1218/380
f 1825/1288/378 1562/1220/380 1565/1218/380
f 1825/1288/378 1826/1287/378 1562/1220/380
f 1826/1287/378 1560/1221/380 1562/1220/380
f 1826/1287/378 1827/1286/378 1560/1221/380
f 1827/1286/378 1559/1222/380 1560/1221/380
f 1827/1286/378 1828/1285/378 1559/1222/380
f 1828/1285/378 1555/1223/380 1559/1222/380
f 1828/1285/378 1829/1284/378 1555/1223/380
f 1829/1284/378 1554/1224/380 1555/1223/380
f 1829/1284/378 1830/1283/953 1554/1224/380
f 1830/1283/953 1526/1200/864 1554/1224/380
f 1830/1283/953 1364/1171/800 1526/1200/864
f 937/1290/378 951/1291/378 956/1292/378
f 937/1290/378 954/1293/378 951/1291/378
f 937/1290/378 936/1294/378 954/1293/378
f 936/1294/378 955/1295/378 954/1293/378
f 936/1294/378 939/1296/378 955/1295/378
f 941/1297/378 955/1295/378 939/1296/378
f 941/1297/378 956/1292/378 955/1295/378
f 937/1290/378 956/1292/378 941/1297/378
f 1831/1255/311 1759/1256/384 1758/1255/945
f 1831/1255/311 1832/1256/311 1759/1256/384
f 1832/1256/311 1767/1264/384 1759/1256/384
f 1832/1256/311 1833/1264/311 1767/1264/384
f 1833/1264/311 1788/1282/384 1767/1264/384
f 1833/1264/311 1834/1282/311 1788/1282/384
f 1834/1282/311 1784/1280/384 1788/1282/384
f 1834/1282/311 1835/1280/311 1784/1280/384
f 1835/1280/311 1782/1278/384 1784/1280/384
f 1835/1280/311 1836/1278/311 1782/1278/384
f 1836/1278/311 1779/1276/384 1782/1278/384
f 1836/1278/311 1837/1276/954 1779/1276/384
f 1837/1276/954 136/72/66 1779/1276/384
f 1837/1276/954 134/70/64 136/72/66
f 141/75/69 1776/1273/385 140/74/68
f 141/75/69 1838/1273/388 1776/1273/385
f 1838/1273/388 1775/1272/385 1776/1273/385
f 1838/1273/388 1839/1272/388 1775/1272/385
f 1839/1272/388 1773/1270/385 1775/1272/385
f 1839/1272/388 1840/1270/388 1773/1270/385
f 1840/1270/388 1771/1268/385 1773/1270/385
f 1840/1270/388 1841/1268/388 1771/1268/385
f 1841/1268/388 1769/1266/385 1771/1268/385
f 1841/1268/388 1842/1266/388 1769/1266/385
f 1842/1266/388 1764/1261/385 1769/1266/385
f 1842/1266/388 1843/1261/388 1764/1261/385
f 1843/1261/388 1765/1262/946 1764/1261/385
f 1843/1261/388 1844/1262/388 1765/1262/946
f 152/1298/78 1845/1299/378 1846/1300/378
f 149/1301/75 1845/1299/378 152/1298/78
f 149/1301/75 1847/1302/378 1845/1299/378
f 151/1303/77 1847/1302/378 149/1301/75
f 151/1303/77 1848/1304/378 1847/1302/378
f 154/1305/80 1848/1304/378 151/1303/77
f 154/1305/80 1846/1300/378 1848/1304/378
f 152/1298/78 1846/1300/378 154/1305/80
f 1849/831/311 884/1306/513 883/1307/512
f 1849/831/311 1850/829/311 884/1306/513
f 1851/828/311 1850/829/311 1849/831/311
f 1851/828/311 1852/830/311 1850/829/311
f 573/1308/407 557/1309/392 569/1310/403
f 620/1311/445 704/1312/472 701/1313/472
f 620/1311/445 606/1314/431 704/1312/472
f 606/1314/431 702/1315/472 704/1312/472
f 606/1314/431 457/1316/316 702/1315/472
f 457/1316/316 703/1317/472 702/1315/472
f 457/1316/316 3/1318/3 703/1317/472
f 3/1318/3 701/1313/472 703/1317/472
f 3/1318/3 620/1311/445 701/1313/472
f 1853/1319/311 1854/1320/311 1855/1321/311
f 1853/1319/311 1856/1322/311 1854/1320/311
f 1857/1323/311 1856/1322/311 1853/1319/311
f 1857/1323/311 1858/1324/311 1856/1322/311
f 1859/1325/311 1858/1324/311 1857/1323/311
f 1859/1325/311 1860/1326/311 1858/1324/311
f 626/581/449 1855/1321/311 642/589/458
f 626/581/449 1853/1319/311 1855/1321/311
f 628/582/451 1853/1319/311 626/581/449
f 628/582/451 1857/1323/311 1853/1319/311
f 653/594/459 1857/1323/311 628/582/451
f 653/594/459 1859/1325/311 1857/1323/311
f 642/589/458 1859/1325/311 653/594/459
f 642/589/458 1855/1321/311 1859/1325/311
f 1855/1321/311 1860/1326/311 1859/1325/311
f 1855/1321/311 1854/1320/311 1860/1326/311
f 1854/1320/311 698/625/470 1860/1326/311
f 1854/1320/311 690/621/467 698/625/470
f 1856/1322/311 690/621/467 1854/1320/311
f 1856/1322/311 688/622/462 690/621/467
f 1858/1324/311 688/622/462 1856/1322/311
f 1858/1324/311 700/624/471 688/622/462
f 1860/1326/311 700/624/471 1858/1324/311
f 1860/1326/311 698/625/470 700/624/471
f 567/1327/401 570/1328/404 568/1329/402
f 1861/1330/378 1862/1331/378 1863/1332/378
f 1861/1330/378 1864/1333/378 1862/1331/378
f 1865/1334/378 1864/1333/378 1861/1330/378
f 1865/1334/378 1866/1335/378 1864/1333/378
f 1867/1336/378 1866/1335/378 1865/1334/378
f 1867/1336/378 1868/1337/378 1866/1335/378
f 634/585/454 1863/1332/378 624/580/448
f 634/585/454 1861/1330/378 1863/1332/378
f 636/586/455 1861/1330/378 634/585/454
f 636/586/455 1865/1334/378 1861/1330/378
f 622/579/447 1865/1334/378 636/586/455
f 622/579/447 1867/1336/378 1865/1334/378
f 624/580/448 1867/1336/378 622/579/447
f 624/580/448 1863/1332/378 1867/1336/378
f 1863/1332/378 1868/1337/378 1867/1336/378
f 1863/1332/378 1862/1331/378 1868/1337/378
f 1862/1331/378 708/654/474 1868/1337/378
f 1862/1331/378 692/623/469 708/654/474
f 1864/1333/378 692/623/469 1862/1331/378
f 1864/1333/378 684/619/368 692/623/469
f 1866/1335/378 684/619/368 1864/1333/378
f 1866/1335/378 682/620/466 684/619/368
f 1868/1337/378 682/620/466 1866/1335/378
f 1868/1337/378 708/654/474 682/620/466
f 563/1338/398 571/1339/405 565/1340/399
f 1248/1341/767 582/1342/411 1245/1343/764
f 1248/1341/767 581/1344/409 582/1342/411
f 1249/1345/768 581/1344/409 1248/1341/767
f 1249/1345/768 579/1346/409 581/1344/409
f 1237/1347/757 579/1346/409 1249/1345/768
f 1237/1347/757 580/1348/410 579/1346/409
f 572/1349/406 560/1350/395 559/1351/394
f 1869/1352/955 1870/1353/956 1871/1354/957
f 1869/1352/955 1872/1355/958 1870/1353/956
f 1873/1356/959 1872/1355/958 1869/1352/955
f 1873/1356/959 1874/1357/960 1872/1355/958
f 1875/1358/961 1874/1357/960 1873/1356/959
f 1875/1358/961 1876/1359/962 1874/1357/960
f 1877/1360/961 1876/1359/962 1875/1358/961
f 1877/1360/961 1878/1361/963 1876/1359/962
f 1879/1362/964 1878/1361/963 1877/1360/961
f 1879/1362/964 1880/1363/965 1878/1361/963
f 1881/1364/966 1880/1363/965 1879/1362/964
f 1881/1364/966 1882/1365/967 1880/1363/965
f 1882/1365/967 1881/1364/966 1079/901/604
f 1882/1365/967 1079/901/604 1081/903/606
f 1083/905/608 1076/898/601 1883/1366/968
f 1083/905/608 1883/1366/968 1871/1354/957
f 1084/906/609 1083/905/608 1871/1354/957
f 1084/906/609 1871/1354/957 1870/1353/956
f 1075/897/600 1084/906/609 1870/1353/956
f 1075/897/600 1870/1353/956 1884/1367/969
f 1076/898/601 1075/897/600 1884/1367/969
f 1076/898/601 1884/1367/969 1883/1366/968
f 1885/1368/970 1883/1366/968 1884/1367/969
f 1885/1368/970 1886/1369/971 1883/1366/968
f 1887/1370/972 1886/1369/971 1885/1368/970
f 1887/1370/972 1888/1371/973 1886/1369/971
f 1889/1372/974 1888/1371/973 1887/1370/972
f 1889/1372/974 1890/1373/975 1888/1371/973
f 1891/1374/976 1890/1373/975 1889/1372/974
f 1891/1374/976 1892/1375/977 1890/1373/975
f 1893/1376/974 1892/1375/977 1891/1374/976
f 1893/1376/974 1894/1377/978 1892/1375/977
f 1895/1378/979 1894/1377/978 1893/1376/974
f 1895/1378/979 1896/1379/980 1894/1377/978
f 1896/1379/980 1895/1378/979 1078/900/603
f 1896/1379/980 1078/900/603 1080/902/605
f 1881/1364/966 1896/1379/980 1080/902/605
f 1881/1364/966 1080/902/605 1079/901/604
f 1886/1369/971 1871/1354/957 1883/1366/968
f 1886/1369/971 1869/1352/955 1871/1354/957
f 1888/1371/973 1869/1352/955 1886/1369/971
f 1888/1371/973 1873/1356/959 1869/1352/955
f 1890/1373/975 1873/1356/959 1888/1371/973
f 1890/1373/975 1875/1358/961 1873/1356/959
f 1892/1375/977 1875/1358/961 1890/1373/975
f 1892/1375/977 1877/1360/961 1875/1358/961
f 1894/1377/978 1877/1360/961 1892/1375/977
f 1894/1377/978 1879/1362/964 1877/1360/961
f 1896/1379/980 1879/1362/964 1894/1377/978
f 1896/1379/980 1881/1364/966 1879/1362/964
f 1872/1355/958 1884/1367/969 1870/1353/956
f 1872/1355/958 1885/1368/970 1884/1367/969
f 1874/1357/960 1885/1368/970 1872/1355/958
f 1874/1357/960 1887/1370/972 1885/1368/970
f 1876/1359/962 1887/1370/972 1874/1357/960
f 1876/1359/962 1889/1372/974 1887/1370/972
f 1878/1361/963 1889/1372/974 1876/1359/962
f 1878/1361/963 1891/1374/976 1889/1372/974
f 1880/1363/965 1891/1374/976 1878/1361/963
f 1880/1363/965 1893/1376/974 1891/1374/976
f 1882/1365/967 1893/1376/974 1880/1363/965
f 1882/1365/967 1895/1378/979 1893/1376/974
f 1895/1378/979 1882/1365/967 1081/903/606
f 1895/1378/979 1081/903/606 1078/900/603
f 562/1380/397 571/1339/405 563/1338/398
f 1897/672/385 1898/669/787 1899/671/385
f 1897/672/385 1900/670/787 1898/669/787
f 1900/670/787 1901/667/788 1898/669/787
f 1900/670/787 1902/668/788 1901/667/788
f 1902/668/788 1903/665/789 1901/667/788
f 1902/668/788 1904/666/789 1903/665/789
f 1904/666/789 1905/663/315 1903/665/789
f 1904/666/789 1906/664/315 1905/663/315
f 1906/664/315 1907/661/790 1905/663/315
f 1906/664/315 1908/662/790 1907/661/790
f 1908/662/790 1909/659/791 1907/661/790
f 1908/662/790 1910/660/791 1909/659/791
f 1910/660/791 1911/656/792 1909/659/791
f 1910/660/791 1912/658/792 1911/656/792
f 1912/658/792 730/657/384 1911/656/792
f 1912/658/792 728/655/384 730/657/384
f 727/690/379 1913/687/947 726/689/379
f 727/690/379 1914/688/947 1913/687/947
f 1914/688/947 1915/685/948 1913/687/947
f 1914/688/947 1916/686/948 1915/685/948
f 1916/686/948 1917/683/949 1915/685/948
f 1916/686/948 1918/684/949 1917/683/949
f 1918/684/949 1919/1136/388 1917/683/949
f 1918/684/949 1920/1137/388 1919/1136/388
f 1920/1137/388 1921/679/950 1919/1136/388
f 1920/1137/388 1922/680/950 1921/679/950
f 1922/680/950 1923/677/951 1921/679/950
f 1922/680/950 1924/678/951 1923/677/951
f 1924/678/951 1925/674/952 1923/677/951
f 1924/678/951 1926/676/952 1925/674/952
f 1926/676/952 1899/675/385 1925/674/952
f 1926/676/952 1897/673/385 1899/675/385
f 186/92/112 185/92/111 1927/92/385
f 185/92/111 1928/92/787 1927/92/385
f 185/92/111 184/92/110 1928/92/787
f 184/92/110 1929/92/788 1928/92/787
f 184/92/110 183/92/109 1929/92/788
f 183/92/109 1930/92/981 1929/92/788
f 183/92/109 187/92/113 1930/92/981
f 187/92/113 1931/92/315 1930/92/981
f 187/92/113 178/92/104 1931/92/315
f 178/92/104 1932/92/982 1931/92/315
f 178/92/104 179/92/105 1932/92/982
f 179/92/105 1933/92/983 1932/92/982
f 179/92/105 164/92/90 1933/92/983
f 164/92/90 1934/92/792 1933/92/983
f 164/92/90 169/92/95 1934/92/792
f 169/92/95 1935/92/384 1934/92/792
f 169/92/95 168/92/94 1935/92/384
f 168/92/94 1936/92/481 1935/92/384
f 168/92/94 167/92/93 1936/92/481
f 167/92/93 1937/92/482 1936/92/481
f 167/92/93 166/92/92 1937/92/482
f 166/92/92 1938/92/984 1937/92/482
f 166/92/92 170/92/96 1938/92/984
f 170/92/96 1939/92/985 1938/92/984
f 170/92/96 171/92/97 1939/92/985
f 171/92/97 1940/92/986 1939/92/985
f 171/92/97 172/92/98 1940/92/986
f 172/92/98 1941/92/987 1940/92/986
f 172/92/98 163/92/89 1941/92/987
f 163/92/89 1942/92/988 1941/92/987
f 163/92/89 165/92/91 1942/92/988
f 165/92/91 1943/92/989 1942/92/988
f 165/92/91 162/92/88 1943/92/989
f 162/92/88 1944/92/990 1943/92/989
f 162/92/88 161/92/87 1944/92/990
f 161/92/87 1945/92/991 1944/92/990
f 161/92/87 158/92/84 1945/92/991
f 158/92/84 1946/92/477 1945/92/991
f 158/92/84 157/92/83 1946/92/477
f 157/92/83 1947/92/378 1946/92/477
f 157/92/83 156/92/82 1947/92/378
f 156/92/82 1948/92/478 1947/92/378
f 156/92/82 160/92/86 1948/92/478
f 160/92/86 1949/92/479 1948/92/478
f 160/92/86 159/92/85 1949/92/479
f 159/92/85 1950/92/992 1949/92/479
f 159/92/85 176/92/102 1950/92/992
f 176/92/102 1951/92/993 1950/92/992
f 176/92/102 175/92/101 1951/92/993
f 175/92/101 1952/92/994 1951/92/993
f 175/92/101 174/92/100 1952/92/994
f 174/92/100 1953/92/995 1952/92/994
f 174/92/100 173/92/99 1953/92/995
f 173/92/99 1954/92/996 1953/92/995
f 173/92/99 182/92/108 1954/92/996
f 182/92/108 1955/92/997 1954/92/996
f 182/92/108 181/92/107 1955/92/997
f 181/92/107 1956/92/998 1955/92/997
f 181/92/107 180/92/106 1956/92/998
f 180/92/106 1957/92/951 1956/92/998
f 180/92/106 177/92/103 1957/92/951
f 177/92/103 1958/92/952 1957/92/951
f 177/92/103 186/92/112 1958/92/952
f 186/92/112 1927/92/385 1958/92/952
f 153/1381/79 155/1382/81 452/1383/315
f 155/1382/81 454/1384/315 452/1383/315
f 155/1382/81 148/1385/74 454/1384/315
f 148/1385/74 455/1386/315 454/1384/315
f 148/1385/74 150/1387/76 455/1386/315
f 150/1387/76 449/1388/315 455/1386/315
f 150/1387/76 153/1381/79 449/1388/315
f 153/1381/79 452/1383/315 449/1388/315
f 451/1389/315 450/1390/315 143/1391/71
f 450/1390/315 147/1392/9 143/1391/71
f 450/1390/315 453/1393/315 147/1392/9
f 453/1393/315 144/1394/13 147/1392/9
f 453/1393/315 456/1395/315 144/1394/13
f 456/1395/315 142/1396/70 144/1394/13
f 456/1395/315 451/1389/315 142/1396/70
f 451/1389/315 143/1391/71 142/1396/70
f 1959/1397/378 1960/1398/378 141/1399/69
f 1960/1398/378 134/1400/64 141/1399/69
f 1960/1398/378 1961/1401/378 134/1400/64
f 1961/1401/378 1962/1402/378 134/1400/64
f 1961/1401/378 1963/1403/378 1962/1402/378
f 1963/1403/378 1964/1404/378 1962/1402/378
f 1963/1403/378 1959/1397/378 1964/1404/378
f 1959/1397/378 141/1399/69 1964/1404/378
f 1965/1405/315 1966/1406/315 957/1407/536
f 1966/1406/315 958/1408/537 957/1407/536
f 1966/1406/315 1967/1409/315 958/1408/537
f 1967/1409/315 1968/1410/315 958/1408/537
f 1967/1409/315 1969/1411/315 1968/1410/315
f 1969/1411/315 1970/1412/315 1968/1410/315
f 1969/1411/315 1965/1405/315 1970/1412/315
f 1965/1405/315 957/1407/536 1970/1412/315
f 1341/1107/782 1340/1107/783 1343/1110/494
f 1343/1110/494 1340/1107/783 1348/1115/73
f 1340/1107/783 1342/1109/785 1348/1115/73
f 1342/1109/785 1345/1113/488 1348/1115/73
f 1342/1109/785 1344/1112/493 1345/1113/488
f 1345/1113/488 1346/1113/65 1348/1115/73
f 1346/1113/65 1347/1113/462 1348/1115/73
f 560/1350/395 572/1349/406 561/1413/396
f 443/1414/311 1360/1415/311 447/1416/311
f 447/1416/311 1360/1415/311 1359/1417/311
f 447/1416/311 1359/1417/311 445/1418/311
f 442/1419/311 445/1418/311 1359/1417/311
f 442/1419/311 1359/1417/311 1357/1420/311
f 443/1414/311 442/1419/311 1357/1420/311
f 443/1414/311 1357/1420/311 1362/1421/311
f 443/1414/311 1362/1421/311 1360/1415/311
f 1351/1422/795 1971/1423/388 1350/1424/794
f 1350/1424/794 1971/1423/388 1972/1425/388
f 1350/1424/794 1972/1425/388 1349/1426/793
f 1349/1426/793 1972/1425/388 1973/1427/388
f 1349/1426/793 1973/1427/388 1352/1428/796
f 1352/1428/796 1973/1427/388 1974/1429/388
f 1352/1428/796 1974/1429/388 1351/1422/795
f 1351/1422/795 1974/1429/388 1971/1423/388
f 558/1430/393 557/1309/392 573/1308/407
f 1975/688/947 1976/689/379 1977/690/379
f 1975/688/947 1978/687/947 1976/689/379
f 1979/686/948 1978/687/947 1975/688/947
f 1979/686/948 1980/685/948 1978/687/947
f 1981/684/949 1980/685/948 1979/686/948
f 1981/684/949 1982/683/949 1980/685/948
f 1983/1137/388 1982/683/949 1981/684/949
f 1983/1137/388 1984/1136/388 1982/683/949
f 1985/680/950 1984/1136/388 1983/1137/388
f 1985/680/950 1986/679/950 1984/1136/388
f 1987/678/951 1986/679/950 1985/680/950
f 1987/678/951 1988/677/951 1986/679/950
f 1989/676/952 1988/677/951 1987/678/951
f 1989/676/952 1990/674/952 1988/677/951
f 1991/673/385 1990/674/952 1989/676/952
f 1991/673/385 1992/675/385 1990/674/952
f 1993/676/787 1992/675/385 1991/673/385
f 1993/676/787 1994/674/787 1992/675/385
f 1995/678/788 1994/674/787 1993/676/787
f 1995/678/788 1996/677/788 1994/674/787
f 1997/680/789 1996/677/788 1995/678/788
f 1997/680/789 1998/679/789 1996/677/788
f 1999/682/315 1998/679/789 1997/680/789
f 1999/682/315 2000/681/315 1998/679/789
f 2001/684/790 2000/681/315 1999/682/315
f 2001/684/790 2002/683/790 2000/681/315
f 2003/686/791 2002/683/790 2001/684/790
f 2003/686/791 2004/685/791 2002/683/790
f 2005/688/792 2004/685/791 2003/686/791
f 2005/688/792 2006/687/792 2004/685/791
f 2007/690/384 2006/687/792 2005/688/792
f 2007/690/384 2008/689/384 2006/687/792
f 2009/676/481 2008/675/384 2007/673/384
f 2009/676/481 2010/674/481 2008/675/384
f 2011/678/482 2010/674/481 2009/676/481
f 2011/678/482 2012/677/482 2010/674/481
f 2013/680/483 2012/677/482 2011/678/482
f 2013/680/483 2014/679/483 2012/677/482
f 2015/1137/311 2014/679/483 2013/680/483
f 2015/1137/311 2016/1136/311 2014/679/483
f 2017/684/484 2016/1136/311 2015/1137/311
f 2017/684/484 2018/683/484 2016/1136/311
f 2019/686/485 2018/683/484 2017/684/484
f 2019/686/485 2020/685/485 2018/683/484
f 2021/688/486 2020/685/485 2019/686/485
f 2021/688/486 2022/687/486 2020/685/485
f 2023/690/380 2022/687/486 2021/688/486
f 2023/690/380 2024/689/380 2022/687/486
f 2025/688/475 2024/689/380 2023/690/380
f 2025/688/475 2026/687/475 2024/689/380
f 2027/686/476 2026/687/475 2025/688/475
f 2027/686/476 2028/685/476 2026/687/475
f 2029/684/477 2028/685/476 2027/686/476
f 2029/684/477 2030/683/477 2028/685/476
f 2031/1137/378 2030/683/477 2029/684/477
f 2031/1137/378 2032/1136/378 2030/683/477
f 2033/680/478 2032/1136/378 2031/1137/378
f 2033/680/478 2034/679/478 2032/1136/378
f 2035/678/479 2034/679/478 2033/680/478
f 2035/678/479 2036/677/479 2034/679/478
f 2037/676/480 2036/677/479 2035/678/479
f 2037/676/480 2038/674/480 2036/677/479
f 1977/673/379 2038/674/480 2037/676/480
f 1977/673/379 1976/675/379 2038/674/480
f 2039/670/481 2040/671/384 2041/672/384
f 2039/670/481 2042/669/481 2040/671/384
f 2043/668/482 2042/669/481 2039/670/481
f 2043/668/482 2044/667/482 2042/669/481
f 2045/666/483 2044/667/482 2043/668/482
f 2045/666/483 2046/665/483 2044/667/482
f 2047/664/311 2046/665/483 2045/666/483
f 2047/664/311 2048/663/311 2046/665/483
f 2049/662/484 2048/663/311 2047/664/311
f 2049/662/484 2050/661/484 2048/663/311
f 2051/660/485 2050/661/484 2049/662/484
f 2051/660/485 2052/659/485 2050/661/484
f 2053/658/486 2052/659/485 2051/660/485
f 2053/658/486 2054/656/486 2052/659/485
f 2055/655/380 2054/656/486 2053/658/486
f 2055/655/380 2056/657/380 2054/656/486
f 2057/658/475 2056/657/380 2055/655/380
f 2057/658/475 2058/656/475 2056/657/380
f 2059/660/476 2058/656/475 2057/658/475
f 2059/660/476 2060/659/476 2058/656/475
f 2061/662/477 2060/659/476 2059/660/476
f 2061/662/477 2062/661/477 2060/659/476
f 2063/664/378 2062/661/477 2061/662/477
f 2063/664/378 2064/663/378 2062/661/477
f 2065/666/478 2064/663/378 2063/664/378
f 2065/666/478 2066/665/478 2064/663/378
f 2067/668/479 2066/665/478 2065/666/478
f 2067/668/479 2068/667/479 2066/665/478
f 2069/670/480 2068/667/479 2067/668/479
f 2069/670/480 2070/669/480 2068/667/479
f 2071/672/379 2070/669/480 2069/670/480
f 2071/672/379 2072/671/379 2070/669/480
f 2073/658/947 2072/657/379 2071/655/379
f 2073/658/947 2074/656/947 2072/657/379
f 2075/660/948 2074/656/947 2073/658/947
f 2075/660/948 2076/659/948 2074/656/947
f 2077/662/949 2076/659/948 2075/660/948
f 2077/662/949 2078/661/949 2076/659/948
f 2079/664/388 2078/661/949 2077/662/949
f 2079/664/388 2080/663/388 2078/661/949
f 2081/666/950 2080/663/388 2079/664/388
f 2081/666/950 2082/665/950 2080/663/388
f 2083/668/951 2082/665/950 2081/666/950
f 2083/668/951 2084/667/951 2082/665/950
f 2085/670/952 2084/667/951 2083/668/951
f 2085/670/952 2086/669/952 2084/667/951
f 2087/672/385 2086/669/952 2085/670/952
f 2087/672/385 2088/671/385 2086/669/952
f 2089/670/787 2088/671/385 2087/672/385
f 2089/670/787 2090/669/787 2088/671/385
f 2091/668/788 2090/669/787 2089/670/787
f 2091/668/788 2092/667/788 2090/669/787
f 2093/666/789 2092/667/788 2091/668/788
f 2093/666/789 2094/665/789 2092/667/788
f 2095/664/315 2094/665/789 2093/666/789
f 2095/664/315 2096/663/315 2094/665/789
f 2097/662/790 2096/663/315 2095/664/315
f 2097/662/790 2098/661/790 2096/663/315
f 2099/660/791 2098/661/790 2097/662/790
f 2099/660/791 2100/659/791 2098/661/790
f 2101/658/792 2100/659/791 2099/660/791
f 2101/658/792 2102/656/792 2100/659/791
f 2041/655/384 2102/656/792 2101/658/792
f 2041/655/384 2040/657/384 2102/656/792
f 1242/1431/762 586/561/414 1241/1432/761
f 1242/1431/762 584/560/412 586/561/414
f 1243/1433/763 584/560/412 1242/1431/762
f 1243/1433/763 583/558/412 584/560/412
f 1245/1434/764 583/558/412 1243/1433/763
f 1245/1434/764 582/556/411 583/558/412
f 1082/1435/607 1077/1435/602 2103/1436/999
f 1082/1435/607 2103/1436/999 2104/1436/1000
f 2104/1436/1000 2103/1436/999 2105/1437/1001
f 2104/1436/1000 2105/1437/1001 2106/1437/1002
f 2106/1437/1002 2105/1437/1001 2107/1438/1003
f 2106/1437/1002 2107/1438/1003 2108/1438/1004
f 2108/1438/1004 2107/1438/1003 2109/1439/1005
f 2108/1438/1004 2109/1439/1005 2110/1439/1006
f 2110/1439/1006 2109/1439/1005 2111/1440/1007
f 2110/1439/1006 2111/1440/1007 2112/1440/1008
f 2112/1440/1008 2111/1440/1007 2113/1441/1009
f 2112/1440/1008 2113/1441/1009 2114/1441/1010
f 1092/911/614 2114/1441/1010 2113/1441/1009
f 1092/911/614 1091/911/613 2114/1441/1010
f 1074/1442/599 1085/1442/610 2115/1443/1011
f 1074/1442/599 2115/1443/1011 2116/1443/1012
f 2116/1443/1012 2115/1443/1011 2117/1444/1013
f 2116/1443/1012 2117/1444/1013 2118/1444/1014
f 2118/1444/1014 2117/1444/1013 2119/1445/1015
f 2118/1444/1014 2119/1445/1015 2120/1445/1016
f 2120/1445/1016 2119/1445/1015 2121/1446/1017
f 2120/1445/1016 2121/1446/1017 2122/1446/1018
f 2122/1446/1018 2121/1446/1017 2123/1447/1019
f 2122/1446/1018 2123/1447/1019 2124/1447/1020
f 2124/1447/1020 2123/1447/1019 2125/1448/1021
f 2124/1447/1020 2125/1448/1021 2126/1448/1022
f 1088/909/612 2126/1448/1022 2125/1448/1021
f 1088/909/612 1087/909/611 2126/1448/1022
f 1085/1442/610 1082/1435/607 2104/1436/1000
f 1085/1442/610 2104/1436/1000 2115/1443/1011
f 2115/1443/1011 2104/1436/1000 2106/1437/1002
f 2115/1443/1011 2106/1437/1002 2117/1444/1013
f 2117/1444/1013 2106/1437/1002 2108/1438/1004
f 2117/1444/1013 2108/1438/1004 2119/1445/1015
f 2119/1445/1015 2108/1438/1004 2110/1439/1006
f 2119/1445/1015 2110/1439/1006 2121/1446/1017
f 2121/1446/1017 2110/1439/1006 2112/1440/1008
f 2121/1446/1017 2112/1440/1008 2123/1447/1019
f 2123/1447/1019 2112/1440/1008 2114/1441/1010
f 2123/1447/1019 2114/1441/1010 2125/1448/1021
f 1091/911/613 2125/1448/1021 2114/1441/1010
f 1091/911/613 1088/909/612 2125/1448/1021
f 1077/1435/602 1074/1442/599 2116/1443/1012
f 1077/1435/602 2116/1443/1012 2103/1436/999
f 2103/1436/999 2116/1443/1012 2118/1444/1014
f 2103/1436/999 2118/1444/1014 2105/1437/1001
f 2105/1437/1001 2118/1444/1014 2120/1445/1016
f 2105/1437/1001 2120/1445/1016 2107/1438/1003
f 2107/1438/1003 2120/1445/1016 2122/1446/1018
f 2107/1438/1003 2122/1446/1018 2109/1439/1005
f 2109/1439/1005 2122/1446/1018 2124/1447/1020
f 2109/1439/1005 2124/1447/1020 2111/1440/1007
f 2111/1440/1007 2124/1447/1020 2126/1448/1022
f 2111/1440/1007 2126/1448/1022 2113/1441/1009
f 1087/909/611 2113/1441/1009 2126/1448/1022
f 1087/909/611 1092/911/614 2113/1441/1009
f 945/1449/532 2127/1450/315 944/1451/531
f 944/1451/531 2127/1450/315 2128/1452/315
f 944/1451/531 2128/1452/315 943/1453/530
f 943/1453/530 2128/1452/315 2129/1454/315
f 943/1453/530 2129/1454/315 946/1455/533
f 946/1455/533 2129/1454/315 2130/1456/315
f 946/1455/533 2130/1456/315 945/1449/532
f 945/1449/532 2130/1456/315 2127/1450/315
f 570/1328/404 567/1327/401 566/1457/400
f 597/566/422 602/568/427 606/571/431
f 429/1328/298 539/1327/382 432/1329/301
f 1238/1458/758 580/556/410 1237/1434/757
f 1238/1458/758 578/555/408 580/556/410
f 1239/1459/759 578/555/408 1238/1458/758
f 1239/1459/759 587/562/408 578/555/408
f 1240/1432/760 587/562/408 1239/1459/759
f 1240/1432/760 588/561/415 587/562/408
f 620/578/445 617/572/442 678/569/464
f 439/1308/308 547/1310/387 538/1309/381
f 1246/1460/765 588/1348/415 1240/1347/760
f 1246/1460/765 589/1461/413 588/1348/415
f 1247/1462/766 589/1461/413 1246/1460/765
f 1247/1462/766 585/1463/413 589/1461/413
f 1241/1343/761 585/1463/413 1247/1462/766
f 1241/1343/761 586/1342/414 585/1463/413
f 606/571/431 601/566/426 597/566/422
f 539/1327/382 429/1328/298 428/1457/297
f 3/3/3 592/1/417 1/1/1
f 543/1338/386 431/1340/300 430/1339/299
f 705/179/473 594/181/419 593/181/418
f 438/1349/307 437/1351/306 534/1350/377
f 614/575/439 621/577/446 618/576/443
f 436/1380/305 543/1338/386 430/1339/299
f 620/578/445 615/574/440 611/573/436
f 534/1350/377 433/1413/302 438/1349/307
f 678/569/464 612/567/437 609/567/434
f 440/1430/309 439/1308/308 538/1309/381
f 611/573/436 616/576/441 620/578/445
f 3/3/3 343/2/212 347/175/216
f 352/179/221 354/175/223 3/3/3
f 347/175/216 348/176/217 590/563/416
f 600/567/425 607/572/432 604/569/429
f 355/181/224 353/180/222 352/179/221
f 608/570/433 598/565/423 595/564/420
f 357/214/226 359/215/228 457/320/316
f 606/571/431 603/568/428 608/570/433
f 457/320/316 458/180/317 705/179/473
f 554/498/390 461/321/320 459/215/318
f 457/320/316 553/492/389 357/214/226
o Door
v 11.147175 69.600098 20.719595
v 11.145150 79.602303 20.720369
v 11.147175 79.602051 20.739645
v -3.738400 59.575497 20.719597
v -3.738400 49.618900 20.739647
v -3.738400 59.575497 20.739647
v -3.738400 49.618900 20.719597
v -3.693075 19.567778 20.719599
v 3.693050 19.567778 20.739649
v -3.693075 19.567778 20.739649
v 3.693050 19.567778 20.719599
v 3.715725 79.602051 20.739645
v 3.715725 79.602051 20.719595
v -3.715725 79.602051 20.739645
v -3.715725 79.602051 20.719595
v -11.147175 79.602051 20.739645
v -11.146826 79.602303 20.720369
v -3.693075 29.569702 20.719599
v 3.693050 19.613077 20.719599
v 3.693050 29.569702 20.719599
v -3.693075 19.613077 20.719599
v -11.124525 29.569702 20.719572
v -3.738400 19.613077 20.719599
v -3.738400 29.569702 20.719599
v -11.124525 19.613077 20.719572
v 3.738375 29.569702 20.719599
v 11.124500 19.613077 20.719599
v 11.124500 29.569702 20.719599
v 3.738375 19.613077 20.719599
v -3.693075 39.571625 20.719597
v 3.693050 29.615026 20.719599
v 3.693050 39.571625 20.719597
v -3.693075 29.615026 20.719599
v -11.124525 39.571625 20.719570
v -3.738400 29.615026 20.719599
v -3.738400 39.571625 20.719597
v -11.124525 29.615026 20.719572
v 3.738375 39.571625 20.719597
v 11.124500 29.615026 20.719599
v 11.124500 39.571625 20.719597
v 3.738375 29.615026 20.719599
v -3.693075 49.573578 20.719597
v 3.693050 39.616951 20.719597
v 3.693050 49.573578 20.719597
v -3.693075 39.616951 20.719597
v -11.124525 49.573578 20.719570
v -3.738400 39.616951 20.719597
v -3.738400 49.573578 20.719597
v -11.124525 39.616951 20.719570
v 3.738375 49.573578 20.719597
v 11.124500 39.616951 20.719597
v 11.124500 49.573578 20.719597
v 3.738375 39.616951 20.719597
v -3.693075 59.575497 20.719597
v 3.693050 49.618900 20.719597
v 3.693050 59.575497 20.719597
v -3.693075 49.618900 20.719597
v -11.124525 59.575497 20.719570
v -11.124525 49.618900 20.719570
v 3.738375 59.575497 20.719597
v 11.124500 49.618900 20.719597
v 11.124500 59.575497 20.719597
v 3.738375 49.618900 20.719597
v -3.693075 69.577446 20.719595
v 3.693050 59.620827 20.719597
v 3.693050 69.577446 20.719595
v -3.693075 59.620827 20.719597
v -11.124525 69.577446 20.719568
v -3.738400 59.620827 20.719597
v -3.738400 69.577446 20.719595
v -11.124525 59.620827 20.719570
v 3.738375 69.577446 20.719595
v 11.124500 59.620827 20.719597
v 11.124500 69.577446 20.719595
v 3.738375 59.620827 20.719597
v -3.693075 79.579376 20.719595
v 3.693050 69.622772 20.719595
v 3.693050 79.579376 20.719595
v -3.693075 69.622772 20.719595
v -11.124525 79.579376 20.719568
v -3.738400 69.622772 20.719595
v -3.738400 79.579376 20.719595
v -11.124525 69.622772 20.719568
v 3.738375 79.579376 20.719595
v 11.124500 69.622772 20.719595
v 11.124500 79.579376 20.719595
v 3.738375 69.622772 20.719595
v 11.147300 79.602051 21.623520
v -11.147299 79.602051 21.623520
v 11.147300 10.988977 21.623526
v 11.147300 10.988977 20.719601
v -11.147299 10.988977 20.719574
v -11.147299 10.988977 21.623526
v 17.319950 82.566124 21.623520
v -17.319952 82.566124 21.623493
v 17.319950 8.024900 21.623526
v -17.319952 8.024900 21.623499
v 17.319950 82.566124 21.412619
v -17.319952 82.566124 21.412596
v 17.319950 8.024900 21.412624
v -17.319952 8.024900 21.412601
v -14.233625 47.208302 21.623522
v -14.059649 47.225452 24.293072
v -14.233625 47.208302 24.293072
v -14.407598 47.225452 21.623522
v -14.574900 47.276199 21.623522
v -14.407598 47.225452 24.293072
v -14.574900 47.276199 24.293072
v -15.125399 48.100075 24.293072
v -14.864202 47.469501 24.293072
v -14.729074 47.358601 24.293072
v -14.729074 47.358601 21.623522
v -14.864202 47.469501 21.623522
v -13.892349 47.276199 21.623522
v -14.059649 47.225452 21.623522
v -13.892349 47.276199 24.293072
v -13.738174 47.358601 24.293072
v -13.603048 47.469501 24.293072
v -13.738174 47.358601 21.623522
v -13.603048 47.469501 21.623522
v -14.233625 48.991852 24.293072
v -14.864202 48.730652 24.293072
v -14.975100 48.595524 24.293072
v -14.864202 48.730652 21.623522
v -13.738174 48.841553 24.293072
v -13.892349 48.923977 24.293072
v -13.738174 48.841553 21.623522
v -13.409725 48.441349 21.623522
v -13.409725 47.758801 21.623522
v -13.341850 48.100075 21.623522
v -13.358999 47.926102 21.623522
v -13.341850 48.100075 24.293072
v -13.358999 47.926102 24.293072
v -13.409725 47.758801 24.293072
v -13.492151 47.604649 21.623522
v -13.492151 47.604649 24.293072
v -13.603048 48.730652 24.293072
v -13.358999 48.274048 24.293072
v -13.358999 48.274048 21.623522
v -13.409725 48.441349 24.293072
v -13.492151 48.595524 24.293072
v -13.492151 48.595524 21.623522
v -13.603048 48.730652 21.623522
v -14.574900 48.923977 21.623522
v -15.057524 47.758801 21.623522
v -14.975100 47.604649 21.623522
v -14.975100 47.604649 24.293072
v -15.057524 47.758801 24.293072
v -15.108252 47.926102 24.293072
v -15.108252 47.926102 21.623522
v -15.125399 48.100075 21.623522
v -15.057524 48.441349 21.623522
v -14.975100 48.595524 21.623522
v -15.057524 48.441349 24.293072
v -15.108252 48.274048 24.293072
v -15.108252 48.274048 21.623522
v -14.729074 48.841553 21.623522
v -14.729074 48.841553 24.293072
v -14.574900 48.923977 24.293072
v -14.407598 48.974724 24.293072
v -14.407598 48.974724 21.623522
v -14.233625 48.991852 21.623522
v -13.892349 48.923977 21.623522
v -14.059649 48.974724 24.293072
v -14.059649 48.974724 21.623522
v -12.810526 49.050976 23.584146
v -12.554976 48.795399 23.931671
v -12.652376 48.755074 23.584146
v -13.023401 47.598804 25.603022
v -13.377850 47.528305 25.833422
v -13.144449 47.372330 25.603022
v -12.810551 47.510628 25.322296
v -12.722876 47.799580 25.322296
v -12.554976 47.766201 25.002020
v -12.522100 48.100098 25.002020
v -12.416674 48.100098 24.654497
v -12.451574 48.454552 24.654497
v -12.416674 48.461498 24.293072
v -12.522100 48.809025 24.293072
v -12.722876 49.109550 23.931671
v -13.023401 49.310322 23.584146
v -12.948851 49.384872 23.931671
v -13.282751 49.523174 23.584146
v -13.224176 49.610825 23.931671
v -13.578650 49.681351 23.584146
v -13.538300 49.778751 23.931671
v -12.693275 49.129326 24.293072
v -12.554976 48.795399 24.654497
v -12.554976 48.434002 25.002020
v -12.693300 48.100101 25.322296
v -12.948851 47.844528 25.603022
v -13.282751 47.706230 25.833422
v -13.644150 47.706230 26.004620
v -13.732325 47.598804 26.004620
v -13.978075 47.844528 26.110022
v -14.032824 47.799580 26.110022
v -14.233625 48.100101 26.145622
v -13.933126 47.899303 26.110022
v -13.899725 47.961777 26.110022
v -13.578650 47.828804 26.004620
v -12.923674 49.410049 24.293072
v -12.722876 49.109550 24.654497
v -12.652376 48.755074 25.002020
v -12.722876 48.400604 25.322296
v -12.923674 48.100101 25.603022
v -13.224176 47.899303 25.833422
v -13.538300 47.961777 26.004620
v -13.204401 48.100101 25.833422
v -12.948851 48.355656 25.603022
v -12.810526 48.689552 25.322296
v -12.810526 49.050976 25.002020
v -12.948851 49.384872 24.654497
v -13.204401 49.640427 24.293072
v -13.224176 49.610825 24.654497
v -13.524675 49.811626 24.293072
v -13.538300 49.778751 24.654497
v -13.872200 49.917049 24.293072
v -13.879150 49.882126 24.654497
v -14.928949 49.778751 24.654497
v -14.567526 49.778751 25.002020
v -14.588099 49.882126 24.654497
v -14.233625 49.811626 25.002020
v -14.233625 49.917049 24.654497
v -13.899725 49.778751 25.002020
v -13.578650 49.681351 25.002020
v -13.282751 49.523174 25.002020
v -13.023401 49.310322 25.002020
v -12.952875 48.955853 25.322296
v -13.023401 48.601406 25.603022
v -13.224176 48.300877 25.833422
v -13.144449 49.189278 25.322296
v -13.144449 48.827877 25.603022
v -13.282751 48.493954 25.833422
v -13.538300 48.238403 26.004620
v -13.524675 48.100101 26.004620
v -13.872200 48.100101 26.110022
v -13.879150 48.029579 26.110022
v -13.879150 48.170605 26.110022
v -13.578650 48.371407 26.004620
v -13.377850 48.671906 25.833422
v -13.307348 49.026379 25.603022
v -13.377850 49.380829 25.322296
v -13.644150 49.523178 25.322296
v -14.823072 49.523178 25.322296
v -14.489176 49.384876 25.603022
v -14.534124 49.610828 25.322296
v -14.233625 49.410053 25.603022
v -14.233625 49.640430 25.322296
v -13.978075 49.384876 25.603022
v -13.933126 49.610828 25.322296
v -13.732325 49.310326 25.603022
v -13.505850 49.189278 25.603022
v -13.505850 48.827877 25.833422
v -13.644150 48.493954 26.004620
v -13.899725 48.238403 26.110022
v -13.933126 48.300877 26.110022
v -13.732325 48.601406 26.004620
v -13.661825 48.955853 25.833422
v -13.978075 48.355656 26.110022
v -13.839750 48.689552 26.004620
v -13.839750 49.050980 25.833422
v -14.032824 49.109554 25.833422
v -14.233625 49.129330 25.833422
v -14.434423 49.109528 25.833422
v -14.734926 49.310326 25.603022
v -14.627501 49.050980 25.833422
v -14.961401 49.189278 25.603022
v -14.805426 48.955853 25.833422
v -15.159903 49.026379 25.603022
v -14.961401 48.827877 25.833422
v -14.627501 48.689552 26.004620
v -14.504927 48.755077 26.004620
v -14.371923 48.795403 26.004620
v -14.233625 48.809029 26.004620
v -14.095324 48.795403 26.004620
v -13.962324 48.755077 26.004620
v -14.032824 48.400604 26.110022
v -14.095324 48.434006 26.110022
v -14.163122 48.454556 26.110022
v -14.233625 48.461502 26.110022
v -14.304125 48.454556 26.110022
v -14.371923 48.434006 26.110022
v -14.434423 48.400604 26.110022
v -14.734926 48.601406 26.004620
v -14.489176 48.355656 26.110022
v -15.322798 48.827877 25.603022
v -15.089399 48.671906 25.833422
v -15.443850 48.601406 25.603022
v -15.184500 48.493954 25.833422
v -15.518400 48.355656 25.603022
v -15.243074 48.300877 25.833422
v -14.888601 48.371407 26.004620
v -14.928949 48.238403 26.004620
v -14.567526 48.238403 26.110022
v -14.588099 48.170605 26.110022
v -14.534124 48.300877 26.110022
v -14.823072 48.493954 26.004620
v -14.942575 48.100101 26.004620
v -15.262850 48.100101 25.833422
v -15.543577 48.100101 25.603022
v -15.773951 48.100101 25.322296
v -15.744375 48.400604 25.322296
v -15.656702 48.689552 25.322296
v -15.514376 48.955853 25.322296
v -15.322798 49.189278 25.322296
v -15.089399 49.380829 25.322296
v -15.744375 47.799603 25.322296
v -15.518400 47.844528 25.603022
v -15.243074 47.899303 25.833422
v -14.928949 47.961777 26.004620
v -14.595049 48.100101 26.110022
v -14.588099 48.029579 26.110022
v -15.945150 48.100098 25.002020
v -15.912275 48.434002 25.002020
v -15.912275 47.766201 25.002020
v -15.814875 47.445126 25.002020
v -15.656702 47.510628 25.322296
v -15.443850 47.598804 25.603022
v -15.184500 47.706230 25.833422
v -14.888601 47.828804 26.004620
v -14.567526 47.961777 26.110022
v -14.805426 47.244328 25.833422
v -14.734926 47.598804 26.004620
v -14.961401 47.372330 25.833422
v -14.627501 47.510628 26.004620
v -14.489176 47.844528 26.110022
v -14.434423 47.799580 26.110022
v -14.534124 47.899303 26.110022
v -14.823072 47.706230 26.004620
v -15.089399 47.528305 25.833422
v -15.322798 47.372330 25.603022
v -15.514376 47.244328 25.322296
v -15.656702 47.149227 25.002020
v -15.744375 47.090649 24.654497
v -15.518400 46.815323 24.654497
v -15.443850 46.889851 25.002020
v -15.322798 47.010902 25.322296
v -15.159903 47.173828 25.603022
v -16.050573 47.738674 24.293072
v -16.050573 48.100098 24.654497
v -16.086172 48.100098 24.293072
v -16.015676 47.745625 24.654497
v -15.945150 47.391148 24.293072
v -15.912275 47.404774 24.654497
v -15.773951 47.070877 24.293072
v -15.543577 46.790150 24.293072
v -15.262850 46.559750 24.293072
v -15.243074 46.589352 24.654497
v -15.184500 46.676998 25.002020
v -15.089399 46.819355 25.322296
v -14.961401 47.010902 25.603022
v -14.371923 47.766205 26.110022
v -14.504927 47.445129 26.004620
v -14.627501 47.149231 25.833422
v -14.734926 46.889854 25.603022
v -14.823099 46.677002 25.322296
v -14.888601 46.518852 25.002020
v -14.928949 46.421452 24.654497
v -14.942575 46.388577 24.293072
v -14.928949 46.421452 23.931671
v -15.243074 46.589352 23.931671
v -14.588099 46.318050 23.931671
v -14.595049 46.283150 24.293072
v -14.588099 46.318050 24.654497
v -14.567526 46.421452 25.002020
v -14.534124 46.589355 25.322296
v -14.489176 46.815327 25.603022
v -14.434423 47.090652 25.833422
v -14.371923 47.404778 26.004620
v -14.304125 47.745628 26.110022
v -14.233625 46.283150 23.931671
v -14.233625 46.247551 24.293072
v -14.233625 46.283150 24.654497
v -14.233625 46.388577 25.002020
v -14.233625 46.559753 25.322296
v -14.233625 46.790154 25.603022
v -14.233625 47.070881 25.833422
v -14.233625 47.391151 26.004620
v -14.233625 47.738678 26.110022
v -13.899725 46.421452 25.002020
v -13.933126 46.589355 25.322296
v -13.978075 46.815327 25.603022
v -14.032824 47.090652 25.833422
v -14.095324 47.404778 26.004620
v -14.163122 47.745628 26.110022
v -14.095324 47.766205 26.110022
v -13.839750 47.510628 26.004620
v -13.505850 47.372330 25.833422
v -12.451574 47.745625 24.654497
v -12.652376 47.445126 25.002020
v -12.952875 47.244328 25.322296
v -13.307348 47.173828 25.603022
v -13.661825 47.244328 25.833422
v -13.962324 47.445129 26.004620
v -13.839750 47.149231 25.833422
v -13.732325 46.889854 25.603022
v -13.644175 46.677002 25.322296
v -13.505850 47.010902 25.603022
v -13.144449 47.010902 25.322296
v -13.377850 46.819355 25.322296
v -12.810526 47.149227 25.002020
v -13.023401 46.889851 25.002020
v -13.282751 46.676998 25.002020
v -13.578650 46.518852 25.002020
v -12.554976 47.404774 24.654497
v -12.722876 47.090649 24.654497
v -12.948851 46.815323 24.654497
v -13.224176 46.589352 24.654497
v -13.538300 46.421452 24.654497
v -12.381075 48.100098 24.293072
v -12.416674 47.738674 24.293072
v -12.522100 47.391148 24.293072
v -12.693300 47.070877 24.293072
v -12.923674 46.790150 24.293072
v -13.204401 46.559750 24.293072
v -13.524675 46.388577 24.293072
v -13.282751 46.676998 23.584146
v -13.538300 46.421452 23.931671
v -13.578650 46.518852 23.584146
v -13.224176 46.589352 23.931671
v -12.948851 46.815323 23.931671
v -12.722876 47.090649 23.931671
v -12.554976 47.404774 23.931671
v -12.451574 47.745625 23.931671
v -12.416674 48.100098 23.931671
v -12.451574 48.454552 23.931671
v -13.023401 46.889851 23.584146
v -12.810526 47.149227 23.584146
v -12.652376 47.445126 23.584146
v -12.554976 47.766201 23.584146
v -12.522100 48.100098 23.584146
v -12.554976 48.434002 23.584146
v -13.644175 46.676998 23.263870
v -13.899725 46.421452 23.584146
v -13.933126 46.589352 23.263870
v -13.377850 46.819351 23.263870
v -13.144449 47.010899 23.263870
v -12.952875 47.244324 23.263870
v -12.810551 47.510624 23.263870
v -12.722876 47.799576 23.263870
v -12.693300 48.100098 23.263870
v -12.722876 48.400600 23.263870
v -12.810526 48.689548 23.263870
v -14.233625 46.790150 22.983122
v -14.233625 46.559750 23.263870
v -14.534124 46.589352 23.263870
v -13.978075 46.815323 22.983122
v -13.732325 46.889851 22.983122
v -13.505850 47.010899 22.983122
v -13.307348 47.173824 22.983122
v -13.144449 47.372326 22.983122
v -13.023401 47.598801 22.983122
v -12.948851 47.844524 22.983122
v -12.923674 48.100098 22.983122
v -12.948851 48.355652 22.983122
v -13.839750 47.149227 22.752747
v -13.661825 47.244324 22.752747
v -13.505850 47.372326 22.752747
v -13.377850 47.528301 22.752747
v -13.282751 47.706226 22.752747
v -13.224176 47.899300 22.752747
v -13.204401 48.100098 22.752747
v -13.224176 48.300873 22.752747
v -13.282751 48.493950 22.752747
v -13.023401 48.601402 22.983122
v -13.377850 48.671902 22.752747
v -13.644150 48.493950 22.581547
v -13.578650 48.371403 22.581547
v -13.538300 48.238400 22.581547
v -13.524675 48.100098 22.581547
v -13.538300 47.961773 22.581547
v -13.578650 47.828800 22.581547
v -13.644150 47.706226 22.581547
v -13.732325 47.598801 22.581547
v -13.839750 47.510624 22.581547
v -13.962324 47.445126 22.581547
v -14.304125 47.745625 22.476120
v -14.371923 47.404774 22.581547
v -14.504927 47.445126 22.581547
v -14.233625 47.738674 22.476120
v -14.233625 47.391148 22.581547
v -14.163122 47.745625 22.476120
v -14.095324 47.404774 22.581547
v -14.095324 47.766201 22.476120
v -14.032824 47.799576 22.476120
v -13.978075 47.844524 22.476120
v -13.933126 47.899300 22.476120
v -13.899725 47.961773 22.476120
v -13.879150 48.029575 22.476120
v -13.872200 48.100098 22.476120
v -14.032824 47.090649 22.752747
v -14.233625 47.070877 22.752747
v -14.434423 47.090649 22.752747
v -14.627501 47.149227 22.752747
v -14.805426 47.244324 22.752747
v -14.627501 47.510624 22.581547
v -14.961401 47.372326 22.752747
v -14.734926 47.598801 22.581547
v -15.089399 47.528301 22.752747
v -14.823072 47.706226 22.581547
v -15.184500 47.706226 22.752747
v -14.888601 47.828800 22.581547
v -15.243074 47.899300 22.752747
v -14.928949 47.961773 22.581547
v -15.518400 47.844524 22.983122
v -15.543577 48.100098 22.983122
v -15.443850 47.598801 22.983122
v -15.322798 47.372326 22.983122
v -15.159903 47.173824 22.983122
v -14.961401 47.010899 22.983122
v -14.734926 46.889851 22.983122
v -14.489176 46.815323 22.983122
v -15.518400 48.355652 22.983122
v -15.744375 48.400600 23.263870
v -15.656702 48.689548 23.263870
v -15.773951 48.100098 23.263870
v -15.744375 47.799599 23.263870
v -15.656702 47.510624 23.263870
v -15.514376 47.244324 23.263870
v -15.322798 47.010899 23.263870
v -15.089399 46.819351 23.263870
v -14.823099 46.676998 23.263870
v -15.322798 49.189274 23.263870
v -15.184500 49.523174 23.584146
v -15.089399 49.380825 23.263870
v -15.443850 49.310322 23.584146
v -15.514376 48.955849 23.263870
v -15.656702 49.050976 23.584146
v -15.814875 48.755074 23.584146
v -15.912275 48.434002 23.584146
v -15.945150 48.100098 23.584146
v -15.912275 47.766201 23.584146
v -15.814875 47.445126 23.584146
v -15.656702 47.149227 23.584146
v -15.443850 46.889851 23.584146
v -16.015676 48.454575 23.931671
v -16.050573 48.100098 23.931671
v -16.015676 47.745625 23.931671
v -15.912275 47.404774 23.931671
v -15.744375 47.090649 23.931671
v -15.518400 46.815323 23.931671
v -15.184500 46.676998 23.584146
v -14.888601 46.518852 23.584146
v -14.567526 46.421452 23.584146
v -14.233625 46.388577 23.584146
v -13.879150 46.318050 23.931671
v -13.872200 46.283150 24.293072
v -13.879150 46.318050 24.654497
v 11.124500 10.987077 20.719601
v 3.738375 10.987077 20.469601
v 11.124500 10.987077 20.469601
v 3.738375 10.987077 20.719601
v -3.738400 10.987077 20.719601
v -11.124525 10.987077 20.469574
v -3.738400 10.987077 20.469601
v -11.124525 10.987077 20.719574
v 3.693050 10.987077 20.719601
v -3.693075 10.987077 20.469601
v 3.693050 10.987077 20.469601
v -3.693075 10.987077 20.719601
v 3.693050 19.567778 20.469599
v -3.693075 19.567778 20.469599
v -3.738400 19.567778 20.719599
v -3.738400 19.567778 20.469599
v -11.124525 19.567778 20.719572
v -11.124525 19.567778 20.469572
v 3.738375 19.567778 20.719599
v 11.124500 19.567778 20.469599
v 3.738375 19.567778 20.469599
v 11.124500 19.567778 20.719599
v 3.693050 19.613077 20.469599
v 3.693050 29.569702 20.469599
v -3.693075 19.613077 20.469599
v -3.693075 29.569702 20.469599
v -3.738400 19.613077 20.469599
v -3.738400 29.569702 20.469599
v -11.124525 19.613077 20.469572
v -11.124525 29.569702 20.469572
v 3.738375 19.613077 20.469599
v 11.124500 19.613077 20.469599
v 11.124500 29.569702 20.469599
v 3.738375 29.569702 20.469599
v 3.693050 29.615026 20.469599
v 3.693050 39.571625 20.469597
v -3.693075 29.615026 20.469599
v -3.693075 39.571625 20.469597
v -3.738400 29.615026 20.469599
v -3.738400 39.571625 20.469597
v -11.124525 29.615026 20.469572
v -11.124525 39.571625 20.469570
v 3.738375 29.615026 20.469599
v 11.124500 29.615026 20.469599
v 11.124500 39.571625 20.469597
v 3.738375 39.571625 20.469597
v 3.693050 39.616951 20.469597
v 3.693050 49.573578 20.469597
v -3.693075 39.616951 20.469597
v -3.693075 49.573578 20.469597
v -3.738400 39.616951 20.469597
v -3.738400 49.573578 20.469597
v -11.124525 39.616951 20.469570
v -11.124525 49.573578 20.469570
v 3.738375 39.616951 20.469597
v 11.124500 39.616951 20.469597
v 11.124500 49.573578 20.469597
v 3.738375 49.573578 20.469597
v 3.693050 49.618900 20.469597
v 3.693050 59.575497 20.469597
v -3.693075 49.618900 20.469597
v -3.693075 59.575497 20.469597
v -3.738400 49.618900 20.469597
v -3.738400 59.575497 20.469597
v -11.124525 49.618900 20.469570
v -11.124525 59.575497 20.469570
v 3.738375 49.618900 20.469597
v 11.124500 49.618900 20.469597
v 11.124500 59.575497 20.469597
v 3.738375 59.575497 20.469597
v 3.693050 59.620827 20.469597
v 3.693050 69.577446 20.469595
v -3.693075 59.620827 20.469597
v -3.693075 69.577446 20.469595
v -3.738400 59.620827 20.469597
v -3.738400 69.577446 20.469595
v -11.124525 59.620827 20.469570
v -11.124525 69.577446 20.469568
v 3.738375 59.620827 20.469597
v 11.124500 59.620827 20.469597
v 11.124500 69.577446 20.469595
v 3.738375 69.577446 20.469595
v 3.693050 69.622772 20.469595
v 3.693050 79.579376 20.469595
v -3.693075 69.622772 20.469595
v -3.693075 79.579376 20.469595
v -3.738400 69.622772 20.469595
v -3.738400 79.579376 20.469595
v -11.124525 69.622772 20.469568
v 3.738375 69.622772 20.469595
v 11.124500 69.622772 20.469595
v 3.738375 79.579376 20.469595
v 11.124500 79.579376 20.469595
v -11.124525 79.579376 20.469568
v -14.534124 48.300873 22.476120
v -14.734926 48.601402 22.581547
v -14.489176 48.355652 22.476120
v -14.823072 48.493950 22.581547
v -15.262850 48.100098 22.752747
v -14.942575 48.100098 22.581547
v -15.243074 48.300873 22.752747
v -14.928949 48.238400 22.581547
v -15.184500 48.493950 22.752747
v -14.888601 48.371403 22.581547
v -15.089399 48.671902 22.752747
v -14.961401 48.827873 22.752747
v -14.805426 48.955849 22.752747
v -14.627501 48.689548 22.581547
v -14.434423 48.400600 22.476120
v -14.233625 48.100098 22.440521
v -14.567526 48.238400 22.476120
v -14.371923 48.434002 22.476120
v -14.504927 48.755074 22.581547
v -14.627501 49.050976 22.752747
v -14.734926 49.310322 22.983122
v -14.961401 49.189274 22.983122
v -15.159903 49.026375 22.983122
v -15.322798 48.827873 22.983122
v -15.443850 48.601402 22.983122
v -14.371923 47.766201 22.476120
v -14.434423 47.799599 22.476120
v -14.489176 47.844524 22.476120
v -14.534124 47.899300 22.476120
v -14.567526 47.961773 22.476120
v -14.588099 48.029575 22.476120
v -14.595049 48.100098 22.476120
v -14.588099 48.170601 22.476120
v 17.996401 83.242577 21.412619
v -17.996424 83.242577 21.412596
v -17.996424 7.348452 21.412601
v 17.996401 7.348452 21.412624
v -14.371923 48.795399 22.581547
v -14.434423 49.109524 22.752747
v -14.233625 49.129326 22.752747
v -14.233625 49.410049 22.983122
v -14.489176 49.384872 22.983122
v -14.304125 48.454552 22.476120
v -14.233625 48.809025 22.581547
v -14.032824 49.109550 22.752747
v -13.978075 49.384872 22.983122
v -13.732325 49.310322 22.983122
v -13.644150 49.523174 23.263870
v -13.377850 49.380825 23.263870
v -13.933126 49.610825 23.263870
v -14.233625 49.640427 23.263870
v -14.534124 49.610825 23.263870
v -14.823072 49.523174 23.263870
v -12.952875 48.955849 23.263870
v -13.144449 49.189274 23.263870
v -13.899725 49.778751 23.584146
v -14.233625 49.811626 23.584146
v -14.567526 49.778751 23.584146
v -14.888601 49.681351 23.584146
v -13.879150 49.882126 23.931671
v -14.233625 49.917049 23.931671
v -14.588099 49.882126 23.931671
v -14.928949 49.778751 23.931671
v -15.243074 49.610825 23.931671
v -15.518400 49.384872 23.931671
v -15.744375 49.109550 23.931671
v -15.912275 48.795399 23.931671
v -15.262850 49.640427 24.293072
v -14.942575 49.811626 24.293072
v -14.595049 49.917049 24.293072
v -14.233625 49.952652 24.293072
v -15.243074 49.610825 24.654497
v -15.543577 49.410049 24.293072
v -15.518400 49.384872 24.654497
v -15.773951 49.129326 24.293072
v -15.744375 49.109550 24.654497
v -15.945150 48.809025 24.293072
v -15.912275 48.795399 24.654497
v -16.050573 48.461498 24.293072
v -16.015676 48.454575 24.654497
v -15.814875 48.755074 25.002020
v -15.656702 49.050976 25.002020
v -15.443850 49.310322 25.002020
v -15.184500 49.523174 25.002020
v -14.888601 49.681351 25.002020
v -3.738400 10.987077 20.739651
v -3.738400 19.567778 20.739649
v 11.124500 10.987077 20.739651
v 11.124500 19.567778 20.739649
v 3.693050 10.987077 20.739651
v -17.996424 7.348452 20.720375
v -11.146826 10.981352 20.720375
v -17.996424 83.242577 20.720369
v 17.996401 7.348452 20.720375
v 11.145150 10.981352 20.720375
v 17.996401 83.242577 20.720369
v 3.738375 29.569702 20.739649
v 3.738375 19.613077 20.739649
v -3.693075 69.622772 20.739645
v 3.693050 69.622772 20.739645
v -3.693075 79.579376 20.739645
v 3.693050 49.618900 20.739647
v 3.693050 59.575497 20.739647
v -3.693075 49.618900 20.739647
v -11.124525 29.569702 20.739649
v -11.124525 19.613077 20.739649
v -3.693075 59.575497 20.739647
v 3.693050 29.615026 20.739649
v 3.693050 39.571625 20.739647
v 11.124500 29.615026 20.739649
v 11.124500 39.571625 20.739647
v -3.693075 29.615026 20.739649
v -3.693075 39.571625 20.739647
v -3.738400 69.622772 20.739645
v -3.738400 79.579376 20.739645
v -11.124525 69.622772 20.739645
v -3.715725 69.600098 20.739645
v -11.124525 69.577446 20.739645
v -3.738400 69.577446 20.739645
v -11.147175 69.600098 20.739645
v -11.124525 79.579376 20.739645
v -11.124525 59.620827 20.739647
v -11.147175 59.598179 20.739647
v -3.738400 59.620827 20.739647
v -3.715725 59.598179 20.739647
v -3.693075 59.620827 20.739647
v -3.693075 69.577446 20.739645
v 3.715725 69.600098 20.739645
v 3.693050 69.577446 20.739645
v 3.715725 59.598179 20.739647
v 3.693050 59.620827 20.739647
v 3.715725 49.596249 20.739647
v -3.715725 49.596249 20.739647
v -11.147175 49.596249 20.739647
v -11.124525 49.618900 20.739647
v -11.124525 59.575497 20.739647
v -3.693075 49.573578 20.739647
v 3.693050 49.573578 20.739647
v 3.715725 39.594299 20.739647
v 3.693050 39.616951 20.739647
v -3.715725 39.594299 20.739647
v -3.693075 39.616951 20.739647
v -11.124525 49.573578 20.739647
v -11.124525 39.616951 20.739647
v -11.147175 39.594299 20.739647
v -3.738400 39.616951 20.739647
v -3.738400 49.573578 20.739647
v -3.715725 29.592352 20.739649
v 3.715725 29.592352 20.739649
v -11.124525 39.571625 20.739647
v -11.124525 29.615026 20.739649
v -11.147175 29.592352 20.739649
v -3.738400 29.615026 20.739649
v -3.738400 39.571625 20.739647
v -3.693075 29.569702 20.739649
v -3.693075 19.613077 20.739649
v -3.715725 19.590427 20.739649
v 3.693050 19.613077 20.739649
v 3.715725 19.590427 20.739649
v 3.693050 29.569702 20.739649
v -11.147175 19.590427 20.739649
v -3.738400 19.613077 20.739649
v -3.738400 29.569702 20.739649
v -3.715725 10.970701 20.739651
v -11.124525 19.567778 20.739649
v -11.124525 10.987077 20.739651
v -11.147175 10.970701 20.739651
v 3.715725 10.970701 20.739651
v -3.693075 10.987077 20.739651
v 11.147175 10.970701 20.739651
v 11.147175 19.590427 20.739649
v 3.738375 19.567778 20.739649
v 3.738375 10.987077 20.739651
v 11.124500 19.613077 20.739649
v 11.124500 29.569702 20.739649
v 11.147175 29.592352 20.739649
v 3.738375 29.615026 20.739649
v 3.738375 39.571625 20.739647
v 11.147175 39.594299 20.739647
v 3.738375 39.616951 20.739647
v 3.738375 49.573578 20.739647
v 11.124500 39.616951 20.739647
v 11.124500 49.573578 20.739647
v 11.147175 49.596249 20.739647
v 3.738375 49.618900 20.739647
v 3.738375 59.575497 20.739647
v 11.124500 49.618900 20.739647
v 11.124500 59.575497 20.739647
v 11.147175 59.598179 20.739647
v 11.124500 59.620827 20.739647
v 3.738375 59.620827 20.739647
v 3.738375 69.577446 20.739645
v 11.147175 69.600098 20.739645
v 11.124500 69.577446 20.739645
v 3.738375 69.622772 20.739645
v 3.738375 79.579376 20.739645
v 11.124500 79.579376 20.739645
v 11.124500 69.622772 20.739645
v 3.693050 79.579376 20.739645
v -11.147175 69.600098 20.719568
v -11.147175 59.598179 20.719570
v -11.147175 49.596249 20.719570
v -11.147175 39.594299 20.719570
v -11.147175 29.592352 20.719572
v -11.147175 19.590427 20.719572
v -11.147175 10.970701 20.719574
v 11.147175 10.970701 20.719601
v 11.147175 19.590427 20.719599
v 11.147175 29.592352 20.719599
v 11.147175 39.594299 20.719597
v 11.147175 49.596249 20.719597
v 11.147175 59.598179 20.719597
v -13.879150 48.170601 22.476120
v -13.899725 48.238400 22.476120
v -13.933126 48.300873 22.476120
v -13.978075 48.355652 22.476120
v -13.732325 48.601402 22.581547
v -14.032824 48.400600 22.476120
v -13.144449 48.827873 22.983122
v -13.505850 48.827873 22.752747
v -13.307348 49.026375 22.983122
v -13.661825 48.955849 22.752747
v -13.505850 49.189274 22.983122
v -13.839750 49.050976 22.752747
v -13.962324 48.755074 22.581547
v -14.095324 48.795399 22.581547
v -14.163122 48.454575 22.476120
v -14.233625 48.461498 22.476120
v -14.095324 48.434002 22.476120
v -13.839750 48.689548 22.581547
vn 1.0000 -0.0000 -0.0001
vn -0.0044 0.0211 -0.9998
vn 0.6104 0.5682 0.5519
vn -0.0000 -0.0000 1.0000
vn -0.3015 0.3015 0.9045
vn -0.3015 -0.3015 0.9045
vn 0.3015 -0.3015 0.9045
vn -0.0000 0.7071 0.7071
vn -0.0000 1.0000 -0.0000
vn -0.5838 0.5723 0.5759
vn 0.0028 0.0037 -1.0000
vn -0.3014 -0.3009 0.9048
vn 0.3015 -0.3014 0.9046
vn -0.7071 0.7071 -0.0000
vn 0.7071 0.7071 -0.0000
vn 0.3015 0.3015 0.9045
vn 0.5773 0.5774 0.5774
vn -0.5774 0.5773 0.5773
vn 0.5774 -0.5773 0.5774
vn -0.5774 -0.5774 0.5773
vn -0.0000 -0.7279 -0.6857
vn 0.1420 -0.7139 0.6857
vn -0.0000 -0.7279 0.6857
vn -0.1420 -0.7139 -0.6857
vn -0.2785 -0.6725 -0.6857
vn -0.1420 -0.7139 0.6857
vn -0.2785 -0.6725 0.6857
vn -0.7279 -0.0000 0.6857
vn -0.5147 -0.5147 0.6857
vn -0.4044 -0.6052 0.6857
vn -0.4044 -0.6052 -0.6857
vn -0.5147 -0.5147 -0.6857
vn 0.2785 -0.6725 -0.6857
vn 0.1420 -0.7139 -0.6857
vn 0.2785 -0.6725 0.6857
vn 0.4044 -0.6052 0.6857
vn 0.5147 -0.5147 0.6857
vn 0.4044 -0.6052 -0.6857
vn 0.5147 -0.5147 -0.6857
vn -0.0000 0.7279 0.6857
vn -0.5147 0.5147 0.6857
vn -0.6052 0.4044 0.6857
vn -0.5147 0.5147 -0.6857
vn 0.4044 0.6052 0.6857
vn 0.2786 0.6725 0.6857
vn 0.4044 0.6052 -0.6857
vn 0.6725 0.2785 -0.6857
vn 0.6725 -0.2786 -0.6857
vn 0.7279 -0.0000 -0.6857
vn 0.7139 -0.1420 -0.6857
vn 0.7279 -0.0000 0.6857
vn 0.7139 -0.1420 0.6857
vn 0.6725 -0.2786 0.6857
vn 0.6052 -0.4044 -0.6857
vn 0.6052 -0.4044 0.6857
vn 0.5147 0.5147 0.6857
vn 0.7139 0.1420 0.6857
vn 0.7139 0.1420 -0.6857
vn 0.6725 0.2786 0.6857
vn 0.6052 0.4044 0.6857
vn 0.6052 0.4044 -0.6857
vn 0.5147 0.5147 -0.6857
vn -0.2786 0.6725 -0.6857
vn -0.6725 -0.2786 -0.6857
vn -0.6052 -0.4044 -0.6857
vn -0.6052 -0.4044 0.6857
vn -0.6725 -0.2786 0.6857
vn -0.7139 -0.1420 0.6857
vn -0.7139 -0.1420 -0.6857
vn -0.7279 -0.0000 -0.6857
vn -0.6725 0.2785 -0.6857
vn -0.6052 0.4044 -0.6857
vn -0.6725 0.2786 0.6857
vn -0.7139 0.1420 0.6857
vn -0.7139 0.1420 -0.6857
vn -0.4044 0.6052 -0.6857
vn -0.4044 0.6052 0.6857
vn -0.2786 0.6725 0.6857
vn -0.1420 0.7139 0.6857
vn -0.1420 0.7139 -0.6857
vn -0.0000 0.7279 -0.6857
vn 0.2786 0.6725 -0.6857
vn 0.1420 0.7139 0.6857
vn 0.1420 0.7139 -0.6857
vn 0.7689 0.5138 -0.3806
vn 0.9063 0.3754 -0.1939
vn 0.8544 0.3539 -0.3805
vn 0.6561 -0.2718 0.7041
vn 0.4655 -0.3110 0.8286
vn 0.5905 -0.3945 0.7041
vn 0.7699 -0.3189 0.5528
vn 0.8173 -0.1626 0.5528
vn 0.9070 -0.1804 0.3805
vn 0.9248 -0.0000 0.3806
vn 0.9810 -0.0000 0.1939
vn 0.9622 0.1914 0.1939
vn 0.9808 0.1951 -0.0000
vn 0.9239 0.3827 -0.0000
vn 0.8157 0.5450 -0.1939
vn 0.6539 0.6539 -0.3806
vn 0.6937 0.6937 -0.1939
vn 0.5138 0.7689 -0.3805
vn 0.5450 0.8157 -0.1939
vn 0.3539 0.8544 -0.3806
vn 0.3754 0.9063 -0.1939
vn 0.8315 0.5556 -0.0000
vn 0.9063 0.3754 0.1939
vn 0.9070 0.1804 0.3805
vn 0.8333 -0.0000 0.5528
vn 0.6965 -0.1386 0.7041
vn 0.5172 -0.2142 0.8286
vn 0.3225 -0.2155 0.9217
vn 0.2743 -0.2743 0.9217
vn 0.1421 -0.1421 0.9796
vn 0.1116 -0.1671 0.9796
vn 0.1671 -0.1116 0.9796
vn 0.1856 -0.0769 0.9796
vn 0.3583 -0.1484 0.9217
vn 0.8157 0.5450 0.1939
vn 0.8544 0.3539 0.3805
vn 0.8173 0.1626 0.5528
vn 0.7102 -0.0000 0.7040
vn 0.5490 -0.1092 0.8286
vn 0.3804 -0.0757 0.9217
vn 0.5598 -0.0000 0.8286
vn 0.6965 0.1386 0.7041
vn 0.7699 0.3189 0.5528
vn 0.7689 0.5138 0.3806
vn 0.6937 0.6937 0.1940
vn 0.5556 0.8315 -0.0000
vn 0.5450 0.8157 0.1939
vn 0.3827 0.9239 -0.0000
vn 0.3754 0.9063 0.1939
vn 0.1951 0.9808 -0.0000
vn 0.1914 0.9622 0.1939
vn -0.3754 0.9063 0.1939
vn -0.1804 0.9070 0.3805
vn -0.1914 0.9622 0.1939
vn -0.0000 0.9248 0.3806
vn -0.0000 0.9810 0.1939
vn 0.1804 0.9070 0.3805
vn 0.3539 0.8544 0.3805
vn 0.5138 0.7689 0.3805
vn 0.6539 0.6539 0.3806
vn 0.6929 0.4630 0.5528
vn 0.6561 0.2718 0.7041
vn 0.5490 0.1092 0.8286
vn 0.5893 0.5893 0.5528
vn 0.5905 0.3945 0.7040
vn 0.5172 0.2142 0.8286
vn 0.3804 0.0757 0.9217
vn 0.3879 -0.0000 0.9217
vn 0.2009 -0.0000 0.9796
vn 0.1971 -0.0392 0.9796
vn 0.1971 0.0392 0.9796
vn 0.3583 0.1484 0.9217
vn 0.4655 0.3110 0.8286
vn 0.5022 0.5022 0.7040
vn 0.4630 0.6929 0.5528
vn 0.3189 0.7699 0.5528
vn -0.3189 0.7699 0.5528
vn -0.1386 0.6965 0.7040
vn -0.1626 0.8173 0.5528
vn -0.0000 0.7102 0.7040
vn -0.0000 0.8333 0.5528
vn 0.1386 0.6965 0.7040
vn 0.1626 0.8173 0.5528
vn 0.2718 0.6561 0.7040
vn 0.3945 0.5905 0.7041
vn 0.3958 0.3958 0.8286
vn 0.3225 0.2155 0.9217
vn 0.1856 0.0769 0.9796
vn 0.1671 0.1116 0.9796
vn 0.2743 0.2743 0.9217
vn 0.3110 0.4655 0.8286
vn 0.1421 0.1421 0.9796
vn 0.2155 0.3225 0.9217
vn 0.2143 0.5172 0.8286
vn 0.1092 0.5490 0.8286
vn -0.0000 0.5598 0.8286
vn -0.1092 0.5490 0.8286
vn -0.2718 0.6561 0.7040
vn -0.2142 0.5172 0.8286
vn -0.3945 0.5905 0.7040
vn -0.3110 0.4654 0.8286
vn -0.5022 0.5022 0.7040
vn -0.3958 0.3959 0.8286
vn -0.2155 0.3225 0.9217
vn -0.1484 0.3584 0.9217
vn -0.0756 0.3804 0.9217
vn -0.0000 0.3879 0.9217
vn 0.0756 0.3804 0.9217
vn 0.1484 0.3583 0.9217
vn 0.1116 0.1671 0.9796
vn 0.0769 0.1857 0.9796
vn 0.0392 0.1971 0.9796
vn -0.0000 0.2010 0.9796
vn -0.0392 0.1971 0.9796
vn -0.0769 0.1857 0.9796
vn -0.1117 0.1671 0.9796
vn -0.2743 0.2743 0.9217
vn -0.1421 0.1421 0.9796
vn -0.5905 0.3945 0.7040
vn -0.4655 0.3110 0.8286
vn -0.6561 0.2718 0.7040
vn -0.5172 0.2142 0.8286
vn -0.6965 0.1385 0.7040
vn -0.5490 0.1092 0.8286
vn -0.3583 0.1485 0.9217
vn -0.3804 0.0757 0.9217
vn -0.1857 0.0769 0.9796
vn -0.1971 0.0392 0.9796
vn -0.1671 0.1116 0.9796
vn -0.3225 0.2155 0.9217
vn -0.3879 -0.0000 0.9217
vn -0.5598 -0.0000 0.8286
vn -0.7102 -0.0000 0.7040
vn -0.8333 -0.0000 0.5528
vn -0.8173 0.1626 0.5528
vn -0.7699 0.3189 0.5528
vn -0.6929 0.4630 0.5528
vn -0.5893 0.5893 0.5527
vn -0.4630 0.6929 0.5528
vn -0.8173 -0.1626 0.5528
vn -0.6965 -0.1386 0.7041
vn -0.5490 -0.1092 0.8286
vn -0.3804 -0.0757 0.9217
vn -0.2010 -0.0000 0.9796
vn -0.1971 -0.0392 0.9796
vn -0.9248 -0.0000 0.3805
vn -0.9070 0.1804 0.3805
vn -0.9070 -0.1804 0.3805
vn -0.8544 -0.3539 0.3806
vn -0.7699 -0.3189 0.5528
vn -0.6561 -0.2718 0.7041
vn -0.5172 -0.2142 0.8286
vn -0.3583 -0.1485 0.9217
vn -0.1857 -0.0769 0.9796
vn -0.3110 -0.4654 0.8286
vn -0.2743 -0.2742 0.9217
vn -0.3958 -0.3958 0.8286
vn -0.2155 -0.3225 0.9217
vn -0.1421 -0.1421 0.9796
vn -0.1116 -0.1671 0.9796
vn -0.1671 -0.1116 0.9796
vn -0.3225 -0.2155 0.9217
vn -0.4655 -0.3110 0.8286
vn -0.5905 -0.3945 0.7041
vn -0.6929 -0.4630 0.5528
vn -0.7689 -0.5138 0.3805
vn -0.8157 -0.5450 0.1939
vn -0.6937 -0.6937 0.1939
vn -0.6539 -0.6539 0.3805
vn -0.5893 -0.5893 0.5528
vn -0.5022 -0.5021 0.7040
vn -0.9808 -0.1951 -0.0000
vn -0.9810 -0.0000 0.1939
vn -1.0000 -0.0000 -0.0000
vn -0.9622 -0.1914 0.1939
vn -0.9239 -0.3827 -0.0000
vn -0.9063 -0.3754 0.1939
vn -0.8315 -0.5556 -0.0000
vn -0.7071 -0.7071 -0.0000
vn -0.5556 -0.8315 -0.0000
vn -0.5450 -0.8157 0.1939
vn -0.5138 -0.7689 0.3805
vn -0.4630 -0.6929 0.5528
vn -0.3946 -0.5905 0.7040
vn -0.0769 -0.1856 0.9796
vn -0.1484 -0.3584 0.9217
vn -0.2142 -0.5172 0.8286
vn -0.2717 -0.6561 0.7041
vn -0.3189 -0.7699 0.5527
vn -0.3539 -0.8544 0.3805
vn -0.3754 -0.9063 0.1939
vn -0.3827 -0.9239 -0.0000
vn -0.3754 -0.9063 -0.1939
vn -0.5450 -0.8157 -0.1939
vn -0.1914 -0.9622 -0.1939
vn -0.1951 -0.9808 -0.0000
vn -0.1914 -0.9622 0.1939
vn -0.1804 -0.9070 0.3805
vn -0.1626 -0.8173 0.5528
vn -0.1385 -0.6965 0.7041
vn -0.1092 -0.5490 0.8286
vn -0.0757 -0.3804 0.9217
vn -0.0392 -0.1971 0.9796
vn -0.0000 -0.9810 -0.1939
vn -0.0000 -1.0000 -0.0000
vn -0.0000 -0.9810 0.1939
vn -0.0000 -0.9248 0.3805
vn -0.0000 -0.8333 0.5528
vn -0.0000 -0.7101 0.7041
vn -0.0000 -0.5598 0.8286
vn -0.0000 -0.3879 0.9217
vn -0.0000 -0.2010 0.9796
vn 0.1804 -0.9070 0.3805
vn 0.1626 -0.8173 0.5528
vn 0.1385 -0.6965 0.7041
vn 0.1092 -0.5490 0.8286
vn 0.0757 -0.3804 0.9217
vn 0.0392 -0.1971 0.9796
vn 0.0769 -0.1857 0.9796
vn 0.2155 -0.3225 0.9217
vn 0.3958 -0.3958 0.8286
vn 0.9622 -0.1914 0.1939
vn 0.8544 -0.3539 0.3806
vn 0.6929 -0.4630 0.5528
vn 0.5022 -0.5021 0.7041
vn 0.3110 -0.4655 0.8286
vn 0.1484 -0.3584 0.9217
vn 0.2142 -0.5172 0.8286
vn 0.2717 -0.6561 0.7041
vn 0.3189 -0.7699 0.5528
vn 0.3945 -0.5905 0.7041
vn 0.5893 -0.5893 0.5528
vn 0.4630 -0.6929 0.5528
vn 0.7689 -0.5138 0.3805
vn 0.6539 -0.6539 0.3805
vn 0.5138 -0.7689 0.3805
vn 0.3539 -0.8544 0.3805
vn 0.9063 -0.3754 0.1939
vn 0.8157 -0.5450 0.1939
vn 0.6937 -0.6937 0.1939
vn 0.5450 -0.8157 0.1939
vn 0.3754 -0.9063 0.1939
vn 1.0000 -0.0000 -0.0000
vn 0.9808 -0.1951 -0.0000
vn 0.9239 -0.3827 -0.0000
vn 0.8315 -0.5556 -0.0000
vn 0.7071 -0.7071 -0.0000
vn 0.5556 -0.8315 -0.0000
vn 0.3827 -0.9239 -0.0000
vn 0.5138 -0.7689 -0.3805
vn 0.3754 -0.9063 -0.1939
vn 0.3539 -0.8544 -0.3805
vn 0.5450 -0.8157 -0.1939
vn 0.6937 -0.6937 -0.1939
vn 0.8157 -0.5450 -0.1939
vn 0.9063 -0.3754 -0.1939
vn 0.9622 -0.1914 -0.1939
vn 0.9810 -0.0000 -0.1939
vn 0.9622 0.1914 -0.1939
vn 0.6539 -0.6539 -0.3805
vn 0.7689 -0.5138 -0.3805
vn 0.8544 -0.3539 -0.3805
vn 0.9070 -0.1804 -0.3805
vn 0.9248 -0.0000 -0.3806
vn 0.9070 0.1804 -0.3805
vn 0.3189 -0.7699 -0.5527
vn 0.1804 -0.9070 -0.3805
vn 0.1626 -0.8173 -0.5527
vn 0.4630 -0.6929 -0.5527
vn 0.5893 -0.5893 -0.5528
vn 0.6929 -0.4630 -0.5528
vn 0.7699 -0.3189 -0.5528
vn 0.8173 -0.1626 -0.5527
vn 0.8333 -0.0000 -0.5527
vn 0.8173 0.1626 -0.5528
vn 0.7699 0.3189 -0.5528
vn -0.0000 -0.7101 -0.7041
vn -0.0000 -0.8334 -0.5527
vn -0.1626 -0.8173 -0.5528
vn 0.1385 -0.6965 -0.7041
vn 0.2717 -0.6561 -0.7041
vn 0.3945 -0.5905 -0.7041
vn 0.5022 -0.5021 -0.7041
vn 0.5905 -0.3945 -0.7041
vn 0.6561 -0.2718 -0.7041
vn 0.6965 -0.1386 -0.7041
vn 0.7102 -0.0000 -0.7040
vn 0.6965 0.1385 -0.7041
vn 0.2142 -0.5172 -0.8286
vn 0.3110 -0.4654 -0.8287
vn 0.3958 -0.3958 -0.8286
vn 0.4654 -0.3110 -0.8286
vn 0.5172 -0.2142 -0.8286
vn 0.5490 -0.1092 -0.8286
vn 0.5598 -0.0000 -0.8286
vn 0.5490 0.1092 -0.8286
vn 0.5172 0.2142 -0.8286
vn 0.6561 0.2718 -0.7041
vn 0.4654 0.3110 -0.8286
vn 0.3225 0.2155 -0.9217
vn 0.3584 0.1485 -0.9217
vn 0.3805 0.0757 -0.9217
vn 0.3879 -0.0000 -0.9217
vn 0.3804 -0.0757 -0.9217
vn 0.3584 -0.1484 -0.9217
vn 0.3225 -0.2155 -0.9217
vn 0.2743 -0.2743 -0.9217
vn 0.2155 -0.3225 -0.9217
vn 0.1484 -0.3584 -0.9217
vn -0.0392 -0.1971 -0.9796
vn -0.0757 -0.3804 -0.9217
vn -0.1484 -0.3584 -0.9217
vn -0.0000 -0.2010 -0.9796
vn -0.0000 -0.3879 -0.9217
vn 0.0392 -0.1971 -0.9796
vn 0.0757 -0.3804 -0.9217
vn 0.0769 -0.1857 -0.9796
vn 0.1117 -0.1671 -0.9796
vn 0.1421 -0.1421 -0.9796
vn 0.1671 -0.1117 -0.9796
vn 0.1857 -0.0769 -0.9796
vn 0.1971 -0.0392 -0.9796
vn 0.2010 -0.0000 -0.9796
vn 0.1092 -0.5490 -0.8286
vn -0.0000 -0.5598 -0.8286
vn -0.1092 -0.5490 -0.8286
vn -0.2142 -0.5171 -0.8287
vn -0.3110 -0.4654 -0.8286
vn -0.2155 -0.3225 -0.9217
vn -0.3958 -0.3958 -0.8286
vn -0.2743 -0.2743 -0.9217
vn -0.4654 -0.3110 -0.8286
vn -0.3225 -0.2155 -0.9217
vn -0.5172 -0.2142 -0.8286
vn -0.3584 -0.1485 -0.9217
vn -0.5490 -0.1092 -0.8286
vn -0.3805 -0.0757 -0.9217
vn -0.6965 -0.1386 -0.7041
vn -0.7102 -0.0000 -0.7040
vn -0.6561 -0.2718 -0.7041
vn -0.5905 -0.3945 -0.7041
vn -0.5022 -0.5021 -0.7041
vn -0.3945 -0.5905 -0.7041
vn -0.2717 -0.6561 -0.7041
vn -0.1385 -0.6965 -0.7041
vn -0.6965 0.1386 -0.7041
vn -0.8173 0.1626 -0.5528
vn -0.7699 0.3189 -0.5528
vn -0.8333 -0.0000 -0.5528
vn -0.8173 -0.1626 -0.5528
vn -0.7699 -0.3189 -0.5528
vn -0.6929 -0.4630 -0.5527
vn -0.5893 -0.5893 -0.5527
vn -0.4630 -0.6929 -0.5528
vn -0.3189 -0.7699 -0.5527
vn -0.5893 0.5893 -0.5527
vn -0.5138 0.7689 -0.3805
vn -0.4630 0.6929 -0.5527
vn -0.6539 0.6539 -0.3805
vn -0.6929 0.4630 -0.5527
vn -0.7689 0.5138 -0.3806
vn -0.8544 0.3539 -0.3806
vn -0.9070 0.1804 -0.3805
vn -0.9248 -0.0000 -0.3805
vn -0.9070 -0.1804 -0.3805
vn -0.8544 -0.3539 -0.3805
vn -0.7689 -0.5138 -0.3805
vn -0.6539 -0.6539 -0.3805
vn -0.9622 0.1914 -0.1939
vn -0.9810 -0.0000 -0.1939
vn -0.9622 -0.1914 -0.1939
vn -0.9063 -0.3754 -0.1939
vn -0.8157 -0.5450 -0.1939
vn -0.6937 -0.6937 -0.1939
vn -0.5138 -0.7689 -0.3805
vn -0.3539 -0.8544 -0.3805
vn -0.1804 -0.9070 -0.3805
vn -0.0000 -0.9248 -0.3805
vn 0.1914 -0.9622 -0.1939
vn 0.1951 -0.9808 -0.0000
vn 0.1914 -0.9622 0.1939
vn -0.0000 -0.7071 0.7071
vn -0.5774 -0.5773 -0.5774
vn 0.5774 -0.5774 -0.5773
vn -0.5773 -0.5774 -0.5774
vn -0.5774 -0.5774 -0.5774
vn 0.5774 -0.5774 -0.5774
vn 0.5774 0.5774 -0.5774
vn -0.5774 0.5773 -0.5774
vn 0.5774 0.5774 -0.5773
vn -0.5773 0.5773 -0.5774
vn 0.5774 0.5773 -0.5774
vn -0.1671 0.1117 -0.9796
vn -0.2743 0.2743 -0.9217
vn -0.1421 0.1421 -0.9796
vn -0.3225 0.2155 -0.9217
vn -0.5598 -0.0000 -0.8286
vn -0.3879 -0.0000 -0.9217
vn -0.5490 0.1092 -0.8286
vn -0.3804 0.0757 -0.9217
vn -0.5172 0.2142 -0.8286
vn -0.3584 0.1485 -0.9217
vn -0.4654 0.3110 -0.8286
vn -0.3958 0.3958 -0.8287
vn -0.3110 0.4654 -0.8286
vn -0.2155 0.3225 -0.9217
vn -0.1117 0.1671 -0.9796
vn -0.0000 -0.0000 -1.0000
vn -0.1857 0.0769 -0.9796
vn -0.0769 0.1857 -0.9796
vn -0.1484 0.3584 -0.9217
vn -0.2142 0.5172 -0.8286
vn -0.2718 0.6561 -0.7040
vn -0.3945 0.5905 -0.7041
vn -0.5022 0.5022 -0.7040
vn -0.5905 0.3945 -0.7041
vn -0.6561 0.2718 -0.7041
vn -0.0769 -0.1857 -0.9796
vn -0.1116 -0.1671 -0.9796
vn -0.1421 -0.1421 -0.9796
vn -0.1671 -0.1117 -0.9796
vn -0.1857 -0.0769 -0.9796
vn -0.1971 -0.0392 -0.9796
vn -0.2010 -0.0000 -0.9796
vn -0.1971 0.0392 -0.9796
vn 0.5774 0.5774 0.5773
vn -0.5773 0.5773 0.5774
vn 0.5773 -0.5773 0.5774
vn -0.0757 0.3804 -0.9217
vn -0.1092 0.5490 -0.8287
vn -0.0000 0.5598 -0.8286
vn -0.0000 0.7102 -0.7040
vn -0.1385 0.6965 -0.7040
vn -0.0392 0.1971 -0.9796
vn -0.0000 0.3879 -0.9217
vn 0.1092 0.5490 -0.8286
vn 0.1386 0.6965 -0.7040
vn 0.2718 0.6561 -0.7041
vn 0.3189 0.7699 -0.5528
vn 0.4630 0.6929 -0.5527
vn 0.1626 0.8173 -0.5528
vn -0.0000 0.8333 -0.5528
vn -0.1626 0.8173 -0.5528
vn -0.3189 0.7699 -0.5528
vn 0.6929 0.4630 -0.5528
vn 0.5893 0.5893 -0.5527
vn 0.1804 0.9070 -0.3805
vn -0.0000 0.9248 -0.3805
vn -0.1804 0.9070 -0.3805
vn -0.3539 0.8544 -0.3806
vn 0.1914 0.9622 -0.1939
vn -0.0000 0.9810 -0.1939
vn -0.1914 0.9622 -0.1939
vn -0.3754 0.9063 -0.1939
vn -0.5450 0.8157 -0.1939
vn -0.6937 0.6937 -0.1940
vn -0.8157 0.5450 -0.1939
vn -0.9063 0.3754 -0.1939
vn -0.5556 0.8315 -0.0000
vn -0.3827 0.9239 -0.0000
vn -0.1951 0.9808 -0.0000
vn -0.5450 0.8157 0.1939
vn -0.6937 0.6937 0.1939
vn -0.8315 0.5556 -0.0000
vn -0.8157 0.5450 0.1939
vn -0.9239 0.3827 -0.0000
vn -0.9063 0.3754 0.1939
vn -0.9808 0.1951 -0.0000
vn -0.9622 0.1914 0.1939
vn -0.8544 0.3539 0.3805
vn -0.7689 0.5138 0.3806
vn -0.6539 0.6539 0.3806
vn -0.5138 0.7689 0.3806
vn -0.3539 0.8543 0.3806
vn -0.5817 -0.0000 0.8134
vn 0.3016 -0.3015 0.9045
vn -0.0000 0.0001 1.0000
vn -0.3016 -0.3015 0.9045
vn -0.7071 -0.0000 0.7071
vn -0.3015 0.3015 0.9046
vn -0.3016 0.3015 0.9045
vn 0.5817 -0.0000 0.8134
vn -0.8569 -0.0000 0.5154
vn 0.8568 -0.0000 0.5156
vn 0.7071 -0.0000 0.7071
vn 0.1971 0.0392 -0.9796
vn 0.1857 0.0769 -0.9796
vn 0.1671 0.1117 -0.9796
vn 0.1421 0.1421 -0.9796
vn 0.2743 0.2743 -0.9217
vn 0.1117 0.1671 -0.9796
vn 0.5905 0.3945 -0.7040
vn 0.3958 0.3958 -0.8286
vn 0.5022 0.5022 -0.7040
vn 0.3110 0.4654 -0.8287
vn 0.3945 0.5905 -0.7041
vn 0.2142 0.5171 -0.8287
vn 0.1484 0.3584 -0.9217
vn 0.0757 0.3804 -0.9217
vn 0.0392 0.1971 -0.9796
vn -0.0000 0.2010 -0.9796
vn 0.0769 0.1857 -0.9796
vn 0.2155 0.3225 -0.9217
vt 0.398000 0.127240
vt 0.398000 0.135218
vt 0.398016 0.135217
vt 0.398000 0.119244
vt 0.398016 0.111303
vt 0.398016 0.119244
vt 0.398000 0.111303
vt 0.398000 0.087334
vt 0.398016 0.087334
vt 0.398000 0.135217
vt 0.475476 0.238762
vt 0.524524 0.172645
vt 0.524524 0.238762
vt 0.475476 0.172645
vt 0.426128 0.238762
vt 0.475175 0.172645
vt 0.475175 0.238762
vt 0.426128 0.172645
vt 0.524825 0.238762
vt 0.573872 0.172645
vt 0.573872 0.238762
vt 0.524825 0.172645
vt 0.475476 0.305319
vt 0.524524 0.239203
vt 0.524524 0.305319
vt 0.475476 0.239203
vt 0.426128 0.305319
vt 0.475175 0.239203
vt 0.475175 0.305319
vt 0.426128 0.239203
vt 0.524825 0.305319
vt 0.573872 0.239203
vt 0.573872 0.305319
vt 0.524825 0.239203
vt 0.475476 0.372471
vt 0.524524 0.306355
vt 0.524524 0.372471
vt 0.475476 0.306355
vt 0.426128 0.372471
vt 0.475175 0.306355
vt 0.475175 0.372471
vt 0.426128 0.306355
vt 0.524825 0.372471
vt 0.573872 0.306355
vt 0.573872 0.372471
vt 0.524825 0.306355
vt 0.475476 0.438889
vt 0.524524 0.372772
vt 0.524524 0.438889
vt 0.475476 0.372772
vt 0.426128 0.438889
vt 0.475175 0.372772
vt 0.475175 0.438889
vt 0.426128 0.372772
vt 0.524825 0.438889
vt 0.573872 0.372772
vt 0.573872 0.438889
vt 0.524825 0.372772
vt 0.475476 0.505306
vt 0.524524 0.439190
vt 0.524524 0.505306
vt 0.475476 0.439190
vt 0.426128 0.505306
vt 0.475175 0.439190
vt 0.475175 0.505306
vt 0.426128 0.439190
vt 0.524825 0.505306
vt 0.573872 0.439190
vt 0.573872 0.505306
vt 0.524825 0.439190
vt 0.475476 0.571723
vt 0.524524 0.505607
vt 0.524524 0.571723
vt 0.475476 0.505607
vt 0.426128 0.571723
vt 0.475175 0.505607
vt 0.475175 0.571723
vt 0.426128 0.505607
vt 0.524825 0.571723
vt 0.573872 0.505607
vt 0.573872 0.571723
vt 0.524825 0.505607
vt 0.398721 0.135217
vt 0.398721 0.080492
vt 0.398000 0.080492
vt 0.635761 0.606464
vt 0.425884 0.573265
vt 0.574139 0.573265
vt 0.364245 0.606464
vt 0.636297 0.079844
vt 0.575057 0.571990
vt 0.575057 0.114770
vt 0.636297 0.606918
vt 0.364059 0.079934
vt 0.574427 0.114124
vt 0.425186 0.114124
vt 0.635539 0.079934
vt 0.364317 0.605373
vt 0.424641 0.115004
vt 0.424641 0.572324
vt 0.364379 0.080288
vt 0.732641 0.372959
vt 0.744124 0.372959
vt 0.744124 0.348249
vt 0.732641 0.348249
vt 0.699923 0.355674
vt 0.701035 0.355783
vt 0.698811 0.355783
vt 0.697741 0.356108
vt 0.694222 0.361375
vt 0.695891 0.357344
vt 0.696755 0.356635
vt 0.702105 0.356108
vt 0.703090 0.356635
vt 0.703954 0.357344
vt 0.699923 0.367076
vt 0.695891 0.365406
vt 0.695183 0.364542
vt 0.703090 0.366115
vt 0.702105 0.366642
vt 0.705190 0.363557
vt 0.705190 0.359193
vt 0.705624 0.361375
vt 0.705514 0.360263
vt 0.704663 0.358208
vt 0.703954 0.365406
vt 0.705514 0.362487
vt 0.704663 0.364542
vt 0.697741 0.366642
vt 0.694656 0.359193
vt 0.695183 0.358208
vt 0.694331 0.360263
vt 0.694656 0.363557
vt 0.694331 0.362487
vt 0.696755 0.366115
vt 0.698811 0.366967
vt 0.701035 0.366967
vt 0.709021 0.367454
vt 0.710655 0.365820
vt 0.710032 0.365562
vt 0.707660 0.358170
vt 0.705394 0.357719
vt 0.706886 0.356722
vt 0.709021 0.357607
vt 0.709581 0.359454
vt 0.710655 0.359240
vt 0.710865 0.361375
vt 0.711539 0.361375
vt 0.711316 0.363641
vt 0.711539 0.363686
vt 0.710865 0.365907
vt 0.709581 0.367829
vt 0.707660 0.369112
vt 0.708136 0.369589
vt 0.706002 0.370473
vt 0.706376 0.371033
vt 0.704110 0.371484
vt 0.704368 0.372107
vt 0.709770 0.367955
vt 0.710655 0.363510
vt 0.709770 0.361375
vt 0.708136 0.359741
vt 0.706002 0.358857
vt 0.703691 0.358857
vt 0.703128 0.358170
vt 0.701557 0.359741
vt 0.701207 0.359454
vt 0.699923 0.361375
vt 0.701844 0.360091
vt 0.702057 0.360491
vt 0.704110 0.359641
vt 0.708297 0.369750
vt 0.709581 0.363296
vt 0.708297 0.361375
vt 0.706376 0.360091
vt 0.704368 0.360491
vt 0.706503 0.361375
vt 0.708136 0.363009
vt 0.709021 0.365144
vt 0.706503 0.371223
vt 0.704455 0.372317
vt 0.702233 0.372991
vt 0.702189 0.372768
vt 0.695478 0.372107
vt 0.697788 0.372107
vt 0.697657 0.372768
vt 0.699923 0.372317
vt 0.699923 0.372991
vt 0.702057 0.372107
vt 0.708111 0.366846
vt 0.707660 0.364580
vt 0.706376 0.362659
vt 0.706886 0.368338
vt 0.706886 0.366028
vt 0.706002 0.363893
vt 0.704368 0.362259
vt 0.704455 0.361375
vt 0.702233 0.361375
vt 0.702189 0.360924
vt 0.702189 0.361826
vt 0.704110 0.363109
vt 0.705394 0.365031
vt 0.705845 0.367297
vt 0.705394 0.369563
vt 0.703691 0.370473
vt 0.696154 0.370473
vt 0.698289 0.369589
vt 0.698002 0.371033
vt 0.699923 0.369750
vt 0.699923 0.371223
vt 0.701557 0.369589
vt 0.701844 0.371033
vt 0.703128 0.369112
vt 0.704576 0.368338
vt 0.704576 0.366028
vt 0.703691 0.363893
vt 0.702057 0.362259
vt 0.701844 0.362659
vt 0.703128 0.364580
vt 0.703578 0.366846
vt 0.701557 0.363009
vt 0.702441 0.365144
vt 0.702441 0.367454
vt 0.701207 0.367829
vt 0.699923 0.367955
vt 0.698639 0.367828
vt 0.696718 0.369112
vt 0.697405 0.367454
vt 0.695270 0.368338
vt 0.696267 0.366846
vt 0.694001 0.367297
vt 0.695270 0.366028
vt 0.697405 0.365144
vt 0.698188 0.365562
vt 0.699039 0.365820
vt 0.699923 0.365907
vt 0.700807 0.365820
vt 0.701657 0.365562
vt 0.701207 0.363296
vt 0.700807 0.363510
vt 0.700374 0.363641
vt 0.699923 0.363686
vt 0.699472 0.363641
vt 0.699039 0.363510
vt 0.698639 0.363296
vt 0.696718 0.364580
vt 0.698289 0.363009
vt 0.692960 0.366028
vt 0.694452 0.365031
vt 0.692186 0.364580
vt 0.693844 0.363893
vt 0.691709 0.363009
vt 0.693469 0.362659
vt 0.695736 0.363109
vt 0.695478 0.362259
vt 0.697788 0.362259
vt 0.697657 0.361826
vt 0.698002 0.362659
vt 0.696154 0.363893
vt 0.695391 0.361375
vt 0.693343 0.361375
vt 0.691548 0.361375
vt 0.690075 0.361375
vt 0.690265 0.363296
vt 0.690825 0.365144
vt 0.691735 0.366846
vt 0.692960 0.368338
vt 0.694452 0.369563
vt 0.690265 0.359454
vt 0.691709 0.359741
vt 0.693469 0.360091
vt 0.695478 0.360491
vt 0.697612 0.361375
vt 0.697657 0.360924
vt 0.688981 0.361375
vt 0.689191 0.363510
vt 0.689191 0.359240
vt 0.689814 0.357188
vt 0.690825 0.357607
vt 0.692186 0.358170
vt 0.693844 0.358857
vt 0.695736 0.359641
vt 0.697788 0.360491
vt 0.696267 0.355904
vt 0.696718 0.358170
vt 0.695270 0.356722
vt 0.697405 0.357607
vt 0.698289 0.359741
vt 0.698639 0.359454
vt 0.698002 0.360091
vt 0.696154 0.358857
vt 0.694452 0.357719
vt 0.692960 0.356722
vt 0.691735 0.355904
vt 0.690825 0.355296
vt 0.690265 0.354922
vt 0.691709 0.353161
vt 0.692186 0.353638
vt 0.692960 0.354412
vt 0.694001 0.355453
vt 0.688307 0.359064
vt 0.688307 0.361375
vt 0.688079 0.361375
vt 0.688530 0.359109
vt 0.688981 0.356843
vt 0.689191 0.356930
vt 0.690075 0.354795
vt 0.691548 0.353000
vt 0.693343 0.351528
vt 0.693469 0.351717
vt 0.693844 0.352277
vt 0.694452 0.353187
vt 0.695270 0.354412
vt 0.699039 0.359240
vt 0.698188 0.357188
vt 0.697405 0.355296
vt 0.696718 0.353638
vt 0.696154 0.352277
vt 0.695736 0.351266
vt 0.695478 0.350643
vt 0.695391 0.350433
vt 0.697657 0.349982
vt 0.697612 0.349759
vt 0.697788 0.350643
vt 0.698002 0.351717
vt 0.698289 0.353161
vt 0.698639 0.354922
vt 0.699039 0.356930
vt 0.699472 0.359109
vt 0.699923 0.349759
vt 0.699923 0.349532
vt 0.699923 0.350433
vt 0.699923 0.351528
vt 0.699923 0.353000
vt 0.699923 0.354795
vt 0.699923 0.356843
vt 0.699923 0.359064
vt 0.702057 0.350643
vt 0.701844 0.351717
vt 0.701557 0.353161
vt 0.701207 0.354922
vt 0.700807 0.356930
vt 0.700374 0.359109
vt 0.700807 0.359240
vt 0.702441 0.357607
vt 0.704576 0.356722
vt 0.711316 0.359109
vt 0.710032 0.357188
vt 0.708111 0.355904
vt 0.705845 0.355453
vt 0.703578 0.355904
vt 0.701657 0.357188
vt 0.702441 0.355296
vt 0.703128 0.353638
vt 0.703691 0.352277
vt 0.704576 0.354412
vt 0.706886 0.354412
vt 0.705394 0.353187
vt 0.709021 0.355296
vt 0.707660 0.353638
vt 0.706002 0.352277
vt 0.704110 0.351266
vt 0.710655 0.356930
vt 0.709581 0.354922
vt 0.708136 0.353161
vt 0.706376 0.351717
vt 0.704368 0.350643
vt 0.711766 0.361375
vt 0.711539 0.359064
vt 0.710865 0.356843
vt 0.709770 0.354795
vt 0.708297 0.353000
vt 0.706503 0.351528
vt 0.704455 0.350433
vt 0.693844 0.370473
vt 0.692186 0.369112
vt 0.690825 0.367454
vt 0.689814 0.365562
vt 0.688530 0.363641
vt 0.702189 0.349982
vt 0.702233 0.349759
vt 0.398000 0.080490
vt 0.397800 0.080490
vt 0.397800 0.087334
vt 0.398000 0.095312
vt 0.397800 0.087370
vt 0.397800 0.095312
vt 0.398000 0.087370
vt 0.398000 0.103289
vt 0.397800 0.095348
vt 0.397800 0.103289
vt 0.398000 0.095348
vt 0.398000 0.111267
vt 0.397800 0.103325
vt 0.397800 0.111267
vt 0.398000 0.103325
vt 0.397800 0.111303
vt 0.397800 0.119244
vt 0.398000 0.127222
vt 0.397800 0.119280
vt 0.397800 0.127222
vt 0.398000 0.119280
vt 0.398000 0.135199
vt 0.397800 0.127258
vt 0.397800 0.135199
vt 0.398000 0.127258
vt 0.524825 0.171907
vt 0.573872 0.114927
vt 0.524825 0.114927
vt 0.573872 0.171907
vt 0.426128 0.171907
vt 0.475175 0.114927
vt 0.426128 0.114927
vt 0.475175 0.171907
vt 0.475476 0.171907
vt 0.524524 0.114927
vt 0.475476 0.114927
vt 0.524524 0.171907
vt 0.744348 0.373183
vt 0.732417 0.373183
vt 0.732417 0.348025
vt 0.744348 0.348025
vt 0.695736 0.371484
vt 0.693469 0.371033
vt 0.691709 0.369589
vt 0.690265 0.367829
vt 0.689191 0.365820
vt 0.693343 0.371223
vt 0.695391 0.372317
vt 0.697612 0.372991
vt 0.699923 0.373219
vt 0.691548 0.369750
vt 0.690075 0.367955
vt 0.688981 0.365907
vt 0.688307 0.363686
vt 0.398016 0.080490
vt 0.364319 0.080374
vt 0.424643 0.572325
vt 0.424643 0.114969
vt 0.364319 0.605429
vt 0.635697 0.079876
vt 0.425188 0.114081
vt 0.574418 0.114081
vt 0.363901 0.079876
vt 0.636281 0.606915
vt 0.575045 0.114729
vt 0.575045 0.571991
vt 0.636281 0.079847
vt 0.364064 0.606533
vt 0.574130 0.573266
vt 0.425886 0.573266
vt 0.635944 0.606533
vt 0.619328 0.596021
vt 0.619328 0.092128
vt 0.384092 0.596021
vt 0.384092 0.092128
vt 0.398016 0.095312
vt 0.398016 0.087370
vt 0.398016 0.127258
vt 0.398016 0.135199
vt 0.398016 0.095348
vt 0.398016 0.103289
vt 0.398016 0.127240
vt 0.398016 0.127222
vt 0.398016 0.119280
vt 0.398016 0.119262
vt 0.398016 0.111285
vt 0.398016 0.111267
vt 0.398016 0.103307
vt 0.398016 0.103325
vt 0.398016 0.095330
vt 0.398016 0.087352
vt 0.398016 0.080477
vt 0.398000 0.119262
vt 0.398000 0.111285
vt 0.398000 0.103307
vt 0.398000 0.095330
vt 0.398000 0.087352
vt 0.398000 0.080477
s 1
usemtl uv
f 2131/1464/1023 2132/1465/1024 2133/1466/1025
f 2134/1467/1026 2135/1468/1027 2136/1469/1028
f 2134/1467/1026 2137/1470/1026 2135/1468/1027
f 2138/1471/1026 2139/1472/1028 2140/1472/1029
f 2138/1471/1026 2141/1471/1026 2139/1472/1028
f 2132/1465/1024 2142/1466/1030 2133/1466/1025
f 2132/1465/1024 2143/1473/1031 2142/1466/1030
f 2143/1473/1031 2144/1466/1030 2142/1466/1030
f 2143/1473/1031 2145/1473/1031 2144/1466/1030
f 2145/1473/1031 2146/1466/1032 2144/1466/1030
f 2145/1473/1031 2147/1465/1033 2146/1466/1032
f 2148/1474/1026 2149/1475/1026 2150/1476/1026
f 2148/1474/1026 2151/1477/1026 2149/1475/1026
f 2152/1478/1026 2153/1479/1026 2154/1480/1026
f 2152/1478/1026 2155/1481/1026 2153/1479/1026
f 2156/1482/1026 2157/1483/1026 2158/1484/1026
f 2156/1482/1026 2159/1485/1026 2157/1483/1026
f 2160/1486/1026 2161/1487/1026 2162/1488/1026
f 2160/1486/1026 2163/1489/1026 2161/1487/1026
f 2164/1490/1026 2165/1491/1026 2166/1492/1026
f 2164/1490/1026 2167/1493/1026 2165/1491/1026
f 2168/1494/1026 2169/1495/1026 2170/1496/1026
f 2168/1494/1026 2171/1497/1026 2169/1495/1026
f 2172/1498/1026 2173/1499/1026 2174/1500/1026
f 2172/1498/1026 2175/1501/1026 2173/1499/1026
f 2176/1502/1026 2177/1503/1026 2178/1504/1026
f 2176/1502/1026 2179/1505/1026 2177/1503/1026
f 2180/1506/1026 2181/1507/1026 2182/1508/1026
f 2180/1506/1026 2183/1509/1026 2181/1507/1026
f 2184/1510/1026 2185/1511/1026 2186/1512/1026
f 2184/1510/1026 2187/1513/1026 2185/1511/1026
f 2188/1514/1026 2137/1515/1026 2134/1516/1026
f 2188/1514/1026 2189/1517/1026 2137/1515/1026
f 2190/1518/1026 2191/1519/1026 2192/1520/1026
f 2190/1518/1026 2193/1521/1026 2191/1519/1026
f 2194/1522/1026 2195/1523/1026 2196/1524/1026
f 2194/1522/1026 2197/1525/1026 2195/1523/1026
f 2198/1526/1026 2199/1527/1026 2200/1528/1026
f 2198/1526/1026 2201/1529/1026 2199/1527/1026
f 2202/1530/1026 2203/1531/1026 2204/1532/1026
f 2202/1530/1026 2205/1533/1026 2203/1531/1026
f 2206/1534/1026 2207/1535/1026 2208/1536/1026
f 2206/1534/1026 2209/1537/1026 2207/1535/1026
f 2210/1538/1026 2211/1539/1026 2212/1540/1026
f 2210/1538/1026 2213/1541/1026 2211/1539/1026
f 2214/1542/1026 2215/1543/1026 2216/1544/1026
f 2214/1542/1026 2217/1545/1026 2215/1543/1026
f 2218/1546/1034 2147/1465/1033 2132/1465/1024
f 2218/1546/1034 2219/1546/1035 2147/1465/1033
f 2220/1547/1027 2132/1465/1024 2221/1548/1036
f 2220/1547/1027 2218/1546/1034 2132/1465/1024
f 2219/1546/1035 2222/1548/1037 2147/1465/1033
f 2219/1546/1035 2223/1547/1038 2222/1548/1037
f 2224/1549/1039 2219/1550/1035 2218/1551/1034
f 2224/1549/1039 2225/1552/1040 2219/1550/1035
f 2226/1553/1041 2218/1554/1034 2220/1555/1027
f 2226/1553/1041 2224/1556/1039 2218/1554/1034
f 2227/1557/1042 2220/1558/1027 2223/1559/1038
f 2227/1557/1042 2226/1560/1041 2220/1558/1027
f 2225/1561/1040 2223/1562/1038 2219/1563/1035
f 2225/1561/1040 2227/1564/1042 2223/1562/1038
f 2225/1565/1040 2228/1566/1038 2229/1565/1027
f 2225/1565/1040 2224/1566/1039 2228/1566/1038
f 2224/1566/1039 2230/1567/1029 2228/1566/1038
f 2224/1566/1039 2226/1567/1041 2230/1567/1029
f 2226/1567/1041 2231/1568/1028 2230/1567/1029
f 2226/1567/1041 2227/1568/1042 2231/1568/1028
f 2227/1568/1042 2229/1565/1027 2231/1568/1028
f 2227/1568/1042 2225/1565/1040 2229/1565/1027
f 2223/1547/1038 2221/1548/1036 2222/1548/1037
f 2223/1547/1038 2220/1547/1027 2221/1548/1036
f 2232/1569/1043 2233/1570/1044 2234/1569/1045
f 2235/1571/1046 2232/1569/1043 2234/1569/1045
f 2232/1569/1043 2235/1571/1046 2236/1572/1047
f 2236/1572/1047 2235/1571/1046 2237/1571/1048
f 2236/1572/1047 2237/1571/1048 2238/1572/1049
f 2238/1572/1049 2237/1571/1048 2234/1569/1045
f 2235/1571/1046 2234/1569/1045 2237/1571/1048
f 2239/1573/1050 2240/1574/1051 2234/1569/1045
f 2240/1574/1051 2241/1575/1052 2234/1569/1045
f 2241/1575/1052 2238/1572/1049 2234/1569/1045
f 2242/1575/1053 2238/1572/1049 2241/1575/1052
f 2242/1575/1053 2236/1572/1047 2238/1572/1049
f 2236/1572/1047 2242/1575/1053 2243/1574/1054
f 2236/1572/1047 2243/1574/1054 2244/1576/1055
f 2244/1576/1055 2232/1569/1043 2236/1572/1047
f 2244/1576/1055 2245/1570/1056 2232/1569/1043
f 2232/1569/1043 2245/1570/1056 2233/1570/1044
f 2245/1570/1056 2246/1576/1057 2233/1570/1044
f 2234/1569/1045 2233/1570/1044 2246/1576/1057
f 2246/1576/1057 2247/1577/1058 2234/1569/1045
f 2247/1577/1058 2248/1578/1059 2234/1569/1045
f 2249/1577/1060 2248/1578/1059 2247/1577/1058
f 2249/1577/1060 2250/1578/1061 2248/1578/1059
f 2245/1570/1056 2244/1576/1055 2246/1576/1057
f 2244/1576/1055 2247/1577/1058 2246/1576/1057
f 2243/1574/1054 2241/1575/1052 2240/1574/1051
f 2243/1574/1054 2242/1575/1053 2241/1575/1052
f 2234/1569/1045 2248/1578/1059 2251/1579/1062
f 2251/1579/1062 2252/1580/1063 2234/1569/1045
f 2252/1580/1063 2239/1573/1050 2234/1569/1045
f 2252/1580/1063 2253/1581/1064 2239/1573/1050
f 2254/1580/1065 2253/1581/1064 2252/1580/1063
f 2255/1582/1066 2256/1583/1067 2251/1579/1062
f 2257/1582/1068 2256/1583/1067 2255/1582/1066
f 2244/1576/1055 2249/1577/1060 2247/1577/1058
f 2250/1578/1061 2249/1577/1060 2244/1576/1055
f 2250/1578/1061 2244/1576/1055 2258/1584/1069
f 2259/1585/1070 2250/1578/1061 2258/1584/1069
f 2258/1584/1069 2260/1586/1071 2259/1585/1070
f 2260/1586/1071 2261/1587/1072 2259/1585/1070
f 2261/1587/1072 2260/1586/1071 2262/1586/1073
f 2261/1587/1072 2262/1586/1073 2263/1587/1074
f 2264/1585/1075 2263/1587/1074 2262/1586/1073
f 2259/1585/1070 2263/1587/1074 2264/1585/1075
f 2265/1588/1076 2259/1585/1070 2264/1585/1075
f 2259/1585/1070 2265/1588/1076 2250/1578/1061
f 2250/1578/1061 2265/1588/1076 2266/1588/1077
f 2250/1578/1061 2266/1588/1077 2248/1578/1059
f 2248/1578/1059 2266/1588/1077 2262/1586/1073
f 2248/1578/1059 2262/1586/1073 2251/1579/1062
f 2262/1586/1073 2267/1589/1078 2251/1579/1062
f 2267/1589/1078 2255/1582/1066 2251/1579/1062
f 2265/1588/1076 2264/1585/1075 2266/1588/1077
f 2266/1588/1077 2264/1585/1075 2262/1586/1073
f 2259/1585/1070 2261/1587/1072 2263/1587/1074
f 2260/1586/1071 2268/1590/1079 2262/1586/1073
f 2258/1584/1069 2269/1590/1080 2260/1586/1071
f 2269/1590/1080 2258/1584/1069 2270/1584/1081
f 2258/1584/1069 2271/1591/1082 2270/1584/1081
f 2258/1584/1069 2272/1591/1083 2271/1591/1082
f 2260/1586/1071 2269/1590/1080 2268/1590/1079
f 2269/1590/1080 2270/1584/1081 2268/1590/1079
f 2262/1586/1073 2268/1590/1079 2270/1584/1081
f 2270/1584/1081 2271/1591/1082 2262/1586/1073
f 2271/1591/1082 2267/1589/1078 2262/1586/1073
f 2272/1591/1083 2267/1589/1078 2271/1591/1082
f 2272/1591/1083 2273/1589/1084 2267/1589/1078
f 2273/1589/1084 2272/1591/1083 2258/1584/1069
f 2273/1589/1084 2258/1584/1069 2274/1592/1085
f 2274/1592/1085 2258/1584/1069 2244/1576/1055
f 2244/1576/1055 2275/1593/1086 2274/1592/1085
f 2243/1574/1054 2275/1593/1086 2244/1576/1055
f 2243/1574/1054 2276/1594/1087 2275/1593/1086
f 2276/1594/1087 2243/1574/1054 2240/1574/1051
f 2276/1594/1087 2240/1574/1051 2277/1594/1088
f 2277/1594/1088 2240/1574/1051 2239/1573/1050
f 2278/1593/1089 2277/1594/1088 2239/1573/1050
f 2239/1573/1050 2279/1595/1090 2278/1593/1089
f 2280/1595/1091 2275/1593/1086 2278/1593/1089
f 2275/1593/1086 2277/1594/1088 2278/1593/1089
f 2275/1593/1086 2276/1594/1087 2277/1594/1088
f 2280/1595/1091 2278/1593/1089 2279/1595/1090
f 2281/1573/1092 2280/1595/1091 2279/1595/1090
f 2275/1593/1086 2280/1595/1091 2281/1573/1092
f 2275/1593/1086 2281/1573/1092 2282/1596/1093
f 2282/1596/1093 2254/1580/1065 2275/1593/1086
f 2282/1596/1093 2283/1581/1094 2254/1580/1065
f 2254/1580/1065 2283/1581/1094 2253/1581/1064
f 2283/1581/1094 2284/1596/1095 2253/1581/1064
f 2253/1581/1064 2284/1596/1095 2239/1573/1050
f 2284/1596/1095 2285/1597/1096 2239/1573/1050
f 2286/1597/1097 2239/1573/1050 2285/1597/1096
f 2282/1596/1093 2286/1597/1097 2285/1597/1096
f 2281/1573/1092 2286/1597/1097 2282/1596/1093
f 2286/1597/1097 2281/1573/1092 2239/1573/1050
f 2281/1573/1092 2279/1595/1090 2239/1573/1050
f 2283/1581/1094 2282/1596/1093 2284/1596/1095
f 2282/1596/1093 2285/1597/1096 2284/1596/1095
f 2254/1580/1065 2274/1592/1085 2275/1593/1086
f 2254/1580/1065 2287/1598/1098 2274/1592/1085
f 2287/1598/1098 2254/1580/1065 2252/1580/1063
f 2287/1598/1098 2252/1580/1063 2288/1598/1099
f 2288/1598/1099 2252/1580/1063 2251/1579/1062
f 2289/1592/1100 2288/1598/1099 2251/1579/1062
f 2251/1579/1062 2290/1599/1101 2289/1592/1100
f 2291/1599/1102 2289/1592/1100 2290/1599/1101
f 2292/1579/1103 2291/1599/1102 2290/1599/1101
f 2274/1592/1085 2291/1599/1102 2292/1579/1103
f 2291/1599/1102 2274/1592/1085 2289/1592/1100
f 2274/1592/1085 2288/1598/1099 2289/1592/1100
f 2274/1592/1085 2287/1598/1098 2288/1598/1099
f 2292/1579/1103 2290/1599/1101 2251/1579/1062
f 2273/1589/1084 2255/1582/1066 2267/1589/1078
f 2273/1589/1084 2257/1582/1068 2255/1582/1066
f 2293/1583/1104 2257/1582/1068 2273/1589/1084
f 2257/1582/1068 2293/1583/1104 2256/1583/1067
f 2293/1583/1104 2294/1600/1105 2256/1583/1067
f 2256/1583/1067 2294/1600/1105 2251/1579/1062
f 2295/1600/1106 2251/1579/1062 2294/1600/1105
f 2295/1600/1106 2292/1579/1103 2251/1579/1062
f 2292/1579/1103 2295/1600/1106 2293/1583/1104
f 2274/1592/1085 2292/1579/1103 2293/1583/1104
f 2293/1583/1104 2273/1589/1084 2274/1592/1085
f 2293/1583/1104 2295/1600/1106 2294/1600/1105
f 2296/1601/1107 2297/1602/1108 2298/1603/1109
f 2299/1604/1110 2300/1605/1111 2301/1606/1112
f 2302/1607/1113 2299/1604/1110 2301/1606/1112
f 2303/1608/1114 2299/1604/1110 2302/1607/1113
f 2304/1609/1115 2303/1608/1114 2302/1607/1113
f 2305/1610/1116 2303/1608/1114 2304/1609/1115
f 2306/1611/1117 2305/1610/1116 2304/1609/1115
f 2307/1612/1118 2305/1610/1116 2306/1611/1117
f 2308/1613/1119 2307/1612/1118 2306/1611/1117
f 2309/1614/1120 2307/1612/1118 2308/1613/1119
f 2297/1602/1108 2309/1614/1120 2308/1613/1119
f 2310/1615/1121 2309/1614/1120 2297/1602/1108
f 2296/1601/1107 2310/1615/1121 2297/1602/1108
f 2311/1616/1122 2310/1615/1121 2296/1601/1107
f 2311/1616/1122 2312/1617/1123 2310/1615/1121
f 2313/1618/1124 2312/1617/1123 2311/1616/1122
f 2313/1618/1124 2314/1619/1125 2312/1617/1123
f 2315/1620/1126 2314/1619/1125 2313/1618/1124
f 2315/1620/1126 2316/1621/1127 2314/1619/1125
f 2317/1622/1128 2318/1602/1129 2309/1614/1120
f 2309/1614/1120 2318/1602/1129 2307/1612/1118
f 2318/1602/1129 2319/1623/1130 2307/1612/1118
f 2307/1612/1118 2319/1623/1130 2305/1610/1116
f 2319/1623/1130 2320/1624/1131 2305/1610/1116
f 2305/1610/1116 2320/1624/1131 2303/1608/1114
f 2320/1624/1131 2321/1625/1132 2303/1608/1114
f 2303/1608/1114 2321/1625/1132 2299/1604/1110
f 2321/1625/1132 2322/1626/1133 2299/1604/1110
f 2299/1604/1110 2322/1626/1133 2300/1605/1111
f 2322/1626/1133 2323/1627/1134 2300/1605/1111
f 2300/1605/1111 2323/1627/1134 2324/1628/1135
f 2323/1627/1134 2325/1629/1136 2324/1628/1135
f 2324/1628/1135 2325/1629/1136 2326/1630/1137
f 2325/1629/1136 2327/1631/1026 2326/1630/1137
f 2328/1632/1138 2327/1631/1026 2325/1629/1136
f 2329/1633/1139 2327/1631/1026 2328/1632/1138
f 2330/1634/1140 2329/1633/1139 2328/1632/1138
f 2331/1635/1037 2332/1615/1141 2317/1622/1128
f 2317/1622/1128 2332/1615/1141 2318/1602/1129
f 2332/1615/1141 2333/1603/1142 2318/1602/1129
f 2318/1602/1129 2333/1603/1142 2319/1623/1130
f 2333/1603/1142 2334/1636/1143 2319/1623/1130
f 2319/1623/1130 2334/1636/1143 2320/1624/1131
f 2334/1636/1143 2335/1637/1144 2320/1624/1131
f 2320/1624/1131 2335/1637/1144 2321/1625/1132
f 2335/1637/1144 2336/1638/1145 2321/1625/1132
f 2321/1625/1132 2336/1638/1145 2322/1626/1133
f 2336/1638/1145 2330/1634/1140 2322/1626/1133
f 2322/1626/1133 2330/1634/1140 2323/1627/1134
f 2330/1634/1140 2328/1632/1138 2323/1627/1134
f 2323/1627/1134 2328/1632/1138 2325/1629/1136
f 2337/1639/1146 2329/1633/1139 2330/1634/1140
f 2336/1638/1145 2337/1639/1146 2330/1634/1140
f 2338/1640/1147 2337/1639/1146 2336/1638/1145
f 2335/1637/1144 2338/1640/1147 2336/1638/1145
f 2339/1641/1148 2338/1640/1147 2335/1637/1144
f 2334/1636/1143 2339/1641/1148 2335/1637/1144
f 2340/1642/1149 2339/1641/1148 2334/1636/1143
f 2333/1603/1142 2340/1642/1149 2334/1636/1143
f 2341/1601/1150 2340/1642/1149 2333/1603/1142
f 2332/1615/1141 2341/1601/1150 2333/1603/1142
f 2342/1617/1151 2341/1601/1150 2332/1615/1141
f 2331/1635/1037 2342/1617/1151 2332/1615/1141
f 2343/1643/1152 2342/1617/1151 2331/1635/1037
f 2343/1643/1152 2344/1619/1153 2342/1617/1151
f 2345/1644/1154 2344/1619/1153 2343/1643/1152
f 2345/1644/1154 2346/1621/1155 2344/1619/1153
f 2347/1645/1156 2346/1621/1155 2345/1644/1154
f 2347/1645/1156 2348/1646/1157 2346/1621/1155
f 2349/1647/1158 2350/1648/1159 2351/1649/1160
f 2351/1649/1160 2350/1648/1159 2352/1650/1161
f 2351/1649/1160 2352/1650/1161 2353/1651/1162
f 2353/1651/1162 2352/1650/1161 2354/1652/1163
f 2353/1651/1162 2354/1652/1163 2348/1646/1157
f 2348/1646/1157 2354/1652/1163 2355/1620/1164
f 2348/1646/1157 2355/1620/1164 2346/1621/1155
f 2346/1621/1155 2355/1620/1164 2356/1618/1165
f 2346/1621/1155 2356/1618/1165 2344/1619/1153
f 2344/1619/1153 2356/1618/1165 2357/1616/1166
f 2344/1619/1153 2357/1616/1166 2342/1617/1151
f 2342/1617/1151 2357/1616/1166 2341/1601/1150
f 2357/1616/1166 2358/1653/1167 2341/1601/1150
f 2341/1601/1150 2358/1653/1167 2340/1642/1149
f 2358/1653/1167 2359/1654/1168 2340/1642/1149
f 2340/1642/1149 2359/1654/1168 2339/1641/1148
f 2359/1654/1168 2360/1655/1169 2339/1641/1148
f 2339/1641/1148 2360/1655/1169 2338/1640/1147
f 2356/1618/1165 2361/1656/1170 2357/1616/1166
f 2357/1616/1166 2361/1656/1170 2358/1653/1167
f 2361/1656/1170 2362/1657/1171 2358/1653/1167
f 2358/1653/1167 2362/1657/1171 2359/1654/1168
f 2362/1657/1171 2363/1658/1172 2359/1654/1168
f 2359/1654/1168 2363/1658/1172 2360/1655/1169
f 2363/1658/1172 2364/1659/1173 2360/1655/1169
f 2360/1655/1169 2364/1659/1173 2365/1660/1174
f 2364/1659/1173 2366/1661/1175 2365/1660/1174
f 2365/1660/1174 2366/1661/1175 2367/1662/1176
f 2360/1655/1169 2365/1660/1174 2338/1640/1147
f 2338/1640/1147 2365/1660/1174 2337/1639/1146
f 2365/1660/1174 2367/1662/1176 2337/1639/1146
f 2337/1639/1146 2367/1662/1176 2329/1633/1139
f 2367/1662/1176 2327/1631/1026 2329/1633/1139
f 2366/1661/1175 2327/1631/1026 2367/1662/1176
f 2368/1663/1177 2327/1631/1026 2366/1661/1175
f 2364/1659/1173 2368/1663/1177 2366/1661/1175
f 2369/1664/1178 2368/1663/1177 2364/1659/1173
f 2363/1658/1172 2369/1664/1178 2364/1659/1173
f 2370/1665/1179 2369/1664/1178 2363/1658/1172
f 2362/1657/1171 2370/1665/1179 2363/1658/1172
f 2371/1666/1180 2370/1665/1179 2362/1657/1171
f 2361/1656/1170 2371/1666/1180 2362/1657/1171
f 2372/1667/1181 2371/1666/1180 2361/1656/1170
f 2356/1618/1165 2372/1667/1181 2361/1656/1170
f 2355/1620/1164 2372/1667/1181 2356/1618/1165
f 2355/1620/1164 2373/1668/1182 2372/1667/1181
f 2374/1669/1183 2375/1670/1184 2376/1671/1185
f 2376/1671/1185 2375/1670/1184 2377/1672/1186
f 2376/1671/1185 2377/1672/1186 2378/1673/1187
f 2378/1673/1187 2377/1672/1186 2379/1674/1188
f 2378/1673/1187 2379/1674/1188 2380/1675/1189
f 2380/1675/1189 2379/1674/1188 2381/1676/1190
f 2380/1675/1189 2381/1676/1190 2373/1668/1182
f 2373/1668/1182 2381/1676/1190 2382/1677/1191
f 2373/1668/1182 2382/1677/1191 2372/1667/1181
f 2372/1667/1181 2382/1677/1191 2371/1666/1180
f 2382/1677/1191 2383/1678/1192 2371/1666/1180
f 2371/1666/1180 2383/1678/1192 2370/1665/1179
f 2383/1678/1192 2384/1679/1193 2370/1665/1179
f 2370/1665/1179 2384/1679/1193 2369/1664/1178
f 2384/1679/1193 2385/1680/1194 2369/1664/1178
f 2369/1664/1178 2385/1680/1194 2368/1663/1177
f 2385/1680/1194 2327/1631/1026 2368/1663/1177
f 2386/1681/1195 2327/1631/1026 2385/1680/1194
f 2384/1679/1193 2386/1681/1195 2385/1680/1194
f 2387/1682/1196 2386/1681/1195 2384/1679/1193
f 2383/1678/1192 2387/1682/1196 2384/1679/1193
f 2388/1683/1197 2387/1682/1196 2383/1678/1192
f 2382/1677/1191 2388/1683/1197 2383/1678/1192
f 2381/1676/1190 2388/1683/1197 2382/1677/1191
f 2389/1684/1198 2327/1631/1026 2386/1681/1195
f 2387/1682/1196 2389/1684/1198 2386/1681/1195
f 2390/1685/1199 2389/1684/1198 2387/1682/1196
f 2388/1683/1197 2390/1685/1199 2387/1682/1196
f 2391/1686/1200 2390/1685/1199 2388/1683/1197
f 2381/1676/1190 2391/1686/1200 2388/1683/1197
f 2379/1674/1188 2391/1686/1200 2381/1676/1190
f 2379/1674/1188 2392/1687/1201 2391/1686/1200
f 2377/1672/1186 2392/1687/1201 2379/1674/1188
f 2377/1672/1186 2393/1688/1202 2392/1687/1201
f 2375/1670/1184 2393/1688/1202 2377/1672/1186
f 2375/1670/1184 2394/1689/1203 2393/1688/1202
f 2395/1690/1204 2394/1689/1203 2375/1670/1184
f 2395/1690/1204 2396/1691/1205 2394/1689/1203
f 2397/1692/1206 2396/1691/1205 2395/1690/1204
f 2397/1692/1206 2398/1693/1207 2396/1691/1205
f 2399/1694/1208 2398/1693/1207 2397/1692/1206
f 2399/1694/1208 2400/1695/1209 2398/1693/1207
f 2400/1695/1209 2401/1696/1210 2398/1693/1207
f 2398/1693/1207 2401/1696/1210 2402/1697/1211
f 2398/1693/1207 2402/1697/1211 2396/1691/1205
f 2396/1691/1205 2402/1697/1211 2403/1698/1212
f 2396/1691/1205 2403/1698/1212 2394/1689/1203
f 2394/1689/1203 2403/1698/1212 2404/1699/1213
f 2394/1689/1203 2404/1699/1213 2393/1688/1202
f 2393/1688/1202 2404/1699/1213 2405/1700/1214
f 2393/1688/1202 2405/1700/1214 2392/1687/1201
f 2392/1687/1201 2405/1700/1214 2406/1701/1215
f 2392/1687/1201 2406/1701/1215 2391/1686/1200
f 2391/1686/1200 2406/1701/1215 2390/1685/1199
f 2406/1701/1215 2407/1702/1216 2390/1685/1199
f 2390/1685/1199 2407/1702/1216 2389/1684/1198
f 2407/1702/1216 2327/1631/1026 2389/1684/1198
f 2408/1703/1217 2327/1631/1026 2407/1702/1216
f 2409/1704/1218 2327/1631/1026 2408/1703/1217
f 2405/1700/1214 2409/1704/1218 2408/1703/1217
f 2406/1701/1215 2408/1703/1217 2407/1702/1216
f 2405/1700/1214 2408/1703/1217 2406/1701/1215
f 2404/1699/1213 2409/1704/1218 2405/1700/1214
f 2404/1699/1213 2410/1705/1219 2409/1704/1218
f 2403/1698/1212 2410/1705/1219 2404/1699/1213
f 2403/1698/1212 2411/1706/1220 2410/1705/1219
f 2402/1697/1211 2411/1706/1220 2403/1698/1212
f 2402/1697/1211 2412/1707/1221 2411/1706/1220
f 2401/1696/1210 2412/1707/1221 2402/1697/1211
f 2401/1696/1210 2413/1708/1222 2412/1707/1221
f 2414/1709/1223 2413/1708/1222 2401/1696/1210
f 2414/1709/1223 2415/1710/1224 2413/1708/1222
f 2415/1710/1224 2327/1631/1026 2413/1708/1222
f 2413/1708/1222 2327/1631/1026 2412/1707/1221
f 2412/1707/1221 2327/1631/1026 2411/1706/1220
f 2411/1706/1220 2327/1631/1026 2410/1705/1219
f 2410/1705/1219 2327/1631/1026 2409/1704/1218
f 2416/1711/1225 2400/1695/1209 2399/1694/1208
f 2416/1711/1225 2417/1712/1226 2400/1695/1209
f 2418/1713/1227 2417/1712/1226 2416/1711/1225
f 2418/1713/1227 2419/1714/1228 2417/1712/1226
f 2420/1715/1229 2419/1714/1228 2418/1713/1227
f 2420/1715/1229 2421/1716/1230 2419/1714/1228
f 2421/1716/1230 2422/1717/1231 2419/1714/1228
f 2421/1716/1230 2423/1718/1232 2422/1717/1231
f 2423/1718/1232 2424/1719/1233 2422/1717/1231
f 2423/1718/1232 2425/1720/1234 2424/1719/1233
f 2425/1720/1234 2327/1631/1026 2424/1719/1233
f 2424/1719/1233 2327/1631/1026 2426/1721/1235
f 2426/1721/1235 2327/1631/1026 2415/1710/1224
f 2427/1722/1236 2426/1721/1235 2415/1710/1224
f 2427/1722/1236 2415/1710/1224 2414/1709/1223
f 2417/1712/1226 2427/1722/1236 2414/1709/1223
f 2417/1712/1226 2414/1709/1223 2400/1695/1209
f 2400/1695/1209 2414/1709/1223 2401/1696/1210
f 2419/1714/1228 2427/1722/1236 2417/1712/1226
f 2419/1714/1228 2422/1717/1231 2427/1722/1236
f 2422/1717/1231 2426/1721/1235 2427/1722/1236
f 2422/1717/1231 2424/1719/1233 2426/1721/1235
f 2428/1723/1237 2425/1720/1234 2423/1718/1232
f 2429/1724/1238 2428/1723/1237 2423/1718/1232
f 2429/1724/1238 2423/1718/1232 2421/1716/1230
f 2430/1725/1239 2429/1724/1238 2421/1716/1230
f 2430/1725/1239 2421/1716/1230 2420/1715/1229
f 2431/1726/1240 2430/1725/1239 2420/1715/1229
f 2431/1726/1240 2420/1715/1229 2432/1727/1241
f 2432/1727/1241 2420/1715/1229 2418/1713/1227
f 2432/1727/1241 2418/1713/1227 2433/1728/1242
f 2433/1728/1242 2418/1713/1227 2416/1711/1225
f 2433/1728/1242 2416/1711/1225 2434/1729/1243
f 2434/1729/1243 2416/1711/1225 2399/1694/1208
f 2434/1729/1243 2399/1694/1208 2435/1730/1244
f 2435/1730/1244 2399/1694/1208 2397/1692/1206
f 2435/1730/1244 2397/1692/1206 2436/1731/1245
f 2436/1731/1245 2397/1692/1206 2395/1690/1204
f 2436/1731/1245 2395/1690/1204 2374/1669/1183
f 2374/1669/1183 2395/1690/1204 2375/1670/1184
f 2437/1732/1246 2430/1725/1239 2431/1726/1240
f 2437/1732/1246 2438/1733/1247 2430/1725/1239
f 2438/1733/1247 2429/1724/1238 2430/1725/1239
f 2438/1733/1247 2439/1734/1248 2429/1724/1238
f 2439/1734/1248 2428/1723/1237 2429/1724/1238
f 2439/1734/1248 2440/1735/1249 2428/1723/1237
f 2440/1735/1249 2441/1736/1250 2428/1723/1237
f 2440/1735/1249 2442/1737/1251 2441/1736/1250
f 2443/1738/1252 2432/1727/1241 2444/1739/1253
f 2443/1738/1252 2431/1726/1240 2432/1727/1241
f 2445/1740/1254 2431/1726/1240 2443/1738/1252
f 2445/1740/1254 2437/1732/1246 2431/1726/1240
f 2446/1741/1255 2437/1732/1246 2445/1740/1254
f 2446/1741/1255 2447/1742/1256 2437/1732/1246
f 2447/1742/1256 2438/1733/1247 2437/1732/1246
f 2447/1742/1256 2448/1743/1257 2438/1733/1247
f 2448/1743/1257 2439/1734/1248 2438/1733/1247
f 2448/1743/1257 2449/1744/1258 2439/1734/1248
f 2449/1744/1258 2440/1735/1249 2439/1734/1248
f 2449/1744/1258 2450/1745/1259 2440/1735/1249
f 2450/1745/1259 2442/1737/1251 2440/1735/1249
f 2450/1745/1259 2451/1746/1260 2442/1737/1251
f 2451/1746/1260 2327/1631/1026 2442/1737/1251
f 2442/1737/1251 2327/1631/1026 2441/1736/1250
f 2441/1736/1250 2327/1631/1026 2425/1720/1234
f 2428/1723/1237 2441/1736/1250 2425/1720/1234
f 2452/1747/1261 2453/1748/1262 2454/1749/1263
f 2452/1747/1261 2455/1750/1264 2453/1748/1262
f 2455/1750/1264 2456/1751/1265 2453/1748/1262
f 2455/1750/1264 2457/1752/1266 2456/1751/1265
f 2457/1752/1266 2327/1631/1026 2456/1751/1265
f 2456/1751/1265 2327/1631/1026 2458/1753/1267
f 2458/1753/1267 2327/1631/1026 2451/1746/1260
f 2459/1754/1268 2458/1753/1267 2451/1746/1260
f 2459/1754/1268 2451/1746/1260 2450/1745/1259
f 2460/1755/1269 2459/1754/1268 2450/1745/1259
f 2460/1755/1269 2450/1745/1259 2449/1744/1258
f 2461/1756/1270 2460/1755/1269 2449/1744/1258
f 2461/1756/1270 2449/1744/1258 2448/1743/1257
f 2462/1757/1271 2461/1756/1270 2448/1743/1257
f 2462/1757/1271 2448/1743/1257 2447/1742/1256
f 2463/1758/1272 2462/1757/1271 2447/1742/1256
f 2463/1758/1272 2447/1742/1256 2446/1741/1255
f 2464/1759/1273 2463/1758/1272 2446/1741/1255
f 2465/1760/1274 2463/1758/1272 2464/1759/1273
f 2465/1760/1274 2466/1761/1275 2463/1758/1272
f 2466/1761/1275 2462/1757/1271 2463/1758/1272
f 2466/1761/1275 2467/1762/1276 2462/1757/1271
f 2467/1762/1276 2461/1756/1270 2462/1757/1271
f 2467/1762/1276 2468/1763/1277 2461/1756/1270
f 2468/1763/1277 2460/1755/1269 2461/1756/1270
f 2468/1763/1277 2454/1749/1263 2460/1755/1269
f 2454/1749/1263 2459/1754/1268 2460/1755/1269
f 2454/1749/1263 2453/1748/1262 2459/1754/1268
f 2453/1748/1262 2458/1753/1267 2459/1754/1268
f 2453/1748/1262 2456/1751/1265 2458/1753/1267
f 2469/1764/1278 2470/1765/1279 2471/1766/1280
f 2469/1764/1278 2472/1767/1281 2470/1765/1279
f 2473/1768/1282 2472/1767/1281 2469/1764/1278
f 2473/1768/1282 2474/1769/1283 2472/1767/1281
f 2475/1770/1284 2474/1769/1283 2473/1768/1282
f 2475/1770/1284 2464/1759/1273 2474/1769/1283
f 2476/1771/1285 2464/1759/1273 2475/1770/1284
f 2476/1771/1285 2465/1760/1274 2464/1759/1273
f 2477/1772/1286 2465/1760/1274 2476/1771/1285
f 2477/1772/1286 2478/1773/1287 2465/1760/1274
f 2478/1773/1287 2466/1761/1275 2465/1760/1274
f 2478/1773/1287 2479/1774/1288 2466/1761/1275
f 2479/1774/1288 2467/1762/1276 2466/1761/1275
f 2479/1774/1288 2480/1775/1289 2467/1762/1276
f 2480/1775/1289 2468/1763/1277 2467/1762/1276
f 2480/1775/1289 2481/1776/1290 2468/1763/1277
f 2481/1776/1290 2454/1749/1263 2468/1763/1277
f 2481/1776/1290 2452/1747/1261 2454/1749/1263
f 2482/1777/1291 2327/1631/1026 2457/1752/1266
f 2483/1778/1292 2482/1777/1291 2457/1752/1266
f 2483/1778/1292 2457/1752/1266 2455/1750/1264
f 2484/1779/1293 2483/1778/1292 2455/1750/1264
f 2484/1779/1293 2455/1750/1264 2452/1747/1261
f 2485/1780/1294 2484/1779/1293 2452/1747/1261
f 2485/1780/1294 2452/1747/1261 2481/1776/1290
f 2486/1781/1295 2485/1780/1294 2481/1776/1290
f 2486/1781/1295 2481/1776/1290 2480/1775/1289
f 2487/1782/1296 2486/1781/1295 2480/1775/1289
f 2487/1782/1296 2480/1775/1289 2479/1774/1288
f 2488/1783/1297 2487/1782/1296 2479/1774/1288
f 2488/1783/1297 2479/1774/1288 2478/1773/1287
f 2489/1784/1298 2488/1783/1297 2478/1773/1287
f 2489/1784/1298 2478/1773/1287 2477/1772/1286
f 2490/1783/1299 2489/1784/1298 2477/1772/1286
f 2490/1783/1299 2477/1772/1286 2491/1773/1300
f 2491/1773/1300 2477/1772/1286 2476/1771/1285
f 2492/1785/1301 2489/1784/1298 2490/1783/1299
f 2492/1785/1301 2493/1786/1302 2489/1784/1298
f 2493/1786/1302 2488/1783/1297 2489/1784/1298
f 2493/1786/1302 2494/1785/1303 2488/1783/1297
f 2494/1785/1303 2487/1782/1296 2488/1783/1297
f 2494/1785/1303 2495/1787/1304 2487/1782/1296
f 2495/1787/1304 2486/1781/1295 2487/1782/1296
f 2495/1787/1304 2496/1788/1305 2486/1781/1295
f 2496/1788/1305 2485/1780/1294 2486/1781/1295
f 2496/1788/1305 2497/1789/1306 2485/1780/1294
f 2497/1789/1306 2484/1779/1293 2485/1780/1294
f 2497/1789/1306 2498/1790/1307 2484/1779/1293
f 2498/1790/1307 2483/1778/1292 2484/1779/1293
f 2498/1790/1307 2499/1791/1308 2483/1778/1292
f 2499/1791/1308 2482/1777/1291 2483/1778/1292
f 2499/1791/1308 2500/1792/1309 2482/1777/1291
f 2501/1793/1310 2493/1786/1302 2492/1785/1301
f 2501/1793/1310 2502/1794/1311 2493/1786/1302
f 2502/1794/1311 2494/1785/1303 2493/1786/1302
f 2502/1794/1311 2503/1793/1312 2494/1785/1303
f 2503/1793/1312 2495/1787/1304 2494/1785/1303
f 2503/1793/1312 2504/1795/1313 2495/1787/1304
f 2504/1795/1313 2496/1788/1305 2495/1787/1304
f 2504/1795/1313 2505/1796/1314 2496/1788/1305
f 2505/1796/1314 2497/1789/1306 2496/1788/1305
f 2505/1796/1314 2506/1797/1315 2497/1789/1306
f 2506/1797/1315 2498/1790/1307 2497/1789/1306
f 2506/1797/1315 2507/1798/1316 2498/1790/1307
f 2507/1798/1316 2499/1791/1308 2498/1790/1307
f 2507/1798/1316 2508/1799/1317 2499/1791/1308
f 2508/1799/1317 2500/1792/1309 2499/1791/1308
f 2508/1799/1317 2509/1800/1318 2500/1792/1309
f 2509/1800/1318 2327/1631/1026 2500/1792/1309
f 2500/1792/1309 2327/1631/1026 2482/1777/1291
f 2510/1801/1319 2505/1796/1314 2504/1795/1313
f 2510/1801/1319 2511/1802/1320 2505/1796/1314
f 2511/1802/1320 2506/1797/1315 2505/1796/1314
f 2511/1802/1320 2512/1803/1321 2506/1797/1315
f 2512/1803/1321 2507/1798/1316 2506/1797/1315
f 2512/1803/1321 2513/1804/1322 2507/1798/1316
f 2513/1804/1322 2508/1799/1317 2507/1798/1316
f 2513/1804/1322 2514/1805/1323 2508/1799/1317
f 2514/1805/1323 2509/1800/1318 2508/1799/1317
f 2514/1805/1323 2515/1806/1324 2509/1800/1318
f 2515/1806/1324 2327/1631/1026 2509/1800/1318
f 2516/1807/1325 2327/1631/1026 2515/1806/1324
f 2326/1630/1137 2327/1631/1026 2516/1807/1325
f 2517/1808/1326 2326/1630/1137 2516/1807/1325
f 2324/1628/1135 2326/1630/1137 2517/1808/1326
f 2518/1809/1327 2324/1628/1135 2517/1808/1326
f 2300/1605/1111 2324/1628/1135 2518/1809/1327
f 2301/1606/1112 2300/1605/1111 2518/1809/1327
f 2306/1611/1117 2304/1609/1115 2519/1810/1328
f 2519/1810/1328 2304/1609/1115 2520/1811/1329
f 2304/1609/1115 2302/1607/1113 2520/1811/1329
f 2520/1811/1329 2302/1607/1113 2521/1812/1330
f 2302/1607/1113 2301/1606/1112 2521/1812/1330
f 2521/1812/1330 2301/1606/1112 2522/1813/1331
f 2301/1606/1112 2518/1809/1327 2522/1813/1331
f 2522/1813/1331 2518/1809/1327 2523/1814/1332
f 2518/1809/1327 2517/1808/1326 2523/1814/1332
f 2523/1814/1332 2517/1808/1326 2524/1815/1333
f 2517/1808/1326 2516/1807/1325 2524/1815/1333
f 2524/1815/1333 2516/1807/1325 2515/1806/1324
f 2524/1815/1333 2515/1806/1324 2514/1805/1323
f 2525/1816/1334 2524/1815/1333 2514/1805/1323
f 2525/1816/1334 2514/1805/1323 2513/1804/1322
f 2526/1817/1335 2525/1816/1334 2513/1804/1322
f 2526/1817/1335 2513/1804/1322 2512/1803/1321
f 2527/1818/1336 2526/1817/1335 2512/1803/1321
f 2523/1814/1332 2524/1815/1333 2525/1816/1334
f 2522/1813/1331 2523/1814/1332 2528/1819/1337
f 2528/1819/1337 2523/1814/1332 2525/1816/1334
f 2528/1819/1337 2525/1816/1334 2526/1817/1335
f 2521/1812/1330 2522/1813/1331 2529/1820/1338
f 2529/1820/1338 2522/1813/1331 2528/1819/1337
f 2529/1820/1338 2528/1819/1337 2530/1821/1339
f 2530/1821/1339 2528/1819/1337 2526/1817/1335
f 2530/1821/1339 2526/1817/1335 2527/1818/1336
f 2520/1811/1329 2521/1812/1330 2531/1822/1340
f 2531/1822/1340 2521/1812/1330 2529/1820/1338
f 2531/1822/1340 2529/1820/1338 2532/1823/1341
f 2532/1823/1341 2529/1820/1338 2530/1821/1339
f 2532/1823/1341 2530/1821/1339 2533/1824/1342
f 2533/1824/1342 2530/1821/1339 2527/1818/1336
f 2533/1824/1342 2527/1818/1336 2534/1825/1343
f 2519/1810/1328 2520/1811/1329 2535/1826/1344
f 2535/1826/1344 2520/1811/1329 2531/1822/1340
f 2535/1826/1344 2531/1822/1340 2536/1827/1345
f 2536/1827/1345 2531/1822/1340 2532/1823/1341
f 2536/1827/1345 2532/1823/1341 2537/1828/1346
f 2537/1828/1346 2532/1823/1341 2533/1824/1342
f 2537/1828/1346 2533/1824/1342 2538/1829/1347
f 2538/1829/1347 2533/1824/1342 2534/1825/1343
f 2538/1829/1347 2534/1825/1343 2539/1830/1348
f 2540/1831/1349 2519/1810/1328 2541/1832/1350
f 2541/1832/1350 2519/1810/1328 2535/1826/1344
f 2541/1832/1350 2535/1826/1344 2542/1833/1351
f 2542/1833/1351 2535/1826/1344 2536/1827/1345
f 2542/1833/1351 2536/1827/1345 2543/1834/1352
f 2543/1834/1352 2536/1827/1345 2537/1828/1346
f 2543/1834/1352 2537/1828/1346 2544/1835/1353
f 2544/1835/1353 2537/1828/1346 2538/1829/1347
f 2544/1835/1353 2538/1829/1347 2545/1836/1354
f 2545/1836/1354 2538/1829/1347 2539/1830/1348
f 2545/1836/1354 2539/1830/1348 2546/1837/1355
f 2547/1824/1356 2548/1830/1357 2549/1825/1358
f 2547/1824/1356 2550/1829/1359 2548/1830/1357
f 2550/1829/1359 2546/1837/1355 2548/1830/1357
f 2550/1829/1359 2545/1836/1354 2546/1837/1355
f 2551/1828/1360 2545/1836/1354 2550/1829/1359
f 2551/1828/1360 2544/1835/1353 2545/1836/1354
f 2552/1827/1361 2544/1835/1353 2551/1828/1360
f 2552/1827/1361 2543/1834/1352 2544/1835/1353
f 2553/1826/1362 2543/1834/1352 2552/1827/1361
f 2553/1826/1362 2542/1833/1351 2543/1834/1352
f 2554/1810/1363 2542/1833/1351 2553/1826/1362
f 2554/1810/1363 2541/1832/1350 2542/1833/1351
f 2555/1611/1364 2541/1832/1350 2554/1810/1363
f 2555/1611/1364 2540/1831/1349 2541/1832/1350
f 2556/1612/1365 2540/1831/1349 2555/1611/1364
f 2557/1823/1366 2550/1829/1359 2547/1824/1356
f 2557/1823/1366 2551/1828/1360 2550/1829/1359
f 2558/1822/1367 2551/1828/1360 2557/1823/1366
f 2558/1822/1367 2552/1827/1361 2551/1828/1360
f 2559/1811/1368 2552/1827/1361 2558/1822/1367
f 2559/1811/1368 2553/1826/1362 2552/1827/1361
f 2560/1609/1369 2553/1826/1362 2559/1811/1368
f 2560/1609/1369 2554/1810/1363 2553/1826/1362
f 2561/1610/1370 2554/1810/1363 2560/1609/1369
f 2561/1610/1370 2555/1611/1364 2554/1810/1363
f 2562/1623/1371 2555/1611/1364 2561/1610/1370
f 2562/1623/1371 2556/1612/1365 2555/1611/1364
f 2298/1603/1109 2556/1612/1365 2562/1623/1371
f 2298/1603/1109 2297/1602/1108 2556/1612/1365
f 2297/1602/1108 2308/1613/1119 2556/1612/1365
f 2556/1612/1365 2308/1613/1119 2540/1831/1349
f 2308/1613/1119 2306/1611/1117 2540/1831/1349
f 2540/1831/1349 2306/1611/1117 2519/1810/1328
f 2563/1818/1372 2564/1801/1373 2565/1802/1374
f 2563/1818/1372 2549/1825/1358 2564/1801/1373
f 2566/1821/1375 2549/1825/1358 2563/1818/1372
f 2566/1821/1375 2547/1824/1356 2549/1825/1358
f 2567/1820/1376 2547/1824/1356 2566/1821/1375
f 2567/1820/1376 2557/1823/1366 2547/1824/1356
f 2568/1812/1377 2557/1823/1366 2567/1820/1376
f 2568/1812/1377 2558/1822/1367 2557/1823/1366
f 2569/1607/1378 2558/1822/1367 2568/1812/1377
f 2569/1607/1378 2559/1811/1368 2558/1822/1367
f 2570/1608/1379 2559/1811/1368 2569/1607/1378
f 2570/1608/1379 2560/1609/1369 2559/1811/1368
f 2571/1624/1380 2560/1609/1369 2570/1608/1379
f 2571/1624/1380 2561/1610/1370 2560/1609/1369
f 2572/1636/1381 2561/1610/1370 2571/1624/1380
f 2572/1636/1381 2562/1623/1371 2561/1610/1370
f 2573/1642/1382 2562/1623/1371 2572/1636/1381
f 2573/1642/1382 2298/1603/1109 2562/1623/1371
f 2574/1797/1383 2575/1796/1384 2576/1788/1385
f 2577/1803/1386 2575/1796/1384 2574/1797/1383
f 2577/1803/1386 2565/1802/1374 2575/1796/1384
f 2578/1817/1387 2565/1802/1374 2577/1803/1386
f 2578/1817/1387 2563/1818/1372 2565/1802/1374
f 2579/1819/1388 2563/1818/1372 2578/1817/1387
f 2579/1819/1388 2566/1821/1375 2563/1818/1372
f 2580/1813/1389 2566/1821/1375 2579/1819/1388
f 2580/1813/1389 2567/1820/1376 2566/1821/1375
f 2581/1606/1390 2567/1820/1376 2580/1813/1389
f 2581/1606/1390 2568/1812/1377 2567/1820/1376
f 2582/1604/1391 2568/1812/1377 2581/1606/1390
f 2582/1604/1391 2569/1607/1378 2568/1812/1377
f 2583/1625/1392 2569/1607/1378 2582/1604/1391
f 2583/1625/1392 2570/1608/1379 2569/1607/1378
f 2584/1637/1393 2570/1608/1379 2583/1625/1392
f 2584/1637/1393 2571/1624/1380 2570/1608/1379
f 2585/1641/1394 2571/1624/1380 2584/1637/1393
f 2586/1816/1395 2578/1817/1387 2577/1803/1386
f 2587/1814/1396 2578/1817/1387 2586/1816/1395
f 2587/1814/1396 2579/1819/1388 2578/1817/1387
f 2588/1809/1397 2579/1819/1388 2587/1814/1396
f 2588/1809/1397 2580/1813/1389 2579/1819/1388
f 2589/1605/1398 2580/1813/1389 2588/1809/1397
f 2589/1605/1398 2581/1606/1390 2580/1813/1389
f 2590/1626/1399 2581/1606/1390 2589/1605/1398
f 2590/1626/1399 2582/1604/1391 2581/1606/1390
f 2591/1638/1400 2582/1604/1391 2590/1626/1399
f 2591/1638/1400 2583/1625/1392 2582/1604/1391
f 2592/1640/1401 2583/1625/1392 2591/1638/1400
f 2592/1640/1401 2584/1637/1393 2583/1625/1392
f 2593/1655/1402 2584/1637/1393 2592/1640/1401
f 2593/1655/1402 2585/1641/1394 2584/1637/1393
f 2594/1658/1403 2585/1641/1394 2593/1655/1402
f 2594/1658/1403 2595/1654/1404 2585/1641/1394
f 2596/1665/1405 2595/1654/1404 2594/1658/1403
f 2597/1679/1406 2596/1665/1405 2594/1658/1403
f 2597/1679/1406 2594/1658/1403 2598/1664/1407
f 2598/1664/1407 2594/1658/1403 2593/1655/1402
f 2598/1664/1407 2593/1655/1402 2599/1659/1408
f 2599/1659/1408 2593/1655/1402 2592/1640/1401
f 2599/1659/1408 2592/1640/1401 2600/1660/1409
f 2600/1660/1409 2592/1640/1401 2591/1638/1400
f 2600/1660/1409 2591/1638/1400 2601/1639/1410
f 2601/1639/1410 2591/1638/1400 2590/1626/1399
f 2601/1639/1410 2590/1626/1399 2602/1634/1411
f 2602/1634/1411 2590/1626/1399 2589/1605/1398
f 2602/1634/1411 2589/1605/1398 2603/1627/1412
f 2603/1627/1412 2589/1605/1398 2588/1809/1397
f 2603/1627/1412 2588/1809/1397 2604/1628/1413
f 2604/1628/1413 2588/1809/1397 2587/1814/1396
f 2604/1628/1413 2587/1814/1396 2605/1808/1414
f 2605/1808/1414 2587/1814/1396 2586/1816/1395
f 2605/1808/1414 2586/1816/1395 2606/1815/1415
f 2607/1792/1416 2608/1791/1417 2609/1778/1418
f 2610/1800/1419 2608/1791/1417 2607/1792/1416
f 2610/1800/1419 2611/1799/1420 2608/1791/1417
f 2612/1806/1421 2611/1799/1420 2610/1800/1419
f 2612/1806/1421 2613/1805/1422 2611/1799/1420
f 2614/1807/1423 2613/1805/1422 2612/1806/1421
f 2614/1807/1423 2606/1815/1415 2613/1805/1422
f 2615/1630/1424 2606/1815/1415 2614/1807/1423
f 2615/1630/1424 2605/1808/1414 2606/1815/1415
f 2616/1629/1425 2605/1808/1414 2615/1630/1424
f 2616/1629/1425 2604/1628/1413 2605/1808/1414
f 2617/1632/1426 2604/1628/1413 2616/1629/1425
f 2617/1632/1426 2603/1627/1412 2604/1628/1413
f 2618/1633/1427 2603/1627/1412 2617/1632/1426
f 2618/1633/1427 2602/1634/1411 2603/1627/1412
f 2619/1662/1428 2602/1634/1411 2618/1633/1427
f 2619/1662/1428 2601/1639/1410 2602/1634/1411
f 2620/1661/1429 2601/1639/1410 2619/1662/1428
f 2606/1815/1415 2586/1816/1395 2621/1804/1430
f 2606/1815/1415 2621/1804/1430 2613/1805/1422
f 2613/1805/1422 2621/1804/1430 2622/1798/1431
f 2613/1805/1422 2622/1798/1431 2611/1799/1420
f 2611/1799/1420 2622/1798/1431 2623/1790/1432
f 2611/1799/1420 2623/1790/1432 2608/1791/1417
f 2608/1791/1417 2623/1790/1432 2624/1779/1433
f 2608/1791/1417 2624/1779/1433 2609/1778/1418
f 2609/1778/1418 2624/1779/1433 2625/1747/1434
f 2609/1778/1418 2625/1747/1434 2626/1750/1435
f 2626/1750/1435 2625/1747/1434 2627/1749/1436
f 2626/1750/1435 2627/1749/1436 2628/1748/1437
f 2628/1748/1437 2627/1749/1436 2629/1755/1438
f 2628/1748/1437 2629/1755/1438 2630/1754/1439
f 2630/1754/1439 2629/1755/1438 2631/1744/1440
f 2630/1754/1439 2631/1744/1440 2632/1745/1441
f 2632/1745/1441 2631/1744/1440 2633/1734/1442
f 2632/1745/1441 2633/1734/1442 2634/1735/1443
f 2633/1734/1442 2635/1733/1444 2636/1725/1445
f 2631/1744/1440 2635/1733/1444 2633/1734/1442
f 2631/1744/1440 2637/1743/1446 2635/1733/1444
f 2629/1755/1438 2637/1743/1446 2631/1744/1440
f 2629/1755/1438 2638/1756/1447 2637/1743/1446
f 2627/1749/1436 2638/1756/1447 2629/1755/1438
f 2627/1749/1436 2639/1763/1448 2638/1756/1447
f 2625/1747/1434 2639/1763/1448 2627/1749/1436
f 2625/1747/1434 2640/1776/1449 2639/1763/1448
f 2624/1779/1433 2640/1776/1449 2625/1747/1434
f 2624/1779/1433 2641/1780/1450 2640/1776/1449
f 2623/1790/1432 2641/1780/1450 2624/1779/1433
f 2623/1790/1432 2642/1789/1451 2641/1780/1450
f 2622/1798/1431 2642/1789/1451 2623/1790/1432
f 2622/1798/1431 2574/1797/1383 2642/1789/1451
f 2621/1804/1430 2574/1797/1383 2622/1798/1431
f 2621/1804/1430 2577/1803/1386 2574/1797/1383
f 2586/1816/1395 2577/1803/1386 2621/1804/1430
f 2643/1715/1452 2644/1727/1453 2645/1728/1454
f 2636/1725/1445 2644/1727/1453 2643/1715/1452
f 2636/1725/1445 2646/1726/1455 2644/1727/1453
f 2635/1733/1444 2646/1726/1455 2636/1725/1445
f 2635/1733/1444 2647/1732/1456 2646/1726/1455
f 2637/1743/1446 2647/1732/1456 2635/1733/1444
f 2637/1743/1446 2648/1742/1457 2647/1732/1456
f 2638/1756/1447 2648/1742/1457 2637/1743/1446
f 2638/1756/1447 2649/1757/1458 2648/1742/1457
f 2639/1763/1448 2649/1757/1458 2638/1756/1447
f 2639/1763/1448 2650/1762/1459 2649/1757/1458
f 2640/1776/1449 2650/1762/1459 2639/1763/1448
f 2640/1776/1449 2651/1775/1460 2650/1762/1459
f 2641/1780/1450 2651/1775/1460 2640/1776/1449
f 2641/1780/1450 2652/1781/1461 2651/1775/1460
f 2642/1789/1451 2652/1781/1461 2641/1780/1450
f 2642/1789/1451 2576/1788/1385 2652/1781/1461
f 2574/1797/1383 2576/1788/1385 2642/1789/1451
f 2653/1730/1462 2654/1838/1463 2655/1731/1464
f 2653/1730/1462 2656/1839/1465 2654/1838/1463
f 2657/1729/1466 2656/1839/1465 2653/1730/1462
f 2657/1729/1466 2658/1840/1467 2656/1839/1465
f 2645/1728/1454 2658/1840/1467 2657/1729/1466
f 2645/1728/1454 2659/1841/1468 2658/1840/1467
f 2644/1727/1453 2659/1841/1468 2645/1728/1454
f 2644/1727/1453 2660/1739/1469 2659/1841/1468
f 2646/1726/1455 2660/1739/1469 2644/1727/1453
f 2646/1726/1455 2661/1738/1470 2660/1739/1469
f 2647/1732/1456 2661/1738/1470 2646/1726/1455
f 2647/1732/1456 2662/1740/1471 2661/1738/1470
f 2648/1742/1457 2662/1740/1471 2647/1732/1456
f 2648/1742/1457 2663/1741/1472 2662/1740/1471
f 2649/1757/1458 2663/1741/1472 2648/1742/1457
f 2649/1757/1458 2664/1758/1473 2663/1741/1472
f 2650/1762/1459 2664/1758/1473 2649/1757/1458
f 2650/1762/1459 2665/1761/1474 2664/1758/1473
f 2661/1738/1470 2666/1842/1475 2660/1739/1469
f 2661/1738/1470 2667/1765/1476 2666/1842/1475
f 2662/1740/1471 2667/1765/1476 2661/1738/1470
f 2662/1740/1471 2668/1767/1477 2667/1765/1476
f 2663/1741/1472 2668/1767/1477 2662/1740/1471
f 2663/1741/1472 2669/1769/1478 2668/1767/1477
f 2664/1758/1473 2669/1769/1478 2663/1741/1472
f 2664/1758/1473 2670/1759/1479 2669/1769/1478
f 2665/1761/1474 2670/1759/1479 2664/1758/1473
f 2665/1761/1474 2671/1760/1480 2670/1759/1479
f 2672/1774/1481 2671/1760/1480 2665/1761/1474
f 2672/1774/1481 2491/1773/1300 2671/1760/1480
f 2673/1782/1482 2491/1773/1300 2672/1774/1481
f 2673/1782/1482 2490/1783/1299 2491/1773/1300
f 2674/1787/1483 2490/1783/1299 2673/1782/1482
f 2674/1787/1483 2492/1785/1301 2490/1783/1299
f 2675/1795/1484 2492/1785/1301 2674/1787/1483
f 2675/1795/1484 2501/1793/1310 2492/1785/1301
f 2651/1775/1460 2665/1761/1474 2650/1762/1459
f 2651/1775/1460 2672/1774/1481 2665/1761/1474
f 2652/1781/1461 2672/1774/1481 2651/1775/1460
f 2652/1781/1461 2673/1782/1482 2672/1774/1481
f 2576/1788/1385 2673/1782/1482 2652/1781/1461
f 2576/1788/1385 2674/1787/1483 2673/1782/1482
f 2575/1796/1384 2674/1787/1483 2576/1788/1385
f 2575/1796/1384 2675/1795/1484 2674/1787/1483
f 2565/1802/1374 2675/1795/1484 2575/1796/1384
f 2565/1802/1374 2564/1801/1373 2675/1795/1484
f 2564/1801/1373 2501/1793/1310 2675/1795/1484
f 2564/1801/1373 2676/1843/1485 2501/1793/1310
f 2676/1843/1485 2502/1794/1311 2501/1793/1310
f 2676/1843/1485 2677/1844/1486 2502/1794/1311
f 2677/1844/1486 2503/1793/1312 2502/1794/1311
f 2677/1844/1486 2678/1843/1487 2503/1793/1312
f 2678/1843/1487 2504/1795/1313 2503/1793/1312
f 2678/1843/1487 2510/1801/1319 2504/1795/1313
f 2527/1818/1336 2512/1803/1321 2511/1802/1320
f 2534/1825/1343 2527/1818/1336 2511/1802/1320
f 2534/1825/1343 2511/1802/1320 2510/1801/1319
f 2539/1830/1348 2534/1825/1343 2510/1801/1319
f 2539/1830/1348 2510/1801/1319 2678/1843/1487
f 2546/1837/1355 2539/1830/1348 2678/1843/1487
f 2546/1837/1355 2678/1843/1487 2677/1844/1486
f 2548/1830/1357 2546/1837/1355 2677/1844/1486
f 2548/1830/1357 2677/1844/1486 2676/1843/1485
f 2549/1825/1358 2548/1830/1357 2676/1843/1485
f 2549/1825/1358 2676/1843/1485 2564/1801/1373
f 2679/1845/1488 2680/1846/1489 2681/1846/1490
f 2679/1845/1488 2682/1845/1488 2680/1846/1489
f 2683/1845/1488 2684/1846/1491 2685/1846/1490
f 2683/1845/1488 2686/1845/1488 2684/1846/1491
f 2687/1845/1488 2688/1846/1492 2689/1846/1493
f 2687/1845/1488 2690/1845/1488 2688/1846/1492
f 2141/1471/1026 2689/1846/1493 2691/1847/1494
f 2141/1471/1026 2687/1845/1488 2689/1846/1493
f 2138/1471/1026 2691/1847/1494 2692/1847/1495
f 2138/1471/1026 2141/1471/1026 2691/1847/1494
f 2690/1845/1488 2692/1847/1495 2688/1846/1492
f 2690/1845/1488 2138/1471/1026 2692/1847/1495
f 2693/1471/1026 2685/1846/1490 2694/1847/1496
f 2693/1471/1026 2683/1845/1488 2685/1846/1490
f 2695/1471/1026 2694/1847/1496 2696/1847/1497
f 2695/1471/1026 2693/1471/1026 2694/1847/1496
f 2697/1471/1026 2698/1847/1498 2699/1847/1495
f 2697/1471/1026 2700/1471/1026 2698/1847/1498
f 2682/1845/1488 2699/1847/1495 2680/1846/1489
f 2682/1845/1488 2697/1471/1026 2699/1847/1495
f 2150/1848/1026 2701/1849/1493 2702/1850/1494
f 2150/1848/1026 2149/1851/1026 2701/1849/1493
f 2149/1851/1026 2703/1849/1492 2701/1849/1493
f 2149/1851/1026 2151/1851/1026 2703/1849/1492
f 2148/1848/1026 2702/1850/1494 2704/1850/1495
f 2148/1848/1026 2150/1848/1026 2702/1850/1494
f 2151/1851/1026 2704/1850/1495 2703/1849/1492
f 2151/1851/1026 2148/1848/1026 2704/1850/1495
f 2154/1848/1026 2705/1849/1490 2706/1850/1496
f 2154/1848/1026 2153/1851/1026 2705/1849/1490
f 2153/1851/1026 2707/1849/1491 2705/1849/1490
f 2153/1851/1026 2155/1851/1026 2707/1849/1491
f 2152/1848/1026 2706/1850/1496 2708/1850/1497
f 2152/1848/1026 2154/1848/1026 2706/1850/1496
f 2157/1851/1026 2709/1849/1489 2710/1849/1490
f 2157/1851/1026 2159/1851/1026 2709/1849/1489
f 2156/1848/1026 2711/1850/1498 2712/1850/1495
f 2156/1848/1026 2158/1848/1026 2711/1850/1498
f 2159/1851/1026 2712/1850/1495 2709/1849/1489
f 2159/1851/1026 2156/1848/1026 2712/1850/1495
f 2162/1852/1026 2713/1853/1490 2714/1854/1494
f 2162/1852/1026 2161/1855/1026 2713/1853/1490
f 2161/1855/1026 2715/1853/1492 2713/1853/1490
f 2161/1855/1026 2163/1855/1026 2715/1853/1492
f 2160/1852/1026 2714/1854/1494 2716/1854/1495
f 2160/1852/1026 2162/1852/1026 2714/1854/1494
f 2163/1855/1026 2716/1854/1495 2715/1853/1492
f 2163/1855/1026 2160/1852/1026 2716/1854/1495
f 2166/1852/1026 2717/1853/1490 2718/1854/1496
f 2166/1852/1026 2165/1855/1026 2717/1853/1490
f 2165/1855/1026 2719/1853/1491 2717/1853/1490
f 2165/1855/1026 2167/1855/1026 2719/1853/1491
f 2164/1852/1026 2718/1854/1496 2720/1854/1497
f 2164/1852/1026 2166/1852/1026 2718/1854/1496
f 2169/1855/1026 2721/1853/1489 2722/1853/1493
f 2169/1855/1026 2171/1855/1026 2721/1853/1489
f 2168/1852/1026 2723/1854/1498 2724/1854/1495
f 2168/1852/1026 2170/1852/1026 2723/1854/1498
f 2171/1855/1026 2724/1854/1495 2721/1853/1489
f 2171/1855/1026 2168/1852/1026 2724/1854/1495
f 2174/1856/1026 2725/1857/1490 2726/1858/1494
f 2174/1856/1026 2173/1859/1026 2725/1857/1490
f 2173/1859/1026 2727/1857/1492 2725/1857/1490
f 2173/1859/1026 2175/1859/1026 2727/1857/1492
f 2172/1856/1026 2726/1858/1494 2728/1858/1495
f 2172/1856/1026 2174/1856/1026 2726/1858/1494
f 2175/1859/1026 2728/1858/1495 2727/1857/1492
f 2175/1859/1026 2172/1856/1026 2728/1858/1495
f 2178/1856/1026 2729/1857/1490 2730/1858/1496
f 2178/1856/1026 2177/1859/1026 2729/1857/1490
f 2177/1859/1026 2731/1857/1491 2729/1857/1490
f 2177/1859/1026 2179/1859/1026 2731/1857/1491
f 2176/1856/1026 2730/1858/1496 2732/1858/1497
f 2176/1856/1026 2178/1856/1026 2730/1858/1496
f 2181/1859/1026 2733/1857/1489 2734/1857/1493
f 2181/1859/1026 2183/1859/1026 2733/1857/1489
f 2180/1856/1026 2735/1858/1498 2736/1858/1495
f 2180/1856/1026 2182/1856/1026 2735/1858/1498
f 2183/1859/1026 2736/1858/1495 2733/1857/1489
f 2183/1859/1026 2180/1856/1026 2736/1858/1495
f 2186/1467/1026 2737/1860/1490 2738/1861/1494
f 2186/1467/1026 2185/1470/1026 2737/1860/1490
f 2185/1470/1026 2739/1860/1492 2737/1860/1490
f 2185/1470/1026 2187/1470/1026 2739/1860/1492
f 2184/1467/1026 2738/1861/1494 2740/1861/1495
f 2184/1467/1026 2186/1467/1026 2738/1861/1494
f 2187/1470/1026 2740/1861/1495 2739/1860/1492
f 2187/1470/1026 2184/1467/1026 2740/1861/1495
f 2134/1467/1026 2741/1860/1490 2742/1861/1496
f 2134/1467/1026 2137/1470/1026 2741/1860/1490
f 2137/1470/1026 2743/1860/1491 2741/1860/1490
f 2137/1470/1026 2189/1470/1026 2743/1860/1491
f 2188/1467/1026 2742/1861/1496 2744/1861/1497
f 2188/1467/1026 2134/1467/1026 2742/1861/1496
f 2191/1470/1026 2745/1860/1489 2746/1860/1490
f 2191/1470/1026 2193/1470/1026 2745/1860/1489
f 2190/1467/1026 2747/1861/1498 2748/1861/1495
f 2190/1467/1026 2192/1467/1026 2747/1861/1498
f 2193/1470/1026 2748/1861/1495 2745/1860/1489
f 2193/1470/1026 2190/1467/1026 2748/1861/1495
f 2196/1862/1026 2749/1863/1490 2750/1864/1494
f 2196/1862/1026 2195/1865/1026 2749/1863/1490
f 2195/1865/1026 2751/1863/1492 2749/1863/1490
f 2195/1865/1026 2197/1865/1026 2751/1863/1492
f 2194/1862/1026 2750/1864/1494 2752/1864/1495
f 2194/1862/1026 2196/1862/1026 2750/1864/1494
f 2197/1865/1026 2752/1864/1495 2751/1863/1492
f 2197/1865/1026 2194/1862/1026 2752/1864/1495
f 2200/1862/1026 2753/1863/1490 2754/1864/1496
f 2200/1862/1026 2199/1865/1026 2753/1863/1490
f 2199/1865/1026 2755/1863/1491 2753/1863/1490
f 2199/1865/1026 2201/1865/1026 2755/1863/1491
f 2198/1862/1026 2754/1864/1496 2756/1864/1497
f 2198/1862/1026 2200/1862/1026 2754/1864/1496
f 2203/1865/1026 2757/1863/1489 2758/1863/1490
f 2203/1865/1026 2205/1865/1026 2757/1863/1489
f 2202/1862/1026 2759/1864/1498 2760/1864/1495
f 2202/1862/1026 2204/1862/1026 2759/1864/1498
f 2205/1865/1026 2760/1864/1495 2757/1863/1489
f 2205/1865/1026 2202/1862/1026 2760/1864/1495
f 2208/1866/1026 2761/1867/1490 2762/1868/1494
f 2208/1866/1026 2207/1869/1026 2761/1867/1490
f 2207/1869/1026 2763/1867/1492 2761/1867/1490
f 2207/1869/1026 2209/1869/1026 2763/1867/1492
f 2209/1869/1026 2764/1868/1495 2763/1867/1492
f 2209/1869/1026 2206/1866/1026 2764/1868/1495
f 2212/1866/1026 2765/1867/1490 2766/1868/1496
f 2212/1866/1026 2211/1869/1026 2765/1867/1490
f 2211/1869/1026 2767/1867/1491 2765/1867/1490
f 2211/1869/1026 2213/1869/1026 2767/1867/1491
f 2215/1869/1026 2768/1867/1489 2769/1867/1490
f 2215/1869/1026 2217/1869/1026 2768/1867/1489
f 2217/1869/1026 2770/1868/1495 2768/1867/1489
f 2217/1869/1026 2214/1866/1026 2770/1868/1495
f 2700/1471/1026 2681/1846/1490 2698/1847/1498
f 2700/1471/1026 2679/1845/1488 2681/1846/1490
f 2686/1845/1488 2696/1847/1497 2684/1846/1491
f 2686/1845/1488 2695/1471/1026 2696/1847/1497
f 2158/1848/1026 2710/1849/1490 2711/1850/1498
f 2158/1848/1026 2157/1851/1026 2710/1849/1490
f 2167/1855/1026 2720/1854/1497 2719/1853/1491
f 2167/1855/1026 2164/1852/1026 2720/1854/1497
f 2182/1856/1026 2734/1857/1493 2735/1858/1498
f 2182/1856/1026 2181/1859/1026 2734/1857/1493
f 2179/1859/1026 2732/1858/1497 2731/1857/1491
f 2179/1859/1026 2176/1856/1026 2732/1858/1497
f 2192/1467/1026 2746/1860/1490 2747/1861/1498
f 2192/1467/1026 2191/1470/1026 2746/1860/1490
f 2189/1470/1026 2744/1861/1497 2743/1860/1491
f 2189/1470/1026 2188/1467/1026 2744/1861/1497
f 2201/1865/1026 2756/1864/1497 2755/1863/1491
f 2201/1865/1026 2198/1862/1026 2756/1864/1497
f 2216/1866/1026 2769/1867/1490 2771/1868/1498
f 2216/1866/1026 2215/1869/1026 2769/1867/1490
f 2155/1851/1026 2708/1850/1497 2707/1849/1491
f 2155/1851/1026 2152/1848/1026 2708/1850/1497
f 2170/1852/1026 2722/1853/1493 2723/1854/1498
f 2170/1852/1026 2169/1855/1026 2722/1853/1493
f 2204/1862/1026 2758/1863/1490 2759/1864/1498
f 2204/1862/1026 2203/1865/1026 2758/1863/1490
f 2206/1866/1026 2762/1868/1494 2764/1868/1495
f 2206/1866/1026 2208/1866/1026 2762/1868/1494
f 2210/1866/1026 2766/1868/1496 2772/1868/1497
f 2210/1866/1026 2212/1866/1026 2766/1868/1496
f 2214/1866/1026 2771/1868/1498 2770/1868/1495
f 2214/1866/1026 2216/1866/1026 2771/1868/1498
f 2213/1869/1026 2772/1868/1497 2767/1867/1491
f 2213/1869/1026 2210/1866/1026 2772/1868/1497
f 2699/1870/1495 2681/1871/1490 2680/1872/1489
f 2699/1870/1495 2698/1873/1498 2681/1871/1490
f 2696/1874/1497 2685/1875/1490 2684/1876/1491
f 2696/1874/1497 2694/1877/1496 2685/1875/1490
f 2692/1878/1495 2689/1879/1493 2688/1880/1492
f 2692/1878/1495 2691/1881/1494 2689/1879/1493
f 2704/1474/1495 2701/1475/1493 2703/1477/1492
f 2704/1474/1495 2702/1476/1494 2701/1475/1493
f 2708/1478/1497 2705/1479/1490 2707/1481/1491
f 2708/1478/1497 2706/1480/1496 2705/1479/1490
f 2712/1482/1495 2710/1483/1490 2709/1485/1489
f 2712/1482/1495 2711/1484/1498 2710/1483/1490
f 2716/1486/1495 2713/1487/1490 2715/1489/1492
f 2716/1486/1495 2714/1488/1494 2713/1487/1490
f 2720/1490/1497 2717/1491/1490 2719/1493/1491
f 2720/1490/1497 2718/1492/1496 2717/1491/1490
f 2724/1494/1495 2722/1495/1493 2721/1497/1489
f 2724/1494/1495 2723/1496/1498 2722/1495/1493
f 2728/1498/1495 2725/1499/1490 2727/1501/1492
f 2728/1498/1495 2726/1500/1494 2725/1499/1490
f 2732/1502/1497 2729/1503/1490 2731/1505/1491
f 2732/1502/1497 2730/1504/1496 2729/1503/1490
f 2736/1506/1495 2734/1507/1493 2733/1509/1489
f 2736/1506/1495 2735/1508/1498 2734/1507/1493
f 2740/1510/1495 2737/1511/1490 2739/1513/1492
f 2740/1510/1495 2738/1512/1494 2737/1511/1490
f 2744/1514/1497 2741/1515/1490 2743/1517/1491
f 2744/1514/1497 2742/1516/1496 2741/1515/1490
f 2748/1518/1495 2746/1519/1490 2745/1521/1489
f 2748/1518/1495 2747/1520/1498 2746/1519/1490
f 2752/1522/1495 2749/1523/1490 2751/1525/1492
f 2752/1522/1495 2750/1524/1494 2749/1523/1490
f 2756/1526/1497 2753/1527/1490 2755/1529/1491
f 2756/1526/1497 2754/1528/1496 2753/1527/1490
f 2760/1530/1495 2758/1531/1490 2757/1533/1489
f 2760/1530/1495 2759/1532/1498 2758/1531/1490
f 2764/1534/1495 2761/1535/1490 2763/1537/1492
f 2764/1534/1495 2762/1536/1494 2761/1535/1490
f 2772/1538/1497 2765/1539/1490 2767/1541/1491
f 2772/1538/1497 2766/1540/1496 2765/1539/1490
f 2770/1542/1495 2769/1543/1490 2768/1545/1489
f 2770/1542/1495 2771/1544/1498 2769/1543/1490
f 2773/1721/1499 2774/1709/1500 2775/1710/1501
f 2773/1721/1499 2776/1722/1502 2774/1709/1500
f 2634/1735/1443 2633/1734/1442 2777/1724/1503
f 2634/1735/1443 2777/1724/1503 2778/1723/1504
f 2778/1723/1504 2777/1724/1503 2779/1716/1505
f 2778/1723/1504 2779/1716/1505 2780/1718/1506
f 2780/1718/1506 2779/1716/1505 2781/1714/1507
f 2780/1718/1506 2781/1714/1507 2782/1717/1508
f 2782/1717/1508 2781/1714/1507 2783/1712/1509
f 2782/1717/1508 2783/1712/1509 2776/1722/1502
f 2776/1722/1502 2783/1712/1509 2784/1695/1510
f 2776/1722/1502 2784/1695/1510 2774/1709/1500
f 2774/1709/1500 2784/1695/1510 2785/1693/1511
f 2774/1709/1500 2785/1693/1511 2786/1696/1512
f 2775/1710/1501 2774/1709/1500 2786/1696/1512
f 2775/1710/1501 2786/1696/1512 2787/1708/1513
f 2788/1631/1514 2775/1710/1501 2787/1708/1513
f 2788/1631/1514 2773/1721/1499 2775/1710/1501
f 2788/1631/1514 2789/1719/1515 2773/1721/1499
f 2789/1719/1515 2776/1722/1502 2773/1721/1499
f 2788/1631/1514 2787/1708/1513 2790/1707/1516
f 2787/1708/1513 2791/1697/1517 2790/1707/1516
f 2787/1708/1513 2786/1696/1512 2791/1697/1517
f 2786/1696/1512 2792/1691/1518 2791/1697/1517
f 2786/1696/1512 2785/1693/1511 2792/1691/1518
f 2785/1693/1511 2793/1690/1519 2792/1691/1518
f 2785/1693/1511 2794/1692/1520 2793/1690/1519
f 2784/1695/1510 2794/1692/1520 2785/1693/1511
f 2784/1695/1510 2795/1694/1521 2794/1692/1520
f 2783/1712/1509 2795/1694/1521 2784/1695/1510
f 2783/1712/1509 2796/1711/1522 2795/1694/1521
f 2781/1714/1507 2796/1711/1522 2783/1712/1509
f 2781/1714/1507 2797/1713/1523 2796/1711/1522
f 2779/1716/1505 2797/1713/1523 2781/1714/1507
f 2779/1716/1505 2643/1715/1452 2797/1713/1523
f 2777/1724/1503 2643/1715/1452 2779/1716/1505
f 2777/1724/1503 2636/1725/1445 2643/1715/1452
f 2633/1734/1442 2636/1725/1445 2777/1724/1503
f 2788/1631/1514 2617/1632/1426 2616/1629/1425
f 2788/1631/1514 2616/1629/1425 2615/1630/1424
f 2788/1631/1514 2615/1630/1424 2614/1807/1423
f 2788/1631/1514 2614/1807/1423 2612/1806/1421
f 2788/1631/1514 2612/1806/1421 2610/1800/1419
f 2788/1631/1514 2610/1800/1419 2607/1792/1416
f 2788/1631/1514 2607/1792/1416 2798/1777/1524
f 2788/1631/1514 2798/1777/1524 2799/1752/1525
f 2788/1631/1514 2799/1752/1525 2800/1751/1526
f 2788/1631/1514 2800/1751/1526 2801/1753/1527
f 2788/1631/1514 2801/1753/1527 2802/1746/1528
f 2788/1631/1514 2802/1746/1528 2803/1737/1529
f 2788/1631/1514 2803/1737/1529 2804/1736/1530
f 2788/1631/1514 2804/1736/1530 2805/1720/1531
f 2788/1631/1514 2805/1720/1531 2789/1719/1515
f 2789/1719/1515 2782/1717/1508 2776/1722/1502
f 2805/1720/1531 2782/1717/1508 2789/1719/1515
f 2805/1720/1531 2780/1718/1506 2782/1717/1508
f 2804/1736/1530 2780/1718/1506 2805/1720/1531
f 2804/1736/1530 2778/1723/1504 2780/1718/1506
f 2803/1737/1529 2778/1723/1504 2804/1736/1530
f 2803/1737/1529 2634/1735/1443 2778/1723/1504
f 2802/1746/1528 2634/1735/1443 2803/1737/1529
f 2802/1746/1528 2632/1745/1441 2634/1735/1443
f 2801/1753/1527 2632/1745/1441 2802/1746/1528
f 2801/1753/1527 2630/1754/1439 2632/1745/1441
f 2800/1751/1526 2630/1754/1439 2801/1753/1527
f 2800/1751/1526 2628/1748/1437 2630/1754/1439
f 2799/1752/1525 2628/1748/1437 2800/1751/1526
f 2799/1752/1525 2626/1750/1435 2628/1748/1437
f 2798/1777/1524 2626/1750/1435 2799/1752/1525
f 2798/1777/1524 2609/1778/1418 2626/1750/1435
f 2607/1792/1416 2609/1778/1418 2798/1777/1524
f 2806/1882/1532 2807/1883/1533 2229/1565/1027
f 2807/1883/1533 2231/1568/1028 2229/1565/1027
f 2807/1883/1533 2808/1884/1042 2231/1568/1028
f 2808/1884/1042 2230/1567/1029 2231/1568/1028
f 2808/1884/1042 2809/1885/1534 2230/1567/1029
f 2809/1885/1534 2228/1566/1038 2230/1567/1029
f 2809/1885/1534 2806/1882/1532 2228/1566/1038
f 2806/1882/1532 2229/1565/1027 2228/1566/1038
f 2810/1698/1535 2811/1689/1536 2812/1688/1537
f 2811/1689/1536 2813/1672/1538 2812/1688/1537
f 2811/1689/1536 2814/1670/1539 2813/1672/1538
f 2792/1691/1518 2793/1690/1519 2814/1670/1539
f 2792/1691/1518 2814/1670/1539 2811/1689/1536
f 2791/1697/1517 2792/1691/1518 2811/1689/1536
f 2791/1697/1517 2811/1689/1536 2810/1698/1535
f 2790/1707/1516 2791/1697/1517 2810/1698/1535
f 2790/1707/1516 2810/1698/1535 2815/1706/1540
f 2815/1706/1540 2810/1698/1535 2816/1699/1541
f 2810/1698/1535 2812/1688/1537 2816/1699/1541
f 2816/1699/1541 2812/1688/1537 2817/1687/1542
f 2812/1688/1537 2818/1674/1543 2817/1687/1542
f 2812/1688/1537 2813/1672/1538 2818/1674/1543
f 2817/1687/1542 2818/1674/1543 2819/1676/1544
f 2819/1676/1544 2820/1668/1545 2821/1667/1546
f 2818/1674/1543 2820/1668/1545 2819/1676/1544
f 2818/1674/1543 2822/1675/1547 2820/1668/1545
f 2813/1672/1538 2822/1675/1547 2818/1674/1543
f 2813/1672/1538 2823/1673/1548 2822/1675/1547
f 2814/1670/1539 2823/1673/1548 2813/1672/1538
f 2814/1670/1539 2824/1671/1549 2823/1673/1548
f 2793/1690/1519 2824/1671/1549 2814/1670/1539
f 2793/1690/1519 2825/1669/1550 2824/1671/1549
f 2794/1692/1520 2825/1669/1550 2793/1690/1519
f 2794/1692/1520 2655/1731/1464 2825/1669/1550
f 2795/1694/1521 2655/1731/1464 2794/1692/1520
f 2795/1694/1521 2653/1730/1462 2655/1731/1464
f 2796/1711/1522 2653/1730/1462 2795/1694/1521
f 2796/1711/1522 2657/1729/1466 2653/1730/1462
f 2797/1713/1523 2657/1729/1466 2796/1711/1522
f 2797/1713/1523 2645/1728/1454 2657/1729/1466
f 2643/1715/1452 2645/1728/1454 2797/1713/1523
f 2826/1653/1551 2298/1603/1109 2573/1642/1382
f 2826/1653/1551 2296/1601/1107 2298/1603/1109
f 2827/1656/1552 2296/1601/1107 2826/1653/1551
f 2827/1656/1552 2311/1616/1122 2296/1601/1107
f 2821/1667/1546 2311/1616/1122 2827/1656/1552
f 2821/1667/1546 2313/1618/1124 2311/1616/1122
f 2820/1668/1545 2313/1618/1124 2821/1667/1546
f 2820/1668/1545 2315/1620/1126 2313/1618/1124
f 2822/1675/1547 2315/1620/1126 2820/1668/1545
f 2822/1675/1547 2828/1652/1553 2315/1620/1126
f 2823/1673/1548 2828/1652/1553 2822/1675/1547
f 2823/1673/1548 2829/1650/1554 2828/1652/1553
f 2824/1671/1549 2829/1650/1554 2823/1673/1548
f 2824/1671/1549 2830/1648/1555 2829/1650/1554
f 2825/1669/1550 2830/1648/1555 2824/1671/1549
f 2825/1669/1550 2831/1886/1556 2830/1648/1555
f 2655/1731/1464 2831/1886/1556 2825/1669/1550
f 2655/1731/1464 2654/1838/1463 2831/1886/1556
f 2828/1652/1553 2316/1621/1127 2315/1620/1126
f 2828/1652/1553 2832/1646/1557 2316/1621/1127
f 2829/1650/1554 2832/1646/1557 2828/1652/1553
f 2829/1650/1554 2833/1651/1558 2832/1646/1557
f 2830/1648/1555 2833/1651/1558 2829/1650/1554
f 2830/1648/1555 2834/1649/1559 2833/1651/1558
f 2831/1886/1556 2834/1649/1559 2830/1648/1555
f 2831/1886/1556 2835/1647/1560 2834/1649/1559
f 2654/1838/1463 2835/1647/1560 2831/1886/1556
f 2654/1838/1463 2836/1887/1561 2835/1647/1560
f 2656/1839/1465 2836/1887/1561 2654/1838/1463
f 2656/1839/1465 2837/1888/1562 2836/1887/1561
f 2658/1840/1467 2837/1888/1562 2656/1839/1465
f 2658/1840/1467 2838/1889/1563 2837/1888/1562
f 2659/1841/1468 2838/1889/1563 2658/1840/1467
f 2659/1841/1468 2839/1890/1564 2838/1889/1563
f 2660/1739/1469 2839/1890/1564 2659/1841/1468
f 2660/1739/1469 2666/1842/1475 2839/1890/1564
f 2837/1888/1562 2840/1891/1565 2836/1887/1561
f 2836/1887/1561 2840/1891/1565 2841/1892/1566
f 2836/1887/1561 2841/1892/1566 2835/1647/1560
f 2835/1647/1560 2841/1892/1566 2842/1893/1567
f 2835/1647/1560 2842/1893/1567 2834/1649/1559
f 2834/1649/1559 2842/1893/1567 2843/1894/1031
f 2834/1649/1559 2843/1894/1031 2833/1651/1558
f 2833/1651/1558 2843/1894/1031 2347/1645/1156
f 2833/1651/1558 2347/1645/1156 2832/1646/1557
f 2832/1646/1557 2347/1645/1156 2345/1644/1154
f 2832/1646/1557 2345/1644/1154 2316/1621/1127
f 2316/1621/1127 2345/1644/1154 2343/1643/1152
f 2316/1621/1127 2343/1643/1152 2314/1619/1125
f 2314/1619/1125 2343/1643/1152 2331/1635/1037
f 2314/1619/1125 2331/1635/1037 2312/1617/1123
f 2312/1617/1123 2331/1635/1037 2317/1622/1128
f 2312/1617/1123 2317/1622/1128 2310/1615/1121
f 2310/1615/1121 2317/1622/1128 2309/1614/1120
f 2843/1894/1031 2348/1646/1157 2347/1645/1156
f 2843/1894/1031 2353/1651/1162 2348/1646/1157
f 2842/1893/1567 2353/1651/1162 2843/1894/1031
f 2842/1893/1567 2351/1649/1160 2353/1651/1162
f 2841/1892/1566 2351/1649/1160 2842/1893/1567
f 2841/1892/1566 2349/1647/1158 2351/1649/1160
f 2840/1891/1565 2349/1647/1158 2841/1892/1566
f 2840/1891/1565 2844/1887/1568 2349/1647/1158
f 2845/1895/1036 2844/1887/1568 2840/1891/1565
f 2845/1895/1036 2846/1888/1569 2844/1887/1568
f 2847/1896/1570 2846/1888/1569 2845/1895/1036
f 2847/1896/1570 2848/1889/1571 2846/1888/1569
f 2849/1897/1572 2848/1889/1571 2847/1896/1570
f 2849/1897/1572 2850/1890/1573 2848/1889/1571
f 2851/1898/1574 2850/1890/1573 2849/1897/1572
f 2851/1898/1574 2852/1842/1575 2850/1890/1573
f 2471/1766/1280 2852/1842/1575 2851/1898/1574
f 2471/1766/1280 2470/1765/1279 2852/1842/1575
f 2464/1759/1273 2446/1741/1255 2474/1769/1283
f 2474/1769/1283 2446/1741/1255 2445/1740/1254
f 2474/1769/1283 2445/1740/1254 2472/1767/1281
f 2472/1767/1281 2445/1740/1254 2443/1738/1252
f 2472/1767/1281 2443/1738/1252 2470/1765/1279
f 2470/1765/1279 2443/1738/1252 2444/1739/1253
f 2470/1765/1279 2444/1739/1253 2852/1842/1575
f 2852/1842/1575 2444/1739/1253 2853/1841/1576
f 2852/1842/1575 2853/1841/1576 2850/1890/1573
f 2850/1890/1573 2853/1841/1576 2854/1840/1577
f 2850/1890/1573 2854/1840/1577 2848/1889/1571
f 2848/1889/1571 2854/1840/1577 2855/1839/1578
f 2848/1889/1571 2855/1839/1578 2846/1888/1569
f 2846/1888/1569 2855/1839/1578 2856/1838/1579
f 2846/1888/1569 2856/1838/1579 2844/1887/1568
f 2844/1887/1568 2856/1838/1579 2857/1886/1580
f 2844/1887/1568 2857/1886/1580 2349/1647/1158
f 2349/1647/1158 2857/1886/1580 2350/1648/1159
f 2354/1652/1163 2373/1668/1182 2355/1620/1164
f 2354/1652/1163 2380/1675/1189 2373/1668/1182
f 2352/1650/1161 2380/1675/1189 2354/1652/1163
f 2352/1650/1161 2378/1673/1187 2380/1675/1189
f 2350/1648/1159 2378/1673/1187 2352/1650/1161
f 2350/1648/1159 2376/1671/1185 2378/1673/1187
f 2857/1886/1580 2376/1671/1185 2350/1648/1159
f 2857/1886/1580 2374/1669/1183 2376/1671/1185
f 2856/1838/1579 2374/1669/1183 2857/1886/1580
f 2856/1838/1579 2436/1731/1245 2374/1669/1183
f 2855/1839/1578 2436/1731/1245 2856/1838/1579
f 2855/1839/1578 2435/1730/1244 2436/1731/1245
f 2854/1840/1577 2435/1730/1244 2855/1839/1578
f 2854/1840/1577 2434/1729/1243 2435/1730/1244
f 2853/1841/1576 2434/1729/1243 2854/1840/1577
f 2853/1841/1576 2433/1728/1242 2434/1729/1243
f 2444/1739/1253 2433/1728/1242 2853/1841/1576
f 2444/1739/1253 2432/1727/1241 2433/1728/1242
f 2697/1870/1026 2679/1871/1488 2700/1873/1026
f 2697/1870/1026 2682/1872/1488 2679/1871/1488
f 2695/1874/1026 2683/1875/1488 2693/1877/1026
f 2695/1874/1026 2686/1876/1488 2683/1875/1488
f 2138/1878/1026 2687/1879/1488 2141/1881/1026
f 2138/1878/1026 2690/1880/1488 2687/1879/1488
f 2693/1471/1026 2858/1899/1581 2859/1472/1028
f 2693/1471/1026 2683/1845/1488 2858/1899/1581
f 2700/1471/1026 2860/1899/1581 2861/1472/1028
f 2700/1471/1026 2679/1845/1488 2860/1899/1581
f 2141/1471/1026 2862/1899/1581 2139/1472/1028
f 2141/1471/1026 2687/1845/1488 2862/1899/1581
f 2863/1900/1492 2147/1901/1033 2864/1902/1514
f 2863/1900/1492 2865/1903/1495 2147/1901/1033
f 2866/1904/1493 2864/1905/1514 2867/1906/1514
f 2866/1904/1493 2863/1907/1492 2864/1905/1514
f 2868/1908/1494 2867/1909/1514 2132/1910/1024
f 2868/1908/1494 2866/1911/1493 2867/1909/1514
f 2865/1912/1495 2132/1913/1024 2147/1914/1033
f 2865/1912/1495 2868/1915/1494 2132/1913/1024
f 2806/1916/1532 2866/1917/1493 2868/1916/1494
f 2806/1916/1532 2809/1917/1534 2866/1917/1493
f 2807/1918/1533 2868/1916/1494 2865/1918/1495
f 2807/1918/1533 2806/1916/1532 2868/1916/1494
f 2808/1919/1042 2865/1918/1495 2863/1919/1492
f 2808/1919/1042 2807/1918/1533 2865/1918/1495
f 2809/1917/1534 2863/1919/1492 2866/1917/1493
f 2809/1917/1534 2808/1919/1042 2863/1919/1492
f 2159/1851/1026 2869/1920/1582 2870/1921/1038
f 2159/1851/1026 2156/1848/1026 2869/1920/1582
f 2207/1869/1026 2871/1922/1038 2872/1922/1027
f 2207/1869/1026 2209/1869/1026 2871/1922/1038
f 2209/1869/1026 2873/1923/1029 2871/1922/1038
f 2209/1869/1026 2206/1866/1026 2873/1923/1029
f 2186/1467/1026 2874/1468/1027 2875/1469/1028
f 2186/1467/1026 2185/1470/1026 2874/1468/1027
f 2185/1470/1026 2876/1468/1038 2874/1468/1027
f 2185/1470/1026 2187/1470/1026 2876/1468/1038
f 2155/1851/1026 2877/1920/1582 2878/1921/1038
f 2155/1851/1026 2152/1848/1026 2877/1920/1582
f 2184/1467/1026 2875/1469/1028 2879/1469/1029
f 2184/1467/1026 2186/1467/1026 2875/1469/1028
f 2187/1470/1026 2879/1469/1029 2876/1468/1038
f 2187/1470/1026 2184/1467/1026 2879/1469/1029
f 2162/1852/1026 2880/1924/1027 2881/1925/1028
f 2162/1852/1026 2161/1855/1026 2880/1924/1027
f 2170/1852/1026 2882/1924/1027 2883/1925/1028
f 2170/1852/1026 2169/1855/1026 2882/1924/1027
f 2161/1855/1026 2884/1924/1038 2880/1924/1027
f 2161/1855/1026 2163/1855/1026 2884/1924/1038
f 2160/1852/1026 2881/1925/1028 2885/1925/1029
f 2160/1852/1026 2162/1852/1026 2881/1925/1028
f 2163/1855/1026 2885/1925/1029 2884/1924/1038
f 2163/1855/1026 2160/1852/1026 2885/1925/1029
f 2212/1866/1583 2886/1922/1027 2887/1923/1028
f 2212/1866/1583 2211/1869/1026 2886/1922/1027
f 2211/1869/1026 2888/1922/1038 2886/1922/1027
f 2211/1869/1026 2213/1869/1026 2888/1922/1038
f 2889/1926/1026 2890/1927/1029 2891/1927/1584
f 2889/1926/1026 2892/1926/1585 2890/1927/1029
f 2146/1466/1032 2888/1922/1038 2893/1923/1029
f 2146/1466/1032 2892/1926/1585 2888/1922/1038
f 2892/1926/1585 2886/1922/1027 2888/1922/1038
f 2892/1926/1585 2889/1926/1026 2886/1922/1027
f 2889/1926/1026 2887/1923/1028 2886/1922/1027
f 2889/1926/1026 2144/1466/1030 2887/1923/1028
f 2144/1466/1030 2893/1923/1029 2887/1923/1028
f 2144/1466/1030 2146/1466/1032 2893/1923/1029
f 2892/1926/1585 2894/1928/1038 2890/1927/1029
f 2892/1926/1585 2895/1929/1585 2894/1928/1038
f 2895/1929/1585 2896/1928/1586 2894/1928/1038
f 2895/1929/1585 2897/1929/1026 2896/1928/1586
f 2897/1929/1026 2891/1927/1584 2896/1928/1586
f 2897/1929/1026 2889/1926/1026 2891/1927/1584
f 2889/1926/1026 2897/1929/1026 2898/1928/1038
f 2889/1926/1026 2898/1928/1038 2899/1927/1029
f 2900/1926/1026 2889/1926/1026 2899/1927/1029
f 2900/1926/1026 2899/1927/1029 2901/1927/1584
f 2902/1929/1026 2900/1926/1026 2901/1927/1584
f 2902/1929/1026 2901/1927/1584 2903/1928/1586
f 2897/1929/1026 2902/1929/1026 2903/1928/1586
f 2897/1929/1026 2903/1928/1586 2898/1928/1038
f 2904/1930/1026 2875/1469/1028 2874/1468/1027
f 2904/1930/1026 2902/1929/1026 2875/1469/1028
f 2902/1929/1026 2879/1469/1029 2875/1469/1028
f 2902/1929/1026 2897/1929/1026 2879/1469/1029
f 2897/1929/1026 2876/1468/1038 2879/1469/1029
f 2897/1929/1026 2905/1930/1026 2876/1468/1038
f 2905/1930/1026 2897/1929/1026 2136/1469/1028
f 2905/1930/1026 2136/1469/1028 2135/1468/1027
f 2906/1930/1585 2905/1930/1026 2135/1468/1027
f 2906/1930/1585 2135/1468/1027 2907/1468/1038
f 2895/1929/1585 2906/1930/1585 2907/1468/1038
f 2895/1929/1585 2907/1468/1038 2908/1469/1029
f 2897/1929/1026 2895/1929/1585 2908/1469/1029
f 2897/1929/1026 2908/1469/1029 2136/1469/1028
f 2905/1930/1026 2874/1468/1027 2876/1468/1038
f 2905/1930/1026 2904/1930/1026 2874/1468/1027
f 2904/1930/1026 2905/1930/1026 2909/1931/1029
f 2904/1930/1026 2909/1931/1029 2910/1931/1028
f 2911/1932/1026 2904/1930/1026 2910/1931/1028
f 2911/1932/1026 2910/1931/1028 2912/1933/1027
f 2913/1932/1026 2911/1932/1026 2912/1933/1027
f 2913/1932/1026 2912/1933/1027 2914/1933/1038
f 2905/1930/1026 2913/1932/1026 2914/1933/1038
f 2905/1930/1026 2914/1933/1038 2909/1931/1029
f 2905/1930/1026 2906/1930/1585 2915/1931/1029
f 2906/1930/1585 2916/1933/1038 2915/1931/1029
f 2906/1930/1585 2917/1932/1585 2916/1933/1038
f 2917/1932/1585 2918/1933/1027 2916/1933/1038
f 2917/1932/1585 2913/1932/1026 2918/1933/1027
f 2913/1932/1026 2919/1931/1028 2918/1933/1027
f 2913/1932/1026 2905/1930/1026 2919/1931/1028
f 2905/1930/1026 2915/1931/1029 2919/1931/1028
f 2911/1932/1026 2913/1932/1026 2885/1925/1029
f 2913/1932/1026 2884/1924/1038 2885/1925/1029
f 2913/1932/1026 2920/1934/1026 2884/1924/1038
f 2920/1934/1026 2880/1924/1027 2884/1924/1038
f 2920/1934/1026 2921/1934/1026 2880/1924/1027
f 2921/1934/1026 2881/1925/1028 2880/1924/1027
f 2921/1934/1026 2911/1932/1026 2881/1925/1028
f 2911/1932/1026 2885/1925/1029 2881/1925/1028
f 2913/1932/1026 2917/1932/1585 2922/1925/1029
f 2917/1932/1585 2923/1924/1038 2922/1925/1029
f 2917/1932/1585 2924/1934/1585 2923/1924/1038
f 2924/1934/1585 2925/1924/1027 2923/1924/1038
f 2924/1934/1585 2920/1934/1026 2925/1924/1027
f 2920/1934/1026 2926/1925/1028 2925/1924/1027
f 2920/1934/1026 2913/1932/1026 2926/1925/1028
f 2913/1932/1026 2922/1925/1029 2926/1925/1028
f 2921/1934/1026 2920/1934/1026 2927/1920/1582
f 2920/1934/1026 2928/1921/1038 2927/1920/1582
f 2920/1934/1026 2929/1935/1026 2928/1921/1038
f 2929/1935/1026 2930/1921/1587 2928/1921/1038
f 2929/1935/1026 2931/1935/1026 2930/1921/1587
f 2931/1935/1026 2932/1920/1028 2930/1921/1587
f 2931/1935/1026 2921/1934/1026 2932/1920/1028
f 2921/1934/1026 2927/1920/1582 2932/1920/1028
f 2920/1934/1026 2924/1934/1585 2877/1920/1582
f 2924/1934/1585 2878/1921/1038 2877/1920/1582
f 2924/1934/1585 2933/1935/1585 2878/1921/1038
f 2933/1935/1585 2934/1921/1587 2878/1921/1038
f 2933/1935/1585 2929/1935/1026 2934/1921/1587
f 2929/1935/1026 2935/1920/1028 2934/1921/1587
f 2929/1935/1026 2920/1934/1026 2935/1920/1028
f 2920/1934/1026 2877/1920/1582 2935/1920/1028
f 2936/1936/1026 2859/1472/1028 2858/1899/1581
f 2936/1936/1026 2929/1935/1026 2859/1472/1028
f 2929/1935/1026 2937/1472/1029 2859/1472/1028
f 2929/1935/1026 2933/1935/1585 2937/1472/1029
f 2933/1935/1585 2938/1899/1588 2937/1472/1029
f 2933/1935/1585 2939/1936/1589 2938/1899/1588
f 2940/1936/1026 2139/1472/1028 2862/1899/1581
f 2940/1936/1026 2931/1935/1026 2139/1472/1028
f 2931/1935/1026 2140/1472/1029 2139/1472/1028
f 2931/1935/1026 2929/1935/1026 2140/1472/1029
f 2929/1935/1026 2941/1899/1588 2140/1472/1029
f 2929/1935/1026 2936/1936/1026 2941/1899/1588
f 2942/1936/1590 2861/1472/1028 2860/1899/1581
f 2942/1936/1590 2943/1935/1591 2861/1472/1028
f 2943/1935/1591 2944/1472/1029 2861/1472/1028
f 2943/1935/1591 2931/1935/1026 2944/1472/1029
f 2931/1935/1026 2945/1899/1588 2944/1472/1029
f 2931/1935/1026 2940/1936/1026 2945/1899/1588
f 2921/1934/1026 2870/1921/1038 2869/1920/1582
f 2921/1934/1026 2931/1935/1026 2870/1921/1038
f 2931/1935/1026 2946/1921/1587 2870/1921/1038
f 2931/1935/1026 2943/1935/1591 2946/1921/1587
f 2943/1935/1591 2947/1920/1028 2946/1921/1587
f 2943/1935/1591 2948/1934/1591 2947/1920/1028
f 2948/1934/1591 2869/1920/1582 2947/1920/1028
f 2948/1934/1591 2921/1934/1026 2869/1920/1582
f 2911/1932/1026 2949/1924/1038 2950/1925/1029
f 2911/1932/1026 2921/1934/1026 2949/1924/1038
f 2921/1934/1026 2882/1924/1027 2949/1924/1038
f 2921/1934/1026 2948/1934/1591 2882/1924/1027
f 2948/1934/1591 2883/1925/1028 2882/1924/1027
f 2948/1934/1591 2951/1932/1591 2883/1925/1028
f 2951/1932/1591 2950/1925/1029 2883/1925/1028
f 2951/1932/1591 2911/1932/1026 2950/1925/1029
f 2904/1930/1026 2952/1933/1038 2953/1931/1029
f 2904/1930/1026 2911/1932/1026 2952/1933/1038
f 2911/1932/1026 2954/1933/1027 2952/1933/1038
f 2911/1932/1026 2951/1932/1591 2954/1933/1027
f 2951/1932/1591 2955/1931/1028 2954/1933/1027
f 2951/1932/1591 2956/1930/1591 2955/1931/1028
f 2956/1930/1591 2953/1931/1029 2955/1931/1028
f 2956/1930/1591 2904/1930/1026 2953/1931/1029
f 2902/1929/1026 2957/1468/1038 2958/1469/1029
f 2902/1929/1026 2904/1930/1026 2957/1468/1038
f 2904/1930/1026 2959/1468/1027 2957/1468/1038
f 2904/1930/1026 2956/1930/1591 2959/1468/1027
f 2956/1930/1591 2960/1469/1028 2959/1468/1027
f 2956/1930/1591 2961/1929/1591 2960/1469/1028
f 2961/1929/1591 2958/1469/1029 2960/1469/1028
f 2961/1929/1591 2902/1929/1026 2958/1469/1029
f 2902/1929/1026 2961/1929/1591 2962/1928/1586
f 2902/1929/1026 2962/1928/1586 2963/1928/1038
f 2900/1926/1026 2902/1929/1026 2963/1928/1038
f 2900/1926/1026 2963/1928/1038 2964/1927/1029
f 2965/1926/1591 2900/1926/1026 2964/1927/1029
f 2965/1926/1591 2964/1927/1029 2966/1927/1584
f 2961/1929/1591 2965/1926/1591 2966/1927/1584
f 2961/1929/1591 2966/1927/1584 2962/1928/1586
f 2142/1466/1030 2967/1922/1038 2968/1923/1029
f 2133/1466/1025 2142/1466/1030 2968/1923/1029
f 2133/1466/1025 2968/1923/1029 2969/1923/1028
f 2965/1926/1591 2133/1466/1025 2969/1923/1028
f 2965/1926/1591 2969/1923/1028 2970/1922/1027
f 2900/1926/1026 2965/1926/1591 2970/1922/1027
f 2900/1926/1026 2970/1922/1027 2967/1922/1038
f 2142/1466/1030 2900/1926/1026 2967/1922/1038
f 2900/1926/1026 2142/1466/1030 2971/1923/1028
f 2142/1466/1030 2873/1923/1029 2971/1923/1028
f 2142/1466/1030 2144/1466/1030 2873/1923/1029
f 2144/1466/1030 2871/1922/1038 2873/1923/1029
f 2144/1466/1030 2889/1926/1026 2871/1922/1038
f 2889/1926/1026 2872/1922/1027 2871/1922/1038
f 2889/1926/1026 2900/1926/1026 2872/1922/1027
f 2900/1926/1026 2971/1923/1028 2872/1922/1027
f 2208/1866/1026 2872/1922/1027 2971/1923/1028
f 2208/1866/1026 2207/1869/1026 2872/1922/1027
f 2156/1848/1026 2947/1920/1028 2869/1920/1582
f 2156/1848/1026 2158/1848/1026 2947/1920/1028
f 2157/1851/1026 2870/1921/1038 2946/1921/1587
f 2157/1851/1026 2159/1851/1026 2870/1921/1038
f 2183/1859/1026 2953/1931/1029 2952/1933/1038
f 2183/1859/1026 2180/1856/1026 2953/1931/1029
f 2216/1866/1026 2970/1922/1027 2969/1923/1028
f 2216/1866/1026 2215/1869/1026 2970/1922/1027
f 2180/1856/1026 2955/1931/1028 2953/1931/1029
f 2180/1856/1026 2182/1856/1026 2955/1931/1028
f 2181/1859/1026 2952/1933/1038 2954/1933/1027
f 2181/1859/1026 2183/1859/1026 2952/1933/1038
f 2205/1865/1026 2964/1927/1029 2963/1928/1038
f 2205/1865/1026 2202/1862/1026 2964/1927/1029
f 2202/1862/1026 2966/1927/1584 2964/1927/1029
f 2202/1862/1026 2204/1862/1026 2966/1927/1584
f 2152/1848/1026 2935/1920/1028 2877/1920/1582
f 2152/1848/1026 2154/1848/1026 2935/1920/1028
f 2201/1865/1026 2890/1927/1029 2894/1928/1038
f 2201/1865/1026 2198/1862/1026 2890/1927/1029
f 2203/1865/1026 2963/1928/1038 2962/1928/1586
f 2203/1865/1026 2205/1865/1026 2963/1928/1038
f 2153/1851/1026 2878/1921/1038 2934/1921/1587
f 2153/1851/1026 2155/1851/1026 2878/1921/1038
f 2154/1848/1026 2934/1921/1587 2935/1920/1028
f 2154/1848/1026 2153/1851/1026 2934/1921/1587
f 2176/1856/1026 2919/1931/1028 2915/1931/1029
f 2176/1856/1026 2178/1856/1583 2919/1931/1028
f 2189/1470/1026 2908/1469/1029 2907/1468/1038
f 2189/1470/1026 2188/1467/1026 2908/1469/1029
f 2177/1859/1026 2916/1933/1038 2918/1933/1027
f 2177/1859/1026 2179/1859/1026 2916/1933/1038
f 2192/1467/1026 2959/1468/1027 2960/1469/1028
f 2192/1467/1026 2191/1470/1026 2959/1468/1027
f 2178/1856/1583 2918/1933/1027 2919/1931/1028
f 2178/1856/1583 2177/1859/1026 2918/1933/1027
f 2198/1862/1026 2891/1927/1584 2890/1927/1029
f 2198/1862/1026 2200/1862/1026 2891/1927/1584
f 2199/1865/1026 2894/1928/1038 2896/1928/1586
f 2199/1865/1026 2201/1865/1026 2894/1928/1038
f 2151/1851/1026 2927/1920/1582 2928/1921/1038
f 2151/1851/1026 2148/1848/1026 2927/1920/1582
f 2200/1862/1026 2896/1928/1586 2891/1927/1584
f 2200/1862/1026 2199/1865/1026 2896/1928/1586
f 2148/1848/1026 2932/1920/1028 2927/1920/1582
f 2148/1848/1026 2150/1848/1026 2932/1920/1028
f 2147/1465/1033 2892/1926/1585 2146/1466/1032
f 2147/1465/1033 2972/1464/1280 2892/1926/1585
f 2972/1464/1280 2895/1929/1585 2892/1926/1585
f 2972/1464/1280 2973/1937/1280 2895/1929/1585
f 2973/1937/1280 2906/1930/1585 2895/1929/1585
f 2973/1937/1280 2974/1938/1280 2906/1930/1585
f 2974/1938/1280 2917/1932/1585 2906/1930/1585
f 2974/1938/1280 2975/1939/1280 2917/1932/1585
f 2975/1939/1280 2924/1934/1585 2917/1932/1585
f 2975/1939/1280 2976/1940/1280 2924/1934/1585
f 2976/1940/1280 2933/1935/1585 2924/1934/1585
f 2976/1940/1280 2977/1941/1280 2933/1935/1585
f 2977/1941/1280 2939/1936/1589 2933/1935/1585
f 2977/1941/1280 2978/1942/1280 2939/1936/1589
f 2149/1851/1026 2928/1921/1038 2930/1921/1587
f 2149/1851/1026 2151/1851/1026 2928/1921/1038
f 2179/1859/1026 2915/1931/1029 2916/1933/1038
f 2179/1859/1026 2176/1856/1026 2915/1931/1029
f 2150/1848/1026 2930/1921/1587 2932/1920/1028
f 2150/1848/1026 2149/1851/1026 2930/1921/1587
f 2182/1856/1026 2954/1933/1027 2955/1931/1028
f 2182/1856/1026 2181/1859/1026 2954/1933/1027
f 2175/1859/1026 2909/1931/1029 2914/1933/1038
f 2175/1859/1026 2172/1856/1026 2909/1931/1029
f 2172/1856/1026 2910/1931/1028 2909/1931/1029
f 2172/1856/1026 2174/1856/1026 2910/1931/1028
f 2173/1859/1026 2914/1933/1038 2912/1933/1027
f 2173/1859/1026 2175/1859/1026 2914/1933/1038
f 2174/1856/1026 2912/1933/1027 2910/1931/1028
f 2174/1856/1026 2173/1859/1026 2912/1933/1027
f 2197/1865/1026 2899/1927/1029 2898/1928/1038
f 2197/1865/1026 2194/1862/1026 2899/1927/1029
f 2167/1855/1026 2922/1925/1029 2923/1924/1038
f 2167/1855/1026 2164/1852/1026 2922/1925/1029
f 2194/1862/1026 2901/1927/1584 2899/1927/1029
f 2194/1862/1026 2196/1862/1026 2901/1927/1584
f 2682/1845/1488 2944/1472/1029 2945/1899/1588
f 2682/1845/1488 2697/1471/1026 2944/1472/1029
f 2195/1865/1026 2898/1928/1038 2903/1928/1586
f 2195/1865/1026 2197/1865/1026 2898/1928/1038
f 2697/1471/1026 2861/1472/1028 2944/1472/1029
f 2697/1471/1026 2700/1471/1026 2861/1472/1028
f 2196/1862/1026 2903/1928/1586 2901/1927/1584
f 2196/1862/1026 2195/1865/1026 2903/1928/1586
f 2158/1848/1026 2946/1921/1587 2947/1920/1028
f 2158/1848/1026 2157/1851/1026 2946/1921/1587
f 2171/1855/1026 2950/1925/1029 2949/1924/1038
f 2171/1855/1026 2168/1852/1026 2950/1925/1029
f 2168/1852/1026 2883/1925/1028 2950/1925/1029
f 2168/1852/1026 2170/1852/1026 2883/1925/1028
f 2169/1855/1026 2949/1924/1038 2882/1924/1027
f 2169/1855/1026 2171/1855/1026 2949/1924/1038
f 2193/1470/1026 2958/1469/1029 2957/1468/1038
f 2193/1470/1026 2190/1467/1026 2958/1469/1029
f 2686/1845/1488 2937/1472/1029 2938/1899/1588
f 2686/1845/1488 2695/1471/1026 2937/1472/1029
f 2190/1467/1026 2960/1469/1028 2958/1469/1029
f 2190/1467/1026 2192/1467/1026 2960/1469/1028
f 2695/1471/1026 2859/1472/1028 2937/1472/1029
f 2695/1471/1026 2693/1471/1026 2859/1472/1028
f 2191/1470/1026 2957/1468/1038 2959/1468/1027
f 2191/1470/1026 2193/1470/1026 2957/1468/1038
f 2213/1869/1026 2893/1923/1029 2888/1922/1038
f 2213/1869/1026 2210/1866/1026 2893/1923/1029
f 2217/1869/1026 2968/1923/1029 2967/1922/1038
f 2217/1869/1026 2214/1866/1026 2968/1923/1029
f 2214/1866/1026 2969/1923/1028 2968/1923/1029
f 2214/1866/1026 2216/1866/1026 2969/1923/1028
f 2215/1869/1026 2967/1922/1038 2970/1922/1027
f 2215/1869/1026 2217/1869/1026 2967/1922/1038
f 2164/1852/1026 2926/1925/1028 2922/1925/1029
f 2164/1852/1026 2166/1852/1026 2926/1925/1028
f 2210/1866/1026 2887/1923/1028 2893/1923/1029
f 2210/1866/1026 2212/1866/1583 2887/1923/1028
f 2165/1855/1026 2923/1924/1038 2925/1924/1027
f 2165/1855/1026 2167/1855/1026 2923/1924/1038
f 2206/1866/1026 2971/1923/1028 2873/1923/1029
f 2206/1866/1026 2208/1866/1026 2971/1923/1028
f 2166/1852/1026 2925/1924/1027 2926/1925/1028
f 2166/1852/1026 2165/1855/1026 2925/1924/1027
f 2204/1862/1026 2962/1928/1586 2966/1927/1584
f 2204/1862/1026 2203/1865/1026 2962/1928/1586
f 2188/1467/1026 2136/1469/1028 2908/1469/1029
f 2188/1467/1026 2134/1467/1026 2136/1469/1028
f 2979/1942/1349 2943/1935/1591 2942/1936/1590
f 2979/1942/1349 2980/1941/1349 2943/1935/1591
f 2980/1941/1349 2948/1934/1591 2943/1935/1591
f 2980/1941/1349 2981/1940/1349 2948/1934/1591
f 2981/1940/1349 2951/1932/1591 2948/1934/1591
f 2981/1940/1349 2982/1939/1349 2951/1932/1591
f 2982/1939/1349 2956/1930/1591 2951/1932/1591
f 2982/1939/1349 2983/1938/1349 2956/1930/1591
f 2983/1938/1349 2961/1929/1591 2956/1930/1591
f 2983/1938/1349 2984/1937/1349 2961/1929/1591
f 2984/1937/1349 2965/1926/1591 2961/1929/1591
f 2984/1937/1349 2131/1464/1023 2965/1926/1591
f 2131/1464/1023 2133/1466/1025 2965/1926/1591
f 2137/1470/1026 2907/1468/1038 2135/1468/1027
f 2137/1470/1026 2189/1470/1026 2907/1468/1038
f 2690/1845/1488 2140/1472/1029 2941/1899/1588
f 2690/1845/1488 2138/1471/1026 2140/1472/1029
f 2620/1661/1429 2600/1660/1409 2601/1639/1410
f 2985/1663/1592 2600/1660/1409 2620/1661/1429
f 2985/1663/1592 2599/1659/1408 2600/1660/1409
f 2986/1680/1593 2599/1659/1408 2985/1663/1592
f 2986/1680/1593 2598/1664/1407 2599/1659/1408
f 2987/1681/1594 2598/1664/1407 2986/1680/1593
f 2987/1681/1594 2597/1679/1406 2598/1664/1407
f 2988/1684/1595 2597/1679/1406 2987/1681/1594
f 2988/1684/1595 2989/1682/1596 2597/1679/1406
f 2990/1702/1597 2989/1682/1596 2988/1684/1595
f 2788/1631/1514 2990/1702/1597 2988/1684/1595
f 2788/1631/1514 2988/1684/1595 2987/1681/1594
f 2788/1631/1514 2987/1681/1594 2986/1680/1593
f 2788/1631/1514 2986/1680/1593 2985/1663/1592
f 2788/1631/1514 2985/1663/1592 2620/1661/1429
f 2788/1631/1514 2620/1661/1429 2619/1662/1428
f 2788/1631/1514 2619/1662/1428 2618/1633/1427
f 2788/1631/1514 2618/1633/1427 2617/1632/1426
f 2596/1665/1405 2991/1657/1598 2595/1654/1404
f 2992/1678/1599 2991/1657/1598 2596/1665/1405
f 2992/1678/1599 2993/1666/1600 2991/1657/1598
f 2994/1683/1601 2993/1666/1600 2992/1678/1599
f 2994/1683/1601 2995/1677/1602 2993/1666/1600
f 2996/1686/1603 2995/1677/1602 2994/1683/1601
f 2997/1701/1604 2996/1686/1603 2994/1683/1601
f 2998/1700/1605 2996/1686/1603 2997/1701/1604
f 2999/1704/1606 2998/1700/1605 2997/1701/1604
f 3000/1705/1607 2998/1700/1605 2999/1704/1606
f 2788/1631/1514 3000/1705/1607 2999/1704/1606
f 2788/1631/1514 2999/1704/1606 3001/1703/1608
f 2788/1631/1514 3001/1703/1608 2990/1702/1597
f 3001/1703/1608 3002/1685/1609 2990/1702/1597
f 2990/1702/1597 3002/1685/1609 2989/1682/1596
f 3002/1685/1609 2992/1678/1599 2989/1682/1596
f 2989/1682/1596 2992/1678/1599 2596/1665/1405
f 2989/1682/1596 2596/1665/1405 2597/1679/1406
f 2999/1704/1606 2997/1701/1604 3001/1703/1608
f 3001/1703/1608 2997/1701/1604 3002/1685/1609
f 2997/1701/1604 2994/1683/1601 3002/1685/1609
f 3002/1685/1609 2994/1683/1601 2992/1678/1599
f 2585/1641/1394 2572/1636/1381 2571/1624/1380
f 2595/1654/1404 2572/1636/1381 2585/1641/1394
f 2595/1654/1404 2573/1642/1382 2572/1636/1381
f 2991/1657/1598 2573/1642/1382 2595/1654/1404
f 2991/1657/1598 2826/1653/1551 2573/1642/1382
f 2993/1666/1600 2826/1653/1551 2991/1657/1598
f 2993/1666/1600 2827/1656/1552 2826/1653/1551
f 2995/1677/1602 2827/1656/1552 2993/1666/1600
f 2995/1677/1602 2821/1667/1546 2827/1656/1552
f 2819/1676/1544 2821/1667/1546 2995/1677/1602
f 2996/1686/1603 2819/1676/1544 2995/1677/1602
f 2817/1687/1542 2819/1676/1544 2996/1686/1603
f 2998/1700/1605 2817/1687/1542 2996/1686/1603
f 2816/1699/1541 2817/1687/1542 2998/1700/1605
f 3000/1705/1607 2816/1699/1541 2998/1700/1605
f 2815/1706/1540 2816/1699/1541 3000/1705/1607
f 2788/1631/1514 2815/1706/1540 3000/1705/1607
f 2788/1631/1514 2790/1707/1516 2815/1706/1540
f 2491/1773/1300 2476/1771/1285 2671/1760/1480
f 2671/1760/1480 2476/1771/1285 2475/1770/1284
f 2671/1760/1480 2475/1770/1284 2670/1759/1479
f 2670/1759/1479 2475/1770/1284 2473/1768/1282
f 2670/1759/1479 2473/1768/1282 2669/1769/1478
f 2669/1769/1478 2473/1768/1282 2469/1764/1278
f 2669/1769/1478 2469/1764/1278 2668/1767/1477
f 2668/1767/1477 2469/1764/1278 2471/1766/1280
f 2668/1767/1477 2471/1766/1280 2667/1765/1476
f 2667/1765/1476 2471/1766/1280 2851/1898/1574
f 2667/1765/1476 2851/1898/1574 2666/1842/1475
f 2666/1842/1475 2851/1898/1574 2849/1897/1572
f 2666/1842/1475 2849/1897/1572 2839/1890/1564
f 2839/1890/1564 2849/1897/1572 2847/1896/1570
f 2839/1890/1564 2847/1896/1570 2838/1889/1563
f 2838/1889/1563 2847/1896/1570 2845/1895/1036
f 2838/1889/1563 2845/1895/1036 2837/1888/1562
f 2837/1888/1562 2845/1895/1036 2840/1891/1565
o Sign
v -24.890549 89.799103 -19.841183
v -24.890549 89.799103 19.610619
v -19.613224 93.929497 -24.890556
v 19.877949 93.929497 -24.890556
v 19.925375 89.799103 24.890541
v 19.925375 93.929497 24.890541
v -24.890549 93.929497 19.610619
v -24.890549 93.929497 -19.841183
v 24.890549 89.799103 -19.804283
v 24.890549 93.929497 -19.804283
v 19.877949 89.799103 -24.890556
v -19.661001 89.799103 24.890541
v 24.890549 89.799103 19.679667
v -19.661001 93.929497 24.890541
v 24.890549 93.929497 19.679667
v -19.613224 89.799103 -24.890556
v 6.201550 127.777756 -6.794935
v -2.783700 115.088745 -3.390259
vn -1.0000 -0.0000 -0.0000
vn 1.0000 -0.0000 -0.0000
vn -0.0000 -0.0000 -1.0000
vn -0.0000 -0.0000 1.0000
vt -0.030964 0.624641
vt 1.046408 0.430647
vt 1.046408 0.624641
vt -0.030964 0.430647
s 1
usemtl sign
f 3010/1943/1610 3004/1944/1610 3009/1945/1610
f 3010/1943/1610 3003/1946/1610 3004/1944/1610
f 3017/1943/1611 3011/1944/1611 3012/1945/1611
f 3017/1943/1611 3015/1946/1611 3011/1944/1611
f 3006/1943/1612 3018/1944/1612 3005/1945/1612
f 3006/1943/1612 3013/1946/1612 3018/1944/1612
f 3016/1943/1613 3007/1944/1613 3008/1945/1613
f 3016/1943/1613 3014/1946/1613 3007/1944/1613
o Windows
v 20.870125 29.569700 11.135498
v 20.870125 29.569700 3.749373
v 20.870125 59.620827 11.135495
v 20.870125 69.577446 11.135494
v 20.870125 59.620827 -11.113530
v 20.870125 59.620827 -3.727405
v 20.870125 19.613075 3.749374
v 20.870125 19.613075 11.135498
v 20.870125 49.573578 11.135496
v 20.870125 49.573578 3.749371
v 20.870125 49.618900 11.135496
v 20.870125 59.575497 11.135495
v 20.870125 39.616951 3.749372
v 20.870125 39.616951 11.135497
v 20.870125 59.575497 -11.113530
v 20.870125 49.618900 -11.113529
v 20.870125 69.577446 3.749370
v 20.870125 59.620827 3.749371
v 20.870125 19.613075 3.704049
v 20.870125 29.569700 3.704048
v 20.870125 29.569700 -3.682077
v 20.870125 19.613075 -3.682076
v 20.870125 49.573578 -11.113529
v 20.870125 39.616951 -11.113528
v 20.870125 39.616951 3.704047
v 20.870125 49.573578 3.704046
v 20.870125 49.573578 -3.682079
v 20.870125 39.616951 -3.682078
v 20.870125 59.620827 3.704046
v 20.870125 69.577446 3.704045
v 20.870125 29.615025 11.135498
v 20.870125 39.571625 11.135497
v 20.870125 69.577446 -3.682080
v 20.870125 10.987075 -3.727401
v 20.870125 19.567776 -3.727401
v 20.870125 59.620827 -3.682080
v 20.870125 19.567776 -11.113527
v 20.870125 29.569700 -11.113527
v 20.870125 19.613075 -11.113527
v 20.870125 29.615025 -3.727402
v 20.870125 39.571625 -3.727403
v 20.870125 39.571625 -11.113528
v 20.870125 29.615025 -11.113527
v 20.870125 49.618900 -3.727404
v 20.870125 59.575497 -3.727405
v 20.870125 10.987076 11.135499
v 20.870125 19.567776 11.135498
v 20.870125 19.567776 3.749374
v 20.870125 69.622772 11.135494
v 20.870125 79.579376 11.135494
v 20.870125 69.622772 -3.727405
v 20.869650 79.579376 -3.727631
v 20.869650 79.579376 -11.113756
v 20.870125 69.622772 -11.113531
v 20.870125 39.571625 3.749372
v 20.870125 79.579376 3.749369
v 20.870125 29.615025 3.749373
v 20.870125 79.579376 3.704044
v 20.870125 79.579376 -3.682081
v 20.870125 69.577446 -11.113531
v 20.870125 59.575497 3.749371
v 20.870125 49.618900 3.749371
v 20.870125 10.987075 3.704049
v 20.870125 19.567776 3.704049
v 20.870125 19.567776 -3.682076
v 20.870125 39.571625 -3.682078
v 20.619650 29.615025 -3.682302
v 20.619650 39.571625 -3.682303
v 20.870125 29.615025 -3.682077
v 20.619650 29.615025 3.703823
v 20.870125 29.615025 3.704048
v 20.870125 39.571625 3.704047
v 20.619650 39.571625 3.703822
v 20.619650 29.615025 3.749148
v 20.619650 39.571625 3.749147
v 20.619650 29.615025 11.135273
v 20.619650 39.571625 11.135272
v 20.619650 29.615025 -3.727627
v 20.619650 29.615025 -11.113752
v 20.619650 39.571625 -11.113753
v 20.619650 39.571625 -3.727628
v 20.619650 39.616951 -3.682303
v 20.619650 49.573578 -3.682304
v 20.619650 39.616951 3.703822
v 20.619650 49.573578 3.703821
v 20.619650 39.616951 3.749147
v 20.619650 49.573578 3.749146
v 20.619650 39.616951 11.135272
v 20.619650 49.573578 11.135271
v 20.619650 39.616951 -3.727628
v 20.619650 39.616951 -11.113753
v 20.870125 39.616951 -3.727403
v 20.870125 49.573578 -3.727404
v 20.619650 49.573578 -11.113754
v 20.619650 49.573578 -3.727629
v 20.870125 59.575497 -3.682080
v 20.619650 49.618900 -3.682304
v 20.619650 59.575497 -3.682305
v 20.870125 49.618900 -3.682079
v 20.619650 49.618900 3.703821
v 20.870125 49.618900 3.704046
v 20.870125 59.575497 3.704046
v 20.619650 59.575497 3.703820
v 20.619650 49.618900 3.749146
v 20.619650 59.575497 3.749146
v 20.619650 49.618900 11.135271
v 20.619650 59.575497 11.135270
v 20.619650 49.618900 -3.727629
v 20.619650 49.618900 -11.113754
v 20.619650 59.575497 -11.113755
v 20.619650 59.575497 -3.727629
v 20.619650 59.620827 -3.682305
v 20.619650 69.577446 -3.682305
v 20.619650 59.620827 3.703820
v 20.619650 69.577446 3.703820
v 20.619650 59.620827 3.749146
v 20.619650 69.577446 3.749145
v 20.619650 59.620827 11.135270
v 20.619650 69.577446 11.135269
v 20.619650 59.620827 -3.727629
v 20.619650 59.620827 -11.113755
v 20.869650 69.577446 -3.727630
v 20.619650 69.577446 -11.113756
v 20.619650 69.577446 -3.727630
v 20.619650 69.622772 -3.682305
v 20.619650 79.579376 -3.682306
v 20.870125 69.622772 -3.682080
v 20.619650 69.622772 3.703820
v 20.870125 69.622772 3.704045
v 20.619650 79.579376 3.703819
v 20.619650 69.622772 3.749145
v 20.619650 79.579376 3.749144
v 20.870125 69.622772 3.749370
v 20.619650 69.622772 11.135269
v 20.619650 69.622772 -3.727630
v 20.619650 69.622772 -11.113756
v 20.619650 79.579376 -3.727631
v 20.619650 10.987074 -11.113751
v 20.619650 19.567776 -11.113752
v 20.870125 10.987074 -11.113526
v 20.619650 19.567776 11.135273
v 20.619650 10.987076 11.135274
v 20.619650 19.613075 -11.113752
v 20.619650 29.569700 -11.113752
v 20.619650 79.579376 -11.113756
v 20.619650 29.569700 11.135273
v 20.619650 19.613075 11.135273
v 20.619650 79.579376 11.135269
v -20.870125 19.567776 -3.749377
v -20.870125 10.987075 -3.749376
v -20.870125 19.567776 11.113523
v -20.870125 10.987076 11.113524
v -20.870125 19.567776 -3.704051
v -20.870125 19.567776 3.682074
v -20.870125 59.575497 -3.749380
v -20.870125 49.618900 -3.749379
v -20.870125 10.987075 -3.704051
v -20.870125 49.618900 -11.135504
v -20.870125 59.575497 -11.135505
v -20.870125 69.577446 11.113520
v -20.870125 59.620827 11.113521
v -20.870125 39.571625 -3.749378
v -20.870125 29.615025 -3.749377
v -20.870125 79.579376 -3.704056
v -20.870125 79.579376 3.682069
v -20.870125 29.615025 -11.135502
v -20.870125 79.579376 -11.135506
v -20.870125 79.579376 -3.749381
v -20.870125 39.571625 -11.135503
v -20.870125 69.622772 11.113520
v -20.870125 69.622772 3.727395
v -20.869650 79.579376 3.727619
v -20.869650 79.579376 11.113745
v -20.870125 69.622772 -11.135506
v -20.870125 49.618900 11.113522
v -20.870125 49.618900 3.727396
v -20.870125 19.567776 -11.135502
v -20.870125 59.575497 3.727396
v -20.870125 59.575497 11.113521
v -20.870125 10.987074 -11.135501
v -20.870125 29.615025 11.113523
v -20.870125 29.615025 3.727398
v -20.870125 39.571625 3.727397
v -20.870125 39.571625 11.113523
v -20.870125 29.569700 11.113523
v -20.870125 19.613075 11.113523
v -20.870125 69.577446 3.682070
v -20.870125 59.620827 3.682070
v -20.870125 19.567776 3.727399
v -20.870125 59.620827 -3.704055
v -20.870125 10.987075 3.727399
v -20.870125 69.577446 -3.704055
v -20.870125 49.573578 3.682071
v -20.870125 39.616951 3.682072
v -20.870125 39.616951 -3.704053
v -20.870125 49.573578 -3.704054
v -20.870125 49.573578 11.113522
v -20.870125 39.616951 11.113523
v -20.870125 29.569700 3.682073
v -20.870125 19.613075 3.682074
v -20.870125 39.616951 -11.135503
v -20.870125 49.573578 -11.135504
v -20.870125 19.613075 -3.704051
v -20.870125 29.569700 -3.704052
v -20.870125 69.577446 -3.749380
v -20.870125 59.620827 -3.749380
v -20.870125 59.620827 -11.135505
v -20.870125 69.577446 -11.135506
v -20.870125 49.573578 -3.749379
v -20.870125 39.616951 -3.749378
v -20.870125 29.569700 -3.749377
v -20.870125 19.613075 -3.749377
v -20.870125 19.613075 -11.135502
v -20.870125 59.620827 3.727396
v -20.870125 29.569700 -11.135502
v -20.869650 69.577446 3.727620
v -20.870125 39.616951 3.727397
v -20.870125 49.573578 3.727396
v -20.870125 19.613075 3.727399
v -20.870125 29.569700 3.727398
v -20.870125 69.622772 3.682070
v -20.870125 69.622772 -3.749380
v -20.870125 29.615025 -3.704052
v -20.870125 39.571625 -3.704053
v -20.870125 39.571625 3.682072
v -20.870125 29.615025 3.682073
v -20.870125 49.618900 -3.704054
v -20.870125 59.575497 -3.704055
v -20.870125 59.575497 3.682070
v -20.870125 49.618900 3.682071
v -20.870125 69.622772 -3.704055
v 20.619650 10.987075 -3.727626
v 20.870125 10.987075 3.749374
v 20.619650 10.987075 3.749149
v 20.870125 10.987075 -3.682076
v 20.619650 10.987075 3.703824
v 20.619650 10.987075 -3.682301
v 20.619650 19.567776 -3.682302
v 20.619650 19.567776 3.703824
v 20.619650 19.567776 3.749149
v 20.619650 19.567776 -3.727626
v 20.619650 19.613075 -3.682302
v 20.619650 29.569700 -3.682302
v 20.619650 19.613075 3.703824
v 20.619650 29.569700 3.703823
v 20.619650 19.613075 3.749149
v 20.619650 29.569700 3.749148
v 20.619650 19.613075 -3.727626
v 20.870125 19.613075 -3.727401
v 20.870125 29.569700 -3.727402
v 20.619650 29.569700 -3.727627
v -2.724875 115.139648 3.282816
v -5.974200 127.718246 6.682365
v -6.702175 127.718246 5.954365
v -3.302625 115.139648 2.705066
v 6.115350 127.718246 -6.863160
v -5.974200 127.718246 -6.863160
v -6.702175 127.718246 -6.135185
v 6.115350 127.718246 6.682365
v 6.843350 127.718246 5.954365
v 6.843350 127.718246 -6.135185
v -2.724875 115.139648 -3.463609
v 2.866025 115.139648 -3.463609
v -3.302625 115.139648 -2.885834
v 2.866025 115.139648 3.282841
v 3.443800 115.139648 -2.885834
v 3.443800 115.139648 2.705066
v 3.704050 19.567774 -20.870127
v -3.682075 19.567774 -20.870127
v 3.749375 59.575497 -20.870129
v 3.749375 49.618900 -20.870129
v 3.704050 10.987073 -20.870125
v 11.135500 49.618900 -20.870129
v 11.135500 59.575497 -20.870129
v -11.113525 69.577446 -20.870131
v -11.113525 59.620827 -20.870129
v 3.749375 39.571625 -20.870129
v 3.749375 29.615023 -20.870127
v 3.704050 79.579376 -20.870131
v -3.682075 79.579376 -20.870131
v 11.135500 29.615023 -20.870127
v 11.135500 79.579376 -20.870131
v 3.749375 79.579376 -20.870131
v 11.135500 39.571625 -20.870129
v -11.113525 69.622772 -20.870131
v -3.727400 69.622772 -20.870131
v -3.727625 79.579376 -20.869656
v -11.113750 79.579376 -20.869656
v 11.135500 69.622772 -20.870131
v -11.113525 49.618900 -20.870129
v -3.727400 49.618900 -20.870129
v 11.135500 19.567774 -20.870127
v 3.749375 19.567774 -20.870127
v -3.727400 59.575497 -20.870129
v -11.113525 59.575497 -20.870129
v 11.135500 10.987073 -20.870125
v -11.113525 29.615023 -20.870127
v -3.727400 29.615023 -20.870127
v -3.727400 39.571625 -20.870129
v -11.113525 39.571625 -20.870129
v -11.113525 29.569698 -20.870127
v -11.113525 19.613073 -20.870127
v -3.682075 69.577446 -20.870131
v -3.682075 59.620827 -20.870129
v -3.727400 19.567774 -20.870127
v -11.113525 19.567774 -20.870127
v 3.704050 59.620827 -20.870129
v -3.727400 10.987073 -20.870125
v 3.704050 69.577446 -20.870131
v -3.682075 49.573578 -20.870129
v -3.682075 39.616951 -20.870129
v 3.704050 39.616951 -20.870129
v 3.704050 49.573578 -20.870129
v -11.113525 49.573578 -20.870129
v -11.113525 39.616951 -20.870129
v -3.682075 29.569698 -20.870127
v -3.682075 19.613073 -20.870127
v 11.135500 39.616951 -20.870129
v 11.135500 49.573578 -20.870129
v 3.704050 19.613073 -20.870127
v 3.704050 29.569698 -20.870127
v 3.749375 69.577446 -20.870131
v 3.749375 59.620827 -20.870129
v 11.135500 59.620827 -20.870129
v 11.135500 69.577446 -20.870131
v 3.749375 49.573578 -20.870129
v 3.749375 39.616951 -20.870129
v 3.749375 29.569698 -20.870127
v 3.749375 19.613073 -20.870127
v 11.135500 19.613073 -20.870127
v -3.727400 59.620827 -20.870129
v 11.135500 29.569698 -20.870127
v -3.727625 69.577446 -20.869656
v -3.727400 39.616951 -20.870129
v -3.727400 49.573578 -20.870129
v -3.727400 19.613073 -20.870127
v -3.727400 29.569698 -20.870127
v -3.682075 69.622772 -20.870131
v 3.749375 69.622772 -20.870131
v 3.704050 29.615023 -20.870127
v 3.704050 39.571625 -20.870129
v -3.682075 39.571625 -20.870129
v -3.682075 29.615023 -20.870127
v 3.704050 49.618900 -20.870129
v 3.704050 59.575497 -20.870129
v -3.682075 59.575497 -20.870129
v -3.682075 49.618900 -20.870129
v 3.704050 69.622772 -20.870131
v -3.682075 10.987073 -20.870125
v -11.113525 10.987073 -20.870125
v 3.749375 10.987073 -20.870125
v 11.135275 79.579376 -20.619656
v 11.135275 69.622772 -20.619656
v -11.113750 79.579376 -20.619656
v -3.727625 79.579376 -20.619656
v 3.749150 79.579376 -20.619656
v -3.682300 79.579376 -20.619656
v 3.703825 79.579376 -20.619656
v -11.113750 59.620827 -20.619654
v -11.113750 69.577446 -20.619656
v -11.113750 29.615023 -20.619652
v -11.113750 39.571625 -20.619654
v 11.135275 29.569698 -20.619652
v 11.135275 19.613073 -20.619652
v -11.113750 69.622772 -20.619656
v 11.135275 69.577446 -20.619656
v 11.135275 59.620827 -20.619654
v 11.135275 59.575497 -20.619654
v 11.135275 49.618900 -20.619654
v -11.113750 49.618900 -20.619654
v -11.113750 59.575497 -20.619654
v 11.135275 49.573578 -20.619654
v 11.135275 39.616951 -20.619654
v -11.113750 39.616951 -20.619654
v -11.113750 49.573578 -20.619654
v 11.135275 39.571625 -20.619654
v 11.135275 29.615023 -20.619652
v -11.113750 19.613073 -20.619652
v -11.113750 29.569698 -20.619652
v 11.135275 19.567774 -20.619652
v 11.135275 10.987073 -20.619650
v -11.113750 10.987073 -20.619650
v -11.113750 19.567774 -20.619652
v -3.727625 69.622772 -20.619656
v 3.749150 69.622772 -20.619656
v 3.703825 69.622772 -20.619656
v -3.682300 69.622772 -20.619656
v -3.727625 69.577446 -20.619656
v -3.727625 59.620827 -20.619654
v 3.749150 69.577446 -20.619656
v 3.749150 59.620827 -20.619654
v 3.703825 69.577446 -20.619656
v 3.703825 59.620827 -20.619654
v -3.682300 69.577446 -20.619656
v -3.682300 59.620827 -20.619654
v -3.727625 59.575497 -20.619654
v -3.727625 49.618900 -20.619654
v 3.749150 59.575497 -20.619654
v 3.749150 49.618900 -20.619654
v 3.703825 59.575497 -20.619654
v 3.703825 49.618900 -20.619654
v -3.682300 59.575497 -20.619654
v -3.682300 49.618900 -20.619654
v -3.727625 49.573578 -20.619654
v -3.727625 39.616951 -20.619654
v 3.749150 49.573578 -20.619654
v 3.749150 39.616951 -20.619654
v 3.703825 49.573578 -20.619654
v 3.703825 39.616951 -20.619654
v -3.682300 49.573578 -20.619654
v -3.682300 39.616951 -20.619654
v -3.727625 39.571625 -20.619654
v -3.727625 29.615023 -20.619652
v 3.749150 39.571625 -20.619654
v 3.749150 29.615023 -20.619652
v 3.703825 39.571625 -20.619654
v 3.703825 29.615023 -20.619652
v -3.682300 39.571625 -20.619654
v -3.682300 29.615023 -20.619652
v -3.727625 29.569698 -20.619652
v -3.727625 19.613073 -20.619652
v 3.749150 29.569698 -20.619652
v 3.749150 19.613073 -20.619652
v 3.703825 29.569698 -20.619652
v 3.703825 19.613073 -20.619652
v -3.682300 29.569698 -20.619652
v -3.682300 19.613073 -20.619652
v -3.727625 19.567774 -20.619652
v -3.727625 10.987073 -20.619650
v 3.749150 19.567774 -20.619652
v 3.749150 10.987073 -20.619650
v 3.703825 19.567774 -20.619652
v 3.703825 10.987073 -20.619650
v -3.682300 19.567774 -20.619652
v -3.682300 10.987073 -20.619650
v -20.619650 10.987075 3.727624
v -20.619650 10.987076 11.113750
v -20.619650 10.987074 -11.135276
v -20.619650 10.987075 -3.749151
v -20.870125 10.987075 3.682074
v -20.619650 10.987075 -3.703826
v -20.619650 10.987075 3.682299
v -20.619650 19.567776 3.682299
v -20.619650 19.567776 -3.703826
v -20.619650 19.567776 -3.749151
v -20.619650 19.567776 -11.135277
v -20.619650 19.567776 11.113749
v -20.619650 19.567776 3.727623
v -20.619650 19.613075 3.682299
v -20.619650 29.569700 3.682298
v -20.619650 19.613075 -3.703826
v -20.619650 29.569700 -3.703827
v -20.619650 19.613075 -3.749151
v -20.619650 29.569700 -3.749152
v -20.619650 19.613075 -11.135277
v -20.619650 29.569700 -11.135277
v -20.619650 19.613075 3.727623
v -20.619650 19.613075 11.113749
v -20.619650 29.569700 11.113749
v -20.619650 29.569700 3.727623
v -20.619650 29.615025 3.682298
v -20.619650 39.571625 3.682297
v -20.619650 29.615025 -3.703827
v -20.619650 39.571625 -3.703828
v -20.619650 29.615025 -3.749152
v -20.619650 39.571625 -3.749153
v -20.619650 29.615025 -11.135277
v -20.619650 39.571625 -11.135278
v -20.619650 29.615025 3.727623
v -20.619650 29.615025 11.113749
v -20.619650 39.571625 11.113748
v -20.619650 39.571625 3.727622
v -20.619650 39.616951 3.682297
v -20.619650 49.573578 3.682296
v -20.619650 39.616951 -3.703828
v -20.619650 49.573578 -3.703829
v -20.619650 39.616951 -3.749153
v -20.619650 49.573578 -3.749154
v -20.619650 39.616951 -11.135278
v -20.619650 49.573578 -11.135279
v -20.619650 39.616951 3.727622
v -20.619650 39.616951 11.113748
v -20.619650 49.573578 11.113747
v -20.619650 49.573578 3.727621
v -20.619650 49.618900 3.682296
v -20.619650 59.575497 3.682296
v -20.619650 49.618900 -3.703829
v -20.619650 59.575497 -3.703830
v -20.619650 49.618900 -3.749154
v -20.619650 59.575497 -3.749155
v -20.619650 49.618900 -11.135279
v -20.619650 59.575497 -11.135280
v -20.619650 49.618900 3.727621
v -20.619650 49.618900 11.113747
v -20.619650 59.575497 11.113746
v -20.619650 59.575497 3.727620
v -20.619650 59.620827 3.682296
v -20.619650 69.577446 3.682295
v -20.619650 59.620827 -3.703830
v -20.619650 69.577446 -3.703830
v -20.619650 59.620827 -3.749155
v -20.619650 69.577446 -3.749155
v -20.619650 59.620827 -11.135280
v -20.619650 69.577446 -11.135281
v -20.619650 59.620827 3.727620
v -20.619650 59.620827 11.113746
v -20.619650 69.577446 11.113745
v -20.619650 69.577446 3.727620
v -20.619650 69.622772 3.682295
v -20.619650 79.579376 3.682294
v -20.619650 69.622772 -3.703830
v -20.619650 79.579376 -3.703831
v -20.619650 69.622772 -3.749155
v -20.619650 79.579376 -3.749156
v -20.619650 69.622772 -11.135281
v -20.619650 69.622772 3.727620
v -20.619650 69.622772 11.113745
v -20.619650 79.579376 3.727619
v -20.619650 79.579376 11.113745
v -20.619650 79.579376 -11.135281
vn 1.0000 -0.0000 -0.0000
vn -1.0000 -0.0000 -0.0000
vn -0.0000 -0.0000 1.0000
vn -0.0000 -0.0000 -1.0000
vn 0.0001 -0.0000 -1.0000
vn 0.9654 -0.2609 -0.0000
vn -0.0000 -0.2609 -0.9654
vn -0.9654 -0.2609 -0.0000
vn -0.0000 -0.2609 0.9654
vn -1.0000 -0.0000 -0.0001
vn 1.0000 -0.0000 0.0001
vt 0.524753 0.571901
vt 0.573799 0.505784
vt 0.573800 0.571901
vt 0.524752 0.505784
vt 0.524752 0.438920
vt 0.573799 0.372804
vt 0.573799 0.438920
vt 0.524752 0.372804
vt 0.426055 0.438920
vt 0.475103 0.372804
vt 0.475103 0.438920
vt 0.426055 0.372804
vt 0.475404 0.438920
vt 0.524451 0.372804
vt 0.524451 0.438920
vt 0.475404 0.372804
vt 0.524752 0.372211
vt 0.573799 0.306095
vt 0.573799 0.372211
vt 0.524752 0.306095
vt 0.426055 0.372211
vt 0.475103 0.306095
vt 0.475103 0.372211
vt 0.426055 0.306095
vt 0.475404 0.372211
vt 0.524451 0.306095
vt 0.524451 0.372211
vt 0.475404 0.306095
vt 0.524752 0.305648
vt 0.573799 0.239532
vt 0.573799 0.305648
vt 0.524752 0.239532
vt 0.426055 0.305648
vt 0.475103 0.239532
vt 0.475103 0.305648
vt 0.426055 0.239532
vt 0.475404 0.305648
vt 0.524451 0.239532
vt 0.524451 0.305648
vt 0.475404 0.239532
vt 0.524752 0.238939
vt 0.573799 0.172823
vt 0.573799 0.238939
vt 0.524752 0.172823
vt 0.426055 0.238939
vt 0.475103 0.172823
vt 0.475103 0.238939
vt 0.426055 0.172823
vt 0.475404 0.238939
vt 0.524451 0.172823
vt 0.524451 0.238939
vt 0.475404 0.172823
vt 0.475404 0.172230
vt 0.524451 0.115251
vt 0.524451 0.172230
vt 0.475404 0.115251
vt 0.426055 0.172230
vt 0.475103 0.115251
vt 0.475103 0.172230
vt 0.426055 0.115251
vt 0.524752 0.172230
vt 0.573799 0.115251
vt 0.573799 0.172230
vt 0.524752 0.115251
vt 0.524596 0.172230
vt 0.475549 0.115251
vt 0.475549 0.172230
vt 0.524596 0.115251
vt 0.573945 0.172230
vt 0.524897 0.115251
vt 0.524897 0.172230
vt 0.573945 0.115251
vt 0.475248 0.172230
vt 0.426201 0.115251
vt 0.426201 0.172230
vt 0.475248 0.115251
vt 0.475247 0.571901
vt 0.426200 0.505784
vt 0.475247 0.505784
vt 0.426200 0.571901
vt 0.573943 0.571901
vt 0.524896 0.505784
vt 0.573943 0.505784
vt 0.524896 0.571901
vt 0.524595 0.571901
vt 0.475548 0.505784
vt 0.524595 0.505784
vt 0.475548 0.571901
vt 0.475247 0.505483
vt 0.426200 0.439367
vt 0.475247 0.439367
vt 0.426200 0.505483
vt 0.573943 0.505483
vt 0.524896 0.439367
vt 0.573943 0.439367
vt 0.524896 0.505483
vt 0.524595 0.505483
vt 0.475548 0.439367
vt 0.524595 0.439367
vt 0.475548 0.505483
vt 0.475247 0.438920
vt 0.426200 0.372804
vt 0.475247 0.372804
vt 0.426200 0.438920
vt 0.573943 0.438920
vt 0.524896 0.372804
vt 0.573943 0.372804
vt 0.524896 0.438920
vt 0.524595 0.438920
vt 0.475548 0.372804
vt 0.524595 0.372804
vt 0.475548 0.438920
vt 0.475247 0.372211
vt 0.426200 0.306095
vt 0.475247 0.306095
vt 0.426200 0.372211
vt 0.573943 0.372211
vt 0.524896 0.306095
vt 0.573943 0.306095
vt 0.524896 0.372211
vt 0.524595 0.372211
vt 0.475548 0.306095
vt 0.524595 0.306095
vt 0.475548 0.372211
vt 0.475247 0.305648
vt 0.426200 0.239532
vt 0.475247 0.239532
vt 0.426200 0.305648
vt 0.573943 0.305648
vt 0.524896 0.239532
vt 0.573943 0.239532
vt 0.524896 0.305648
vt 0.524595 0.305648
vt 0.475548 0.239532
vt 0.524595 0.239532
vt 0.475548 0.305648
vt 0.475247 0.238939
vt 0.426200 0.172823
vt 0.475247 0.172823
vt 0.426200 0.238939
vt 0.573943 0.238939
vt 0.524896 0.172823
vt 0.573943 0.172823
vt 0.524896 0.238939
vt 0.524595 0.238939
vt 0.475548 0.172823
vt 0.524595 0.172823
vt 0.475548 0.238939
vt 0.524595 0.172230
vt 0.475548 0.115251
vt 0.524595 0.115251
vt 0.475548 0.172230
vt 0.573943 0.172230
vt 0.524896 0.115251
vt 0.573943 0.115251
vt 0.524896 0.172230
vt 0.475247 0.172230
vt 0.426200 0.115251
vt 0.475247 0.115251
vt 0.426200 0.172230
vt 0.524825 0.173219
vt 0.573872 0.116240
vt 0.524825 0.116240
vt 0.573872 0.173219
vt 0.426129 0.173219
vt 0.475176 0.116240
vt 0.426129 0.116240
vt 0.475176 0.173219
vt 0.475477 0.173219
vt 0.524524 0.116240
vt 0.475477 0.116240
vt 0.524524 0.173219
vt 0.475477 0.239637
vt 0.524524 0.173520
vt 0.475477 0.173520
vt 0.524524 0.239637
vt 0.426129 0.239637
vt 0.475176 0.173520
vt 0.426129 0.173520
vt 0.475176 0.239637
vt 0.524825 0.239637
vt 0.573872 0.173520
vt 0.524825 0.173520
vt 0.573872 0.239637
vt 0.475477 0.306054
vt 0.524524 0.239938
vt 0.475477 0.239938
vt 0.524524 0.306054
vt 0.426129 0.306054
vt 0.475176 0.239938
vt 0.426129 0.239938
vt 0.475176 0.306054
vt 0.524825 0.306054
vt 0.573872 0.239938
vt 0.524825 0.239938
vt 0.573872 0.306054
vt 0.475477 0.372471
vt 0.524524 0.306355
vt 0.475477 0.306355
vt 0.524524 0.372471
vt 0.426129 0.372471
vt 0.475176 0.306355
vt 0.426129 0.306355
vt 0.475176 0.372471
vt 0.524825 0.372471
vt 0.573872 0.306355
vt 0.524825 0.306355
vt 0.573872 0.372471
vt 0.475477 0.438889
vt 0.524524 0.372772
vt 0.475477 0.372772
vt 0.524524 0.438889
vt 0.426129 0.438889
vt 0.475176 0.372772
vt 0.426129 0.372772
vt 0.475176 0.438889
vt 0.524825 0.438889
vt 0.573872 0.372772
vt 0.524825 0.372772
vt 0.573872 0.438889
vt 0.475477 0.505306
vt 0.524524 0.439190
vt 0.475477 0.439190
vt 0.524524 0.505306
vt 0.426129 0.505306
vt 0.475176 0.439190
vt 0.426129 0.439190
vt 0.475176 0.505306
vt 0.524825 0.505306
vt 0.573872 0.439190
vt 0.524825 0.439190
vt 0.573872 0.505306
vt 0.475477 0.571723
vt 0.524524 0.505607
vt 0.475477 0.505607
vt 0.524524 0.571723
vt 0.426129 0.571723
vt 0.475176 0.505607
vt 0.426129 0.505607
vt 0.475176 0.571723
vt 0.524825 0.571723
vt 0.573872 0.505607
vt 0.524825 0.505607
vt 0.573872 0.571723
vt 0.524824 0.173219
vt 0.573871 0.116240
vt 0.573871 0.173219
vt 0.524824 0.116240
vt 0.426128 0.173219
vt 0.475175 0.116240
vt 0.475175 0.173219
vt 0.426128 0.116240
vt 0.475476 0.173219
vt 0.524523 0.116240
vt 0.524523 0.173219
vt 0.475476 0.116240
vt 0.475476 0.239637
vt 0.524523 0.173520
vt 0.524523 0.239637
vt 0.475476 0.173520
vt 0.426128 0.239637
vt 0.475175 0.173520
vt 0.475175 0.239637
vt 0.426128 0.173520
vt 0.524824 0.239637
vt 0.573871 0.173520
vt 0.573871 0.239637
vt 0.524824 0.173520
vt 0.475476 0.306054
vt 0.524523 0.239938
vt 0.524523 0.306054
vt 0.475476 0.239938
vt 0.426128 0.306054
vt 0.475175 0.239938
vt 0.475175 0.306054
vt 0.426128 0.239938
vt 0.524824 0.306054
vt 0.573871 0.239938
vt 0.573871 0.306054
vt 0.524824 0.239938
vt 0.475476 0.372471
vt 0.524523 0.306355
vt 0.524523 0.372471
vt 0.475476 0.306355
vt 0.426128 0.372471
vt 0.475175 0.306355
vt 0.475175 0.372471
vt 0.426128 0.306355
vt 0.524824 0.372471
vt 0.573871 0.306355
vt 0.573871 0.372471
vt 0.524824 0.306355
vt 0.475476 0.438889
vt 0.524523 0.372772
vt 0.524523 0.438889
vt 0.475476 0.372772
vt 0.426128 0.438889
vt 0.475175 0.372772
vt 0.475175 0.438889
vt 0.426128 0.372772
vt 0.524824 0.438889
vt 0.573871 0.372772
vt 0.573871 0.438889
vt 0.524824 0.372772
vt 0.475476 0.505306
vt 0.524523 0.439190
vt 0.524523 0.505306
vt 0.475476 0.439190
vt 0.426128 0.505306
vt 0.475175 0.439190
vt 0.475175 0.505306
vt 0.426128 0.439190
vt 0.573871 0.439190
vt 0.573871 0.505306
vt 0.524824 0.439190
vt 0.475476 0.571723
vt 0.524523 0.505607
vt 0.524523 0.571723
vt 0.475476 0.505607
vt 0.426128 0.571723
vt 0.475175 0.505607
vt 0.475175 0.571723
vt 0.426128 0.505607
vt 0.573871 0.505607
vt 0.524824 0.505607
vt 0.513953 0.809211
vt 0.468588 0.893393
vt 0.530767 0.893393
vt 0.485172 0.809211
vt 0.482198 0.809211
vt 0.464844 0.893393
vt 0.516927 0.809211
vt 0.534511 0.893393
vt 0.573800 0.505784
vt 0.524753 0.505784
vt 0.426057 0.571901
vt 0.475104 0.505784
vt 0.426057 0.505784
vt 0.475104 0.571901
vt 0.475405 0.571901
vt 0.524452 0.505784
vt 0.475405 0.505784
vt 0.524452 0.571901
vt 0.524753 0.505483
vt 0.573800 0.439367
vt 0.524753 0.439367
vt 0.573800 0.505483
vt 0.426057 0.505483
vt 0.475104 0.439367
vt 0.426057 0.439367
vt 0.475104 0.505483
vt 0.475405 0.505483
vt 0.524452 0.439367
vt 0.475405 0.439367
vt 0.524452 0.505483
vt 0.524753 0.438920
vt 0.573800 0.372804
vt 0.524753 0.372804
vt 0.573800 0.438920
vt 0.426057 0.438920
vt 0.475104 0.372804
vt 0.426057 0.372804
vt 0.475104 0.438920
vt 0.475405 0.438920
vt 0.524452 0.372804
vt 0.475405 0.372804
vt 0.524452 0.438920
vt 0.524753 0.372211
vt 0.573800 0.306095
vt 0.524753 0.306095
vt 0.573800 0.372211
vt 0.426057 0.372211
vt 0.475104 0.306095
vt 0.426057 0.306095
vt 0.475104 0.372211
vt 0.475405 0.372211
vt 0.524452 0.306095
vt 0.475405 0.306095
vt 0.524452 0.372211
vt 0.524753 0.305648
vt 0.573800 0.239532
vt 0.524753 0.239532
vt 0.573800 0.305648
vt 0.426057 0.305648
vt 0.475104 0.239532
vt 0.426057 0.239532
vt 0.475104 0.305648
vt 0.475405 0.305648
vt 0.524452 0.239532
vt 0.475405 0.239532
vt 0.524452 0.305648
vt 0.524753 0.238939
vt 0.573800 0.172823
vt 0.524753 0.172823
vt 0.573800 0.238939
vt 0.426057 0.238939
vt 0.475104 0.172823
vt 0.426057 0.172823
vt 0.475104 0.238939
vt 0.475405 0.238939
vt 0.524452 0.172823
vt 0.475405 0.172823
vt 0.524452 0.238939
vt 0.475405 0.172230
vt 0.524452 0.115251
vt 0.475405 0.115251
vt 0.524452 0.172230
vt 0.426057 0.172230
vt 0.475104 0.115251
vt 0.426057 0.115251
vt 0.475104 0.172230
vt 0.524753 0.172230
vt 0.573800 0.115251
vt 0.524753 0.115251
vt 0.573800 0.172230
vt 0.524596 0.238939
vt 0.475549 0.172823
vt 0.475549 0.238939
vt 0.524596 0.172823
vt 0.573945 0.238939
vt 0.524897 0.172823
vt 0.524897 0.238939
vt 0.573945 0.172823
vt 0.475248 0.238939
vt 0.426201 0.172823
vt 0.426201 0.238939
vt 0.475248 0.172823
vt 0.524596 0.305648
vt 0.475549 0.239532
vt 0.475549 0.305648
vt 0.524596 0.239532
vt 0.573945 0.305648
vt 0.524897 0.239532
vt 0.524897 0.305648
vt 0.573945 0.239532
vt 0.475248 0.305648
vt 0.426201 0.239532
vt 0.426201 0.305648
vt 0.475248 0.239532
vt 0.524596 0.372211
vt 0.475549 0.306095
vt 0.475549 0.372211
vt 0.524596 0.306095
vt 0.573945 0.372211
vt 0.524897 0.306095
vt 0.524897 0.372211
vt 0.573945 0.306095
vt 0.475248 0.372211
vt 0.426201 0.306095
vt 0.426201 0.372211
vt 0.475248 0.306095
vt 0.524596 0.438920
vt 0.475549 0.372804
vt 0.475549 0.438920
vt 0.524596 0.372804
vt 0.573945 0.438920
vt 0.524897 0.372804
vt 0.524897 0.438920
vt 0.573945 0.372804
vt 0.475248 0.438920
vt 0.426201 0.372804
vt 0.426201 0.438920
vt 0.475248 0.372804
vt 0.524596 0.505483
vt 0.475549 0.439367
vt 0.475549 0.505483
vt 0.524596 0.439367
vt 0.573945 0.505483
vt 0.524897 0.439367
vt 0.524897 0.505483
vt 0.573945 0.439367
vt 0.426201 0.439367
vt 0.426201 0.505483
vt 0.475248 0.439367
vt 0.524596 0.571901
vt 0.475549 0.505784
vt 0.475549 0.571901
vt 0.524596 0.505784
vt 0.573945 0.571901
vt 0.524897 0.505784
vt 0.524897 0.571901
vt 0.573945 0.505784
vt 0.426201 0.505784
vt 0.475248 0.505784
vt 0.426055 0.571901
vt 0.475103 0.505784
vt 0.475103 0.571901
vt 0.426055 0.505784
vt 0.475404 0.571901
vt 0.524451 0.505784
vt 0.524451 0.571901
vt 0.475404 0.505784
vt 0.573799 0.439367
vt 0.573799 0.505483
vt 0.524752 0.439367
vt 0.426055 0.505483
vt 0.475103 0.439367
vt 0.475103 0.505483
vt 0.426055 0.439367
vt 0.475404 0.505483
vt 0.524451 0.439367
vt 0.524451 0.505483
vt 0.475404 0.439367
s 1
usemtl uv_transparent
f 3072/1947/1614 3074/1948/1614 3073/1949/1614
f 3072/1947/1614 3071/1950/1614 3074/1948/1614
f 3065/1951/1614 3036/1952/1614 3035/1953/1614
f 3065/1951/1614 3064/1954/1614 3036/1952/1614
f 3032/1955/1614 3082/1956/1614 3081/1957/1614
f 3032/1955/1614 3031/1958/1614 3082/1956/1614
f 3122/1959/1614 3119/1960/1614 3116/1961/1614
f 3122/1959/1614 3121/1962/1614 3119/1960/1614
f 3113/1963/1614 3044/1964/1614 3043/1965/1614
f 3113/1963/1614 3112/1966/1614 3044/1964/1614
f 3029/1967/1614 3033/1968/1614 3030/1969/1614
f 3029/1967/1614 3034/1970/1614 3033/1968/1614
f 3046/1971/1614 3048/1972/1614 3047/1973/1614
f 3046/1971/1614 3045/1974/1614 3048/1972/1614
f 3061/1975/1614 3063/1976/1614 3062/1977/1614
f 3061/1975/1614 3060/1978/1614 3063/1976/1614
f 3052/1979/1614 3077/1980/1614 3075/1981/1614
f 3052/1979/1614 3051/1982/1614 3077/1980/1614
f 3092/1983/1614 3089/1984/1614 3086/1985/1614
f 3092/1983/1614 3091/1986/1614 3089/1984/1614
f 3270/1987/1614 3059/1988/1614 3058/1989/1614
f 3270/1987/1614 3269/1990/1614 3059/1988/1614
f 3021/1991/1614 3027/1992/1614 3022/1993/1614
f 3021/1991/1614 3028/1994/1614 3027/1992/1614
f 3040/1995/1614 3042/1996/1614 3041/1997/1614
f 3040/1995/1614 3039/1998/1614 3042/1996/1614
f 3084/1999/1614 3255/2000/1614 3085/2001/1614
f 3084/1999/1614 3083/2002/1614 3255/2000/1614
f 3067/2003/1614 3253/2004/1614 3068/2005/1614
f 3067/2003/1614 3066/2006/1614 3253/2004/1614
f 3055/2007/1614 3160/2008/1614 3057/2009/1614
f 3055/2007/1614 3054/2010/1614 3160/2008/1614
f 3173/2011/1615 3460/2012/1615 3174/2013/1615
f 3173/2011/1615 3177/2014/1615 3460/2012/1615
f 3197/2015/1615 3170/2016/1615 3169/2017/1615
f 3197/2015/1615 3200/2018/1615 3170/2016/1615
f 3209/2019/1615 3172/2020/1615 3171/2021/1615
f 3209/2019/1615 3211/2022/1615 3172/2020/1615
f 3538/2023/1614 3537/2024/1614 3536/2025/1614
f 3538/2023/1614 3539/2026/1614 3537/2024/1614
f 3540/2027/1614 3533/2028/1614 3535/2029/1614
f 3540/2027/1614 3534/2030/1614 3533/2028/1614
f 3532/2031/1614 3529/2032/1614 3531/2033/1614
f 3532/2031/1614 3530/2034/1614 3529/2032/1614
f 3528/2035/1614 3526/2036/1614 3525/2037/1614
f 3528/2035/1614 3527/2038/1614 3526/2036/1614
f 3524/2039/1614 3521/2040/1614 3523/2041/1614
f 3524/2039/1614 3522/2042/1614 3521/2040/1614
f 3520/2043/1614 3517/2044/1614 3519/2045/1614
f 3520/2043/1614 3518/2046/1614 3517/2044/1614
f 3516/2047/1614 3514/2048/1614 3513/2049/1614
f 3516/2047/1614 3515/2050/1614 3514/2048/1614
f 3512/2051/1614 3509/2052/1614 3511/2053/1614
f 3512/2051/1614 3510/2054/1614 3509/2052/1614
f 3508/2055/1614 3505/2056/1614 3507/2057/1614
f 3508/2055/1614 3506/2058/1614 3505/2056/1614
f 3504/2059/1614 3502/2060/1614 3501/2061/1614
f 3504/2059/1614 3503/2062/1614 3502/2060/1614
f 3500/2063/1614 3497/2064/1614 3499/2065/1614
f 3500/2063/1614 3498/2066/1614 3497/2064/1614
f 3496/2067/1614 3493/2068/1614 3495/2069/1614
f 3496/2067/1614 3494/2070/1614 3493/2068/1614
f 3492/2071/1614 3490/2072/1614 3489/2073/1614
f 3492/2071/1614 3491/2074/1614 3490/2072/1614
f 3488/2075/1614 3485/2076/1614 3487/2077/1614
f 3488/2075/1614 3486/2078/1614 3485/2076/1614
f 3484/2079/1614 3481/2080/1614 3483/2081/1614
f 3484/2079/1614 3482/2082/1614 3481/2080/1614
f 3480/2083/1614 3478/2084/1614 3477/2085/1614
f 3480/2083/1614 3479/2086/1614 3478/2084/1614
f 3476/2087/1614 3473/2088/1614 3475/2089/1614
f 3476/2087/1614 3474/2090/1614 3473/2088/1614
f 3472/2091/1614 3469/2092/1614 3471/2093/1614
f 3472/2091/1614 3470/2094/1614 3469/2092/1614
f 3464/2095/1614 3462/2096/1614 3461/2097/1614
f 3464/2095/1614 3463/2098/1614 3462/2096/1614
f 3466/2099/1614 3459/2100/1614 3458/2101/1614
f 3466/2099/1614 3465/2102/1614 3459/2100/1614
f 3468/2103/1614 3457/2104/1614 3456/2105/1614
f 3468/2103/1614 3467/2106/1614 3457/2104/1614
f 3448/2107/1616 3402/2108/1616 3449/2109/1616
f 3448/2107/1616 3403/2110/1616 3402/2108/1616
f 3400/2111/1616 3451/2112/1616 3401/2113/1616
f 3400/2111/1616 3450/2114/1616 3451/2112/1616
f 3452/2115/1616 3455/2116/1616 3453/2117/1616
f 3452/2115/1616 3454/2118/1616 3455/2116/1616
f 3444/2119/1616 3447/2120/1616 3445/2121/1616
f 3444/2119/1616 3446/2122/1616 3447/2120/1616
f 3383/2123/1616 3443/2124/1616 3384/2125/1616
f 3383/2123/1616 3442/2126/1616 3443/2124/1616
f 3440/2127/1616 3398/2128/1616 3441/2129/1616
f 3440/2127/1616 3399/2130/1616 3398/2128/1616
f 3436/2131/1616 3439/2132/1616 3437/2133/1616
f 3436/2131/1616 3438/2134/1616 3439/2132/1616
f 3396/2135/1616 3435/2136/1616 3397/2137/1616
f 3396/2135/1616 3434/2138/1616 3435/2136/1616
f 3432/2139/1616 3381/2140/1616 3433/2141/1616
f 3432/2139/1616 3382/2142/1616 3381/2140/1616
f 3428/2143/1616 3431/2144/1616 3429/2145/1616
f 3428/2143/1616 3430/2146/1616 3431/2144/1616
f 3392/2147/1616 3427/2148/1616 3393/2149/1616
f 3392/2147/1616 3426/2150/1616 3427/2148/1616
f 3424/2151/1616 3394/2152/1616 3425/2153/1616
f 3424/2151/1616 3395/2154/1616 3394/2152/1616
f 3420/2155/1616 3423/2156/1616 3421/2157/1616
f 3420/2155/1616 3422/2158/1616 3423/2156/1616
f 3388/2159/1616 3419/2160/1616 3389/2161/1616
f 3388/2159/1616 3418/2162/1616 3419/2160/1616
f 3416/2163/1616 3390/2164/1616 3417/2165/1616
f 3416/2163/1616 3391/2166/1616 3390/2164/1616
f 3412/2167/1616 3415/2168/1616 3413/2169/1616
f 3412/2167/1616 3414/2170/1616 3415/2168/1616
f 3386/2171/1616 3411/2172/1616 3387/2173/1616
f 3386/2171/1616 3410/2174/1616 3411/2172/1616
f 3408/2175/1616 3379/2176/1616 3409/2177/1616
f 3408/2175/1616 3380/2178/1616 3379/2176/1616
f 3378/2179/1616 3407/2180/1616 3406/2181/1616
f 3378/2179/1616 3377/2182/1616 3407/2180/1616
f 3372/2183/1616 3405/2184/1616 3373/2185/1616
f 3372/2183/1616 3376/2186/1616 3405/2184/1616
f 3375/2187/1616 3385/2188/1616 3404/2189/1616
f 3375/2187/1616 3374/2190/1616 3385/2188/1616
f 3325/2191/1617 3370/2192/1617 3326/2193/1617
f 3325/2191/1617 3328/2194/1617 3370/2192/1617
f 3312/2195/1617 3371/2196/1617 3313/2197/1617
f 3312/2195/1617 3316/2198/1617 3371/2196/1617
f 3288/2199/1617 3369/2200/1617 3289/2201/1617
f 3288/2199/1617 3292/2202/1617 3369/2200/1617
f 3341/2203/1617 3337/2204/1617 3336/2205/1617
f 3341/2203/1617 3340/2206/1617 3337/2204/1617
f 3352/2207/1617 3349/2208/1617 3348/2209/1617
f 3352/2207/1617 3350/2210/1617 3349/2208/1617
f 3357/2211/1617 3322/2212/1617 3321/2213/1617
f 3357/2211/1617 3356/2214/1617 3322/2212/1617
f 3361/2215/1617 3363/2216/1617 3362/2217/1617
f 3361/2215/1617 3360/2218/1617 3363/2216/1617
f 3304/2219/1617 3298/2220/1617 3297/2221/1617
f 3304/2219/1617 3301/2222/1617 3298/2220/1617
f 3319/2223/1617 3317/2224/1617 3320/2225/1617
f 3319/2223/1617 3318/2226/1617 3317/2224/1617
f 3333/2227/1617 3331/2228/1617 3330/2229/1617
f 3333/2227/1617 3332/2230/1617 3331/2228/1617
f 3339/2231/1617 3347/2232/1617 3346/2233/1617
f 3339/2231/1617 3338/2234/1617 3347/2232/1617
f 3355/2235/1617 3335/2236/1617 3334/2237/1617
f 3355/2235/1617 3354/2238/1617 3335/2236/1617
f 3365/2239/1617 3367/2240/1617 3366/2241/1617
f 3365/2239/1617 3364/2242/1617 3367/2240/1617
f 3294/2243/1617 3291/2244/1617 3290/2245/1617
f 3294/2243/1617 3293/2246/1617 3291/2244/1617
f 3314/2247/1617 3310/2248/1617 3315/2249/1617
f 3314/2247/1617 3311/2250/1617 3310/2248/1617
f 3329/2251/1617 3324/2252/1617 3323/2253/1617
f 3329/2251/1617 3327/2254/1617 3324/2252/1617
f 3345/2255/1617 3343/2256/1617 3342/2257/1617
f 3345/2255/1617 3344/2258/1617 3343/2256/1617
f 3353/2175/1617 3296/2259/1617 3295/2260/1618
f 3353/2175/1617 3351/2261/1617 3296/2259/1617
f 3299/2262/1617 3358/2263/1617 3300/2264/1617
f 3299/2262/1617 3368/2265/1617 3358/2263/1617
f 3302/2266/1617 3359/2267/1617 3303/2268/1617
f 3302/2266/1617 3309/2269/1617 3359/2267/1617
f 3307/2187/1617 3305/2270/1617 3308/2190/1617
f 3307/2187/1617 3306/2271/1617 3305/2270/1617
f 3287/2272/1619 3281/2273/1619 3280/2274/1619
f 3287/2272/1619 3286/2275/1619 3281/2273/1619
f 3283/2276/1620 3277/2277/1620 3276/2277/1620
f 3283/2276/1620 3282/2276/1620 3277/2277/1620
f 3284/2275/1621 3274/2274/1621 3278/2273/1621
f 3284/2275/1621 3275/2272/1621 3274/2274/1621
f 3272/2278/1622 3279/2279/1622 3273/2279/1622
f 3272/2278/1622 3285/2278/1622 3279/2279/1622
f 3157/1947/1615 3156/2280/1615 3155/2281/1615
f 3157/1947/1615 3165/1949/1615 3156/2280/1615
f 3168/2282/1615 3151/2283/1615 3154/2284/1615
f 3168/2282/1615 3152/2285/1615 3151/2283/1615
f 3150/2286/1615 3145/2287/1615 3148/2288/1615
f 3150/2286/1615 3146/2289/1615 3145/2287/1615
f 3144/2290/1615 3141/2291/1615 3140/2292/1615
f 3144/2290/1615 3143/2293/1615 3141/2291/1615
f 3139/2294/1615 3136/2295/1615 3138/2296/1615
f 3139/2294/1615 3137/2297/1615 3136/2295/1615
f 3135/2298/1615 3132/2299/1615 3134/2300/1615
f 3135/2298/1615 3133/2301/1615 3132/2299/1615
f 3131/2302/1615 3129/2303/1615 3128/2304/1615
f 3131/2302/1615 3130/2305/1615 3129/2303/1615
f 3127/2306/1615 3124/2307/1615 3126/2308/1615
f 3127/2306/1615 3125/2309/1615 3124/2307/1615
f 3123/2310/1615 3117/2311/1615 3120/2312/1615
f 3123/2310/1615 3118/2313/1615 3117/2311/1615
f 3115/2314/1615 3111/2315/1615 3110/2316/1615
f 3115/2314/1615 3114/2317/1615 3111/2315/1615
f 3109/2318/1615 3106/2319/1615 3108/2320/1615
f 3109/2318/1615 3107/2321/1615 3106/2319/1615
f 3105/2322/1615 3102/2323/1615 3104/2324/1615
f 3105/2322/1615 3103/2325/1615 3102/2323/1615
f 3101/2326/1615 3099/2327/1615 3098/2328/1615
f 3101/2326/1615 3100/2329/1615 3099/2327/1615
f 3097/2330/1615 3094/2331/1615 3096/2332/1615
f 3097/2330/1615 3095/2333/1615 3094/2331/1615
f 3093/2334/1615 3087/2335/1615 3090/2336/1615
f 3093/2334/1615 3088/2337/1615 3087/2335/1615
f 3271/2338/1615 3163/2339/1615 3268/2340/1615
f 3271/2338/1615 3164/2341/1615 3163/2339/1615
f 3166/2342/1615 3266/2343/1615 3167/2344/1615
f 3166/2342/1615 3267/2345/1615 3266/2343/1615
f 3265/2346/1615 3262/2347/1615 3264/2348/1615
f 3265/2346/1615 3263/2349/1615 3262/2347/1615
f 3259/2350/1615 3257/2351/1615 3256/2352/1615
f 3259/2350/1615 3258/2353/1615 3257/2351/1615
f 3161/2354/1615 3254/2355/1615 3162/2356/1615
f 3161/2354/1615 3260/2357/1615 3254/2355/1615
f 3261/2358/1615 3158/2359/1615 3252/2360/1615
f 3261/2358/1615 3159/2361/1615 3158/2359/1615
f 3224/2362/1615 3220/2363/1615 3219/2364/1615
f 3224/2362/1615 3223/2365/1615 3220/2363/1615
f 3235/2366/1615 3232/2367/1615 3231/2368/1615
f 3235/2366/1615 3233/2369/1615 3232/2367/1615
f 3240/2370/1615 3206/2371/1615 3205/2372/1615
f 3240/2370/1615 3239/2373/1615 3206/2371/1615
f 3244/2374/1615 3246/2375/1615 3245/2376/1615
f 3244/2374/1615 3243/2377/1615 3246/2375/1615
f 3189/2378/1615 3183/2379/1615 3182/2380/1615
f 3189/2378/1615 3186/2381/1615 3183/2379/1615
f 3203/2382/1615 3201/2383/1615 3204/2384/1615
f 3203/2382/1615 3202/2385/1615 3201/2383/1615
f 3216/2386/1615 3214/2387/1615 3213/2388/1615
f 3216/2386/1615 3215/2389/1615 3214/2387/1615
f 3222/2390/1615 3230/2391/1615 3229/2392/1615
f 3222/2390/1615 3221/2393/1615 3230/2391/1615
f 3238/2394/1615 3218/2395/1615 3217/2396/1615
f 3238/2394/1615 3237/2397/1615 3218/2395/1615
f 3248/2398/1615 3250/2399/1615 3249/2400/1615
f 3248/2398/1615 3247/2401/1615 3250/2399/1615
f 3179/2402/1615 3176/2403/1615 3175/2404/1615
f 3179/2402/1615 3178/2405/1615 3176/2403/1615
f 3198/2406/1615 3195/2407/1615 3199/2408/1615
f 3198/2406/1615 3196/2409/1615 3195/2407/1615
f 3212/2410/1615 3208/2411/1615 3207/2412/1615
f 3212/2410/1615 3210/2413/1615 3208/2411/1615
f 3228/2414/1615 3226/2415/1615 3225/2416/1615
f 3228/2414/1615 3227/2417/1615 3226/2415/1615
f 3236/2035/1615 3181/2418/1615 3180/2419/1623
f 3236/2035/1615 3234/2420/1615 3181/2418/1615
f 3184/2421/1615 3241/2422/1615 3185/2423/1615
f 3184/2421/1615 3251/2424/1615 3241/2422/1615
f 3187/2425/1615 3242/2426/1615 3188/2427/1615
f 3187/2425/1615 3194/2428/1615 3242/2426/1615
f 3192/2023/1615 3190/2429/1615 3193/2026/1615
f 3192/2023/1615 3191/2430/1615 3190/2429/1615
f 3070/2431/1614 3153/2432/1614 3076/2433/1614
f 3070/2431/1614 3069/2434/1614 3153/2432/1614
f 3078/2435/1614 3147/2436/1614 3079/2437/1614
f 3078/2435/1614 3149/2438/1614 3147/2436/1614
f 3142/2290/1614 3025/2439/1614 3080/2440/1624
f 3142/2290/1614 3026/2441/1614 3025/2439/1614
f 3024/2442/1614 3038/2443/1614 3037/2444/1614
f 3024/2442/1614 3023/2445/1614 3038/2443/1614
f 3050/2446/1614 3056/2447/1614 3053/2448/1614
f 3050/2446/1614 3049/2449/1614 3056/2447/1614
