# Blender 3.6.5
# www.blender.org
mtllib sfadminbox.mtl
o Shell
v 0.497975 115.856552 0.336950
v 0.573125 115.856552 0.245350
v 0.629000 115.856552 0.140850
v 0.663400 115.856552 0.027450
v 0.675000 115.856552 -0.090475
v 0.663400 115.856552 -0.208375
v 0.629000 115.856552 -0.321775
v 0.573125 115.856552 -0.426275
v 0.497975 115.856552 -0.517875
v 0.406375 115.856552 -0.593025
v 0.301875 115.856552 -0.648900
v 0.188475 115.856552 -0.683275
v 0.070575 115.856598 -0.694225
v -0.047225 115.856598 -0.682625
v -0.160750 115.856552 -0.648900
v -0.265250 115.856552 -0.593025
v -0.356825 115.856552 -0.517875
v -0.431500 115.856598 -0.425875
v -0.487850 115.856552 -0.321775
v -0.522250 115.856552 -0.208375
v -0.533875 115.856552 -0.090475
v -0.522250 115.856552 0.027450
v -0.487850 115.856552 0.140850
v -0.432000 115.856552 0.245350
v -0.356400 115.856598 0.336600
v -0.265250 115.856552 0.412100
v -0.160750 115.856552 0.467975
v -0.047225 115.856598 0.501875
v 0.070575 115.856552 0.513975
v 0.188475 115.856552 0.502350
v 0.301875 115.856552 0.467975
v 0.406375 115.856552 0.412100
v 24.834774 97.308723 2.098300
v 24.788626 96.959755 1.543950
v 24.834774 96.959755 1.543950
v 24.788626 97.308723 2.098300
v 24.788626 102.851425 1.704250
v 24.788626 103.118477 1.106100
v 24.788626 103.263680 0.467350
v 24.788626 102.472832 2.238800
v 24.788626 101.997200 2.689225
v 24.788626 100.831078 3.272325
v 24.788626 101.442848 3.038200
v 24.788626 103.171227 -0.833150
v 24.788626 100.366249 -3.265750
v 24.788626 103.281494 -0.187450
v 24.788626 102.937103 -1.444925
v 24.788626 102.588127 -1.999275
v 24.788626 102.137695 -2.474875
v 24.788626 101.603149 -2.853475
v 24.788626 101.005005 -3.120525
v 24.788626 99.530579 3.364775
v 24.788626 100.185371 3.382600
v 24.788626 96.633148 -0.368325
v 24.788626 97.045425 -1.605200
v 24.788626 97.899628 -2.590175
v 24.788626 97.424026 -2.139750
v 24.788626 96.778374 -1.007075
v 24.788626 96.615349 0.286475
v 24.788626 96.725624 0.932175
v 24.788626 98.293671 2.952525
v 24.788626 98.891823 3.219575
v 24.788626 97.759125 2.573925
v 24.788626 99.065750 -3.173275
v 24.788626 98.453972 -2.939150
v 24.788626 99.711449 -3.283550
v 24.834774 103.171227 -0.833150
v 24.834774 103.281494 -0.187450
v 24.834774 97.759125 2.573925
v 24.834774 102.937103 -1.444925
v 24.834774 98.293671 2.952525
v 24.834774 102.588127 -1.999275
v 24.834774 98.891823 3.219575
v 24.834774 102.137695 -2.474875
v 24.834774 99.530579 3.364775
v 24.834774 98.453972 -2.939150
v 24.834774 99.065750 -3.173275
v 24.834774 101.603149 -2.853475
v 24.834774 100.185371 3.382600
v 24.834774 97.899628 -2.590175
v 24.834774 101.005005 -3.120525
v 24.834774 100.831078 3.272325
v 24.834774 97.424026 -2.139750
v 24.834774 100.366249 -3.265750
v 24.834774 101.442848 3.038200
v 24.834774 97.045425 -1.605200
v 24.834774 99.711449 -3.283550
v 24.834774 101.997200 2.689225
v 24.834774 96.778374 -1.007075
v -24.788626 102.588127 1.999275
v -24.788626 102.137695 2.474875
v -24.788626 100.366249 3.265750
v -24.788626 101.603149 2.853500
v -24.788626 101.005005 3.120525
v -24.788626 99.711449 3.283550
v -24.788626 99.065750 3.173300
v -24.788626 97.045425 1.605225
v -24.788626 96.778374 1.007075
v -24.788626 96.633148 0.368325
v -24.788626 97.899628 2.590175
v -24.788626 98.453972 2.939175
v -24.788626 97.424026 2.139775
v -24.788626 96.615349 -0.286475
v -24.788626 96.725624 -0.932175
v -24.788626 96.959755 -1.543950
v -24.788626 97.308723 -2.098300
v -24.788626 103.171227 0.833150
v -24.788626 102.937103 1.444925
v -24.788626 103.263680 -0.467350
v -24.788626 99.530579 -3.364775
v -24.788626 97.759125 -2.573925
v -24.788626 98.293671 -2.952525
v -24.788626 98.891823 -3.219550
v -24.788626 103.281494 0.187450
v -24.788626 102.851425 -1.704250
v -24.788626 103.118477 -1.106100
v -24.788626 102.472832 -2.238800
v -24.788626 101.997200 -2.689225
v -24.788626 100.831078 -3.272325
v -24.788626 100.185371 -3.382600
v -24.788626 101.442848 -3.038200
v -24.834774 96.633148 0.368325
v -24.834774 96.778374 1.007075
v -24.834774 97.045425 1.605225
v -24.834774 96.725624 -0.932175
v -24.834774 96.615349 -0.286475
v -24.834774 97.899628 2.590175
v -24.834774 98.453972 2.939175
v -24.834774 99.065750 3.173300
v -24.834774 97.424026 2.139775
v -24.834774 103.171227 0.833150
v -24.834774 100.831078 -3.272325
v -24.834774 103.263680 -0.467350
v -24.834774 102.851425 -1.704250
v -24.834774 103.118477 -1.106100
v -24.834774 103.281494 0.187450
v -24.834774 102.472832 -2.238800
v -24.834774 101.997200 -2.689225
v -24.834774 101.442848 -3.038200
v -24.834774 102.588127 1.999275
v -24.834774 102.937103 1.444925
v -24.834774 101.603149 2.853500
v -24.834774 100.366249 3.265750
v -24.834774 101.005005 3.120525
v -24.834774 102.137695 2.474875
v -24.834774 99.711449 3.283550
v -24.834774 98.293671 -2.952525
v -24.834774 97.759125 -2.573925
v -24.834774 97.308723 -2.098300
v -24.834774 96.959755 -1.543950
v -24.834774 99.530579 -3.364775
v -24.834774 100.185371 -3.382600
v -24.834774 98.891823 -3.219550
v 24.834774 96.725624 0.932175
v 24.834774 102.851425 1.704250
v 24.834774 102.472832 2.238800
v 24.834774 96.633148 -0.368325
v 24.834774 96.615349 0.286475
v 24.834774 103.263680 0.467350
v 24.834774 103.118477 1.106100
v 3.173275 99.065750 24.788626
v 2.939150 98.453972 24.788626
v 2.590175 97.899628 24.788626
v 3.265750 100.366249 24.788626
v 3.283550 99.711449 24.788626
v 0.833150 103.171227 24.788626
v 1.444925 102.937103 24.788626
v 1.999275 102.588127 24.788626
v 2.474875 102.137695 24.788626
v 2.853475 101.603149 24.788626
v 3.120525 101.005005 24.788626
v -0.467375 103.263680 24.788626
v 0.187450 103.281494 24.788626
v -3.364800 99.530579 24.788626
v -3.382600 100.185371 24.788626
v -3.272325 100.831078 24.788626
v 0.368325 96.633148 24.788626
v 1.605200 97.045425 24.788626
v 2.139750 97.424026 24.788626
v 1.007050 96.778374 24.788626
v -0.286500 96.615349 24.788626
v -0.932200 96.725624 24.788626
v -1.543975 96.959755 24.788626
v -2.098325 97.308723 24.788626
v -2.952525 98.293671 24.788626
v -3.219575 98.891823 24.788626
v -2.573925 97.759125 24.788626
v -1.704250 102.851425 24.788626
v -1.106100 103.118477 24.788626
v -2.238800 102.472832 24.788626
v -2.689225 101.997200 24.788626
v -3.038200 101.442848 24.788626
v 2.098300 97.308723 -24.788626
v 2.573925 97.759125 -24.788626
v 2.952525 98.293671 -24.788626
v -0.368325 96.633148 -24.788626
v 0.286475 96.615349 -24.788626
v 0.932175 96.725624 -24.788626
v 1.543950 96.959755 -24.788626
v 3.364775 99.530579 -24.788626
v 3.219575 98.891823 -24.788626
v 3.382600 100.185371 -24.788626
v 3.272325 100.831078 -24.788626
v -1.605200 97.045425 -24.788626
v -1.007075 96.778374 -24.788626
v -3.265750 100.366249 -24.788626
v 0.467350 103.263680 -24.788626
v 2.689225 101.997200 -24.788626
v 3.038200 101.442848 -24.788626
v 2.238800 102.472832 -24.788626
v 1.704250 102.851425 -24.788626
v 1.106100 103.118477 -24.788626
v -2.853475 101.603149 -24.788626
v -3.120525 101.005005 -24.788626
v -2.474875 102.137695 -24.788626
v -1.999275 102.588127 -24.788626
v -0.833150 103.171227 -24.788626
v -0.187450 103.281494 -24.788626
v -1.444925 102.937103 -24.788626
v -2.590175 97.899628 -24.788626
v -2.139775 97.424026 -24.788626
v -3.173275 99.065750 -24.788626
v -3.283550 99.711449 -24.788626
v -2.939150 98.453972 -24.788626
v 3.265750 100.366249 24.834774
v 3.120525 101.005005 24.834774
v 2.853475 101.603149 24.834774
v 3.173275 99.065750 24.834774
v 3.283550 99.711449 24.834774
v -0.932200 96.725624 24.834774
v -0.286500 96.615349 24.834774
v 0.368325 96.633148 24.834774
v 1.605200 97.045425 24.834774
v 2.139750 97.424026 24.834774
v 2.590175 97.899628 24.834774
v 2.939150 98.453972 24.834774
v 1.007050 96.778374 24.834774
v 2.474875 102.137695 24.834774
v 1.999275 102.588127 24.834774
v 0.833150 103.171227 24.834774
v -3.272325 100.831078 24.834774
v -2.952525 98.293671 24.834774
v -3.219575 98.891823 24.834774
v -3.364800 99.530579 24.834774
v -3.382600 100.185371 24.834774
v 1.444925 102.937103 24.834774
v -2.573925 97.759125 24.834774
v -2.098325 97.308723 24.834774
v -1.543975 96.959755 24.834774
v -2.689225 101.997200 24.834774
v -3.038200 101.442848 24.834774
v -2.238800 102.472832 24.834774
v -1.704250 102.851425 24.834774
v -0.467375 103.263680 24.834774
v 0.187450 103.281494 24.834774
v -1.106100 103.118477 24.834774
v -0.025525 119.392227 -0.322375
v 0.070575 119.428780 -0.090375
v 0.021600 119.392227 -0.336675
v 0.070575 119.392227 -0.341500
v -0.068925 119.392227 -0.299175
v 0.119575 119.392227 -0.336675
v 0.166675 119.392227 -0.322375
v 0.210100 119.392227 -0.299175
v 0.480150 119.283951 -0.364050
v 0.302575 119.392227 -0.186475
v 0.525675 119.283951 -0.278875
v 0.279375 119.392227 -0.229900
v 0.418900 119.283951 -0.438700
v 0.248150 119.392227 -0.267950
v 0.344250 119.283951 -0.499950
v 0.259100 119.283951 -0.545475
v 0.166675 119.283951 -0.573500
v 0.070575 119.283951 -0.582975
v -0.025525 119.283951 -0.573500
v -0.117925 119.283951 -0.545475
v -0.203075 119.283951 -0.499950
v -0.277725 119.283951 -0.438700
v -0.106975 119.392227 -0.267950
v -0.435075 119.108154 -0.596050
v -0.326725 119.108154 -0.684975
v -0.203075 119.108154 -0.751075
v -0.068925 119.108154 -0.791750
v 0.070575 119.108154 -0.805500
v 0.210100 119.108154 -0.791750
v 0.344250 119.108154 -0.751075
v 0.467875 119.108154 -0.684975
v 0.576250 119.108154 -0.596050
v 0.665175 119.108154 -0.487675
v 0.714175 118.871544 -0.733975
v 0.576250 118.871544 -0.847175
v 0.418900 118.871544 -0.931275
v 0.248150 118.871544 -0.983075
v 0.070575 118.871544 -1.000550
v -0.106975 118.871544 -0.983075
v -0.277725 118.871544 -0.931275
v -0.435075 118.871544 -0.847175
v -0.573000 118.871544 -0.733975
v -0.686200 118.871544 -0.596050
v -0.338975 118.583275 -1.079175
v -0.524025 118.583275 -0.980275
v -0.686200 118.583275 -0.847175
v -0.819300 118.583275 -0.684975
v 1.120275 118.583275 -0.299175
v 0.963275 118.871544 -0.267950
v 0.980750 118.871544 -0.090375
v 1.059375 118.583275 -0.499950
v 0.911475 118.871544 -0.438700
v 0.960475 118.583275 -0.684975
v 0.827375 118.871544 -0.596050
v 0.827375 118.583275 -0.847175
v 0.665175 118.583275 -0.980275
v 0.480150 118.583275 -1.079175
v 0.279375 118.583275 -1.140075
v 0.070575 118.583275 -1.160625
v -0.138200 118.583275 -1.140075
v 0.302575 118.254379 -1.256725
v 0.070575 118.254379 -1.279575
v -0.161425 118.254379 -1.256725
v -0.384500 118.254379 -1.189050
v -0.590100 118.254379 -1.079175
v -0.770300 118.254379 -0.931275
v 0.553700 117.897476 -1.256725
v 0.731275 118.254379 -1.079175
v 0.771975 117.897476 -1.140075
v 0.525675 118.254379 -1.189050
v 0.316875 117.897476 -1.328575
v 0.070575 117.897476 -1.352825
v -0.175700 117.897476 -1.328575
v -0.412525 117.897476 -1.256725
v -0.630800 117.897476 -1.140075
v 0.070575 117.526329 -1.377575
v -0.180525 117.526329 -1.352825
v -0.422000 117.526329 -1.279575
v -0.644525 117.526329 -1.160625
v -0.630800 117.155167 -1.140075
v -0.412525 117.155167 -1.256725
v -0.175700 117.155167 -1.328575
v 0.070575 117.155167 -1.352825
v 0.321700 117.526329 -1.352825
v 0.316875 117.155167 -1.328575
v 0.563175 117.526329 -1.279575
v 0.553700 117.155167 -1.256725
v 0.785700 117.526329 -1.160625
v 0.771975 117.155167 -1.140075
v 0.980750 117.526329 -1.000550
v 0.963275 117.155167 -0.983075
v 1.140825 117.526329 -0.805500
v 1.120275 117.155167 -0.791750
v -0.822100 117.897476 -0.983075
v -0.839575 117.526329 -1.000550
v -0.822100 117.155167 -0.983075
v -0.770300 116.798309 -0.931275
v -0.590100 116.798309 -1.079175
v -0.384500 116.798309 -1.189050
v -0.161425 116.798309 -1.256725
v 0.070575 116.798309 -1.279575
v 0.302575 116.798309 -1.256725
v 0.525675 116.798309 -1.189050
v -0.918200 118.254379 -0.751075
v -0.979100 117.897476 -0.791750
v -0.999675 117.526329 -0.805500
v -0.979100 117.155167 -0.791750
v -0.918200 116.798309 -0.751075
v -0.819300 116.469398 -0.684975
v -0.686200 116.469398 -0.847175
v -0.524025 116.469398 -0.980275
v -0.338975 116.469398 -1.079175
v -0.138200 116.469398 -1.140075
v 0.248150 116.181099 -0.983075
v 0.279375 116.469398 -1.140075
v 0.480150 116.469398 -1.079175
v 0.070575 116.181099 -1.000550
v 0.070575 116.469398 -1.160625
v -0.106975 116.181099 -0.983075
v -0.277725 116.181099 -0.931275
v -0.435075 116.181099 -0.847175
v -0.573000 116.181099 -0.733975
v -0.686200 116.181099 -0.596050
v -0.770300 116.181099 -0.438700
v -0.918200 116.469398 -0.499950
v -1.028100 116.798309 -0.545475
v -1.095775 116.798309 -0.322375
v -1.095750 117.155167 -0.573500
v -0.979100 116.469398 -0.299175
v -0.822100 116.181099 -0.267950
v -0.630800 115.944527 -0.229900
v -0.590100 115.944527 -0.364050
v -0.524025 115.944527 -0.487675
v -0.435075 115.944527 -0.596050
v -0.326725 115.944527 -0.684975
v -0.203075 115.944527 -0.751075
v -0.068925 115.944527 -0.791750
v -0.644525 115.944527 -0.090375
v -0.839600 116.181099 -0.090375
v -0.999675 116.469398 -0.090375
v -1.118625 116.798309 -0.090375
v -1.167600 117.155167 -0.336675
v -1.191850 117.155167 -0.090375
v 0.731275 115.944527 -0.364050
v 0.665175 115.944527 -0.487675
v 0.576250 115.944527 -0.596050
v 0.467875 115.944527 -0.684975
v 0.344250 115.944527 -0.751075
v 0.210100 115.944527 -0.791750
v 0.070575 115.944527 -0.805500
v 0.418900 116.181099 -0.931275
v 0.576250 116.181099 -0.847175
v 0.714175 116.181099 -0.733975
v 0.827375 116.181099 -0.596050
v 0.911475 116.181099 -0.438700
v 0.963275 116.181099 -0.267950
v 0.771975 115.944527 -0.229900
v 0.980750 116.181099 -0.090375
v 0.785700 115.944527 -0.090375
v 0.963275 116.181099 0.087175
v 0.911475 116.181099 0.257925
v 1.059375 116.469398 0.319175
v 0.960475 116.469398 0.504225
v 1.120275 116.469398 0.118400
v 1.140825 116.469398 -0.090375
v 1.120275 116.469398 -0.299175
v 1.059375 116.469398 -0.499950
v 0.960475 116.469398 -0.684975
v 0.827375 116.469398 -0.847175
v 0.665175 116.469398 -0.980275
v 0.731275 116.798309 -1.079175
v 0.911475 116.798309 -0.931275
v 1.059375 116.798309 -0.751075
v 1.169250 116.798309 -0.545475
v 1.236925 116.798309 -0.322375
v 1.259775 116.798309 -0.090375
v 1.236925 117.155167 -0.573500
v 1.308775 117.155167 -0.336675
v 1.333025 117.155167 -0.090375
v 1.308775 117.155167 0.155900
v 1.236925 116.798309 0.141625
v 1.236925 117.155167 0.392725
v 1.169250 116.798309 0.364700
v 1.120275 117.155167 0.611000
v 1.059375 116.798309 0.570300
v 1.259775 117.526329 -0.582975
v 1.333025 117.526329 -0.341500
v 1.357775 117.526329 -0.090375
v 1.333025 117.526329 0.160725
v 1.259775 117.526329 0.402200
v 1.140825 117.526329 0.624725
v 0.980750 117.526329 0.819800
v 0.963275 117.155167 0.802300
v 0.785700 117.526329 0.979875
v 0.771950 117.155167 0.959300
v 0.563175 117.526329 1.098825
v 0.553700 117.155167 1.075975
v -0.422000 117.526329 1.098825
v -0.412525 117.897476 1.075975
v -0.630800 117.897476 0.959300
v -0.180525 117.526329 1.172050
v -0.175700 117.897476 1.147800
v 0.070575 117.526329 1.196800
v 0.070575 117.897476 1.172050
v 0.321700 117.526329 1.172050
v 0.316875 117.897476 1.147800
v 0.553700 117.897476 1.075975
v 0.771950 117.897476 0.959300
v 0.963275 117.897476 0.802300
v 1.120275 117.897476 0.611000
v 1.236925 117.897476 0.392725
v -0.644525 117.526329 0.979875
v -0.822100 117.897476 0.802300
v -0.770300 118.254379 0.750500
v -0.590100 118.254379 0.898400
v -0.384500 118.254379 1.008300
v -0.161425 118.254379 1.075975
v 0.070575 118.254379 1.098825
v 0.302575 118.254379 1.075975
v 0.525675 118.254379 1.008300
v 0.731275 118.254379 0.898400
v 0.911475 118.254379 0.750500
v -0.524025 118.583275 0.799500
v -0.686200 118.583275 0.666400
v -0.338975 118.583275 0.898400
v -0.138200 118.583275 0.959300
v 0.070575 118.583275 0.979875
v 0.279375 118.583275 0.959300
v 0.480150 118.583275 0.898400
v 0.665175 118.583275 0.799500
v 0.827375 118.583275 0.666400
v 1.059375 118.254379 0.570300
v 0.960475 118.583275 0.504225
v 1.169250 118.254379 0.364700
v 0.070575 118.871544 0.819800
v -0.106975 118.871544 0.802300
v 0.248150 118.871544 0.802300
v 0.418900 118.871544 0.750500
v 0.576250 118.871544 0.666400
v 0.714175 118.871544 0.553200
v 0.827375 118.871544 0.415275
v 1.059375 118.583275 0.319175
v 0.911475 118.871544 0.257925
v 1.120275 118.583275 0.118400
v 0.963275 118.871544 0.087175
v 1.140825 118.583275 -0.090375
v 0.467875 119.108154 0.504225
v 0.344250 119.108154 0.570300
v 0.576250 119.108154 0.415275
v 0.665175 119.108154 0.306925
v 0.731275 119.108154 0.183275
v 0.771975 119.108154 0.049125
v 0.785700 119.108154 -0.090375
v 0.771975 119.108154 -0.229900
v 0.731275 119.108154 -0.364050
v 0.553700 119.283951 -0.186475
v 0.563175 119.283951 -0.090375
v 0.553700 119.283951 0.005725
v 0.525675 119.283951 0.098125
v 0.480150 119.283951 0.183275
v 0.418900 119.283951 0.257925
v 0.344250 119.283951 0.319175
v 0.259100 119.283951 0.364700
v 0.119575 119.392227 0.155900
v 0.166675 119.283951 0.392725
v 0.166675 119.392227 0.141625
v 0.210100 119.392227 0.118400
v 0.248150 119.392227 0.087175
v 0.279375 119.392227 0.049125
v 0.302575 119.392227 0.005725
v 0.316875 119.392227 -0.041400
v 0.321700 119.392227 -0.090375
v 0.316875 119.392227 -0.139375
v -3.173275 99.065750 -24.834774
v -3.283550 99.711449 -24.834774
v -18.880800 85.019051 18.468725
v 18.944349 85.019051 -18.731276
v -18.799675 85.019051 -18.539825
v 19.024874 85.019051 18.835550
v 2.238800 102.472832 -24.834774
v 2.689225 101.997200 -24.834774
v -0.368325 96.633148 -24.834774
v -1.007075 96.778374 -24.834774
v 1.704250 102.851425 -24.834774
v 0.286475 96.615349 -24.834774
v 1.106100 103.118477 -24.834774
v 0.932175 96.725624 -24.834774
v 0.467350 103.263680 -24.834774
v 1.543950 96.959755 -24.834774
v -0.187450 103.281494 -24.834774
v 2.098300 97.308723 -24.834774
v -0.833150 103.171227 -24.834774
v 2.573925 97.759125 -24.834774
v -1.444925 102.937103 -24.834774
v 2.952525 98.293671 -24.834774
v -1.999275 102.588127 -24.834774
v 3.219575 98.891823 -24.834774
v -2.474875 102.137695 -24.834774
v 3.364775 99.530579 -24.834774
v -2.939150 98.453972 -24.834774
v -2.853475 101.603149 -24.834774
v 3.382600 100.185371 -24.834774
v -2.590175 97.899628 -24.834774
v -3.120525 101.005005 -24.834774
v 3.272325 100.831078 -24.834774
v -2.139775 97.424026 -24.834774
v -3.265750 100.366249 -24.834774
v 3.038200 101.442848 -24.834774
v -1.605200 97.045425 -24.834774
v 1.308775 117.897476 0.155900
v 1.333025 117.897476 -0.090375
v 1.308775 117.897476 -0.336675
v 1.236925 117.897476 -0.573500
v 1.120275 117.897476 -0.791750
v 0.963275 117.897476 -0.983075
v 1.236925 118.254379 0.141625
v 1.259775 118.254379 -0.090375
v 1.236925 118.254379 -0.322375
v 1.169250 118.254379 -0.545475
v 1.059375 118.254379 -0.751075
v 0.911475 118.254379 -0.931275
v -0.822100 117.155167 0.802300
v -0.839600 117.526329 0.819800
v -0.999675 117.526329 0.624725
v -0.979100 117.897476 0.611000
v -1.095775 117.897476 0.392725
v -1.028100 118.254379 0.364700
v -0.918200 118.254379 0.570300
v -0.918200 118.583275 0.319175
v -0.819300 118.583275 0.504225
v -0.770300 118.871544 0.257925
v -0.686200 118.871544 0.415275
v -0.573000 118.871544 0.553200
v -0.435075 118.871544 0.666400
v -0.277725 118.871544 0.750500
v -0.590100 119.108154 0.183275
v -0.630800 119.108154 0.049125
v -0.524025 119.108154 0.306925
v -0.435075 119.108154 0.415275
v -0.326725 119.108154 0.504225
v -0.203075 119.108154 0.570300
v -0.068925 119.108154 0.611000
v 0.070575 119.108154 0.624725
v 0.210100 119.108154 0.611000
v 0.070575 119.283951 0.402200
v -0.025525 119.283951 0.392725
v -0.117925 119.283951 0.364700
v -0.203075 119.283951 0.319175
v -0.277725 119.283951 0.257925
v -0.338975 119.283951 0.183275
v -0.384500 119.283951 0.098125
v -0.412525 119.283951 0.005725
v -0.180525 119.392227 -0.090375
v -0.422000 119.283951 -0.090375
v -0.175700 119.392227 -0.041400
v -0.161425 119.392227 0.005725
v -0.138200 119.392227 0.049125
v -0.106975 119.392227 0.087175
v -0.068925 119.392227 0.118400
v -0.025525 119.392227 0.141625
v 0.021600 119.392227 0.155900
v 0.070575 119.392227 0.160725
v -0.435075 116.181099 0.666400
v -0.524025 116.469398 0.799500
v -0.686200 116.469398 0.666400
v -0.277725 116.181099 0.750500
v -0.338975 116.469398 0.898400
v -0.106975 116.181099 0.802300
v -0.138200 116.469398 0.959300
v 0.070575 116.181099 0.819800
v 0.070575 116.469398 0.979875
v 0.248150 116.181099 0.802300
v 0.279375 116.469398 0.959300
v 0.418900 116.181099 0.750500
v 0.480150 116.469398 0.898400
v 0.576250 116.181099 0.666400
v 0.665175 116.469398 0.799500
v 0.714175 116.181099 0.553200
v 0.827375 116.469398 0.666400
v 0.827375 116.181099 0.415275
v 0.771975 115.944527 0.049125
v 0.731275 115.944527 0.183275
v 0.665175 115.944527 0.306925
v 0.576250 115.944527 0.415275
v 0.467875 115.944527 0.504225
v 0.344250 115.944527 0.570300
v 0.210100 115.944527 0.611000
v 0.070575 115.944527 0.624725
v -0.068925 115.944527 0.611000
v -0.630800 115.944527 0.049125
v -0.590100 115.944527 0.183275
v -0.524025 115.944527 0.306925
v -0.435075 115.944527 0.415275
v -0.326725 115.944527 0.504225
v -0.203075 115.944527 0.570300
v -0.822100 116.181099 0.087175
v -0.770300 116.181099 0.257925
v -0.979100 116.469398 0.118400
v -0.686200 116.181099 0.415275
v -0.918200 116.469398 0.319175
v -1.095775 116.798309 0.141625
v -0.573000 116.181099 0.553200
v -0.819300 116.469398 0.504225
v -1.028100 116.798309 0.364700
v -1.167600 117.155167 0.155900
v -1.216600 117.526329 -0.090375
v -0.918200 116.798309 0.570300
v -1.095775 117.155167 0.392725
v -1.191850 117.526329 0.160725
v -1.191850 117.897476 -0.090375
v -0.644525 119.108154 -0.090375
v -0.822100 118.871544 0.087175
v -0.839600 118.871544 -0.090375
v -0.979100 118.583275 0.118400
v -0.999675 118.583275 -0.090375
v -1.095775 118.254379 0.141625
v -1.118625 118.254379 -0.090375
v -1.167600 117.897476 0.155900
v -1.118625 117.526329 0.402200
v -0.979100 117.155167 0.611000
v -0.770300 116.798309 0.750500
v -0.161425 116.798309 1.075975
v -0.384500 116.798309 1.008300
v -0.590100 116.798309 0.898400
v 0.911475 116.798309 0.750500
v 0.731275 116.798309 0.898400
v 0.525675 116.798309 1.008300
v 0.316875 117.155167 1.147800
v 0.302575 116.798309 1.075975
v 0.070575 117.155167 1.172050
v 0.070575 116.798309 1.098825
v -0.175700 117.155167 1.147800
v -0.412525 117.155167 1.075975
v -0.630800 117.155167 0.959300
v -1.191850 117.526329 -0.341500
v -1.167600 117.897476 -0.336675
v -1.095775 118.254379 -0.322375
v -0.979100 118.583275 -0.299175
v -0.822100 118.871544 -0.267950
v -0.630800 119.108154 -0.229900
v -0.412525 119.283951 -0.186475
v -0.175700 119.392227 -0.139375
v -0.161425 119.392227 -0.186475
v -0.384500 119.283951 -0.278875
v -0.590100 119.108154 -0.364050
v -0.770300 118.871544 -0.438700
v -0.918200 118.583275 -0.499950
v -1.028100 118.254379 -0.545475
v -1.095750 117.897476 -0.573500
v -1.118600 117.526329 -0.582975
v -0.524025 119.108154 -0.487675
v -0.338975 119.283951 -0.364050
v -0.138200 119.392227 -0.229900
vn 0.6857 -0.5750 0.4463
vn -0.6857 -0.6510 0.3255
vn 0.6857 -0.6510 0.3255
vn -0.6857 -0.5750 0.4463
vn -0.6857 0.6324 0.3605
vn -0.6857 0.6905 0.2302
vn -0.6857 0.7222 0.0910
vn -0.6857 0.5499 0.4769
vn -0.6857 0.4463 0.5750
vn -0.6857 0.1923 0.7020
vn -0.6857 0.3255 0.6510
vn -0.6857 0.7020 -0.1923
vn -0.6857 0.0910 -0.7222
vn -0.6857 0.7261 -0.0516
vn -0.6857 0.6510 -0.3255
vn -0.6857 0.5750 -0.4463
vn -0.6857 0.4769 -0.5499
vn -0.6857 0.3605 -0.6324
vn -0.6857 0.2302 -0.6905
vn -0.6857 -0.0910 0.7222
vn -0.6857 0.0516 0.7260
vn -0.6857 -0.7222 -0.0910
vn -0.6857 -0.6324 -0.3605
vn -0.6857 -0.4463 -0.5750
vn -0.6857 -0.5499 -0.4769
vn -0.6857 -0.6905 -0.2302
vn -0.6857 -0.7261 0.0516
vn -0.6857 -0.7020 0.1923
vn -0.6857 -0.3605 0.6324
vn -0.6857 -0.2302 0.6905
vn -0.6857 -0.4769 0.5499
vn -0.6857 -0.1923 -0.7020
vn -0.6857 -0.3255 -0.6510
vn -0.6857 -0.0516 -0.7260
vn 0.6857 0.7020 -0.1923
vn 0.6857 0.7261 -0.0516
vn 0.6857 -0.4769 0.5499
vn 0.6857 0.6510 -0.3256
vn 0.6857 -0.3605 0.6324
vn 0.6857 0.5750 -0.4463
vn 0.6857 -0.2302 0.6906
vn 0.6857 0.4769 -0.5499
vn 0.6857 -0.0910 0.7222
vn 0.6857 -0.3255 -0.6510
vn 0.6857 -0.1923 -0.7020
vn 0.6857 0.3605 -0.6324
vn 0.6857 0.0516 0.7260
vn 0.6857 -0.4463 -0.5750
vn 0.6857 0.2302 -0.6905
vn 0.6857 0.1923 0.7020
vn 0.6857 -0.5499 -0.4769
vn 0.6857 0.0910 -0.7222
vn 0.6857 0.3255 0.6510
vn 0.6857 -0.6324 -0.3605
vn 0.6857 -0.0516 -0.7260
vn 0.6857 0.4463 0.5750
vn 0.6857 -0.6905 -0.2302
vn 0.6857 0.5750 0.4463
vn 0.6857 0.4769 0.5499
vn 0.6857 0.0910 0.7222
vn 0.6857 0.3605 0.6324
vn 0.6857 0.2302 0.6905
vn 0.6857 -0.0516 0.7260
vn 0.6857 -0.1923 0.7020
vn 0.6857 -0.6324 0.3605
vn 0.6857 -0.6905 0.2302
vn 0.6857 -0.7222 0.0910
vn 0.6857 -0.4463 0.5750
vn 0.6857 -0.3255 0.6510
vn 0.6857 -0.5499 0.4769
vn 0.6857 -0.7261 -0.0516
vn 0.6857 -0.7020 -0.1923
vn 0.6857 -0.6510 -0.3255
vn 0.6857 -0.5750 -0.4463
vn 0.6857 0.7020 0.1923
vn 0.6857 0.6510 0.3255
vn 0.6857 0.7222 -0.0910
vn 0.6857 -0.0910 -0.7222
vn 0.6857 -0.4769 -0.5499
vn 0.6857 -0.3604 -0.6324
vn 0.6857 -0.2302 -0.6905
vn 0.6857 0.7261 0.0516
vn 0.6857 0.6324 -0.3605
vn 0.6857 0.6905 -0.2302
vn 0.6857 0.5499 -0.4769
vn 0.6857 0.4463 -0.5750
vn 0.6857 0.1923 -0.7020
vn 0.6857 0.0516 -0.7260
vn 0.6857 0.3255 -0.6510
vn -0.6857 -0.7222 0.0910
vn -0.6857 -0.6905 0.2302
vn -0.6857 -0.6324 0.3605
vn -0.6857 -0.7020 -0.1923
vn -0.6857 -0.7261 -0.0516
vn -0.6857 -0.4463 0.5750
vn -0.6857 -0.3255 0.6510
vn -0.6857 -0.1923 0.7020
vn -0.6857 -0.5499 0.4769
vn -0.6857 0.7020 0.1923
vn -0.6857 0.1923 -0.7020
vn -0.6857 0.7222 -0.0910
vn -0.6857 0.6324 -0.3605
vn -0.6857 0.6905 -0.2302
vn -0.6857 0.7261 0.0516
vn -0.6857 0.5499 -0.4769
vn -0.6857 0.4463 -0.5750
vn -0.6857 0.3255 -0.6510
vn -0.6857 0.5750 0.4463
vn -0.6857 0.6510 0.3256
vn -0.6857 0.3605 0.6324
vn -0.6857 0.0910 0.7222
vn -0.6857 0.2302 0.6905
vn -0.6857 0.4769 0.5499
vn -0.6857 -0.0516 0.7260
vn -0.6857 -0.3604 -0.6324
vn -0.6857 -0.4769 -0.5499
vn -0.6857 -0.5750 -0.4463
vn -0.6857 -0.6510 -0.3255
vn -0.6857 -0.0910 -0.7222
vn -0.6857 0.0516 -0.7260
vn -0.6857 -0.2301 -0.6905
vn 0.6857 -0.7020 0.1923
vn 0.6857 0.6324 0.3605
vn 0.6857 0.5499 0.4769
vn 0.6857 -0.7222 -0.0910
vn 0.6857 -0.7261 0.0516
vn 0.6857 0.7222 0.0910
vn 0.6857 0.6905 0.2302
vn 0.7020 -0.1923 -0.6857
vn 0.6510 -0.3255 -0.6857
vn 0.5750 -0.4463 -0.6857
vn 0.7222 0.0910 -0.6857
vn 0.7261 -0.0516 -0.6857
vn 0.1923 0.7020 -0.6857
vn 0.3255 0.6510 -0.6857
vn 0.4463 0.5750 -0.6857
vn 0.5499 0.4769 -0.6857
vn 0.6324 0.3605 -0.6857
vn 0.6905 0.2302 -0.6857
vn -0.0910 0.7222 -0.6857
vn 0.0516 0.7261 -0.6857
vn -0.7222 -0.0910 -0.6857
vn -0.7261 0.0516 -0.6857
vn -0.7020 0.1923 -0.6857
vn 0.0910 -0.7222 -0.6857
vn 0.3605 -0.6324 -0.6857
vn 0.4769 -0.5499 -0.6857
vn 0.2302 -0.6905 -0.6857
vn -0.0516 -0.7261 -0.6857
vn -0.1923 -0.7020 -0.6857
vn -0.3255 -0.6510 -0.6857
vn -0.4463 -0.5750 -0.6857
vn -0.6324 -0.3605 -0.6857
vn -0.6905 -0.2302 -0.6857
vn -0.5499 -0.4769 -0.6857
vn -0.3605 0.6324 -0.6857
vn -0.2302 0.6905 -0.6857
vn -0.4769 0.5499 -0.6857
vn -0.5750 0.4463 -0.6857
vn -0.6510 0.3255 -0.6857
vn 0.4463 -0.5750 0.6857
vn 0.5499 -0.4769 0.6857
vn 0.6324 -0.3605 0.6857
vn -0.0910 -0.7222 0.6857
vn 0.0516 -0.7261 0.6857
vn 0.1923 -0.7020 0.6857
vn 0.3255 -0.6510 0.6857
vn 0.7222 -0.0910 0.6857
vn 0.6905 -0.2301 0.6857
vn 0.7261 0.0516 0.6857
vn 0.7020 0.1923 0.6857
vn -0.3605 -0.6324 0.6857
vn -0.2302 -0.6905 0.6857
vn -0.7222 0.0910 0.6857
vn 0.0910 0.7222 0.6857
vn 0.5750 0.4463 0.6857
vn 0.6510 0.3255 0.6857
vn 0.4769 0.5499 0.6857
vn 0.3605 0.6324 0.6857
vn 0.2302 0.6905 0.6857
vn -0.6324 0.3605 0.6857
vn -0.6905 0.2302 0.6857
vn -0.5499 0.4769 0.6857
vn -0.4463 0.5750 0.6857
vn -0.1923 0.7020 0.6857
vn -0.0516 0.7260 0.6857
vn -0.3255 0.6510 0.6857
vn -0.5750 -0.4463 0.6857
vn -0.4769 -0.5499 0.6857
vn -0.7020 -0.1923 0.6857
vn -0.7261 -0.0516 0.6857
vn -0.6510 -0.3255 0.6857
vn 0.7222 0.0910 0.6857
vn 0.6905 0.2302 0.6857
vn 0.6324 0.3605 0.6857
vn 0.7020 -0.1923 0.6857
vn 0.7261 -0.0516 0.6857
vn -0.1923 -0.7020 0.6857
vn -0.0516 -0.7261 0.6857
vn 0.0910 -0.7222 0.6857
vn 0.3605 -0.6324 0.6857
vn 0.4769 -0.5499 0.6857
vn 0.5750 -0.4463 0.6857
vn 0.6510 -0.3255 0.6857
vn 0.2302 -0.6905 0.6857
vn 0.5499 0.4769 0.6857
vn 0.4463 0.5750 0.6857
vn 0.1923 0.7020 0.6857
vn -0.7020 0.1923 0.6857
vn -0.6324 -0.3605 0.6857
vn -0.6905 -0.2302 0.6857
vn -0.7222 -0.0910 0.6857
vn -0.7261 0.0516 0.6857
vn 0.3255 0.6510 0.6857
vn -0.5499 -0.4769 0.6857
vn -0.4463 -0.5750 0.6857
vn -0.3255 -0.6510 0.6857
vn -0.5750 0.4463 0.6857
vn -0.6510 0.3255 0.6857
vn -0.4769 0.5499 0.6857
vn -0.3605 0.6324 0.6857
vn -0.0910 0.7222 0.6857
vn 0.0516 0.7260 0.6857
vn -0.2302 0.6905 0.6857
vn -0.1100 0.9579 -0.2653
vn -0.0000 1.0000 -0.0000
vn -0.0560 0.9579 -0.2817
vn -0.0000 0.9579 -0.2872
vn -0.1596 0.9579 -0.2388
vn 0.0560 0.9579 -0.2817
vn 0.1099 0.9579 -0.2653
vn 0.1596 0.9579 -0.2388
vn 0.4357 0.8517 -0.2911
vn 0.2653 0.9579 -0.1099
vn 0.4842 0.8517 -0.2005
vn 0.2388 0.9579 -0.1595
vn 0.3706 0.8517 -0.3706
vn 0.2031 0.9579 -0.2031
vn 0.2912 0.8517 -0.4357
vn 0.2006 0.8517 -0.4842
vn 0.1022 0.8517 -0.5140
vn -0.0000 0.8517 -0.5241
vn -0.1022 0.8517 -0.5140
vn -0.2005 0.8517 -0.4842
vn -0.2911 0.8517 -0.4357
vn -0.3706 0.8517 -0.3706
vn -0.2031 0.9579 -0.2031
vn -0.4971 0.7111 -0.4971
vn -0.3906 0.7111 -0.5845
vn -0.2690 0.7111 -0.6496
vn -0.1372 0.7111 -0.6895
vn -0.0000 0.7111 -0.7031
vn 0.1371 0.7111 -0.6895
vn 0.2690 0.7111 -0.6495
vn 0.3906 0.7111 -0.5846
vn 0.4972 0.7111 -0.4971
vn 0.5845 0.7111 -0.3906
vn 0.5856 0.5605 -0.5856
vn 0.4601 0.5605 -0.6886
vn 0.3169 0.5605 -0.7651
vn 0.1615 0.5605 -0.8122
vn -0.0000 0.5605 -0.8282
vn -0.1615 0.5605 -0.8122
vn -0.3169 0.5605 -0.7651
vn -0.4601 0.5605 -0.6886
vn -0.5856 0.5605 -0.5856
vn -0.6886 0.5605 -0.4601
vn -0.3486 0.4122 -0.8417
vn -0.5062 0.4122 -0.7575
vn -0.6442 0.4122 -0.6442
vn -0.7575 0.4123 -0.5061
vn 0.8936 0.4122 -0.1777
vn 0.8123 0.5605 -0.1615
vn 0.8282 0.5605 -0.0000
vn 0.8417 0.4122 -0.3486
vn 0.7651 0.5605 -0.3169
vn 0.7575 0.4122 -0.5062
vn 0.6886 0.5605 -0.4601
vn 0.6442 0.4122 -0.6442
vn 0.5062 0.4122 -0.7575
vn 0.3487 0.4122 -0.8417
vn 0.1777 0.4122 -0.8936
vn -0.0000 0.4122 -0.9111
vn -0.1777 0.4122 -0.8936
vn 0.1878 0.2701 -0.9443
vn -0.0000 0.2701 -0.9628
vn -0.1878 0.2701 -0.9443
vn -0.3684 0.2701 -0.8896
vn -0.5349 0.2701 -0.8006
vn -0.6808 0.2701 -0.6808
vn 0.3792 0.1335 -0.9156
vn 0.5349 0.2701 -0.8006
vn 0.5506 0.1335 -0.8240
vn 0.3684 0.2701 -0.8896
vn 0.1934 0.1335 -0.9720
vn -0.0000 0.1335 -0.9910
vn -0.1933 0.1335 -0.9720
vn -0.3793 0.1335 -0.9156
vn -0.5506 0.1335 -0.8240
vn -0.0000 -0.0000 -1.0000
vn -0.1951 -0.0000 -0.9808
vn -0.3827 -0.0000 -0.9239
vn -0.5556 -0.0000 -0.8315
vn -0.5506 -0.1335 -0.8240
vn -0.3792 -0.1335 -0.9156
vn -0.1934 -0.1335 -0.9720
vn -0.0000 -0.1335 -0.9910
vn 0.1951 -0.0000 -0.9808
vn 0.1933 -0.1335 -0.9720
vn 0.3827 -0.0000 -0.9239
vn 0.3792 -0.1335 -0.9156
vn 0.5556 -0.0000 -0.8315
vn 0.5506 -0.1335 -0.8240
vn 0.7071 -0.0000 -0.7071
vn 0.7008 -0.1335 -0.7008
vn 0.8315 -0.0000 -0.5556
vn 0.8240 -0.1335 -0.5506
vn -0.7008 0.1335 -0.7008
vn -0.7071 -0.0000 -0.7071
vn -0.7008 -0.1335 -0.7008
vn -0.6808 -0.2701 -0.6808
vn -0.5349 -0.2701 -0.8006
vn -0.3684 -0.2701 -0.8895
vn -0.1878 -0.2701 -0.9443
vn -0.0000 -0.2701 -0.9628
vn 0.1878 -0.2701 -0.9443
vn 0.3684 -0.2701 -0.8896
vn -0.8006 0.2701 -0.5349
vn -0.8240 0.1335 -0.5506
vn -0.8315 -0.0000 -0.5556
vn -0.8240 -0.1335 -0.5506
vn -0.8005 -0.2701 -0.5349
vn -0.7575 -0.4122 -0.5062
vn -0.6443 -0.4122 -0.6442
vn -0.5061 -0.4122 -0.7576
vn -0.3486 -0.4122 -0.8418
vn -0.1777 -0.4122 -0.8936
vn 0.1615 -0.5605 -0.8122
vn 0.1777 -0.4122 -0.8936
vn 0.3487 -0.4122 -0.8417
vn -0.0000 -0.5605 -0.8281
vn -0.0000 -0.4122 -0.9111
vn -0.1615 -0.5605 -0.8122
vn -0.3169 -0.5605 -0.7651
vn -0.4601 -0.5605 -0.6886
vn -0.5856 -0.5605 -0.5856
vn -0.6886 -0.5605 -0.4601
vn -0.7651 -0.5605 -0.3169
vn -0.8417 -0.4122 -0.3487
vn -0.8895 -0.2701 -0.3685
vn -0.9443 -0.2701 -0.1878
vn -0.9156 -0.1335 -0.3793
vn -0.8936 -0.4122 -0.1778
vn -0.8122 -0.5605 -0.1616
vn -0.6905 -0.7101 -0.1373
vn -0.6505 -0.7101 -0.2695
vn -0.5846 -0.7108 -0.3911
vn -0.4980 -0.7103 -0.4974
vn -0.3912 -0.7101 -0.5855
vn -0.2695 -0.7100 -0.6506
vn -0.1368 -0.7108 -0.6899
vn -0.4414 -0.7827 -0.4388
vn -0.3458 -0.7826 -0.5176
vn -0.5157 -0.7840 -0.3456
vn -0.5740 -0.7833 -0.2388
vn -0.6104 -0.7827 -0.1215
vn -0.6223 -0.7828 -0.0000
vn -0.7040 -0.7102 -0.0000
vn -0.8281 -0.5605 -0.0000
vn -0.9111 -0.4122 -0.0000
vn -0.9628 -0.2701 -0.0000
vn -0.9720 -0.1335 -0.1933
vn -0.9910 -0.1335 -0.0000
vn 0.5175 -0.7827 -0.3458
vn 0.6504 -0.7101 -0.2695
vn 0.5749 -0.7828 -0.2382
vn 0.5854 -0.7101 -0.3912
vn 0.4401 -0.7827 -0.4401
vn 0.4979 -0.7101 -0.4979
vn 0.3459 -0.7826 -0.5175
vn 0.3912 -0.7101 -0.5854
vn 0.2382 -0.7826 -0.5751
vn 0.2695 -0.7101 -0.6505
vn 0.1195 -0.7826 -0.6109
vn 0.1370 -0.7104 -0.6904
vn -0.0009 -0.7840 -0.6207
vn -0.0000 -0.7111 -0.7031
vn -0.1190 -0.7846 -0.6085
vn -0.2371 -0.7832 -0.5748
vn 0.3169 -0.5605 -0.7651
vn 0.4601 -0.5605 -0.6886
vn 0.5856 -0.5605 -0.5856
vn 0.6886 -0.5605 -0.4601
vn 0.7651 -0.5605 -0.3169
vn 0.8123 -0.5605 -0.1615
vn 0.6905 -0.7102 -0.1373
vn 0.8282 -0.5605 -0.0000
vn 0.7040 -0.7102 -0.0000
vn 0.8122 -0.5605 0.1615
vn 0.7651 -0.5605 0.3169
vn 0.8417 -0.4122 0.3486
vn 0.7575 -0.4122 0.5062
vn 0.8936 -0.4122 0.1777
vn 0.9111 -0.4122 -0.0000
vn 0.8936 -0.4122 -0.1777
vn 0.8417 -0.4122 -0.3487
vn 0.7575 -0.4122 -0.5062
vn 0.6442 -0.4122 -0.6442
vn 0.5062 -0.4122 -0.7575
vn 0.5349 -0.2701 -0.8006
vn 0.6808 -0.2701 -0.6808
vn 0.8006 -0.2701 -0.5349
vn 0.8896 -0.2701 -0.3684
vn 0.9443 -0.2701 -0.1878
vn 0.9628 -0.2701 -0.0000
vn 0.9156 -0.1335 -0.3793
vn 0.9720 -0.1335 -0.1934
vn 0.9910 -0.1335 -0.0000
vn 0.9720 -0.1335 0.1933
vn 0.9443 -0.2701 0.1878
vn 0.9156 -0.1335 0.3793
vn 0.8896 -0.2701 0.3684
vn 0.8240 -0.1335 0.5506
vn 0.8006 -0.2701 0.5349
vn 0.9239 -0.0000 -0.3827
vn 0.9808 -0.0000 -0.1951
vn 1.0000 -0.0000 -0.0000
vn 0.9808 -0.0000 0.1951
vn 0.9239 -0.0000 0.3827
vn 0.8315 -0.0000 0.5556
vn 0.7071 -0.0000 0.7071
vn 0.7008 -0.1335 0.7008
vn 0.5556 -0.0000 0.8315
vn 0.5506 -0.1335 0.8240
vn 0.3827 -0.0000 0.9239
vn 0.3792 -0.1335 0.9156
vn -0.3827 -0.0000 0.9239
vn -0.3792 0.1335 0.9156
vn -0.5506 0.1335 0.8240
vn -0.1951 -0.0000 0.9808
vn -0.1933 0.1335 0.9720
vn -0.0000 -0.0000 1.0000
vn -0.0000 0.1335 0.9910
vn 0.1951 -0.0000 0.9808
vn 0.1933 0.1335 0.9720
vn 0.3793 0.1335 0.9156
vn 0.5506 0.1335 0.8240
vn 0.7008 0.1335 0.7008
vn 0.8240 0.1335 0.5506
vn 0.9156 0.1335 0.3792
vn -0.5556 -0.0000 0.8315
vn -0.7008 0.1335 0.7008
vn -0.6808 0.2701 0.6808
vn -0.5349 0.2701 0.8006
vn -0.3685 0.2701 0.8895
vn -0.1879 0.2701 0.9443
vn -0.0000 0.2701 0.9628
vn 0.1878 0.2701 0.9443
vn 0.3685 0.2701 0.8895
vn 0.5349 0.2701 0.8006
vn 0.6808 0.2701 0.6808
vn -0.5062 0.4123 0.7575
vn -0.6442 0.4122 0.6442
vn -0.3486 0.4123 0.8417
vn -0.1777 0.4123 0.8936
vn -0.0000 0.4122 0.9111
vn 0.1778 0.4123 0.8936
vn 0.3487 0.4123 0.8417
vn 0.5062 0.4122 0.7575
vn 0.6442 0.4122 0.6442
vn 0.8006 0.2701 0.5349
vn 0.7575 0.4122 0.5061
vn 0.8895 0.2701 0.3684
vn -0.0000 0.5605 0.8282
vn -0.1616 0.5605 0.8122
vn 0.1616 0.5605 0.8122
vn 0.3169 0.5605 0.7651
vn 0.4601 0.5605 0.6886
vn 0.5856 0.5605 0.5856
vn 0.6886 0.5605 0.4601
vn 0.8417 0.4122 0.3486
vn 0.7651 0.5605 0.3169
vn 0.8936 0.4122 0.1777
vn 0.8123 0.5605 0.1615
vn 0.9111 0.4122 -0.0000
vn 0.3906 0.7111 0.5846
vn 0.2690 0.7111 0.6495
vn 0.4971 0.7111 0.4971
vn 0.5846 0.7111 0.3906
vn 0.6495 0.7111 0.2691
vn 0.6896 0.7111 0.1371
vn 0.7031 0.7111 -0.0000
vn 0.6896 0.7111 -0.1371
vn 0.6495 0.7111 -0.2691
vn 0.5140 0.8517 -0.1023
vn 0.5241 0.8517 -0.0000
vn 0.5140 0.8517 0.1022
vn 0.4841 0.8517 0.2006
vn 0.4357 0.8517 0.2911
vn 0.3706 0.8517 0.3706
vn 0.2912 0.8517 0.4357
vn 0.2006 0.8517 0.4842
vn 0.0560 0.9579 0.2817
vn 0.1022 0.8517 0.5140
vn 0.1100 0.9579 0.2653
vn 0.1597 0.9579 0.2388
vn 0.2031 0.9579 0.2031
vn 0.2388 0.9579 0.1596
vn 0.2653 0.9579 0.1099
vn 0.2817 0.9579 0.0560
vn 0.2872 0.9579 -0.0000
vn 0.2817 0.9579 -0.0561
vn -0.7020 -0.1923 -0.6857
vn -0.7261 -0.0516 -0.6857
vn 0.4769 0.5499 -0.6857
vn 0.5750 0.4463 -0.6857
vn -0.0910 -0.7222 -0.6857
vn -0.2302 -0.6905 -0.6857
vn 0.3605 0.6324 -0.6857
vn 0.0516 -0.7261 -0.6857
vn 0.2302 0.6906 -0.6857
vn 0.1923 -0.7020 -0.6857
vn 0.0910 0.7222 -0.6857
vn 0.3255 -0.6510 -0.6857
vn -0.0516 0.7260 -0.6857
vn 0.4463 -0.5750 -0.6857
vn -0.1923 0.7020 -0.6857
vn 0.5499 -0.4769 -0.6857
vn -0.3255 0.6510 -0.6857
vn 0.6324 -0.3605 -0.6857
vn -0.4463 0.5750 -0.6857
vn 0.6905 -0.2302 -0.6857
vn -0.5499 0.4769 -0.6857
vn 0.7222 -0.0910 -0.6857
vn -0.6510 -0.3255 -0.6857
vn -0.6324 0.3605 -0.6857
vn 0.7261 0.0516 -0.6857
vn -0.5750 -0.4463 -0.6857
vn -0.6905 0.2302 -0.6857
vn 0.7020 0.1923 -0.6857
vn -0.4769 -0.5499 -0.6857
vn -0.7222 0.0910 -0.6857
vn 0.6510 0.3255 -0.6857
vn -0.3605 -0.6324 -0.6857
vn 0.9720 0.1335 0.1934
vn 0.9910 0.1335 -0.0000
vn 0.9720 0.1335 -0.1933
vn 0.9156 0.1335 -0.3793
vn 0.8240 0.1335 -0.5506
vn 0.7008 0.1335 -0.7008
vn 0.9443 0.2701 0.1878
vn 0.9628 0.2701 -0.0000
vn 0.9443 0.2701 -0.1878
vn 0.8896 0.2701 -0.3684
vn 0.8006 0.2701 -0.5349
vn 0.6808 0.2701 -0.6808
vn -0.7008 -0.1335 0.7008
vn -0.7071 -0.0000 0.7071
vn -0.8315 -0.0000 0.5556
vn -0.8240 0.1335 0.5506
vn -0.9156 0.1335 0.3792
vn -0.8895 0.2701 0.3685
vn -0.8006 0.2701 0.5349
vn -0.8417 0.4122 0.3486
vn -0.7575 0.4122 0.5062
vn -0.7651 0.5605 0.3169
vn -0.6886 0.5605 0.4601
vn -0.5856 0.5605 0.5856
vn -0.4601 0.5605 0.6886
vn -0.3169 0.5605 0.7651
vn -0.6495 0.7111 0.2690
vn -0.6896 0.7111 0.1371
vn -0.5845 0.7111 0.3906
vn -0.4971 0.7111 0.4971
vn -0.3906 0.7111 0.5846
vn -0.2690 0.7111 0.6495
vn -0.1372 0.7111 0.6895
vn -0.0000 0.7111 0.7030
vn 0.1371 0.7111 0.6896
vn -0.0000 0.8517 0.5241
vn -0.1022 0.8517 0.5140
vn -0.2006 0.8517 0.4842
vn -0.2912 0.8517 0.4357
vn -0.3705 0.8517 0.3706
vn -0.4357 0.8517 0.2912
vn -0.4842 0.8517 0.2005
vn -0.5140 0.8517 0.1023
vn -0.2872 0.9579 -0.0000
vn -0.5241 0.8517 -0.0000
vn -0.2817 0.9579 0.0560
vn -0.2653 0.9579 0.1099
vn -0.2387 0.9579 0.1596
vn -0.2031 0.9579 0.2031
vn -0.1596 0.9579 0.2388
vn -0.1100 0.9579 0.2654
vn -0.0559 0.9579 0.2817
vn -0.0000 0.9579 0.2872
vn -0.4601 -0.5605 0.6886
vn -0.5062 -0.4122 0.7575
vn -0.6442 -0.4122 0.6442
vn -0.3169 -0.5605 0.7651
vn -0.3486 -0.4122 0.8417
vn -0.1616 -0.5605 0.8122
vn -0.1778 -0.4122 0.8936
vn -0.0000 -0.5605 0.8281
vn -0.0000 -0.4122 0.9111
vn 0.1616 -0.5605 0.8122
vn 0.1778 -0.4122 0.8936
vn 0.3169 -0.5605 0.7651
vn 0.3486 -0.4122 0.8417
vn 0.4601 -0.5605 0.6886
vn 0.5061 -0.4122 0.7576
vn 0.5856 -0.5605 0.5856
vn 0.6442 -0.4122 0.6443
vn 0.6886 -0.5605 0.4601
vn 0.6904 -0.7102 0.1373
vn 0.6504 -0.7102 0.2694
vn 0.5853 -0.7103 0.3911
vn 0.4978 -0.7102 0.4978
vn 0.3910 -0.7103 0.5853
vn 0.2694 -0.7103 0.6504
vn 0.1373 -0.7103 0.6904
vn -0.0000 -0.7103 0.7039
vn -0.1375 -0.7109 0.6898
vn 0.2381 -0.7830 0.5746
vn 0.1213 -0.7831 0.6100
vn 0.3455 -0.7831 0.5172
vn 0.4399 -0.7830 0.4398
vn 0.5173 -0.7830 0.3456
vn 0.5748 -0.7829 0.2381
vn 0.6102 -0.7829 0.1213
vn 0.6222 -0.7829 -0.0000
vn 0.6103 -0.7829 -0.1214
vn -0.6103 -0.7828 0.1214
vn -0.6905 -0.7102 0.1373
vn -0.5748 -0.7829 0.2381
vn -0.6504 -0.7102 0.2694
vn -0.5163 -0.7829 0.3470
vn -0.5849 -0.7105 0.3913
vn -0.4394 -0.7841 0.4383
vn -0.4975 -0.7109 0.4971
vn -0.3459 -0.7835 0.5162
vn -0.3911 -0.7102 0.5853
vn -0.2366 -0.7830 0.5753
vn -0.2690 -0.7105 0.6503
vn -0.1218 -0.7841 0.6086
vn -0.0006 -0.7835 0.6214
vn -0.8122 -0.5605 0.1616
vn -0.7651 -0.5605 0.3169
vn -0.8936 -0.4122 0.1778
vn -0.6886 -0.5605 0.4601
vn -0.8417 -0.4122 0.3486
vn -0.9443 -0.2701 0.1878
vn -0.5856 -0.5605 0.5856
vn -0.7575 -0.4122 0.5062
vn -0.8895 -0.2701 0.3685
vn -0.9720 -0.1335 0.1933
vn -1.0000 -0.0000 -0.0000
vn -0.8006 -0.2701 0.5349
vn -0.9156 -0.1335 0.3792
vn -0.9808 -0.0000 0.1951
vn -0.9910 0.1335 -0.0000
vn -0.7030 0.7111 -0.0000
vn -0.8122 0.5605 0.1616
vn -0.8282 0.5605 -0.0000
vn -0.8936 0.4123 0.1778
vn -0.9111 0.4122 -0.0000
vn -0.9443 0.2701 0.1879
vn -0.9628 0.2701 -0.0000
vn -0.9720 0.1335 0.1933
vn -0.9239 -0.0000 0.3827
vn -0.8240 -0.1335 0.5506
vn -0.6808 -0.2701 0.6808
vn -0.1878 -0.2701 0.9443
vn -0.3685 -0.2701 0.8895
vn -0.5349 -0.2701 0.8006
vn 0.6808 -0.2701 0.6808
vn 0.5349 -0.2701 0.8005
vn 0.3685 -0.2701 0.8895
vn 0.1933 -0.1335 0.9720
vn 0.1878 -0.2701 0.9443
vn -0.0000 -0.1335 0.9910
vn -0.0000 -0.2701 0.9628
vn -0.1933 -0.1335 0.9720
vn -0.3792 -0.1335 0.9156
vn -0.5506 -0.1335 0.8240
vn -0.9808 -0.0000 -0.1951
vn -0.9720 0.1335 -0.1934
vn -0.9443 0.2701 -0.1878
vn -0.8936 0.4123 -0.1777
vn -0.8122 0.5605 -0.1616
vn -0.6896 0.7111 -0.1371
vn -0.5140 0.8517 -0.1022
vn -0.2817 0.9579 -0.0560
vn -0.2654 0.9579 -0.1099
vn -0.4842 0.8517 -0.2005
vn -0.6495 0.7111 -0.2691
vn -0.7651 0.5605 -0.3169
vn -0.8417 0.4123 -0.3486
vn -0.8895 0.2701 -0.3685
vn -0.9156 0.1335 -0.3793
vn -0.9239 -0.0000 -0.3827
vn -0.5846 0.7111 -0.3906
vn -0.4358 0.8517 -0.2911
vn -0.2387 0.9579 -0.1596
vt 0.500000 0.505814
vt 0.542158 0.077773
vt 0.624855 0.094223
vt 0.702753 0.126489
vt 0.375145 0.094223
vt 0.457842 0.077774
vt 0.832481 0.232954
vt 0.879324 0.303061
vt 0.911591 0.380959
vt 0.772860 0.173333
vt 0.624855 0.917405
vt 0.088409 0.630669
vt 0.457842 0.933854
vt 0.297247 0.885139
vt 0.375145 0.917405
vt 0.542158 0.933854
vt 0.227140 0.838295
vt 0.167519 0.778674
vt 0.120676 0.708567
vt 0.772860 0.838295
vt 0.702753 0.885138
vt 0.879325 0.708567
vt 0.928040 0.547972
vt 0.911591 0.630669
vt 0.832481 0.778674
vt 0.928040 0.463656
vt 0.120675 0.303061
vt 0.167519 0.232954
vt 0.227140 0.173333
vt 0.297247 0.126489
vt 0.071959 0.463656
vt 0.071959 0.547972
vt 0.088409 0.380959
vt 0.812500 0.937500
vt 0.796875 1.000000
vt 0.781250 0.937500
vt 0.765625 1.000000
vt 0.750000 0.937500
vt 0.843750 0.937500
vt 0.828125 1.000000
vt 0.734375 1.000000
vt 0.718750 0.937500
vt 0.703125 1.000000
vt 0.687500 0.937500
vt 0.671875 1.000000
vt 0.656250 0.937500
vt 0.593750 0.875000
vt 0.562500 0.937500
vt 0.562500 0.875000
vt 0.593750 0.937500
vt 0.625000 0.875000
vt 0.625000 0.937500
vt 0.656250 0.875000
vt 0.687500 0.875000
vt 0.718750 0.875000
vt 0.750000 0.875000
vt 0.781250 0.875000
vt 0.812500 0.875000
vt 0.843750 0.875000
vt 0.875000 0.875000
vt 0.875000 0.937500
vt 0.859375 1.000000
vt 0.578125 1.000000
vt 0.609375 1.000000
vt 0.875000 0.812500
vt 0.843750 0.812500
vt 0.812500 0.812500
vt 0.781250 0.812500
vt 0.750000 0.812500
vt 0.718750 0.812500
vt 0.687500 0.812500
vt 0.656250 0.812500
vt 0.625000 0.812500
vt 0.593750 0.812500
vt 0.625000 0.750000
vt 0.656250 0.750000
vt 0.687500 0.750000
vt 0.718750 0.750000
vt 0.750000 0.750000
vt 0.781250 0.750000
vt 0.812500 0.750000
vt 0.843750 0.750000
vt 0.875000 0.750000
vt 0.906250 0.750000
vt 0.812500 0.687500
vt 0.843750 0.687500
vt 0.875000 0.687500
vt 0.906250 0.687500
vt 0.531250 0.687500
vt 0.531250 0.750000
vt 0.500000 0.750000
vt 0.562500 0.687500
vt 0.562500 0.750000
vt 0.593750 0.687500
vt 0.593750 0.750000
vt 0.625000 0.687500
vt 0.656250 0.687500
vt 0.687500 0.687500
vt 0.718750 0.687500
vt 0.750000 0.687500
vt 0.781250 0.687500
vt 0.718750 0.625000
vt 0.750000 0.625000
vt 0.781250 0.625000
vt 0.812500 0.625000
vt 0.843750 0.625000
vt 0.875000 0.625000
vt 0.687500 0.562500
vt 0.656250 0.625000
vt 0.656250 0.562500
vt 0.687500 0.625000
vt 0.718750 0.562500
vt 0.750000 0.562500
vt 0.781250 0.562500
vt 0.812500 0.562500
vt 0.843750 0.562500
vt 0.750000 0.500000
vt 0.781250 0.500000
vt 0.812500 0.500000
vt 0.843750 0.500000
vt 0.843750 0.437500
vt 0.812500 0.437500
vt 0.781250 0.437500
vt 0.750000 0.437500
vt 0.718750 0.500000
vt 0.718750 0.437500
vt 0.687500 0.500000
vt 0.687500 0.437500
vt 0.656250 0.500000
vt 0.656250 0.437500
vt 0.625000 0.500000
vt 0.625000 0.437500
vt 0.593750 0.500000
vt 0.593750 0.437500
vt 0.875000 0.562500
vt 0.875000 0.500000
vt 0.875000 0.437500
vt 0.875000 0.375000
vt 0.843750 0.375000
vt 0.812500 0.375000
vt 0.781250 0.375000
vt 0.750000 0.375000
vt 0.718750 0.375000
vt 0.687500 0.375000
vt 0.906250 0.625000
vt 0.906250 0.562500
vt 0.906250 0.500000
vt 0.906250 0.437500
vt 0.906250 0.375000
vt 0.906250 0.312500
vt 0.875000 0.312500
vt 0.843750 0.312500
vt 0.812500 0.312500
vt 0.781250 0.312500
vt 0.718750 0.250000
vt 0.718750 0.312500
vt 0.687500 0.312500
vt 0.750000 0.250000
vt 0.750000 0.312500
vt 0.781250 0.250000
vt 0.812500 0.250000
vt 0.843750 0.250000
vt 0.875000 0.250000
vt 0.906250 0.250000
vt 0.937500 0.250000
vt 0.937500 0.312500
vt 0.937500 0.375000
vt 0.968750 0.375000
vt 0.937500 0.437500
vt 0.968750 0.312500
vt 0.968750 0.250000
vt 0.968750 0.187500
vt 0.937500 0.187500
vt 0.906250 0.187500
vt 0.875000 0.187500
vt 0.843750 0.187500
vt 0.812500 0.187500
vt 0.781250 0.187500
vt 0.875000 0.156250
vt 0.843750 0.156250
vt 0.906250 0.156250
vt 0.937500 0.156250
vt 0.968750 0.156250
vt 1.000000 0.156250
vt 1.000000 0.187500
vt 1.000000 0.250000
vt 1.000000 0.312500
vt 1.000000 0.375000
vt 0.968750 0.437500
vt 1.000000 0.437500
vt 0.593750 0.156250
vt 0.562500 0.187500
vt 0.562500 0.156250
vt 0.593750 0.187500
vt 0.625000 0.156250
vt 0.625000 0.187500
vt 0.656250 0.156250
vt 0.656250 0.187500
vt 0.687500 0.156250
vt 0.687500 0.187500
vt 0.718750 0.156250
vt 0.718750 0.187500
vt 0.750000 0.156250
vt 0.750000 0.187500
vt 0.781250 0.156250
vt 0.812500 0.156250
vt 0.687500 0.250000
vt 0.656250 0.250000
vt 0.625000 0.250000
vt 0.593750 0.250000
vt 0.562500 0.250000
vt 0.531250 0.250000
vt 0.531250 0.187500
vt 0.500000 0.250000
vt 0.500000 0.187500
vt 0.468750 0.250000
vt 0.437500 0.250000
vt 0.437500 0.312500
vt 0.406250 0.312500
vt 0.468750 0.312500
vt 0.500000 0.312500
vt 0.531250 0.312500
vt 0.562500 0.312500
vt 0.593750 0.312500
vt 0.625000 0.312500
vt 0.656250 0.312500
vt 0.656250 0.375000
vt 0.625000 0.375000
vt 0.593750 0.375000
vt 0.562500 0.375000
vt 0.531250 0.375000
vt 0.500000 0.375000
vt 0.562500 0.437500
vt 0.531250 0.437500
vt 0.500000 0.437500
vt 0.468750 0.437500
vt 0.468750 0.375000
vt 0.437500 0.437500
vt 0.437500 0.375000
vt 0.406250 0.437500
vt 0.406250 0.375000
vt 0.562500 0.500000
vt 0.531250 0.500000
vt 0.500000 0.500000
vt 0.468750 0.500000
vt 0.437500 0.500000
vt 0.406250 0.500000
vt 0.375000 0.500000
vt 0.375000 0.437500
vt 0.343750 0.500000
vt 0.343750 0.437500
vt 0.312500 0.500000
vt 0.312500 0.437500
vt 0.187500 0.500000
vt 0.187500 0.562500
vt 0.156250 0.562500
vt 0.218750 0.500000
vt 0.218750 0.562500
vt 0.250000 0.500000
vt 0.250000 0.562500
vt 0.281250 0.500000
vt 0.281250 0.562500
vt 0.312500 0.562500
vt 0.343750 0.562500
vt 0.375000 0.562500
vt 0.406250 0.562500
vt 0.437500 0.562500
vt 0.156250 0.500000
vt 0.125000 0.562500
vt 0.125000 0.625000
vt 0.156250 0.625000
vt 0.187500 0.625000
vt 0.218750 0.625000
vt 0.250000 0.625000
vt 0.281250 0.625000
vt 0.312500 0.625000
vt 0.343750 0.625000
vt 0.375000 0.625000
vt 0.156250 0.687500
vt 0.125000 0.687500
vt 0.187500 0.687500
vt 0.218750 0.687500
vt 0.250000 0.687500
vt 0.281250 0.687500
vt 0.312500 0.687500
vt 0.343750 0.687500
vt 0.375000 0.687500
vt 0.406250 0.625000
vt 0.406250 0.687500
vt 0.437500 0.625000
vt 0.250000 0.750000
vt 0.218750 0.750000
vt 0.281250 0.750000
vt 0.312500 0.750000
vt 0.343750 0.750000
vt 0.375000 0.750000
vt 0.406250 0.750000
vt 0.437500 0.687500
vt 0.437500 0.750000
vt 0.468750 0.687500
vt 0.468750 0.750000
vt 0.500000 0.687500
vt 0.343750 0.812500
vt 0.312500 0.812500
vt 0.375000 0.812500
vt 0.406250 0.812500
vt 0.437500 0.812500
vt 0.468750 0.812500
vt 0.500000 0.812500
vt 0.531250 0.812500
vt 0.562500 0.812500
vt 0.531250 0.875000
vt 0.500000 0.875000
vt 0.468750 0.875000
vt 0.437500 0.875000
vt 0.406250 0.875000
vt 0.375000 0.875000
vt 0.343750 0.875000
vt 0.312500 0.875000
vt 0.281250 0.937500
vt 0.281250 0.875000
vt 0.312500 0.937500
vt 0.343750 0.937500
vt 0.375000 0.937500
vt 0.406250 0.937500
vt 0.437500 0.937500
vt 0.468750 0.937500
vt 0.500000 0.937500
vt 0.531250 0.937500
vt 0.453125 1.000000
vt 0.546875 1.000000
vt 0.421875 1.000000
vt 0.484375 1.000000
vt 0.390625 1.000000
vt 0.515625 1.000000
vt 0.359375 1.000000
vt 0.384466 0.610354
vt 0.616128 0.610354
vt 0.384963 0.610354
vt 0.616621 0.610354
vt 0.468750 0.562500
vt 0.500000 0.562500
vt 0.531250 0.562500
vt 0.562500 0.562500
vt 0.593750 0.562500
vt 0.625000 0.562500
vt 0.468750 0.625000
vt 0.500000 0.625000
vt 0.531250 0.625000
vt 0.562500 0.625000
vt 0.593750 0.625000
vt 0.625000 0.625000
vt 0.125000 0.437500
vt 0.125000 0.500000
vt 0.093750 0.500000
vt 0.093750 0.562500
vt 0.062500 0.562500
vt 0.062500 0.625000
vt 0.093750 0.625000
vt 0.062500 0.687500
vt 0.093750 0.687500
vt 0.062500 0.750000
vt 0.093750 0.750000
vt 0.125000 0.750000
vt 0.156250 0.750000
vt 0.187500 0.750000
vt 0.062500 0.812500
vt 0.031250 0.812500
vt 0.093750 0.812500
vt 0.125000 0.812500
vt 0.156250 0.812500
vt 0.187500 0.812500
vt 0.218750 0.812500
vt 0.250000 0.812500
vt 0.281250 0.812500
vt 0.250000 0.875000
vt 0.218750 0.875000
vt 0.187500 0.875000
vt 0.156250 0.875000
vt 0.125000 0.875000
vt 0.093750 0.875000
vt 0.062500 0.875000
vt 0.031250 0.875000
vt 0.000000 0.937500
vt 0.000000 0.875000
vt 0.031250 0.937500
vt 0.062500 0.937500
vt 0.093750 0.937500
vt 0.125000 0.937500
vt 0.156250 0.937500
vt 0.187500 0.937500
vt 0.218750 0.937500
vt 0.250000 0.937500
vt 0.265625 1.000000
vt 0.046875 1.000000
vt 0.203125 1.000000
vt 0.015625 1.000000
vt 0.234375 1.000000
vt 0.109375 1.000000
vt 0.140625 1.000000
vt 0.171875 1.000000
vt 0.296875 1.000000
vt 0.328125 1.000000
vt 0.156250 0.250000
vt 0.156250 0.312500
vt 0.125000 0.312500
vt 0.187500 0.250000
vt 0.187500 0.312500
vt 0.218750 0.250000
vt 0.218750 0.312500
vt 0.250000 0.250000
vt 0.250000 0.312500
vt 0.281250 0.250000
vt 0.281250 0.312500
vt 0.312500 0.250000
vt 0.312500 0.312500
vt 0.343750 0.250000
vt 0.343750 0.312500
vt 0.375000 0.250000
vt 0.375000 0.312500
vt 0.406250 0.250000
vt 0.468750 0.187500
vt 0.437500 0.187500
vt 0.406250 0.187500
vt 0.375000 0.187500
vt 0.343750 0.187500
vt 0.312500 0.187500
vt 0.281250 0.187500
vt 0.250000 0.187500
vt 0.218750 0.187500
vt 0.312500 0.156250
vt 0.281250 0.156250
vt 0.343750 0.156250
vt 0.375000 0.156250
vt 0.406250 0.156250
vt 0.437500 0.156250
vt 0.468750 0.156250
vt 0.500000 0.156250
vt 0.531250 0.156250
vt 0.031250 0.156250
vt 0.000000 0.187500
vt 0.000000 0.156250
vt 0.031250 0.187500
vt 0.062500 0.156250
vt 0.062500 0.187500
vt 0.093750 0.156250
vt 0.093750 0.187500
vt 0.125000 0.156250
vt 0.125000 0.187500
vt 0.156250 0.156250
vt 0.156250 0.187500
vt 0.187500 0.156250
vt 0.187500 0.187500
vt 0.218750 0.156250
vt 0.250000 0.156250
vt 0.000000 0.250000
vt 0.031250 0.250000
vt 0.000000 0.312500
vt 0.062500 0.250000
vt 0.031250 0.312500
vt 0.000000 0.375000
vt 0.093750 0.250000
vt 0.062500 0.312500
vt 0.031250 0.375000
vt 0.000000 0.437500
vt 0.125000 0.250000
vt 0.093750 0.312500
vt 0.062500 0.375000
vt 0.031250 0.437500
vt 0.000000 0.500000
vt 0.093750 0.375000
vt 0.062500 0.437500
vt 0.031250 0.500000
vt 0.000000 0.562500
vt 0.000000 0.812500
vt 0.031250 0.750000
vt 0.000000 0.750000
vt 0.031250 0.687500
vt 0.000000 0.687500
vt 0.031250 0.625000
vt 0.000000 0.625000
vt 0.031250 0.562500
vt 0.062500 0.500000
vt 0.093750 0.437500
vt 0.125000 0.375000
vt 0.218750 0.375000
vt 0.187500 0.375000
vt 0.156250 0.375000
vt 0.375000 0.375000
vt 0.343750 0.375000
vt 0.312500 0.375000
vt 0.281250 0.437500
vt 0.281250 0.375000
vt 0.250000 0.437500
vt 0.250000 0.375000
vt 0.218750 0.437500
vt 0.187500 0.437500
vt 0.156250 0.437500
vt 0.968750 0.500000
vt 1.000000 0.500000
vt 0.968750 0.562500
vt 1.000000 0.562500
vt 0.968750 0.625000
vt 1.000000 0.625000
vt 0.968750 0.687500
vt 1.000000 0.687500
vt 0.968750 0.750000
vt 1.000000 0.750000
vt 0.968750 0.812500
vt 1.000000 0.812500
vt 0.968750 0.875000
vt 1.000000 0.875000
vt 0.968750 0.937500
vt 1.000000 0.937500
vt 0.984375 1.000000
vt 0.953125 1.000000
vt 0.937500 0.937500
vt 0.937500 0.875000
vt 0.937500 0.812500
vt 0.937500 0.750000
vt 0.937500 0.687500
vt 0.937500 0.625000
vt 0.937500 0.562500
vt 0.937500 0.500000
vt 0.906250 0.812500
vt 0.906250 0.875000
vt 0.906250 0.937500
vt 0.921875 1.000000
vt 0.890625 1.000000
vt 0.078125 1.000000
vt 0.640625 1.000000
s 1
usemtl logo
f 33/1/1 34/1/2 35/1/3
f 33/1/1 36/1/4 34/1/2
f 37/1/5 38/1/6 39/1/7
f 40/1/8 37/1/5 39/1/7
f 41/1/9 40/1/8 39/1/7
f 42/1/10 41/1/9 39/1/7
f 42/1/10 43/1/11 41/1/9
f 39/1/7 44/1/12 45/1/13
f 39/1/7 46/1/14 44/1/12
f 44/1/12 47/1/15 48/1/16
f 44/1/12 48/1/16 45/1/13
f 48/1/16 49/1/17 45/1/13
f 49/1/17 50/1/18 45/1/13
f 50/1/18 51/1/19 45/1/13
f 52/1/20 53/1/21 42/1/10
f 52/1/20 42/1/10 39/1/7
f 54/1/22 52/1/20 39/1/7
f 45/1/13 54/1/22 39/1/7
f 55/1/23 54/1/22 45/1/13
f 56/1/24 55/1/23 45/1/13
f 56/1/24 57/1/25 55/1/23
f 55/1/23 58/1/26 54/1/22
f 54/1/22 59/1/27 60/1/28
f 60/1/28 34/1/2 54/1/22
f 34/1/2 36/1/4 54/1/22
f 36/1/4 61/1/29 54/1/22
f 61/1/29 52/1/20 54/1/22
f 61/1/29 62/1/30 52/1/20
f 36/1/4 63/1/31 61/1/29
f 64/1/32 65/1/33 56/1/24
f 45/1/13 64/1/32 56/1/24
f 45/1/13 66/1/34 64/1/32
f 67/1/35 46/1/14 68/1/36
f 67/1/35 44/1/12 46/1/14
f 69/1/37 36/1/4 33/1/1
f 69/1/37 63/1/31 36/1/4
f 70/1/38 44/1/12 67/1/35
f 70/1/38 47/1/15 44/1/12
f 71/1/39 63/1/31 69/1/37
f 71/1/39 61/1/29 63/1/31
f 72/1/40 47/1/15 70/1/38
f 72/1/40 48/1/16 47/1/15
f 73/1/41 61/1/29 71/1/39
f 73/1/41 62/1/30 61/1/29
f 74/1/42 48/1/16 72/1/40
f 74/1/42 49/1/17 48/1/16
f 75/1/43 62/1/30 73/1/41
f 75/1/43 52/1/20 62/1/30
f 76/1/44 64/1/32 77/1/45
f 76/1/44 65/1/33 64/1/32
f 78/1/46 49/1/17 74/1/42
f 78/1/46 50/1/18 49/1/17
f 79/1/47 52/1/20 75/1/43
f 79/1/47 53/1/21 52/1/20
f 80/1/48 65/1/33 76/1/44
f 80/1/48 56/1/24 65/1/33
f 81/1/49 50/1/18 78/1/46
f 81/1/49 51/1/19 50/1/18
f 82/1/50 53/1/21 79/1/47
f 82/1/50 42/1/10 53/1/21
f 83/1/51 56/1/24 80/1/48
f 83/1/51 57/1/25 56/1/24
f 84/1/52 51/1/19 81/1/49
f 84/1/52 45/1/13 51/1/19
f 85/1/53 42/1/10 82/1/50
f 85/1/53 43/1/11 42/1/10
f 86/1/54 57/1/25 83/1/51
f 86/1/54 55/1/23 57/1/25
f 87/1/55 45/1/13 84/1/52
f 87/1/55 66/1/34 45/1/13
f 88/1/56 43/1/11 85/1/53
f 88/1/56 41/1/9 43/1/11
f 89/1/57 55/1/23 86/1/54
f 89/1/57 58/1/26 55/1/23
f 77/1/45 66/1/34 87/1/55
f 77/1/45 64/1/32 66/1/34
f 90/1/58 91/1/59 92/1/60
f 91/1/59 93/1/61 92/1/60
f 93/1/61 94/1/62 92/1/60
f 92/1/60 95/1/63 96/1/64
f 97/1/65 98/1/66 99/1/67
f 97/1/65 99/1/67 92/1/60
f 100/1/68 97/1/65 92/1/60
f 92/1/60 96/1/64 100/1/68
f 96/1/64 101/1/69 100/1/68
f 100/1/68 102/1/70 97/1/65
f 99/1/67 103/1/71 104/1/72
f 104/1/72 105/1/73 99/1/67
f 105/1/73 106/1/74 99/1/67
f 107/1/75 108/1/76 90/1/58
f 107/1/75 90/1/58 92/1/60
f 109/1/77 107/1/75 92/1/60
f 92/1/60 99/1/67 109/1/77
f 99/1/67 110/1/78 109/1/77
f 99/1/67 106/1/74 110/1/78
f 106/1/74 111/1/79 110/1/78
f 111/1/79 112/1/80 110/1/78
f 112/1/80 113/1/81 110/1/78
f 109/1/77 114/1/82 107/1/75
f 115/1/83 116/1/84 109/1/77
f 117/1/85 115/1/83 109/1/77
f 118/1/86 117/1/85 109/1/77
f 119/1/87 118/1/86 109/1/77
f 110/1/78 119/1/87 109/1/77
f 110/1/78 120/1/88 119/1/87
f 119/1/87 121/1/89 118/1/86
f 122/2/90 123/3/91 124/4/92
f 125/5/93 122/2/90 124/4/92
f 125/5/93 126/6/94 122/2/90
f 127/7/95 128/8/96 129/9/97
f 130/10/98 127/7/95 129/9/97
f 124/4/92 130/10/98 129/9/97
f 125/5/93 124/4/92 129/9/97
f 129/9/97 131/11/99 125/5/93
f 131/11/99 132/12/100 125/5/93
f 131/11/99 133/13/101 132/12/100
f 133/13/101 134/14/102 132/12/100
f 133/13/101 135/15/103 134/14/102
f 131/11/99 136/16/104 133/13/101
f 134/14/102 137/17/105 132/12/100
f 137/17/105 138/18/106 132/12/100
f 138/18/106 139/19/107 132/12/100
f 140/20/108 141/21/109 131/11/99
f 140/20/108 131/11/99 129/9/97
f 142/22/110 140/20/108 129/9/97
f 129/9/97 143/23/111 142/22/110
f 143/23/111 144/24/112 142/22/110
f 142/22/110 145/25/113 140/20/108
f 129/9/97 146/26/114 143/23/111
f 147/27/115 148/28/116 149/29/117
f 149/29/117 150/30/118 147/27/115
f 150/30/118 125/5/93 147/27/115
f 151/31/119 147/27/115 125/5/93
f 132/12/100 151/31/119 125/5/93
f 132/12/100 152/32/120 151/31/119
f 151/31/119 153/33/121 147/27/115
f 75/31/43 73/33/41 71/27/39
f 82/12/50 79/32/47 75/31/43
f 82/12/50 75/31/43 154/5/122
f 75/31/43 71/27/39 154/5/122
f 35/30/3 154/5/122 71/27/39
f 33/29/1 35/30/3 71/27/39
f 71/27/39 69/28/37 33/29/1
f 155/14/123 156/17/124 82/12/50
f 156/17/124 88/18/56 82/12/50
f 88/18/56 85/19/53 82/12/50
f 157/2/125 89/3/57 86/4/54
f 154/5/122 157/2/125 86/4/54
f 154/5/122 158/6/126 157/2/125
f 159/13/127 160/15/128 155/14/123
f 159/13/127 155/14/123 82/12/50
f 67/11/35 159/13/127 82/12/50
f 67/11/35 82/12/50 154/5/122
f 77/9/45 67/11/35 154/5/122
f 154/5/122 86/4/54 77/9/45
f 86/4/54 83/10/51 77/9/45
f 83/10/51 80/7/48 77/9/45
f 80/7/48 76/8/44 77/9/45
f 67/11/35 68/16/36 159/13/127
f 78/22/46 74/25/42 72/20/40
f 78/22/46 72/20/40 77/9/45
f 72/20/40 67/11/35 77/9/45
f 72/20/40 70/21/38 67/11/35
f 84/23/52 81/24/49 78/22/46
f 77/9/45 84/23/52 78/22/46
f 77/9/45 87/26/55 84/23/52
f 161/1/129 162/1/130 163/1/131
f 164/1/132 161/1/129 163/1/131
f 164/1/132 165/1/133 161/1/129
f 166/1/134 167/1/135 168/1/136
f 166/1/134 168/1/136 164/1/132
f 168/1/136 169/1/137 164/1/132
f 169/1/137 170/1/138 164/1/132
f 170/1/138 171/1/139 164/1/132
f 172/1/140 166/1/134 164/1/132
f 172/1/140 173/1/141 166/1/134
f 174/1/142 175/1/143 176/1/144
f 174/1/142 176/1/144 172/1/140
f 177/1/145 174/1/142 172/1/140
f 164/1/132 177/1/145 172/1/140
f 178/1/146 177/1/145 164/1/132
f 163/1/131 178/1/146 164/1/132
f 163/1/131 179/1/147 178/1/146
f 178/1/146 180/1/148 177/1/145
f 177/1/145 181/1/149 182/1/150
f 182/1/150 183/1/151 177/1/145
f 183/1/151 184/1/152 177/1/145
f 184/1/152 185/1/153 177/1/145
f 185/1/153 174/1/142 177/1/145
f 185/1/153 186/1/154 174/1/142
f 184/1/152 187/1/155 185/1/153
f 188/1/156 189/1/157 172/1/140
f 190/1/158 188/1/156 172/1/140
f 191/1/159 190/1/158 172/1/140
f 176/1/144 191/1/159 172/1/140
f 176/1/144 192/1/160 191/1/159
f 193/1/161 194/1/162 195/1/163
f 196/1/164 197/1/165 198/1/166
f 198/1/166 199/1/167 196/1/164
f 199/1/167 193/1/161 196/1/164
f 193/1/161 195/1/163 196/1/164
f 195/1/163 200/1/168 196/1/164
f 195/1/163 201/1/169 200/1/168
f 200/1/168 202/1/170 203/1/171
f 204/1/172 205/1/173 196/1/164
f 204/1/172 196/1/164 206/1/174
f 206/1/174 196/1/164 200/1/168
f 200/1/168 207/1/175 206/1/174
f 200/1/168 203/1/171 207/1/175
f 203/1/171 208/1/176 207/1/175
f 203/1/171 209/1/177 208/1/176
f 208/1/176 210/1/178 207/1/175
f 210/1/178 211/1/179 207/1/175
f 211/1/179 212/1/180 207/1/175
f 213/1/181 214/1/182 206/1/174
f 215/1/183 213/1/181 206/1/174
f 216/1/184 215/1/183 206/1/174
f 217/1/185 216/1/184 206/1/174
f 207/1/175 217/1/185 206/1/174
f 207/1/175 218/1/186 217/1/185
f 217/1/185 219/1/187 216/1/184
f 220/1/188 221/1/189 204/1/172
f 220/1/188 204/1/172 206/1/174
f 206/1/174 222/1/190 220/1/188
f 206/1/174 223/1/191 222/1/190
f 222/1/190 224/1/192 220/1/188
f 225/23/193 226/24/194 227/22/195
f 228/9/196 225/23/193 227/22/195
f 228/9/196 229/26/197 225/23/193
f 230/5/198 231/6/199 232/2/200
f 230/5/198 232/2/200 233/4/201
f 230/5/198 233/4/201 228/9/196
f 233/4/201 234/10/202 228/9/196
f 234/10/202 235/7/203 228/9/196
f 235/7/203 236/8/204 228/9/196
f 232/2/200 237/3/205 233/4/201
f 227/22/195 238/25/206 239/20/207
f 227/22/195 239/20/207 228/9/196
f 239/20/207 240/11/208 228/9/196
f 228/9/196 240/11/208 230/5/198
f 240/11/208 241/12/209 230/5/198
f 241/12/209 242/27/210 230/5/198
f 243/33/211 242/27/210 241/12/209
f 244/31/212 243/33/211 241/12/209
f 241/12/209 245/32/213 244/31/212
f 239/20/207 246/21/214 240/11/208
f 242/27/210 247/28/215 248/29/216
f 248/29/216 249/30/217 242/27/210
f 249/30/217 230/5/198 242/27/210
f 250/18/218 251/19/219 241/12/209
f 252/17/220 250/18/218 241/12/209
f 253/14/221 252/17/220 241/12/209
f 254/13/222 253/14/221 241/12/209
f 240/11/208 254/13/222 241/12/209
f 240/11/208 255/16/223 254/13/222
f 254/13/222 256/15/224 253/14/221
f 257/34/225 258/35/226 259/36/227
f 259/36/227 258/37/226 260/38/228
f 261/39/229 258/40/226 257/34/225
f 260/38/228 258/41/226 262/42/230
f 262/42/230 258/43/226 263/44/231
f 263/44/231 258/45/226 264/46/232
f 265/47/233 266/48/234 267/49/235
f 265/47/233 268/50/236 266/48/234
f 269/51/237 268/50/236 265/47/233
f 269/51/237 270/52/238 268/50/236
f 271/53/239 270/52/238 269/51/237
f 271/53/239 264/46/232 270/52/238
f 272/54/240 264/46/232 271/53/239
f 272/54/240 263/44/231 264/46/232
f 273/55/241 263/44/231 272/54/240
f 273/55/241 262/42/230 263/44/231
f 274/56/242 262/42/230 273/55/241
f 274/56/242 260/38/228 262/42/230
f 275/57/243 260/38/228 274/56/242
f 275/57/243 259/36/227 260/38/228
f 276/58/244 259/36/227 275/57/243
f 276/58/244 257/34/225 259/36/227
f 277/59/245 257/34/225 276/58/244
f 277/59/245 261/39/229 257/34/225
f 278/60/246 261/39/229 277/59/245
f 278/60/246 279/61/247 261/39/229
f 279/61/247 258/62/226 261/39/229
f 268/50/236 258/63/226 266/48/234
f 270/52/238 258/64/226 268/50/236
f 280/65/248 278/60/246 277/59/245
f 280/65/248 277/59/245 281/66/249
f 281/66/249 277/59/245 276/58/244
f 281/66/249 276/58/244 282/67/250
f 282/67/250 276/58/244 275/57/243
f 282/67/250 275/57/243 283/68/251
f 283/68/251 275/57/243 274/56/242
f 283/68/251 274/56/242 284/69/252
f 284/69/252 274/56/242 273/55/241
f 284/69/252 273/55/241 285/70/253
f 285/70/253 273/55/241 272/54/240
f 285/70/253 272/54/240 286/71/254
f 286/71/254 272/54/240 271/53/239
f 286/71/254 271/53/239 287/72/255
f 287/72/255 271/53/239 269/51/237
f 287/72/255 269/51/237 288/73/256
f 288/73/256 269/51/237 265/47/233
f 288/73/256 265/47/233 289/74/257
f 290/75/258 288/73/256 289/74/257
f 291/76/259 288/73/256 290/75/258
f 291/76/259 287/72/255 288/73/256
f 292/77/260 287/72/255 291/76/259
f 292/77/260 286/71/254 287/72/255
f 293/78/261 286/71/254 292/77/260
f 293/78/261 285/70/253 286/71/254
f 294/79/262 285/70/253 293/78/261
f 294/79/262 284/69/252 285/70/253
f 295/80/263 284/69/252 294/79/262
f 295/80/263 283/68/251 284/69/252
f 296/81/264 283/68/251 295/80/263
f 296/81/264 282/67/250 283/68/251
f 297/82/265 282/67/250 296/81/264
f 297/82/265 281/66/249 282/67/250
f 298/83/266 281/66/249 297/82/265
f 298/83/266 280/65/248 281/66/249
f 299/84/267 280/65/248 298/83/266
f 300/85/268 296/81/264 295/80/263
f 301/86/269 296/81/264 300/85/268
f 301/86/269 297/82/265 296/81/264
f 302/87/270 297/82/265 301/86/269
f 302/87/270 298/83/266 297/82/265
f 303/88/271 298/83/266 302/87/270
f 303/88/271 299/84/267 298/83/266
f 304/89/272 305/90/273 306/91/274
f 307/92/275 305/90/273 304/89/272
f 307/92/275 308/93/276 305/90/273
f 309/94/277 308/93/276 307/92/275
f 309/94/277 310/95/278 308/93/276
f 311/96/279 310/95/278 309/94/277
f 311/96/279 290/75/258 310/95/278
f 312/97/280 290/75/258 311/96/279
f 312/97/280 291/76/259 290/75/258
f 313/98/281 291/76/259 312/97/280
f 313/98/281 292/77/260 291/76/259
f 314/99/282 292/77/260 313/98/281
f 314/99/282 293/78/261 292/77/260
f 315/100/283 293/78/261 314/99/282
f 315/100/283 294/79/262 293/78/261
f 316/101/284 294/79/262 315/100/283
f 316/101/284 295/80/263 294/79/262
f 300/85/268 295/80/263 316/101/284
f 317/102/285 314/99/282 313/98/281
f 318/103/286 314/99/282 317/102/285
f 318/103/286 315/100/283 314/99/282
f 319/104/287 315/100/283 318/103/286
f 319/104/287 316/101/284 315/100/283
f 320/105/288 316/101/284 319/104/287
f 320/105/288 300/85/268 316/101/284
f 321/106/289 300/85/268 320/105/288
f 321/106/289 301/86/269 300/85/268
f 322/107/290 301/86/269 321/106/289
f 322/107/290 302/87/270 301/86/269
f 323/108/291 324/109/292 325/110/293
f 323/108/291 326/111/294 324/109/292
f 327/112/295 326/111/294 323/108/291
f 327/112/295 317/102/285 326/111/294
f 328/113/296 317/102/285 327/112/295
f 328/113/296 318/103/286 317/102/285
f 329/114/297 318/103/286 328/113/296
f 329/114/297 319/104/287 318/103/286
f 330/115/298 319/104/287 329/114/297
f 330/115/298 320/105/288 319/104/287
f 331/116/299 320/105/288 330/115/298
f 331/116/299 321/106/289 320/105/288
f 332/117/300 328/113/296 327/112/295
f 333/118/301 328/113/296 332/117/300
f 333/118/301 329/114/297 328/113/296
f 334/119/302 329/114/297 333/118/301
f 334/119/302 330/115/298 329/114/297
f 335/120/303 331/116/299 330/115/298
f 335/120/303 330/115/298 334/119/302
f 336/121/304 335/120/303 334/119/302
f 336/121/304 334/119/302 337/122/305
f 337/122/305 334/119/302 333/118/301
f 337/122/305 333/118/301 338/123/306
f 338/123/306 333/118/301 332/117/300
f 338/123/306 332/117/300 339/124/307
f 339/124/307 332/117/300 340/125/308
f 339/124/307 340/125/308 341/126/309
f 341/126/309 340/125/308 342/127/310
f 341/126/309 342/127/310 343/128/311
f 343/128/311 342/127/310 344/129/312
f 343/128/311 344/129/312 345/130/313
f 345/130/313 344/129/312 346/131/314
f 345/130/313 346/131/314 347/132/315
f 347/132/315 346/131/314 348/133/316
f 347/132/315 348/133/316 349/134/317
f 350/135/318 322/107/290 321/106/289
f 350/135/318 321/106/289 331/116/299
f 351/136/319 350/135/318 331/116/299
f 351/136/319 331/116/299 335/120/303
f 352/137/320 351/136/319 335/120/303
f 352/137/320 335/120/303 336/121/304
f 353/138/321 352/137/320 336/121/304
f 353/138/321 336/121/304 354/139/322
f 354/139/322 336/121/304 337/122/305
f 354/139/322 337/122/305 355/140/323
f 355/140/323 337/122/305 338/123/306
f 355/140/323 338/123/306 356/141/324
f 356/141/324 338/123/306 339/124/307
f 356/141/324 339/124/307 357/142/325
f 357/142/325 339/124/307 341/126/309
f 357/142/325 341/126/309 358/143/326
f 358/143/326 341/126/309 343/128/311
f 358/143/326 343/128/311 359/144/327
f 360/145/328 303/88/271 302/87/270
f 360/145/328 302/87/270 322/107/290
f 361/146/329 360/145/328 322/107/290
f 361/146/329 322/107/290 350/135/318
f 362/147/330 361/146/329 350/135/318
f 362/147/330 350/135/318 351/136/319
f 363/148/331 362/147/330 351/136/319
f 363/148/331 351/136/319 352/137/320
f 364/149/332 363/148/331 352/137/320
f 364/149/332 352/137/320 353/138/321
f 365/150/333 364/149/332 353/138/321
f 365/150/333 353/138/321 366/151/334
f 366/151/334 353/138/321 354/139/322
f 366/151/334 354/139/322 367/152/335
f 367/152/335 354/139/322 355/140/323
f 367/152/335 355/140/323 368/153/336
f 368/153/336 355/140/323 356/141/324
f 368/153/336 356/141/324 369/154/337
f 370/155/338 371/156/339 372/157/340
f 373/158/341 371/156/339 370/155/338
f 373/158/341 374/159/342 371/156/339
f 375/160/343 374/159/342 373/158/341
f 375/160/343 369/154/337 374/159/342
f 376/161/344 369/154/337 375/160/343
f 376/161/344 368/153/336 369/154/337
f 377/162/345 368/153/336 376/161/344
f 377/162/345 367/152/335 368/153/336
f 378/163/346 367/152/335 377/162/345
f 378/163/346 366/151/334 367/152/335
f 379/164/347 366/151/334 378/163/346
f 379/164/347 365/150/333 366/151/334
f 380/165/348 365/150/333 379/164/347
f 380/165/348 381/166/349 365/150/333
f 381/166/349 364/149/332 365/150/333
f 381/166/349 382/167/350 364/149/332
f 382/167/350 363/148/331 364/149/332
f 383/168/351 384/169/352 382/167/350
f 385/170/353 383/168/351 382/167/350
f 385/170/353 382/167/350 381/166/349
f 386/171/354 385/170/353 381/166/349
f 386/171/354 381/166/349 380/165/348
f 387/172/355 386/171/354 380/165/348
f 387/172/355 380/165/348 388/173/356
f 388/173/356 380/165/348 379/164/347
f 388/173/356 379/164/347 389/174/357
f 389/174/357 379/164/347 378/163/346
f 389/174/357 378/163/346 390/175/358
f 390/175/358 378/163/346 377/162/345
f 390/175/358 377/162/345 391/176/359
f 391/176/359 377/162/345 376/161/344
f 391/176/359 376/161/344 392/177/360
f 392/177/360 376/161/344 375/160/343
f 392/177/360 375/160/343 393/178/361
f 393/178/361 375/160/343 373/158/341
f 17/179/362 391/176/359 16/180/363
f 17/179/362 390/175/358 391/176/359
f 18/181/364 390/175/358 17/179/362
f 18/181/364 389/174/357 390/175/358
f 19/182/365 389/174/357 18/181/364
f 19/182/365 388/173/356 389/174/357
f 20/183/366 388/173/356 19/182/365
f 20/183/366 387/172/355 388/173/356
f 21/184/367 387/172/355 20/183/366
f 21/184/367 394/185/368 387/172/355
f 394/185/368 386/171/354 387/172/355
f 394/185/368 395/186/369 386/171/354
f 395/186/369 385/170/353 386/171/354
f 395/186/369 396/187/370 385/170/353
f 396/187/370 383/168/351 385/170/353
f 396/187/370 397/188/371 383/168/351
f 397/188/371 398/189/372 383/168/351
f 397/188/371 399/190/373 398/189/372
f 8/191/374 400/192/375 7/193/376
f 8/191/374 401/194/377 400/192/375
f 9/195/378 401/194/377 8/191/374
f 9/195/378 402/196/379 401/194/377
f 10/197/380 402/196/379 9/195/378
f 10/197/380 403/198/381 402/196/379
f 11/199/382 403/198/381 10/197/380
f 11/199/382 404/200/383 403/198/381
f 12/201/384 404/200/383 11/199/382
f 12/201/384 405/202/385 404/200/383
f 13/203/386 405/202/385 12/201/384
f 13/203/386 406/204/387 405/202/385
f 14/205/388 406/204/387 13/203/386
f 14/205/388 393/178/361 406/204/387
f 15/206/389 393/178/361 14/205/388
f 15/206/389 392/177/360 393/178/361
f 16/180/363 392/177/360 15/206/389
f 16/180/363 391/176/359 392/177/360
f 393/178/361 373/158/341 406/204/387
f 406/204/387 373/158/341 370/155/338
f 406/204/387 370/155/338 405/202/385
f 405/202/385 370/155/338 407/207/390
f 405/202/385 407/207/390 404/200/383
f 404/200/383 407/207/390 408/208/391
f 404/200/383 408/208/391 403/198/381
f 403/198/381 408/208/391 409/209/392
f 403/198/381 409/209/392 402/196/379
f 402/196/379 409/209/392 410/210/393
f 402/196/379 410/210/393 401/194/377
f 401/194/377 410/210/393 411/211/394
f 401/194/377 411/211/394 400/192/375
f 400/192/375 411/211/394 412/212/395
f 400/192/375 412/212/395 413/213/396
f 413/213/396 412/212/395 414/214/397
f 413/213/396 414/214/397 415/215/398
f 415/215/398 414/214/397 416/216/399
f 417/217/400 418/218/401 419/219/402
f 416/216/399 418/218/401 417/217/400
f 416/216/399 420/220/403 418/218/401
f 414/214/397 420/220/403 416/216/399
f 414/214/397 421/221/404 420/220/403
f 412/212/395 421/221/404 414/214/397
f 412/212/395 422/222/405 421/221/404
f 411/211/394 422/222/405 412/212/395
f 411/211/394 423/223/406 422/222/405
f 410/210/393 423/223/406 411/211/394
f 410/210/393 424/224/407 423/223/406
f 409/209/392 424/224/407 410/210/393
f 409/209/392 425/225/408 424/224/407
f 408/208/391 425/225/408 409/209/392
f 408/208/391 426/226/409 425/225/408
f 407/207/390 426/226/409 408/208/391
f 407/207/390 372/157/340 426/226/409
f 370/155/338 372/157/340 407/207/390
f 369/154/337 356/141/324 357/142/325
f 369/154/337 357/142/325 374/159/342
f 374/159/342 357/142/325 358/143/326
f 374/159/342 358/143/326 371/156/339
f 371/156/339 358/143/326 359/144/327
f 371/156/339 359/144/327 372/157/340
f 372/157/340 359/144/327 427/227/410
f 372/157/340 427/227/410 426/226/409
f 426/226/409 427/227/410 428/228/411
f 426/226/409 428/228/411 425/225/408
f 425/225/408 428/228/411 429/229/412
f 425/225/408 429/229/412 424/224/407
f 424/224/407 429/229/412 430/230/413
f 424/224/407 430/230/413 423/223/406
f 423/223/406 430/230/413 431/231/414
f 423/223/406 431/231/414 422/222/405
f 422/222/405 431/231/414 432/232/415
f 422/222/405 432/232/415 421/221/404
f 359/144/327 343/128/311 345/130/313
f 359/144/327 345/130/313 427/227/410
f 427/227/410 345/130/313 347/132/315
f 427/227/410 347/132/315 428/228/411
f 428/228/411 347/132/315 349/134/317
f 428/228/411 349/134/317 429/229/412
f 429/229/412 349/134/317 433/233/416
f 429/229/412 433/233/416 430/230/413
f 430/230/413 433/233/416 434/234/417
f 430/230/413 434/234/417 431/231/414
f 431/231/414 434/234/417 435/235/418
f 431/231/414 435/235/418 432/232/415
f 432/232/415 435/235/418 436/236/419
f 432/232/415 436/236/419 437/237/420
f 437/237/420 436/236/419 438/238/421
f 437/237/420 438/238/421 439/239/422
f 439/239/422 438/238/421 440/240/423
f 439/239/422 440/240/423 441/241/424
f 349/134/317 348/133/316 442/242/425
f 349/134/317 442/242/425 433/233/416
f 433/233/416 442/242/425 443/243/426
f 433/233/416 443/243/426 434/234/417
f 434/234/417 443/243/426 444/244/427
f 434/234/417 444/244/427 435/235/418
f 435/235/418 444/244/427 445/245/428
f 435/235/418 445/245/428 436/236/419
f 436/236/419 445/245/428 446/246/429
f 436/236/419 446/246/429 438/238/421
f 438/238/421 446/246/429 447/247/430
f 438/238/421 447/247/430 440/240/423
f 440/240/423 447/247/430 448/248/431
f 440/240/423 448/248/431 449/249/432
f 449/249/432 448/248/431 450/250/433
f 449/249/432 450/250/433 451/251/434
f 451/251/434 450/250/433 452/252/435
f 451/251/434 452/252/435 453/253/436
f 454/254/437 455/255/438 456/256/439
f 457/257/440 455/255/438 454/254/437
f 457/257/440 458/258/441 455/255/438
f 459/259/442 458/258/441 457/257/440
f 459/259/442 460/260/443 458/258/441
f 461/261/444 460/260/443 459/259/442
f 461/261/444 462/262/445 460/260/443
f 452/252/435 462/262/445 461/261/444
f 452/252/435 463/263/446 462/262/445
f 450/250/433 463/263/446 452/252/435
f 450/250/433 464/264/447 463/263/446
f 448/248/431 464/264/447 450/250/433
f 448/248/431 465/265/448 464/264/447
f 447/247/430 465/265/448 448/248/431
f 447/247/430 466/266/449 465/265/448
f 446/246/429 466/266/449 447/247/430
f 446/246/429 467/267/450 466/266/449
f 445/245/428 467/267/450 446/246/429
f 454/254/437 456/256/439 468/268/451
f 468/268/451 456/256/439 469/269/452
f 456/256/439 470/270/453 469/269/452
f 456/256/439 471/271/454 470/270/453
f 455/255/438 471/271/454 456/256/439
f 455/255/438 472/272/455 471/271/454
f 458/258/441 472/272/455 455/255/438
f 458/258/441 473/273/456 472/272/455
f 460/260/443 473/273/456 458/258/441
f 460/260/443 474/274/457 473/273/456
f 462/262/445 474/274/457 460/260/443
f 462/262/445 475/275/458 474/274/457
f 463/263/446 475/275/458 462/262/445
f 463/263/446 476/276/459 475/275/458
f 464/264/447 476/276/459 463/263/446
f 464/264/447 477/277/460 476/276/459
f 465/265/448 477/277/460 464/264/447
f 465/265/448 478/278/461 477/277/460
f 471/271/454 479/279/462 480/280/463
f 472/272/455 479/279/462 471/271/454
f 472/272/455 481/281/464 479/279/462
f 473/273/456 481/281/464 472/272/455
f 473/273/456 482/282/465 481/281/464
f 474/274/457 482/282/465 473/273/456
f 474/274/457 483/283/466 482/282/465
f 475/275/458 483/283/466 474/274/457
f 475/275/458 484/284/467 483/283/466
f 476/276/459 484/284/467 475/275/458
f 476/276/459 485/285/468 484/284/467
f 477/277/460 485/285/468 476/276/459
f 477/277/460 486/286/469 485/285/468
f 478/278/461 486/286/469 477/277/460
f 478/278/461 487/287/470 486/286/469
f 488/288/471 487/287/470 478/278/461
f 488/288/471 489/289/472 487/287/470
f 490/290/473 489/289/472 488/288/471
f 483/283/466 491/291/474 492/292/475
f 484/284/467 491/291/474 483/283/466
f 484/284/467 493/293/476 491/291/474
f 485/285/468 493/293/476 484/284/467
f 485/285/468 494/294/477 493/293/476
f 486/286/469 494/294/477 485/285/468
f 486/286/469 495/295/478 494/294/477
f 487/287/470 495/295/478 486/286/469
f 487/287/470 496/296/479 495/295/478
f 489/289/472 496/296/479 487/287/470
f 489/289/472 497/297/480 496/296/479
f 498/298/481 497/297/480 489/289/472
f 498/298/481 499/299/482 497/297/480
f 500/300/483 499/299/482 498/298/481
f 500/300/483 501/301/484 499/299/482
f 502/302/485 501/301/484 500/300/483
f 502/302/485 306/91/274 501/301/484
f 304/89/272 306/91/274 502/302/485
f 495/295/478 503/303/486 504/304/487
f 496/296/479 503/303/486 495/295/478
f 496/296/479 505/305/488 503/303/486
f 497/297/480 505/305/488 496/296/479
f 497/297/480 506/306/489 505/305/488
f 499/299/482 506/306/489 497/297/480
f 499/299/482 507/307/490 506/306/489
f 501/301/484 507/307/490 499/299/482
f 501/301/484 508/308/491 507/307/490
f 306/91/274 508/308/491 501/301/484
f 306/91/274 509/309/492 508/308/491
f 305/90/273 509/309/492 306/91/274
f 305/90/273 510/310/493 509/309/492
f 308/93/276 510/310/493 305/90/273
f 308/93/276 511/311/494 510/310/493
f 310/95/278 511/311/494 308/93/276
f 310/95/278 289/74/257 511/311/494
f 290/75/258 289/74/257 310/95/278
f 289/74/257 265/47/233 267/49/235
f 289/74/257 267/49/235 511/311/494
f 511/311/494 267/49/235 512/312/495
f 511/311/494 512/312/495 510/310/493
f 510/310/493 512/312/495 513/313/496
f 510/310/493 513/313/496 509/309/492
f 509/309/492 513/313/496 514/314/497
f 509/309/492 514/314/497 508/308/491
f 508/308/491 514/314/497 515/315/498
f 508/308/491 515/315/498 507/307/490
f 507/307/490 515/315/498 516/316/499
f 507/307/490 516/316/499 506/306/489
f 506/306/489 516/316/499 517/317/500
f 506/306/489 517/317/500 505/305/488
f 505/305/488 517/317/500 518/318/501
f 505/305/488 518/318/501 503/303/486
f 503/303/486 518/318/501 519/319/502
f 503/303/486 519/319/502 504/304/487
f 519/319/502 520/320/503 521/321/504
f 519/319/502 522/322/505 520/320/503
f 518/318/501 522/322/505 519/319/502
f 518/318/501 523/323/506 522/322/505
f 517/317/500 523/323/506 518/318/501
f 517/317/500 524/324/507 523/323/506
f 516/316/499 524/324/507 517/317/500
f 516/316/499 525/325/508 524/324/507
f 515/315/498 525/325/508 516/316/499
f 515/315/498 526/326/509 525/325/508
f 514/314/497 526/326/509 515/315/498
f 514/314/497 527/327/510 526/326/509
f 513/313/496 527/327/510 514/314/497
f 513/313/496 528/328/511 527/327/510
f 512/312/495 528/328/511 513/313/496
f 512/312/495 529/329/512 528/328/511
f 267/49/235 529/329/512 512/312/495
f 267/49/235 266/48/234 529/329/512
f 527/327/510 258/330/226 526/326/509
f 266/48/234 258/331/226 529/329/512
f 526/326/509 258/332/226 525/325/508
f 528/328/511 258/333/226 527/327/510
f 525/325/508 258/334/226 524/324/507
f 529/329/512 258/335/226 528/328/511
f 524/324/507 258/336/226 523/323/506
f 149/1/117 105/1/73 150/1/118
f 149/1/117 106/1/74 105/1/73
f 131/1/99 114/1/82 136/1/104
f 131/1/99 107/1/75 114/1/82
f 148/1/116 106/1/74 149/1/117
f 148/1/116 111/1/79 106/1/74
f 141/1/109 107/1/75 131/1/99
f 141/1/109 108/1/76 107/1/75
f 147/1/115 111/1/79 148/1/116
f 147/1/115 112/1/80 111/1/79
f 140/1/108 108/1/76 141/1/109
f 140/1/108 90/1/58 108/1/76
f 153/1/121 112/1/80 147/1/115
f 153/1/121 113/1/81 112/1/80
f 145/1/113 90/1/58 140/1/108
f 145/1/113 91/1/59 90/1/58
f 151/1/119 113/1/81 153/1/121
f 151/1/119 110/1/78 113/1/81
f 128/1/96 96/1/64 129/1/97
f 128/1/96 101/1/69 96/1/64
f 142/1/110 91/1/59 145/1/113
f 142/1/110 93/1/61 91/1/59
f 152/1/120 110/1/78 151/1/119
f 152/1/120 120/1/88 110/1/78
f 127/1/95 101/1/69 128/1/96
f 127/1/95 100/1/68 101/1/69
f 144/1/112 93/1/61 142/1/110
f 144/1/112 94/1/62 93/1/61
f 132/1/100 120/1/88 152/1/120
f 132/1/100 119/1/87 120/1/88
f 130/1/98 100/1/68 127/1/95
f 130/1/98 102/1/70 100/1/68
f 143/1/111 94/1/62 144/1/112
f 143/1/111 92/1/60 94/1/62
f 139/1/107 119/1/87 132/1/100
f 139/1/107 121/1/89 119/1/87
f 124/1/92 102/1/70 130/1/98
f 124/1/92 97/1/65 102/1/70
f 146/1/114 92/1/60 143/1/111
f 146/1/114 95/1/63 92/1/60
f 138/1/106 121/1/89 139/1/107
f 138/1/106 118/1/86 121/1/89
f 123/1/91 97/1/65 124/1/92
f 123/1/91 98/1/66 97/1/65
f 129/1/97 95/1/63 146/1/114
f 129/1/97 96/1/64 95/1/63
f 530/1/513 223/1/191 531/1/514
f 530/1/513 222/1/190 223/1/191
f 252/1/220 191/1/159 250/1/218
f 252/1/220 190/1/158 191/1/159
f 232/1/200 180/1/148 237/1/205
f 232/1/200 177/1/145 180/1/148
f 253/1/221 190/1/158 252/1/220
f 253/1/221 188/1/156 190/1/158
f 231/1/199 177/1/145 232/1/200
f 231/1/199 181/1/149 177/1/145
f 256/1/224 188/1/156 253/1/221
f 256/1/224 189/1/157 188/1/156
f 230/1/198 181/1/149 231/1/199
f 230/1/198 182/1/150 181/1/149
f 254/1/222 189/1/157 256/1/224
f 254/1/222 172/1/140 189/1/157
f 249/1/217 182/1/150 230/1/198
f 249/1/217 183/1/151 182/1/150
f 255/1/223 172/1/140 254/1/222
f 255/1/223 173/1/141 172/1/140
f 248/1/216 183/1/151 249/1/217
f 248/1/216 184/1/152 183/1/151
f 240/1/208 173/1/141 255/1/223
f 240/1/208 166/1/134 173/1/141
f 247/1/215 184/1/152 248/1/216
f 247/1/215 187/1/155 184/1/152
f 246/1/214 166/1/134 240/1/208
f 246/1/214 167/1/135 166/1/134
f 242/1/210 187/1/155 247/1/215
f 242/1/210 185/1/153 187/1/155
f 239/1/207 167/1/135 246/1/214
f 239/1/207 168/1/136 167/1/135
f 243/1/211 185/1/153 242/1/210
f 243/1/211 186/1/154 185/1/153
f 238/1/206 168/1/136 239/1/207
f 238/1/206 169/1/137 168/1/136
f 244/1/212 186/1/154 243/1/211
f 244/1/212 174/1/142 186/1/154
f 236/1/204 161/1/129 228/1/196
f 236/1/204 162/1/130 161/1/129
f 227/1/195 169/1/137 238/1/206
f 227/1/195 170/1/138 169/1/137
f 245/1/213 174/1/142 244/1/212
f 245/1/213 175/1/143 174/1/142
f 235/1/203 162/1/130 236/1/204
f 235/1/203 163/1/131 162/1/130
f 226/1/194 170/1/138 227/1/195
f 226/1/194 171/1/139 170/1/138
f 241/1/209 175/1/143 245/1/213
f 241/1/209 176/1/144 175/1/143
f 234/1/202 163/1/131 235/1/203
f 234/1/202 179/1/147 163/1/131
f 225/1/193 171/1/139 226/1/194
f 225/1/193 164/1/132 171/1/139
f 251/1/219 176/1/144 241/1/209
f 251/1/219 192/1/160 176/1/144
f 233/1/201 179/1/147 234/1/202
f 233/1/201 178/1/146 179/1/147
f 229/1/197 164/1/132 225/1/193
f 229/1/197 165/1/133 164/1/132
f 250/1/218 192/1/160 251/1/219
f 250/1/218 191/1/159 192/1/160
f 237/1/205 178/1/146 233/1/201
f 237/1/205 180/1/148 178/1/146
f 228/1/196 165/1/133 229/1/197
f 228/1/196 161/1/129 165/1/133
f 532/337/226 533/338/226 534/339/226
f 532/337/226 535/340/226 533/338/226
f 137/1/105 118/1/86 138/1/106
f 137/1/105 117/1/85 118/1/86
f 122/1/90 98/1/66 123/1/91
f 122/1/90 99/1/67 98/1/66
f 134/1/102 117/1/85 137/1/105
f 134/1/102 115/1/83 117/1/85
f 126/1/94 99/1/67 122/1/90
f 126/1/94 103/1/71 99/1/67
f 135/1/103 115/1/83 134/1/102
f 135/1/103 116/1/84 115/1/83
f 125/1/93 103/1/71 126/1/94
f 125/1/93 104/1/72 103/1/71
f 133/1/101 116/1/84 135/1/103
f 133/1/101 109/1/77 116/1/84
f 150/1/118 104/1/72 125/1/93
f 150/1/118 105/1/73 104/1/72
f 136/1/104 109/1/77 133/1/101
f 136/1/104 114/1/82 109/1/77
f 536/1/515 208/1/176 537/1/516
f 536/1/515 210/1/178 208/1/176
f 538/1/517 205/1/173 539/1/518
f 538/1/517 196/1/164 205/1/173
f 540/1/519 210/1/178 536/1/515
f 540/1/519 211/1/179 210/1/178
f 541/1/520 196/1/164 538/1/517
f 541/1/520 197/1/165 196/1/164
f 542/1/521 211/1/179 540/1/519
f 542/1/521 212/1/180 211/1/179
f 543/1/522 197/1/165 541/1/520
f 543/1/522 198/1/166 197/1/165
f 544/1/523 212/1/180 542/1/521
f 544/1/523 207/1/175 212/1/180
f 545/1/524 198/1/166 543/1/522
f 545/1/524 199/1/167 198/1/166
f 546/1/525 207/1/175 544/1/523
f 546/1/525 218/1/186 207/1/175
f 547/1/526 199/1/167 545/1/524
f 547/1/526 193/1/161 199/1/167
f 548/1/527 218/1/186 546/1/525
f 548/1/527 217/1/185 218/1/186
f 549/1/528 193/1/161 547/1/526
f 549/1/528 194/1/162 193/1/161
f 550/1/529 217/1/185 548/1/527
f 550/1/529 219/1/187 217/1/185
f 551/1/530 194/1/162 549/1/528
f 551/1/530 195/1/163 194/1/162
f 552/1/531 219/1/187 550/1/529
f 552/1/531 216/1/184 219/1/187
f 553/1/532 195/1/163 551/1/530
f 553/1/532 201/1/169 195/1/163
f 554/1/533 216/1/184 552/1/531
f 554/1/533 215/1/183 216/1/184
f 555/1/534 201/1/169 553/1/532
f 555/1/534 200/1/168 201/1/169
f 556/1/535 222/1/190 530/1/513
f 556/1/535 224/1/192 222/1/190
f 557/1/536 215/1/183 554/1/533
f 557/1/536 213/1/181 215/1/183
f 558/1/537 200/1/168 555/1/534
f 558/1/537 202/1/170 200/1/168
f 559/1/538 224/1/192 556/1/535
f 559/1/538 220/1/188 224/1/192
f 560/1/539 213/1/181 557/1/536
f 560/1/539 214/1/182 213/1/181
f 561/1/540 202/1/170 558/1/537
f 561/1/540 203/1/171 202/1/170
f 562/1/541 220/1/188 559/1/538
f 562/1/541 221/1/189 220/1/188
f 563/1/542 214/1/182 560/1/539
f 563/1/542 206/1/174 214/1/182
f 564/1/543 203/1/171 561/1/540
f 564/1/543 209/1/177 203/1/171
f 565/1/544 221/1/189 562/1/541
f 565/1/544 204/1/172 221/1/189
f 531/1/514 206/1/174 563/1/542
f 531/1/514 223/1/191 206/1/174
f 537/1/516 209/1/177 564/1/543
f 537/1/516 208/1/176 209/1/177
f 539/1/518 204/1/172 565/1/544
f 539/1/518 205/1/173 204/1/172
f 156/1/124 41/1/9 88/1/56
f 156/1/124 40/1/8 41/1/9
f 157/1/125 58/1/26 89/1/57
f 157/1/125 54/1/22 58/1/26
f 155/1/123 40/1/8 156/1/124
f 155/1/123 37/1/5 40/1/8
f 158/1/126 54/1/22 157/1/125
f 158/1/126 59/1/27 54/1/22
f 160/1/128 37/1/5 155/1/123
f 160/1/128 38/1/6 37/1/5
f 154/1/122 59/1/27 158/1/126
f 154/1/122 60/1/28 59/1/27
f 159/1/127 38/1/6 160/1/128
f 159/1/127 39/1/7 38/1/6
f 35/1/3 60/1/28 154/1/122
f 35/1/3 34/1/2 60/1/28
f 68/1/36 39/1/7 159/1/127
f 68/1/36 46/1/14 39/1/7
f 538/2/517 539/3/518 565/4/544
f 543/5/522 538/2/517 565/4/544
f 543/5/522 541/6/520 538/2/517
f 544/13/523 542/15/521 540/14/519
f 544/13/523 540/14/519 561/12/540
f 548/11/527 544/13/523 561/12/540
f 548/11/527 561/12/540 543/5/522
f 530/9/513 548/11/527 543/5/522
f 543/5/522 565/4/544 530/9/513
f 565/4/544 562/10/541 530/9/513
f 562/10/541 559/7/538 530/9/513
f 559/7/538 556/8/535 530/9/513
f 548/11/527 546/16/525 544/13/523
f 540/14/519 536/17/515 561/12/540
f 536/17/515 537/18/516 561/12/540
f 537/18/516 564/19/543 561/12/540
f 557/22/536 554/25/533 552/20/531
f 557/22/536 552/20/531 530/9/513
f 552/20/531 548/11/527 530/9/513
f 552/20/531 550/21/529 548/11/527
f 563/23/542 560/24/539 557/22/536
f 530/9/513 563/23/542 557/22/536
f 530/9/513 531/26/514 563/23/542
f 551/27/530 549/28/528 547/29/526
f 547/29/526 545/30/524 551/27/530
f 545/30/524 543/5/522 551/27/530
f 561/12/540 551/27/530 543/5/522
f 553/33/532 551/27/530 561/12/540
f 555/31/534 553/33/532 561/12/540
f 561/12/540 558/32/537 555/31/534
f 445/245/428 566/341/545 467/267/450
f 444/244/427 566/341/545 445/245/428
f 444/244/427 567/342/546 566/341/545
f 443/243/426 567/342/546 444/244/427
f 443/243/426 568/343/547 567/342/546
f 442/242/425 568/343/547 443/243/426
f 442/242/425 569/344/548 568/343/547
f 348/133/316 569/344/548 442/242/425
f 348/133/316 570/345/549 569/344/548
f 346/131/314 570/345/549 348/133/316
f 346/131/314 571/346/550 570/345/549
f 344/129/312 571/346/550 346/131/314
f 344/129/312 325/110/293 571/346/550
f 342/127/310 325/110/293 344/129/312
f 342/127/310 323/108/291 325/110/293
f 340/125/308 323/108/291 342/127/310
f 340/125/308 327/112/295 323/108/291
f 332/117/300 327/112/295 340/125/308
f 466/266/449 478/278/461 465/265/448
f 466/266/449 488/288/471 478/278/461
f 467/267/450 488/288/471 466/266/449
f 467/267/450 490/290/473 488/288/471
f 566/341/545 490/290/473 467/267/450
f 566/341/545 572/347/551 490/290/473
f 567/342/546 572/347/551 566/341/545
f 567/342/546 573/348/552 572/347/551
f 568/343/547 573/348/552 567/342/546
f 568/343/547 574/349/553 573/348/552
f 569/344/548 574/349/553 568/343/547
f 569/344/548 575/350/554 574/349/553
f 570/345/549 575/350/554 569/344/548
f 570/345/549 576/351/555 575/350/554
f 571/346/550 576/351/555 570/345/549
f 571/346/550 577/352/556 576/351/555
f 325/110/293 577/352/556 571/346/550
f 325/110/293 324/109/292 577/352/556
f 490/290/473 498/298/481 489/289/472
f 572/347/551 498/298/481 490/290/473
f 572/347/551 500/300/483 498/298/481
f 573/348/552 500/300/483 572/347/551
f 573/348/552 502/302/485 500/300/483
f 574/349/553 502/302/485 573/348/552
f 574/349/553 304/89/272 502/302/485
f 575/350/554 304/89/272 574/349/553
f 575/350/554 307/92/275 304/89/272
f 576/351/555 307/92/275 575/350/554
f 576/351/555 309/94/277 307/92/275
f 577/352/556 309/94/277 576/351/555
f 577/352/556 311/96/279 309/94/277
f 324/109/292 311/96/279 577/352/556
f 324/109/292 312/97/280 311/96/279
f 326/111/294 312/97/280 324/109/292
f 326/111/294 313/98/281 312/97/280
f 317/102/285 313/98/281 326/111/294
f 578/353/557 579/354/558 580/355/559
f 579/354/558 581/356/560 580/355/559
f 580/355/559 581/356/560 582/357/561
f 581/356/560 583/358/562 582/357/561
f 581/356/560 584/359/563 583/358/562
f 584/359/563 585/360/564 583/358/562
f 584/359/563 586/361/565 585/360/564
f 586/361/565 587/362/566 585/360/564
f 586/361/565 588/363/567 587/362/566
f 480/280/463 588/363/567 586/361/565
f 480/280/463 589/364/568 588/363/567
f 479/279/462 589/364/568 480/280/463
f 479/279/462 590/365/569 589/364/568
f 481/281/464 590/365/569 479/279/462
f 481/281/464 591/366/570 590/365/569
f 482/282/465 591/366/570 481/281/464
f 482/282/465 492/292/475 591/366/570
f 483/283/466 492/292/475 482/282/465
f 587/362/566 592/367/571 593/368/572
f 588/363/567 592/367/571 587/362/566
f 588/363/567 594/369/573 592/367/571
f 589/364/568 594/369/573 588/363/567
f 589/364/568 595/370/574 594/369/573
f 590/365/569 595/370/574 589/364/568
f 590/365/569 596/371/575 595/370/574
f 591/366/570 596/371/575 590/365/569
f 591/366/570 597/372/576 596/371/575
f 492/292/475 597/372/576 591/366/570
f 492/292/475 598/373/577 597/372/576
f 491/291/474 598/373/577 492/292/475
f 491/291/474 599/374/578 598/373/577
f 493/293/476 599/374/578 491/291/474
f 493/293/476 600/375/579 599/374/578
f 494/294/477 600/375/579 493/293/476
f 494/294/477 504/304/487 600/375/579
f 495/295/478 504/304/487 494/294/477
f 504/304/487 519/319/502 521/321/504
f 504/304/487 521/321/504 600/375/579
f 600/375/579 521/321/504 601/376/580
f 600/375/579 601/376/580 599/374/578
f 599/374/578 601/376/580 602/377/581
f 599/374/578 602/377/581 598/373/577
f 598/373/577 602/377/581 603/378/582
f 598/373/577 603/378/582 597/372/576
f 597/372/576 603/378/582 604/379/583
f 597/372/576 604/379/583 596/371/575
f 596/371/575 604/379/583 605/380/584
f 596/371/575 605/380/584 595/370/574
f 595/370/574 605/380/584 606/381/585
f 595/370/574 606/381/585 594/369/573
f 594/369/573 606/381/585 607/382/586
f 594/369/573 607/382/586 592/367/571
f 592/367/571 607/382/586 608/383/587
f 592/367/571 608/383/587 593/368/572
f 608/383/587 609/384/588 610/385/589
f 608/383/587 611/386/590 609/384/588
f 607/382/586 611/386/590 608/383/587
f 607/382/586 612/387/591 611/386/590
f 606/381/585 612/387/591 607/382/586
f 606/381/585 613/388/592 612/387/591
f 605/380/584 613/388/592 606/381/585
f 605/380/584 614/389/593 613/388/592
f 604/379/583 614/389/593 605/380/584
f 604/379/583 615/390/594 614/389/593
f 603/378/582 615/390/594 604/379/583
f 603/378/582 616/391/595 615/390/594
f 602/377/581 616/391/595 603/378/582
f 602/377/581 617/392/596 616/391/595
f 601/376/580 617/392/596 602/377/581
f 601/376/580 618/393/597 617/392/596
f 521/321/504 618/393/597 601/376/580
f 521/321/504 520/320/503 618/393/597
f 520/320/503 258/394/226 618/393/597
f 612/387/591 258/395/226 611/386/590
f 617/392/596 258/396/226 616/391/595
f 611/386/590 258/397/226 609/384/588
f 618/393/597 258/398/226 617/392/596
f 614/389/593 258/399/226 613/388/592
f 615/390/594 258/400/226 614/389/593
f 616/391/595 258/401/226 615/390/594
f 522/322/505 258/402/226 520/320/503
f 523/323/506 258/403/226 522/322/505
f 619/404/598 620/405/599 621/406/600
f 622/407/601 620/405/599 619/404/598
f 622/407/601 623/408/602 620/405/599
f 624/409/603 623/408/602 622/407/601
f 624/409/603 625/410/604 623/408/602
f 626/411/605 625/410/604 624/409/603
f 626/411/605 627/412/606 625/410/604
f 628/413/607 627/412/606 626/411/605
f 628/413/607 629/414/608 627/412/606
f 630/415/609 629/414/608 628/413/607
f 630/415/609 631/416/610 629/414/608
f 632/417/611 631/416/610 630/415/609
f 632/417/611 633/418/612 631/416/610
f 634/419/613 633/418/612 632/417/611
f 634/419/613 635/420/614 633/418/612
f 636/421/615 635/420/614 634/419/613
f 636/421/615 419/219/402 635/420/614
f 417/217/400 419/219/402 636/421/615
f 415/215/398 416/216/399 637/422/616
f 637/422/616 416/216/399 417/217/400
f 637/422/616 417/217/400 638/423/617
f 638/423/617 417/217/400 636/421/615
f 638/423/617 636/421/615 639/424/618
f 639/424/618 636/421/615 634/419/613
f 639/424/618 634/419/613 640/425/619
f 640/425/619 634/419/613 632/417/611
f 640/425/619 632/417/611 641/426/620
f 641/426/620 632/417/611 630/415/609
f 641/426/620 630/415/609 642/427/621
f 642/427/621 630/415/609 628/413/607
f 642/427/621 628/413/607 643/428/622
f 643/428/622 628/413/607 626/411/605
f 643/428/622 626/411/605 644/429/623
f 644/429/623 626/411/605 624/409/603
f 644/429/623 624/409/603 645/430/624
f 645/430/624 624/409/603 622/407/601
f 31/431/625 643/428/622 30/432/626
f 31/431/625 642/427/621 643/428/622
f 32/433/627 642/427/621 31/431/625
f 32/433/627 641/426/620 642/427/621
f 1/434/628 641/426/620 32/433/627
f 1/434/628 640/425/619 641/426/620
f 2/435/629 640/425/619 1/434/628
f 2/435/629 639/424/618 640/425/619
f 3/436/630 639/424/618 2/435/629
f 3/436/630 638/423/617 639/424/618
f 4/437/631 638/423/617 3/436/630
f 4/437/631 637/422/616 638/423/617
f 5/438/632 637/422/616 4/437/631
f 5/438/632 415/215/398 637/422/616
f 6/439/633 415/215/398 5/438/632
f 6/439/633 413/213/396 415/215/398
f 7/193/376 413/213/396 6/439/633
f 7/193/376 400/192/375 413/213/396
f 22/440/634 394/441/368 21/442/367
f 22/440/634 646/443/635 394/441/368
f 23/444/636 646/443/635 22/440/634
f 23/444/636 647/445/637 646/443/635
f 24/446/638 647/445/637 23/444/636
f 24/446/638 648/447/639 647/445/637
f 25/448/640 648/447/639 24/446/638
f 25/448/640 649/449/641 648/447/639
f 26/450/642 649/449/641 25/448/640
f 26/450/642 650/451/643 649/449/641
f 27/452/644 650/451/643 26/450/642
f 27/452/644 651/453/645 650/451/643
f 28/454/646 651/453/645 27/452/644
f 28/454/646 645/430/624 651/453/645
f 29/455/647 645/430/624 28/454/646
f 29/455/647 644/429/623 645/430/624
f 30/432/626 644/429/623 29/455/647
f 30/432/626 643/428/622 644/429/623
f 646/443/635 395/456/369 394/441/368
f 647/445/637 652/457/648 646/443/635
f 646/443/635 652/457/648 395/456/369
f 652/457/648 396/458/370 395/456/369
f 648/447/639 653/459/649 647/445/637
f 647/445/637 653/459/649 652/457/648
f 653/459/649 654/460/650 652/457/648
f 652/457/648 654/460/650 396/458/370
f 654/460/650 397/461/371 396/458/370
f 649/449/641 655/462/651 648/447/639
f 648/447/639 655/462/651 653/459/649
f 655/462/651 656/463/652 653/459/649
f 653/459/649 656/463/652 654/460/650
f 656/463/652 657/464/653 654/460/650
f 654/460/650 657/464/653 397/461/371
f 657/464/653 399/465/373 397/461/371
f 650/451/643 658/466/654 649/449/641
f 649/449/641 658/466/654 655/462/651
f 658/466/654 659/467/655 655/462/651
f 655/462/651 659/467/655 656/463/652
f 659/467/655 660/468/656 656/463/652
f 656/463/652 660/468/656 657/464/653
f 660/468/656 661/469/657 657/464/653
f 657/464/653 661/469/657 399/465/373
f 661/469/657 662/470/658 399/465/373
f 645/430/624 622/407/601 651/453/645
f 651/453/645 622/407/601 619/404/598
f 651/453/645 619/404/598 650/451/643
f 650/451/643 619/404/598 658/466/654
f 619/404/598 621/406/600 658/466/654
f 658/466/654 621/406/600 659/467/655
f 621/406/600 663/471/659 659/467/655
f 659/467/655 663/471/659 660/468/656
f 663/471/659 664/472/660 660/468/656
f 660/468/656 664/472/660 661/469/657
f 664/472/660 665/473/661 661/469/657
f 661/469/657 665/473/661 662/470/658
f 665/473/661 666/474/662 662/470/658
f 593/368/572 608/383/587 610/385/589
f 593/368/572 610/385/589 667/475/663
f 668/476/664 593/368/572 667/475/663
f 668/476/664 667/475/663 669/477/665
f 670/478/666 668/476/664 669/477/665
f 670/478/666 669/477/665 671/479/667
f 672/480/668 670/478/666 671/479/667
f 672/480/668 671/479/667 673/481/669
f 674/482/670 672/480/668 673/481/669
f 674/482/670 673/481/669 666/474/662
f 665/473/661 674/482/670 666/474/662
f 675/483/671 674/482/670 665/473/661
f 664/472/660 675/483/671 665/473/661
f 676/484/672 675/483/671 664/472/660
f 663/471/659 676/484/672 664/472/660
f 677/485/673 676/484/672 663/471/659
f 621/406/600 677/485/673 663/471/659
f 620/405/599 677/485/673 621/406/600
f 625/410/604 678/486/674 679/487/675
f 625/410/604 679/487/675 623/408/602
f 623/408/602 679/487/675 680/488/676
f 623/408/602 680/488/676 620/405/599
f 620/405/599 680/488/676 677/485/673
f 680/488/676 578/353/557 677/485/673
f 677/485/673 578/353/557 676/484/672
f 578/353/557 580/355/559 676/484/672
f 676/484/672 580/355/559 675/483/671
f 580/355/559 582/357/561 675/483/671
f 675/483/671 582/357/561 674/482/670
f 582/357/561 672/480/668 674/482/670
f 582/357/561 583/358/562 672/480/668
f 583/358/562 670/478/666 672/480/668
f 583/358/562 585/360/564 670/478/666
f 585/360/564 668/476/664 670/478/666
f 585/360/564 587/362/566 668/476/664
f 587/362/566 593/368/572 668/476/664
f 441/241/424 440/240/423 449/249/432
f 441/241/424 449/249/432 681/489/677
f 681/489/677 449/249/432 451/251/434
f 681/489/677 451/251/434 682/490/678
f 682/490/678 451/251/434 453/253/436
f 682/490/678 453/253/436 683/491/679
f 683/491/679 453/253/436 684/492/680
f 683/491/679 684/492/680 685/493/681
f 685/493/681 684/492/680 686/494/682
f 685/493/681 686/494/682 687/495/683
f 687/495/683 686/494/682 688/496/684
f 687/495/683 688/496/684 678/486/674
f 678/486/674 688/496/684 689/497/685
f 678/486/674 689/497/685 679/487/675
f 679/487/675 689/497/685 690/498/686
f 679/487/675 690/498/686 680/488/676
f 680/488/676 690/498/686 578/353/557
f 690/498/686 579/354/558 578/353/557
f 453/253/436 452/252/435 461/261/444
f 453/253/436 461/261/444 684/492/680
f 684/492/680 461/261/444 459/259/442
f 684/492/680 459/259/442 686/494/682
f 686/494/682 459/259/442 457/257/440
f 686/494/682 457/257/440 688/496/684
f 688/496/684 457/257/440 454/254/437
f 688/496/684 454/254/437 689/497/685
f 689/497/685 454/254/437 468/268/451
f 689/497/685 468/268/451 690/498/686
f 690/498/686 468/268/451 579/354/558
f 468/268/451 469/269/452 579/354/558
f 579/354/558 469/269/452 581/356/560
f 469/269/452 584/359/563 581/356/560
f 469/269/452 470/270/453 584/359/563
f 470/270/453 586/361/565 584/359/563
f 470/270/453 480/280/463 586/361/565
f 471/271/454 480/280/463 470/270/453
f 399/190/373 691/499/687 398/189/372
f 399/190/373 662/500/658 691/499/687
f 662/500/658 692/501/688 691/499/687
f 662/500/658 666/502/662 692/501/688
f 666/502/662 693/503/689 692/501/688
f 666/502/662 673/504/669 693/503/689
f 673/504/669 694/505/690 693/503/689
f 673/504/669 671/506/667 694/505/690
f 671/506/667 695/507/691 694/505/690
f 671/506/667 669/508/665 695/507/691
f 669/508/665 696/509/692 695/507/691
f 669/508/665 667/510/663 696/509/692
f 667/510/663 697/511/693 696/509/692
f 667/510/663 610/512/589 697/511/693
f 610/512/589 698/513/694 697/511/693
f 610/512/589 609/514/588 698/513/694
f 609/514/588 258/515/226 698/513/694
f 698/513/694 258/516/226 699/517/695
f 697/511/693 698/513/694 699/517/695
f 697/511/693 699/517/695 700/518/696
f 696/509/692 697/511/693 700/518/696
f 696/509/692 700/518/696 701/519/697
f 695/507/691 696/509/692 701/519/697
f 695/507/691 701/519/697 702/520/698
f 694/505/690 695/507/691 702/520/698
f 694/505/690 702/520/698 703/521/699
f 693/503/689 694/505/690 703/521/699
f 693/503/689 703/521/699 704/522/700
f 692/501/688 693/503/689 704/522/700
f 692/501/688 704/522/700 705/523/701
f 691/499/687 692/501/688 705/523/701
f 691/499/687 705/523/701 706/524/702
f 398/189/372 691/499/687 706/524/702
f 398/189/372 706/524/702 384/169/352
f 383/168/351 398/189/372 384/169/352
f 382/167/350 384/169/352 363/148/331
f 384/169/352 362/147/330 363/148/331
f 384/169/352 706/524/702 362/147/330
f 706/524/702 361/146/329 362/147/330
f 706/524/702 705/523/701 361/146/329
f 705/523/701 360/145/328 361/146/329
f 705/523/701 704/522/700 360/145/328
f 704/522/700 303/88/271 360/145/328
f 704/522/700 703/521/699 303/88/271
f 703/521/699 299/84/267 303/88/271
f 703/521/699 702/520/698 299/84/267
f 702/520/698 707/525/703 299/84/267
f 702/520/698 701/519/697 707/525/703
f 701/519/697 708/526/704 707/525/703
f 701/519/697 700/518/696 708/526/704
f 700/518/696 709/527/705 708/526/704
f 700/518/696 699/517/695 709/527/705
f 699/517/695 258/528/226 709/527/705
f 299/84/267 707/525/703 280/65/248
f 707/525/703 278/60/246 280/65/248
f 707/525/703 708/526/704 278/60/246
f 708/526/704 279/61/247 278/60/246
f 708/526/704 709/527/705 279/61/247
f 709/527/705 258/529/226 279/61/247
f 613/388/592 258/530/226 612/387/591
f 421/221/404 432/232/415 437/237/420
f 421/221/404 437/237/420 420/220/403
f 420/220/403 437/237/420 439/239/422
f 420/220/403 439/239/422 418/218/401
f 418/218/401 439/239/422 441/241/424
f 418/218/401 441/241/424 419/219/402
f 419/219/402 441/241/424 681/489/677
f 419/219/402 681/489/677 635/420/614
f 635/420/614 681/489/677 682/490/678
f 635/420/614 682/490/678 633/418/612
f 633/418/612 682/490/678 683/491/679
f 633/418/612 683/491/679 631/416/610
f 631/416/610 683/491/679 685/493/681
f 631/416/610 685/493/681 629/414/608
f 629/414/608 685/493/681 687/495/683
f 629/414/608 687/495/683 627/412/606
f 627/412/606 687/495/683 678/486/674
f 627/412/606 678/486/674 625/410/604
f 264/46/232 258/531/226 270/52/238
o Door
v 11.147175 69.600098 20.719601
v 11.145150 79.602303 20.720375
v 11.147175 79.602051 20.739651
v -3.738400 59.575497 20.719601
v -3.738400 49.618900 20.739651
v -3.738400 59.575497 20.739651
v -3.738400 49.618900 20.719601
v -3.693075 19.567776 20.719601
v 3.693050 19.567776 20.739651
v -3.693075 19.567776 20.739651
v 3.693050 19.567776 20.719601
v 3.715725 79.602051 20.739651
v 3.715725 79.602051 20.719601
v -3.715725 79.602051 20.739651
v -3.715725 79.602051 20.719601
v -11.147175 79.602051 20.739651
v -11.146826 79.602303 20.720375
v -3.693075 29.569700 20.719601
v 3.693050 19.613075 20.719601
v 3.693050 29.569700 20.719601
v -3.693075 19.613075 20.719601
v -11.124525 29.569700 20.719574
v -3.738400 19.613075 20.719601
v -3.738400 29.569700 20.719601
v -11.124525 19.613075 20.719574
v 3.738375 29.569700 20.719601
v 11.124500 19.613075 20.719601
v 11.124500 29.569700 20.719601
v 3.738375 19.613075 20.719601
v -3.693075 39.571625 20.719601
v 3.693050 29.615025 20.719601
v 3.693050 39.571625 20.719601
v -3.693075 29.615025 20.719601
v -11.124525 39.571625 20.719574
v -3.738400 29.615025 20.719601
v -3.738400 39.571625 20.719601
v -11.124525 29.615025 20.719574
v 3.738375 39.571625 20.719601
v 11.124500 29.615025 20.719601
v 11.124500 39.571625 20.719601
v 3.738375 29.615025 20.719601
v -3.693075 49.573578 20.719601
v 3.693050 39.616951 20.719601
v 3.693050 49.573578 20.719601
v -3.693075 39.616951 20.719601
v -11.124525 49.573578 20.719574
v -3.738400 39.616951 20.719601
v -3.738400 49.573578 20.719601
v -11.124525 39.616951 20.719574
v 3.738375 49.573578 20.719601
v 11.124500 39.616951 20.719601
v 11.124500 49.573578 20.719601
v 3.738375 39.616951 20.719601
v -3.693075 59.575497 20.719601
v 3.693050 49.618900 20.719601
v 3.693050 59.575497 20.719601
v -3.693075 49.618900 20.719601
v -11.124525 59.575497 20.719574
v -11.124525 49.618900 20.719574
v 3.738375 59.575497 20.719601
v 11.124500 49.618900 20.719601
v 11.124500 59.575497 20.719601
v 3.738375 49.618900 20.719601
v -3.693075 69.577446 20.719601
v 3.693050 59.620827 20.719601
v 3.693050 69.577446 20.719601
v -3.693075 59.620827 20.719601
v -11.124525 69.577446 20.719574
v -3.738400 59.620827 20.719601
v -3.738400 69.577446 20.719601
v -11.124525 59.620827 20.719574
v 3.738375 69.577446 20.719601
v 11.124500 59.620827 20.719601
v 11.124500 69.577446 20.719601
v 3.738375 59.620827 20.719601
v -3.693075 79.579376 20.719601
v 3.693050 69.622772 20.719601
v 3.693050 79.579376 20.719601
v -3.693075 69.622772 20.719601
v -11.124525 79.579376 20.719574
v -3.738400 69.622772 20.719601
v -3.738400 79.579376 20.719601
v -11.124525 69.622772 20.719574
v 3.738375 79.579376 20.719601
v 11.124500 69.622772 20.719601
v 11.124500 79.579376 20.719601
v 3.738375 69.622772 20.719601
v 11.147300 79.602051 21.623526
v -11.147299 79.602051 21.623526
v 11.147300 10.988976 21.623526
v 11.147300 10.988976 20.719601
v -11.147299 10.988976 20.719574
v -11.147299 10.988976 21.623526
v 17.319950 82.566124 21.623526
v -17.319952 82.566124 21.623499
v 17.319950 8.024899 21.623526
v -17.319952 8.024899 21.623499
v 17.319950 82.566124 21.412624
v -17.319952 82.566124 21.412601
v 17.319950 8.024899 21.412624
v -17.319952 8.024899 21.412601
v -14.233625 47.208302 21.623526
v -14.059649 47.225452 24.293076
v -14.233625 47.208302 24.293076
v -14.407598 47.225452 21.623526
v -14.574900 47.276199 21.623526
v -14.407598 47.225452 24.293076
v -14.574900 47.276199 24.293076
v -15.125399 48.100075 24.293076
v -14.864202 47.469501 24.293076
v -14.729074 47.358601 24.293076
v -14.729074 47.358601 21.623526
v -14.864202 47.469501 21.623526
v -13.892349 47.276199 21.623526
v -14.059649 47.225452 21.623526
v -13.892349 47.276199 24.293076
v -13.738174 47.358601 24.293076
v -13.603048 47.469501 24.293076
v -13.738174 47.358601 21.623526
v -13.603048 47.469501 21.623526
v -14.233625 48.991852 24.293076
v -14.864202 48.730652 24.293076
v -14.975100 48.595524 24.293076
v -14.864202 48.730652 21.623526
v -13.738174 48.841553 24.293076
v -13.892349 48.923977 24.293076
v -13.738174 48.841553 21.623526
v -13.409725 48.441349 21.623526
v -13.409725 47.758801 21.623526
v -13.341850 48.100075 21.623526
v -13.358999 47.926102 21.623526
v -13.341850 48.100075 24.293076
v -13.358999 47.926102 24.293076
v -13.409725 47.758801 24.293076
v -13.492151 47.604649 21.623526
v -13.492151 47.604649 24.293076
v -13.603048 48.730652 24.293076
v -13.358999 48.274048 24.293076
v -13.358999 48.274048 21.623526
v -13.409725 48.441349 24.293076
v -13.492151 48.595524 24.293076
v -13.492151 48.595524 21.623526
v -13.603048 48.730652 21.623526
v -14.574900 48.923977 21.623526
v -15.057524 47.758801 21.623526
v -14.975100 47.604649 21.623526
v -14.975100 47.604649 24.293076
v -15.057524 47.758801 24.293076
v -15.108252 47.926102 24.293076
v -15.108252 47.926102 21.623526
v -15.125399 48.100075 21.623526
v -15.057524 48.441349 21.623526
v -14.975100 48.595524 21.623526
v -15.057524 48.441349 24.293076
v -15.108252 48.274048 24.293076
v -15.108252 48.274048 21.623526
v -14.729074 48.841553 21.623526
v -14.729074 48.841553 24.293076
v -14.574900 48.923977 24.293076
v -14.407598 48.974724 24.293076
v -14.407598 48.974724 21.623526
v -14.233625 48.991852 21.623526
v -13.892349 48.923977 21.623526
v -14.059649 48.974724 24.293076
v -14.059649 48.974724 21.623526
v -12.810526 49.050976 23.584150
v -12.554976 48.795399 23.931675
v -12.652376 48.755074 23.584150
v -13.023401 47.598801 25.603025
v -13.377850 47.528301 25.833426
v -13.144449 47.372326 25.603025
v -12.810551 47.510624 25.322300
v -12.722876 47.799576 25.322300
v -12.554976 47.766201 25.002024
v -12.522100 48.100098 25.002024
v -12.416674 48.100098 24.654501
v -12.451574 48.454552 24.654501
v -12.416674 48.461498 24.293076
v -12.522100 48.809025 24.293076
v -12.722876 49.109550 23.931675
v -13.023401 49.310322 23.584150
v -12.948851 49.384872 23.931675
v -13.282751 49.523174 23.584150
v -13.224176 49.610825 23.931675
v -13.578650 49.681351 23.584150
v -13.538300 49.778751 23.931675
v -12.693275 49.129326 24.293076
v -12.554976 48.795399 24.654501
v -12.554976 48.434002 25.002024
v -12.693300 48.100098 25.322300
v -12.948851 47.844524 25.603025
v -13.282751 47.706226 25.833426
v -13.644150 47.706226 26.004623
v -13.732325 47.598801 26.004623
v -13.978075 47.844524 26.110025
v -14.032824 47.799576 26.110025
v -14.233625 48.100098 26.145626
v -13.933126 47.899300 26.110025
v -13.899725 47.961773 26.110025
v -13.578650 47.828800 26.004623
v -12.923674 49.410049 24.293076
v -12.722876 49.109550 24.654501
v -12.652376 48.755074 25.002024
v -12.722876 48.400600 25.322300
v -12.923674 48.100098 25.603025
v -13.224176 47.899300 25.833426
v -13.538300 47.961773 26.004623
v -13.204401 48.100098 25.833426
v -12.948851 48.355652 25.603025
v -12.810526 48.689548 25.322300
v -12.810526 49.050976 25.002024
v -12.948851 49.384872 24.654501
v -13.204401 49.640427 24.293076
v -13.224176 49.610825 24.654501
v -13.524675 49.811626 24.293076
v -13.538300 49.778751 24.654501
v -13.872200 49.917049 24.293076
v -13.879150 49.882126 24.654501
v -14.928949 49.778751 24.654501
v -14.567526 49.778751 25.002024
v -14.588099 49.882126 24.654501
v -14.233625 49.811626 25.002024
v -14.233625 49.917049 24.654501
v -13.899725 49.778751 25.002024
v -13.578650 49.681351 25.002024
v -13.282751 49.523174 25.002024
v -13.023401 49.310322 25.002024
v -12.952875 48.955849 25.322300
v -13.023401 48.601402 25.603025
v -13.224176 48.300873 25.833426
v -13.144449 49.189274 25.322300
v -13.144449 48.827873 25.603025
v -13.282751 48.493950 25.833426
v -13.538300 48.238400 26.004623
v -13.524675 48.100098 26.004623
v -13.872200 48.100098 26.110025
v -13.879150 48.029575 26.110025
v -13.879150 48.170601 26.110025
v -13.578650 48.371403 26.004623
v -13.377850 48.671902 25.833426
v -13.307348 49.026375 25.603025
v -13.377850 49.380825 25.322300
v -13.644150 49.523174 25.322300
v -14.823072 49.523174 25.322300
v -14.489176 49.384872 25.603025
v -14.534124 49.610825 25.322300
v -14.233625 49.410049 25.603025
v -14.233625 49.640427 25.322300
v -13.978075 49.384872 25.603025
v -13.933126 49.610825 25.322300
v -13.732325 49.310322 25.603025
v -13.505850 49.189274 25.603025
v -13.505850 48.827873 25.833426
v -13.644150 48.493950 26.004623
v -13.899725 48.238400 26.110025
v -13.933126 48.300873 26.110025
v -13.732325 48.601402 26.004623
v -13.661825 48.955849 25.833426
v -13.978075 48.355652 26.110025
v -13.839750 48.689548 26.004623
v -13.839750 49.050976 25.833426
v -14.032824 49.109550 25.833426
v -14.233625 49.129326 25.833426
v -14.434423 49.109524 25.833426
v -14.734926 49.310322 25.603025
v -14.627501 49.050976 25.833426
v -14.961401 49.189274 25.603025
v -14.805426 48.955849 25.833426
v -15.159903 49.026375 25.603025
v -14.961401 48.827873 25.833426
v -14.627501 48.689548 26.004623
v -14.504927 48.755074 26.004623
v -14.371923 48.795399 26.004623
v -14.233625 48.809025 26.004623
v -14.095324 48.795399 26.004623
v -13.962324 48.755074 26.004623
v -14.032824 48.400600 26.110025
v -14.095324 48.434002 26.110025
v -14.163122 48.454552 26.110025
v -14.233625 48.461498 26.110025
v -14.304125 48.454552 26.110025
v -14.371923 48.434002 26.110025
v -14.434423 48.400600 26.110025
v -14.734926 48.601402 26.004623
v -14.489176 48.355652 26.110025
v -15.322798 48.827873 25.603025
v -15.089399 48.671902 25.833426
v -15.443850 48.601402 25.603025
v -15.184500 48.493950 25.833426
v -15.518400 48.355652 25.603025
v -15.243074 48.300873 25.833426
v -14.888601 48.371403 26.004623
v -14.928949 48.238400 26.004623
v -14.567526 48.238400 26.110025
v -14.588099 48.170601 26.110025
v -14.534124 48.300873 26.110025
v -14.823072 48.493950 26.004623
v -14.942575 48.100098 26.004623
v -15.262850 48.100098 25.833426
v -15.543577 48.100098 25.603025
v -15.773951 48.100098 25.322300
v -15.744375 48.400600 25.322300
v -15.656702 48.689548 25.322300
v -15.514376 48.955849 25.322300
v -15.322798 49.189274 25.322300
v -15.089399 49.380825 25.322300
v -15.744375 47.799599 25.322300
v -15.518400 47.844524 25.603025
v -15.243074 47.899300 25.833426
v -14.928949 47.961773 26.004623
v -14.595049 48.100098 26.110025
v -14.588099 48.029575 26.110025
v -15.945150 48.100098 25.002024
v -15.912275 48.434002 25.002024
v -15.912275 47.766201 25.002024
v -15.814875 47.445126 25.002024
v -15.656702 47.510624 25.322300
v -15.443850 47.598801 25.603025
v -15.184500 47.706226 25.833426
v -14.888601 47.828800 26.004623
v -14.567526 47.961773 26.110025
v -14.805426 47.244324 25.833426
v -14.734926 47.598801 26.004623
v -14.961401 47.372326 25.833426
v -14.627501 47.510624 26.004623
v -14.489176 47.844524 26.110025
v -14.434423 47.799576 26.110025
v -14.534124 47.899300 26.110025
v -14.823072 47.706226 26.004623
v -15.089399 47.528301 25.833426
v -15.322798 47.372326 25.603025
v -15.514376 47.244324 25.322300
v -15.656702 47.149227 25.002024
v -15.744375 47.090649 24.654501
v -15.518400 46.815323 24.654501
v -15.443850 46.889851 25.002024
v -15.322798 47.010899 25.322300
v -15.159903 47.173824 25.603025
v -16.050573 47.738674 24.293076
v -16.050573 48.100098 24.654501
v -16.086172 48.100098 24.293076
v -16.015676 47.745625 24.654501
v -15.945150 47.391148 24.293076
v -15.912275 47.404774 24.654501
v -15.773951 47.070877 24.293076
v -15.543577 46.790150 24.293076
v -15.262850 46.559750 24.293076
v -15.243074 46.589352 24.654501
v -15.184500 46.676998 25.002024
v -15.089399 46.819351 25.322300
v -14.961401 47.010899 25.603025
v -14.371923 47.766201 26.110025
v -14.504927 47.445126 26.004623
v -14.627501 47.149227 25.833426
v -14.734926 46.889851 25.603025
v -14.823099 46.676998 25.322300
v -14.888601 46.518852 25.002024
v -14.928949 46.421452 24.654501
v -14.942575 46.388577 24.293076
v -14.928949 46.421452 23.931675
v -15.243074 46.589352 23.931675
v -14.588099 46.318050 23.931675
v -14.595049 46.283150 24.293076
v -14.588099 46.318050 24.654501
v -14.567526 46.421452 25.002024
v -14.534124 46.589352 25.322300
v -14.489176 46.815323 25.603025
v -14.434423 47.090649 25.833426
v -14.371923 47.404774 26.004623
v -14.304125 47.745625 26.110025
v -14.233625 46.283150 23.931675
v -14.233625 46.247551 24.293076
v -14.233625 46.283150 24.654501
v -14.233625 46.388577 25.002024
v -14.233625 46.559750 25.322300
v -14.233625 46.790150 25.603025
v -14.233625 47.070877 25.833426
v -14.233625 47.391148 26.004623
v -14.233625 47.738674 26.110025
v -13.899725 46.421452 25.002024
v -13.933126 46.589352 25.322300
v -13.978075 46.815323 25.603025
v -14.032824 47.090649 25.833426
v -14.095324 47.404774 26.004623
v -14.163122 47.745625 26.110025
v -14.095324 47.766201 26.110025
v -13.839750 47.510624 26.004623
v -13.505850 47.372326 25.833426
v -12.451574 47.745625 24.654501
v -12.652376 47.445126 25.002024
v -12.952875 47.244324 25.322300
v -13.307348 47.173824 25.603025
v -13.661825 47.244324 25.833426
v -13.962324 47.445126 26.004623
v -13.839750 47.149227 25.833426
v -13.732325 46.889851 25.603025
v -13.644175 46.676998 25.322300
v -13.505850 47.010899 25.603025
v -13.144449 47.010899 25.322300
v -13.377850 46.819351 25.322300
v -12.810526 47.149227 25.002024
v -13.023401 46.889851 25.002024
v -13.282751 46.676998 25.002024
v -13.578650 46.518852 25.002024
v -12.554976 47.404774 24.654501
v -12.722876 47.090649 24.654501
v -12.948851 46.815323 24.654501
v -13.224176 46.589352 24.654501
v -13.538300 46.421452 24.654501
v -12.381075 48.100098 24.293076
v -12.416674 47.738674 24.293076
v -12.522100 47.391148 24.293076
v -12.693300 47.070877 24.293076
v -12.923674 46.790150 24.293076
v -13.204401 46.559750 24.293076
v -13.524675 46.388577 24.293076
v -13.282751 46.676998 23.584150
v -13.538300 46.421452 23.931675
v -13.578650 46.518852 23.584150
v -13.224176 46.589352 23.931675
v -12.948851 46.815323 23.931675
v -12.722876 47.090649 23.931675
v -12.554976 47.404774 23.931675
v -12.451574 47.745625 23.931675
v -12.416674 48.100098 23.931675
v -12.451574 48.454552 23.931675
v -13.023401 46.889851 23.584150
v -12.810526 47.149227 23.584150
v -12.652376 47.445126 23.584150
v -12.554976 47.766201 23.584150
v -12.522100 48.100098 23.584150
v -12.554976 48.434002 23.584150
v -13.644175 46.676998 23.263874
v -13.899725 46.421452 23.584150
v -13.933126 46.589352 23.263874
v -13.377850 46.819351 23.263874
v -13.144449 47.010899 23.263874
v -12.952875 47.244324 23.263874
v -12.810551 47.510624 23.263874
v -12.722876 47.799576 23.263874
v -12.693300 48.100098 23.263874
v -12.722876 48.400600 23.263874
v -12.810526 48.689548 23.263874
v -14.233625 46.790150 22.983126
v -14.233625 46.559750 23.263874
v -14.534124 46.589352 23.263874
v -13.978075 46.815323 22.983126
v -13.732325 46.889851 22.983126
v -13.505850 47.010899 22.983126
v -13.307348 47.173824 22.983126
v -13.144449 47.372326 22.983126
v -13.023401 47.598801 22.983126
v -12.948851 47.844524 22.983126
v -12.923674 48.100098 22.983126
v -12.948851 48.355652 22.983126
v -13.839750 47.149227 22.752750
v -13.661825 47.244324 22.752750
v -13.505850 47.372326 22.752750
v -13.377850 47.528301 22.752750
v -13.282751 47.706226 22.752750
v -13.224176 47.899300 22.752750
v -13.204401 48.100098 22.752750
v -13.224176 48.300873 22.752750
v -13.282751 48.493950 22.752750
v -13.023401 48.601402 22.983126
v -13.377850 48.671902 22.752750
v -13.644150 48.493950 22.581551
v -13.578650 48.371403 22.581551
v -13.538300 48.238400 22.581551
v -13.524675 48.100098 22.581551
v -13.538300 47.961773 22.581551
v -13.578650 47.828800 22.581551
v -13.644150 47.706226 22.581551
v -13.732325 47.598801 22.581551
v -13.839750 47.510624 22.581551
v -13.962324 47.445126 22.581551
v -14.304125 47.745625 22.476124
v -14.371923 47.404774 22.581551
v -14.504927 47.445126 22.581551
v -14.233625 47.738674 22.476124
v -14.233625 47.391148 22.581551
v -14.163122 47.745625 22.476124
v -14.095324 47.404774 22.581551
v -14.095324 47.766201 22.476124
v -14.032824 47.799576 22.476124
v -13.978075 47.844524 22.476124
v -13.933126 47.899300 22.476124
v -13.899725 47.961773 22.476124
v -13.879150 48.029575 22.476124
v -13.872200 48.100098 22.476124
v -14.032824 47.090649 22.752750
v -14.233625 47.070877 22.752750
v -14.434423 47.090649 22.752750
v -14.627501 47.149227 22.752750
v -14.805426 47.244324 22.752750
v -14.627501 47.510624 22.581551
v -14.961401 47.372326 22.752750
v -14.734926 47.598801 22.581551
v -15.089399 47.528301 22.752750
v -14.823072 47.706226 22.581551
v -15.184500 47.706226 22.752750
v -14.888601 47.828800 22.581551
v -15.243074 47.899300 22.752750
v -14.928949 47.961773 22.581551
v -15.518400 47.844524 22.983126
v -15.543577 48.100098 22.983126
v -15.443850 47.598801 22.983126
v -15.322798 47.372326 22.983126
v -15.159903 47.173824 22.983126
v -14.961401 47.010899 22.983126
v -14.734926 46.889851 22.983126
v -14.489176 46.815323 22.983126
v -15.518400 48.355652 22.983126
v -15.744375 48.400600 23.263874
v -15.656702 48.689548 23.263874
v -15.773951 48.100098 23.263874
v -15.744375 47.799599 23.263874
v -15.656702 47.510624 23.263874
v -15.514376 47.244324 23.263874
v -15.322798 47.010899 23.263874
v -15.089399 46.819351 23.263874
v -14.823099 46.676998 23.263874
v -15.322798 49.189274 23.263874
v -15.184500 49.523174 23.584150
v -15.089399 49.380825 23.263874
v -15.443850 49.310322 23.584150
v -15.514376 48.955849 23.263874
v -15.656702 49.050976 23.584150
v -15.814875 48.755074 23.584150
v -15.912275 48.434002 23.584150
v -15.945150 48.100098 23.584150
v -15.912275 47.766201 23.584150
v -15.814875 47.445126 23.584150
v -15.656702 47.149227 23.584150
v -15.443850 46.889851 23.584150
v -16.015676 48.454575 23.931675
v -16.050573 48.100098 23.931675
v -16.015676 47.745625 23.931675
v -15.912275 47.404774 23.931675
v -15.744375 47.090649 23.931675
v -15.518400 46.815323 23.931675
v -15.184500 46.676998 23.584150
v -14.888601 46.518852 23.584150
v -14.567526 46.421452 23.584150
v -14.233625 46.388577 23.584150
v -13.879150 46.318050 23.931675
v -13.872200 46.283150 24.293076
v -13.879150 46.318050 24.654501
v 11.124500 10.987075 20.719601
v 3.738375 10.987075 20.469601
v 11.124500 10.987075 20.469601
v 3.738375 10.987075 20.719601
v -3.738400 10.987075 20.719601
v -11.124525 10.987075 20.469574
v -3.738400 10.987075 20.469601
v -11.124525 10.987075 20.719574
v 3.693050 10.987075 20.719601
v -3.693075 10.987075 20.469601
v 3.693050 10.987075 20.469601
v -3.693075 10.987075 20.719601
v 3.693050 19.567776 20.469601
v -3.693075 19.567776 20.469601
v -3.738400 19.567776 20.719601
v -3.738400 19.567776 20.469601
v -11.124525 19.567776 20.719574
v -11.124525 19.567776 20.469574
v 3.738375 19.567776 20.719601
v 11.124500 19.567776 20.469601
v 3.738375 19.567776 20.469601
v 11.124500 19.567776 20.719601
v 3.693050 19.613075 20.469601
v 3.693050 29.569700 20.469601
v -3.693075 19.613075 20.469601
v -3.693075 29.569700 20.469601
v -3.738400 19.613075 20.469601
v -3.738400 29.569700 20.469601
v -11.124525 19.613075 20.469574
v -11.124525 29.569700 20.469574
v 3.738375 19.613075 20.469601
v 11.124500 19.613075 20.469601
v 11.124500 29.569700 20.469601
v 3.738375 29.569700 20.469601
v 3.693050 29.615025 20.469601
v 3.693050 39.571625 20.469601
v -3.693075 29.615025 20.469601
v -3.693075 39.571625 20.469601
v -3.738400 29.615025 20.469601
v -3.738400 39.571625 20.469601
v -11.124525 29.615025 20.469574
v -11.124525 39.571625 20.469574
v 3.738375 29.615025 20.469601
v 11.124500 29.615025 20.469601
v 11.124500 39.571625 20.469601
v 3.738375 39.571625 20.469601
v 3.693050 39.616951 20.469601
v 3.693050 49.573578 20.469601
v -3.693075 39.616951 20.469601
v -3.693075 49.573578 20.469601
v -3.738400 39.616951 20.469601
v -3.738400 49.573578 20.469601
v -11.124525 39.616951 20.469574
v -11.124525 49.573578 20.469574
v 3.738375 39.616951 20.469601
v 11.124500 39.616951 20.469601
v 11.124500 49.573578 20.469601
v 3.738375 49.573578 20.469601
v 3.693050 49.618900 20.469601
v 3.693050 59.575497 20.469601
v -3.693075 49.618900 20.469601
v -3.693075 59.575497 20.469601
v -3.738400 49.618900 20.469601
v -3.738400 59.575497 20.469601
v -11.124525 49.618900 20.469574
v -11.124525 59.575497 20.469574
v 3.738375 49.618900 20.469601
v 11.124500 49.618900 20.469601
v 11.124500 59.575497 20.469601
v 3.738375 59.575497 20.469601
v 3.693050 59.620827 20.469601
v 3.693050 69.577446 20.469601
v -3.693075 59.620827 20.469601
v -3.693075 69.577446 20.469601
v -3.738400 59.620827 20.469601
v -3.738400 69.577446 20.469601
v -11.124525 59.620827 20.469574
v -11.124525 69.577446 20.469574
v 3.738375 59.620827 20.469601
v 11.124500 59.620827 20.469601
v 11.124500 69.577446 20.469601
v 3.738375 69.577446 20.469601
v 3.693050 69.622772 20.469601
v 3.693050 79.579376 20.469601
v -3.693075 69.622772 20.469601
v -3.693075 79.579376 20.469601
v -3.738400 69.622772 20.469601
v -3.738400 79.579376 20.469601
v -11.124525 69.622772 20.469574
v 3.738375 69.622772 20.469601
v 11.124500 69.622772 20.469601
v 3.738375 79.579376 20.469601
v 11.124500 79.579376 20.469601
v -11.124525 79.579376 20.469574
v -14.534124 48.300873 22.476124
v -14.734926 48.601402 22.581551
v -14.489176 48.355652 22.476124
v -14.823072 48.493950 22.581551
v -15.262850 48.100098 22.752750
v -14.942575 48.100098 22.581551
v -15.243074 48.300873 22.752750
v -14.928949 48.238400 22.581551
v -15.184500 48.493950 22.752750
v -14.888601 48.371403 22.581551
v -15.089399 48.671902 22.752750
v -14.961401 48.827873 22.752750
v -14.805426 48.955849 22.752750
v -14.627501 48.689548 22.581551
v -14.434423 48.400600 22.476124
v -14.233625 48.100098 22.440525
v -14.567526 48.238400 22.476124
v -14.371923 48.434002 22.476124
v -14.504927 48.755074 22.581551
v -14.627501 49.050976 22.752750
v -14.734926 49.310322 22.983126
v -14.961401 49.189274 22.983126
v -15.159903 49.026375 22.983126
v -15.322798 48.827873 22.983126
v -15.443850 48.601402 22.983126
v -14.371923 47.766201 22.476124
v -14.434423 47.799599 22.476124
v -14.489176 47.844524 22.476124
v -14.534124 47.899300 22.476124
v -14.567526 47.961773 22.476124
v -14.588099 48.029575 22.476124
v -14.595049 48.100098 22.476124
v -14.588099 48.170601 22.476124
v 17.996401 83.242577 21.412624
v -17.996424 83.242577 21.412601
v -17.996424 7.348450 21.412601
v 17.996401 7.348450 21.412624
v -14.371923 48.795399 22.581551
v -14.434423 49.109524 22.752750
v -14.233625 49.129326 22.752750
v -14.233625 49.410049 22.983126
v -14.489176 49.384872 22.983126
v -14.304125 48.454552 22.476124
v -14.233625 48.809025 22.581551
v -14.032824 49.109550 22.752750
v -13.978075 49.384872 22.983126
v -13.732325 49.310322 22.983126
v -13.644150 49.523174 23.263874
v -13.377850 49.380825 23.263874
v -13.933126 49.610825 23.263874
v -14.233625 49.640427 23.263874
v -14.534124 49.610825 23.263874
v -14.823072 49.523174 23.263874
v -12.952875 48.955849 23.263874
v -13.144449 49.189274 23.263874
v -13.899725 49.778751 23.584150
v -14.233625 49.811626 23.584150
v -14.567526 49.778751 23.584150
v -14.888601 49.681351 23.584150
v -13.879150 49.882126 23.931675
v -14.233625 49.917049 23.931675
v -14.588099 49.882126 23.931675
v -14.928949 49.778751 23.931675
v -15.243074 49.610825 23.931675
v -15.518400 49.384872 23.931675
v -15.744375 49.109550 23.931675
v -15.912275 48.795399 23.931675
v -15.262850 49.640427 24.293076
v -14.942575 49.811626 24.293076
v -14.595049 49.917049 24.293076
v -14.233625 49.952652 24.293076
v -15.243074 49.610825 24.654501
v -15.543577 49.410049 24.293076
v -15.518400 49.384872 24.654501
v -15.773951 49.129326 24.293076
v -15.744375 49.109550 24.654501
v -15.945150 48.809025 24.293076
v -15.912275 48.795399 24.654501
v -16.050573 48.461498 24.293076
v -16.015676 48.454575 24.654501
v -15.814875 48.755074 25.002024
v -15.656702 49.050976 25.002024
v -15.443850 49.310322 25.002024
v -15.184500 49.523174 25.002024
v -14.888601 49.681351 25.002024
v -3.738400 10.987075 20.739651
v -3.738400 19.567776 20.739651
v 11.124500 10.987075 20.739651
v 11.124500 19.567776 20.739651
v 3.693050 10.987075 20.739651
v -17.996424 7.348450 20.720375
v -11.146826 10.981350 20.720375
v -17.996424 83.242577 20.720375
v 17.996401 7.348450 20.720375
v 11.145150 10.981350 20.720375
v 17.996401 83.242577 20.720375
v 3.738375 29.569700 20.739651
v 3.738375 19.613075 20.739651
v -3.693075 69.622772 20.739651
v 3.693050 69.622772 20.739651
v -3.693075 79.579376 20.739651
v 3.693050 49.618900 20.739651
v 3.693050 59.575497 20.739651
v -3.693075 49.618900 20.739651
v -11.124525 29.569700 20.739651
v -11.124525 19.613075 20.739651
v -3.693075 59.575497 20.739651
v 3.693050 29.615025 20.739651
v 3.693050 39.571625 20.739651
v 11.124500 29.615025 20.739651
v 11.124500 39.571625 20.739651
v -3.693075 29.615025 20.739651
v -3.693075 39.571625 20.739651
v -3.738400 69.622772 20.739651
v -3.738400 79.579376 20.739651
v -11.124525 69.622772 20.739651
v -3.715725 69.600098 20.739651
v -11.124525 69.577446 20.739651
v -3.738400 69.577446 20.739651
v -11.147175 69.600098 20.739651
v -11.124525 79.579376 20.739651
v -11.124525 59.620827 20.739651
v -11.147175 59.598179 20.739651
v -3.738400 59.620827 20.739651
v -3.715725 59.598179 20.739651
v -3.693075 59.620827 20.739651
v -3.693075 69.577446 20.739651
v 3.715725 69.600098 20.739651
v 3.693050 69.577446 20.739651
v 3.715725 59.598179 20.739651
v 3.693050 59.620827 20.739651
v 3.715725 49.596249 20.739651
v -3.715725 49.596249 20.739651
v -11.147175 49.596249 20.739651
v -11.124525 49.618900 20.739651
v -11.124525 59.575497 20.739651
v -3.693075 49.573578 20.739651
v 3.693050 49.573578 20.739651
v 3.715725 39.594299 20.739651
v 3.693050 39.616951 20.739651
v -3.715725 39.594299 20.739651
v -3.693075 39.616951 20.739651
v -11.124525 49.573578 20.739651
v -11.124525 39.616951 20.739651
v -11.147175 39.594299 20.739651
v -3.738400 39.616951 20.739651
v -3.738400 49.573578 20.739651
v -3.715725 29.592350 20.739651
v 3.715725 29.592350 20.739651
v -11.124525 39.571625 20.739651
v -11.124525 29.615025 20.739651
v -11.147175 29.592350 20.739651
v -3.738400 29.615025 20.739651
v -3.738400 39.571625 20.739651
v -3.693075 29.569700 20.739651
v -3.693075 19.613075 20.739651
v -3.715725 19.590425 20.739651
v 3.693050 19.613075 20.739651
v 3.715725 19.590425 20.739651
v 3.693050 29.569700 20.739651
v -11.147175 19.590425 20.739651
v -3.738400 19.613075 20.739651
v -3.738400 29.569700 20.739651
v -3.715725 10.970699 20.739651
v -11.124525 19.567776 20.739651
v -11.124525 10.987075 20.739651
v -11.147175 10.970699 20.739651
v 3.715725 10.970699 20.739651
v -3.693075 10.987075 20.739651
v 11.147175 10.970699 20.739651
v 11.147175 19.590425 20.739651
v 3.738375 19.567776 20.739651
v 3.738375 10.987075 20.739651
v 11.124500 19.613075 20.739651
v 11.124500 29.569700 20.739651
v 11.147175 29.592350 20.739651
v 3.738375 29.615025 20.739651
v 3.738375 39.571625 20.739651
v 11.147175 39.594299 20.739651
v 3.738375 39.616951 20.739651
v 3.738375 49.573578 20.739651
v 11.124500 39.616951 20.739651
v 11.124500 49.573578 20.739651
v 11.147175 49.596249 20.739651
v 3.738375 49.618900 20.739651
v 3.738375 59.575497 20.739651
v 11.124500 49.618900 20.739651
v 11.124500 59.575497 20.739651
v 11.147175 59.598179 20.739651
v 11.124500 59.620827 20.739651
v 3.738375 59.620827 20.739651
v 3.738375 69.577446 20.739651
v 11.147175 69.600098 20.739651
v 11.124500 69.577446 20.739651
v 3.738375 69.622772 20.739651
v 3.738375 79.579376 20.739651
v 11.124500 79.579376 20.739651
v 11.124500 69.622772 20.739651
v 3.693050 79.579376 20.739651
v -11.147175 69.600098 20.719574
v -11.147175 59.598179 20.719574
v -11.147175 49.596249 20.719574
v -11.147175 39.594299 20.719574
v -11.147175 29.592350 20.719574
v -11.147175 19.590425 20.719574
v -11.147175 10.970699 20.719574
v 11.147175 10.970699 20.719601
v 11.147175 19.590425 20.719601
v 11.147175 29.592350 20.719601
v 11.147175 39.594299 20.719601
v 11.147175 49.596249 20.719601
v 11.147175 59.598179 20.719601
v -13.879150 48.170601 22.476124
v -13.899725 48.238400 22.476124
v -13.933126 48.300873 22.476124
v -13.978075 48.355652 22.476124
v -13.732325 48.601402 22.581551
v -14.032824 48.400600 22.476124
v -13.144449 48.827873 22.983126
v -13.505850 48.827873 22.752750
v -13.307348 49.026375 22.983126
v -13.661825 48.955849 22.752750
v -13.505850 49.189274 22.983126
v -13.839750 49.050976 22.752750
v -13.962324 48.755074 22.581551
v -14.095324 48.795399 22.581551
v -14.163122 48.454575 22.476124
v -14.233625 48.461498 22.476124
v -14.095324 48.434002 22.476124
v -13.839750 48.689548 22.581551
vn 1.0000 -0.0000 -0.0001
vn -0.0044 0.0211 -0.9998
vn 0.6103 0.5682 0.5520
vn -0.0000 -0.0000 1.0000
vn -0.3015 0.3015 0.9045
vn -0.3015 -0.3015 0.9045
vn -0.3015 -0.3016 0.9045
vn 0.3015 -0.3015 0.9045
vn -0.0000 0.7071 0.7071
vn -0.0000 1.0000 -0.0000
vn -0.5837 0.5723 0.5759
vn 0.0028 0.0037 -1.0000
vn -0.3014 -0.3009 0.9048
vn 0.3015 -0.3014 0.9046
vn -0.7071 0.7071 -0.0000
vn 0.7071 0.7071 -0.0000
vn 0.3015 0.3015 0.9045
vn 0.5773 0.5774 0.5774
vn -0.5774 0.5773 0.5774
vn 0.5774 -0.5773 0.5774
vn -0.5774 -0.5774 0.5773
vn -0.0000 -0.7279 -0.6857
vn 0.1420 -0.7138 0.6858
vn -0.0000 -0.7279 0.6857
vn -0.1420 -0.7139 -0.6857
vn -0.2785 -0.6725 -0.6857
vn -0.1420 -0.7139 0.6857
vn -0.2785 -0.6725 0.6857
vn -0.7279 -0.0000 0.6857
vn -0.5147 -0.5147 0.6857
vn -0.4044 -0.6052 0.6857
vn -0.4044 -0.6052 -0.6857
vn -0.5147 -0.5147 -0.6857
vn 0.2785 -0.6725 -0.6857
vn 0.1420 -0.7139 -0.6857
vn 0.2785 -0.6725 0.6857
vn 0.4044 -0.6052 0.6857
vn 0.5147 -0.5147 0.6857
vn 0.4044 -0.6052 -0.6857
vn 0.5147 -0.5147 -0.6857
vn -0.0000 0.7279 0.6857
vn -0.5147 0.5147 0.6857
vn -0.6052 0.4044 0.6857
vn -0.5147 0.5147 -0.6857
vn 0.4044 0.6052 0.6857
vn 0.2786 0.6725 0.6857
vn 0.4044 0.6052 -0.6857
vn 0.6725 0.2785 -0.6857
vn 0.6725 -0.2786 -0.6857
vn 0.7279 -0.0000 -0.6857
vn 0.7139 -0.1420 -0.6857
vn 0.7279 -0.0000 0.6857
vn 0.7139 -0.1420 0.6857
vn 0.6725 -0.2786 0.6857
vn 0.6052 -0.4044 -0.6857
vn 0.6052 -0.4044 0.6857
vn 0.5147 0.5147 0.6857
vn 0.7139 0.1420 0.6857
vn 0.7139 0.1420 -0.6857
vn 0.6725 0.2785 0.6857
vn 0.6052 0.4044 0.6857
vn 0.6052 0.4044 -0.6857
vn 0.5147 0.5147 -0.6857
vn -0.2786 0.6725 -0.6857
vn -0.6725 -0.2786 -0.6857
vn -0.6052 -0.4045 -0.6857
vn -0.6052 -0.4044 0.6857
vn -0.6725 -0.2786 0.6857
vn -0.7139 -0.1420 0.6857
vn -0.7139 -0.1420 -0.6857
vn -0.7279 -0.0000 -0.6857
vn -0.6725 0.2786 -0.6857
vn -0.6052 0.4045 -0.6857
vn -0.6725 0.2785 0.6857
vn -0.7139 0.1420 0.6857
vn -0.7139 0.1420 -0.6857
vn -0.4044 0.6052 -0.6857
vn -0.4044 0.6052 0.6857
vn -0.2786 0.6724 0.6857
vn -0.1420 0.7140 0.6856
vn -0.1420 0.7139 -0.6857
vn -0.0000 0.7279 -0.6857
vn 0.2786 0.6725 -0.6857
vn 0.1420 0.7139 0.6857
vn 0.1420 0.7139 -0.6857
vn 0.7689 0.5138 -0.3806
vn 0.9063 0.3754 -0.1939
vn 0.8544 0.3539 -0.3805
vn 0.6561 -0.2718 0.7041
vn 0.4655 -0.3110 0.8286
vn 0.5905 -0.3945 0.7041
vn 0.7699 -0.3189 0.5528
vn 0.8173 -0.1626 0.5528
vn 0.9070 -0.1804 0.3805
vn 0.9248 -0.0000 0.3806
vn 0.9810 -0.0000 0.1939
vn 0.9622 0.1914 0.1939
vn 0.9808 0.1951 -0.0000
vn 0.9239 0.3827 -0.0000
vn 0.8157 0.5450 -0.1939
vn 0.6539 0.6539 -0.3805
vn 0.6937 0.6937 -0.1940
vn 0.5138 0.7689 -0.3805
vn 0.5450 0.8157 -0.1939
vn 0.3539 0.8544 -0.3806
vn 0.3754 0.9063 -0.1939
vn 0.8315 0.5556 -0.0000
vn 0.9063 0.3754 0.1939
vn 0.9070 0.1804 0.3805
vn 0.8333 -0.0000 0.5528
vn 0.6965 -0.1386 0.7041
vn 0.5172 -0.2142 0.8286
vn 0.3225 -0.2155 0.9217
vn 0.2743 -0.2743 0.9217
vn 0.1421 -0.1421 0.9796
vn 0.1116 -0.1671 0.9796
vn 0.1671 -0.1116 0.9796
vn 0.1856 -0.0769 0.9796
vn 0.3583 -0.1484 0.9217
vn 0.8157 0.5450 0.1939
vn 0.8544 0.3539 0.3805
vn 0.8173 0.1626 0.5528
vn 0.7102 -0.0000 0.7040
vn 0.5490 -0.1092 0.8286
vn 0.3804 -0.0757 0.9217
vn 0.5598 -0.0000 0.8286
vn 0.6965 0.1386 0.7041
vn 0.7699 0.3189 0.5528
vn 0.7689 0.5138 0.3806
vn 0.6937 0.6937 0.1940
vn 0.5556 0.8315 -0.0000
vn 0.5450 0.8157 0.1939
vn 0.3827 0.9239 -0.0000
vn 0.3754 0.9063 0.1939
vn 0.1951 0.9808 -0.0000
vn 0.1914 0.9622 0.1939
vn -0.3754 0.9063 0.1939
vn -0.1804 0.9070 0.3805
vn -0.1914 0.9622 0.1939
vn -0.0000 0.9248 0.3805
vn -0.0000 0.9810 0.1939
vn 0.1804 0.9070 0.3805
vn 0.3539 0.8544 0.3805
vn 0.5138 0.7689 0.3805
vn 0.6539 0.6539 0.3806
vn 0.6929 0.4630 0.5528
vn 0.6561 0.2718 0.7041
vn 0.5490 0.1092 0.8286
vn 0.5893 0.5893 0.5528
vn 0.5905 0.3945 0.7040
vn 0.5172 0.2142 0.8286
vn 0.3804 0.0757 0.9217
vn 0.3879 -0.0000 0.9217
vn 0.2010 -0.0000 0.9796
vn 0.1971 -0.0392 0.9796
vn 0.1971 0.0392 0.9796
vn 0.3583 0.1484 0.9217
vn 0.4655 0.3110 0.8286
vn 0.5022 0.5022 0.7040
vn 0.4630 0.6929 0.5528
vn 0.3189 0.7699 0.5528
vn -0.3189 0.7699 0.5528
vn -0.1386 0.6965 0.7040
vn -0.1626 0.8173 0.5528
vn -0.0000 0.7102 0.7040
vn -0.0000 0.8333 0.5528
vn 0.1386 0.6965 0.7040
vn 0.1626 0.8173 0.5528
vn 0.2718 0.6561 0.7041
vn 0.3945 0.5905 0.7041
vn 0.3958 0.3958 0.8286
vn 0.3225 0.2155 0.9217
vn 0.1856 0.0769 0.9796
vn 0.1671 0.1116 0.9796
vn 0.2743 0.2743 0.9217
vn 0.3110 0.4655 0.8286
vn 0.1421 0.1421 0.9796
vn 0.2155 0.3225 0.9217
vn 0.2143 0.5172 0.8286
vn 0.1092 0.5490 0.8286
vn -0.0000 0.5598 0.8286
vn -0.1092 0.5490 0.8286
vn -0.2718 0.6561 0.7040
vn -0.2142 0.5172 0.8286
vn -0.3945 0.5905 0.7040
vn -0.3110 0.4654 0.8286
vn -0.5022 0.5022 0.7040
vn -0.3958 0.3959 0.8286
vn -0.2155 0.3225 0.9217
vn -0.1484 0.3583 0.9217
vn -0.0757 0.3804 0.9217
vn -0.0000 0.3879 0.9217
vn 0.0756 0.3804 0.9217
vn 0.1484 0.3583 0.9217
vn 0.1117 0.1671 0.9796
vn 0.0769 0.1857 0.9796
vn 0.0392 0.1971 0.9796
vn -0.0000 0.2010 0.9796
vn -0.0392 0.1971 0.9796
vn -0.0769 0.1857 0.9796
vn -0.1116 0.1671 0.9796
vn -0.2743 0.2743 0.9217
vn -0.1421 0.1421 0.9796
vn -0.5905 0.3945 0.7040
vn -0.4655 0.3110 0.8286
vn -0.6561 0.2718 0.7041
vn -0.5172 0.2142 0.8286
vn -0.6965 0.1385 0.7041
vn -0.5490 0.1092 0.8286
vn -0.3583 0.1485 0.9217
vn -0.3804 0.0757 0.9217
vn -0.1856 0.0769 0.9796
vn -0.1971 0.0392 0.9796
vn -0.1671 0.1116 0.9796
vn -0.3225 0.2155 0.9217
vn -0.3879 -0.0000 0.9217
vn -0.5598 -0.0000 0.8286
vn -0.7102 -0.0000 0.7040
vn -0.8333 -0.0000 0.5528
vn -0.8173 0.1626 0.5528
vn -0.7699 0.3189 0.5528
vn -0.6929 0.4630 0.5528
vn -0.5893 0.5893 0.5528
vn -0.4630 0.6929 0.5528
vn -0.8173 -0.1626 0.5528
vn -0.6965 -0.1386 0.7041
vn -0.5490 -0.1092 0.8286
vn -0.3804 -0.0757 0.9217
vn -0.2009 -0.0000 0.9796
vn -0.1971 -0.0392 0.9796
vn -0.9248 -0.0000 0.3805
vn -0.9070 0.1804 0.3806
vn -0.9070 -0.1804 0.3805
vn -0.8544 -0.3539 0.3806
vn -0.7699 -0.3189 0.5528
vn -0.6561 -0.2718 0.7041
vn -0.5172 -0.2142 0.8286
vn -0.3583 -0.1485 0.9217
vn -0.1856 -0.0769 0.9796
vn -0.3110 -0.4654 0.8286
vn -0.2743 -0.2742 0.9217
vn -0.3958 -0.3958 0.8286
vn -0.2155 -0.3225 0.9217
vn -0.1421 -0.1421 0.9796
vn -0.1116 -0.1671 0.9796
vn -0.1671 -0.1117 0.9796
vn -0.3225 -0.2155 0.9217
vn -0.4655 -0.3110 0.8286
vn -0.5905 -0.3945 0.7041
vn -0.6929 -0.4630 0.5528
vn -0.7689 -0.5138 0.3805
vn -0.8157 -0.5450 0.1939
vn -0.6937 -0.6937 0.1939
vn -0.6539 -0.6539 0.3805
vn -0.5893 -0.5893 0.5528
vn -0.5022 -0.5021 0.7040
vn -0.9808 -0.1951 -0.0000
vn -0.9810 -0.0000 0.1939
vn -1.0000 -0.0000 -0.0000
vn -0.9622 -0.1914 0.1939
vn -0.9239 -0.3827 -0.0000
vn -0.9063 -0.3754 0.1939
vn -0.8315 -0.5556 -0.0000
vn -0.7071 -0.7071 -0.0000
vn -0.5556 -0.8315 -0.0000
vn -0.5450 -0.8157 0.1939
vn -0.5138 -0.7689 0.3805
vn -0.4630 -0.6929 0.5528
vn -0.3946 -0.5905 0.7040
vn -0.0769 -0.1857 0.9796
vn -0.1484 -0.3583 0.9217
vn -0.2142 -0.5172 0.8286
vn -0.2717 -0.6561 0.7041
vn -0.3189 -0.7699 0.5528
vn -0.3539 -0.8544 0.3805
vn -0.3754 -0.9063 0.1939
vn -0.3827 -0.9239 -0.0000
vn -0.3754 -0.9063 -0.1939
vn -0.5450 -0.8157 -0.1939
vn -0.1914 -0.9622 -0.1939
vn -0.1951 -0.9808 -0.0000
vn -0.1914 -0.9622 0.1939
vn -0.1804 -0.9070 0.3805
vn -0.1626 -0.8173 0.5528
vn -0.1385 -0.6965 0.7041
vn -0.1092 -0.5490 0.8286
vn -0.0757 -0.3804 0.9217
vn -0.0392 -0.1971 0.9796
vn -0.0000 -0.9810 -0.1939
vn -0.0000 -1.0000 -0.0000
vn -0.0000 -0.9810 0.1939
vn -0.0000 -0.9248 0.3805
vn -0.0000 -0.8333 0.5528
vn -0.0000 -0.7101 0.7041
vn -0.0000 -0.5598 0.8286
vn -0.0000 -0.3879 0.9217
vn -0.0000 -0.2010 0.9796
vn 0.1804 -0.9070 0.3805
vn 0.1626 -0.8173 0.5528
vn 0.1385 -0.6965 0.7041
vn 0.1092 -0.5490 0.8286
vn 0.0757 -0.3804 0.9217
vn 0.0392 -0.1971 0.9796
vn 0.0769 -0.1856 0.9796
vn 0.2155 -0.3225 0.9217
vn 0.3958 -0.3958 0.8286
vn 0.9622 -0.1914 0.1939
vn 0.8544 -0.3539 0.3806
vn 0.6929 -0.4630 0.5528
vn 0.5022 -0.5021 0.7041
vn 0.3110 -0.4655 0.8286
vn 0.1484 -0.3583 0.9217
vn 0.2142 -0.5172 0.8286
vn 0.2717 -0.6561 0.7040
vn 0.3189 -0.7699 0.5528
vn 0.3945 -0.5905 0.7041
vn 0.5893 -0.5893 0.5528
vn 0.4630 -0.6929 0.5528
vn 0.7689 -0.5138 0.3805
vn 0.6539 -0.6539 0.3805
vn 0.5138 -0.7689 0.3805
vn 0.3539 -0.8544 0.3805
vn 0.9063 -0.3754 0.1939
vn 0.8157 -0.5450 0.1939
vn 0.6937 -0.6937 0.1939
vn 0.5450 -0.8157 0.1939
vn 0.3754 -0.9063 0.1939
vn 1.0000 -0.0000 -0.0000
vn 0.9808 -0.1951 -0.0000
vn 0.9239 -0.3827 -0.0000
vn 0.8315 -0.5556 -0.0000
vn 0.7071 -0.7071 -0.0000
vn 0.5556 -0.8315 -0.0000
vn 0.3827 -0.9239 -0.0000
vn 0.5138 -0.7689 -0.3805
vn 0.3754 -0.9063 -0.1939
vn 0.3539 -0.8544 -0.3805
vn 0.5450 -0.8157 -0.1939
vn 0.6937 -0.6937 -0.1939
vn 0.8157 -0.5450 -0.1939
vn 0.9063 -0.3754 -0.1939
vn 0.9622 -0.1914 -0.1939
vn 0.9810 -0.0000 -0.1939
vn 0.9622 0.1914 -0.1939
vn 0.6539 -0.6539 -0.3805
vn 0.7689 -0.5138 -0.3805
vn 0.8544 -0.3539 -0.3805
vn 0.9070 -0.1804 -0.3805
vn 0.9248 -0.0000 -0.3806
vn 0.9070 0.1804 -0.3805
vn 0.3189 -0.7699 -0.5527
vn 0.1804 -0.9070 -0.3805
vn 0.1626 -0.8173 -0.5528
vn 0.4630 -0.6929 -0.5527
vn 0.5893 -0.5893 -0.5528
vn 0.6929 -0.4630 -0.5528
vn 0.7699 -0.3189 -0.5528
vn 0.8173 -0.1626 -0.5527
vn 0.8333 -0.0000 -0.5527
vn 0.8173 0.1626 -0.5528
vn 0.7699 0.3189 -0.5528
vn -0.0000 -0.7101 -0.7041
vn -0.0000 -0.8334 -0.5527
vn -0.1626 -0.8173 -0.5528
vn 0.1385 -0.6965 -0.7041
vn 0.2717 -0.6561 -0.7041
vn 0.3946 -0.5905 -0.7041
vn 0.5022 -0.5021 -0.7041
vn 0.5905 -0.3945 -0.7041
vn 0.6561 -0.2718 -0.7041
vn 0.6965 -0.1386 -0.7041
vn 0.7102 -0.0000 -0.7041
vn 0.6965 0.1385 -0.7041
vn 0.2142 -0.5172 -0.8287
vn 0.3110 -0.4654 -0.8287
vn 0.3958 -0.3958 -0.8286
vn 0.4654 -0.3110 -0.8286
vn 0.5172 -0.2142 -0.8286
vn 0.5490 -0.1092 -0.8286
vn 0.5598 -0.0000 -0.8286
vn 0.5490 0.1092 -0.8286
vn 0.5172 0.2142 -0.8286
vn 0.6561 0.2718 -0.7041
vn 0.4654 0.3110 -0.8286
vn 0.3225 0.2155 -0.9217
vn 0.3584 0.1484 -0.9217
vn 0.3804 0.0757 -0.9217
vn 0.3879 -0.0000 -0.9217
vn 0.3804 -0.0757 -0.9217
vn 0.3584 -0.1484 -0.9217
vn 0.3225 -0.2155 -0.9217
vn 0.2743 -0.2743 -0.9217
vn 0.2155 -0.3225 -0.9217
vn 0.1484 -0.3584 -0.9217
vn -0.0392 -0.1971 -0.9796
vn -0.0757 -0.3804 -0.9217
vn -0.1484 -0.3584 -0.9217
vn -0.0000 -0.2010 -0.9796
vn -0.0000 -0.3879 -0.9217
vn 0.0392 -0.1971 -0.9796
vn 0.0757 -0.3804 -0.9217
vn 0.0769 -0.1857 -0.9796
vn 0.1117 -0.1671 -0.9796
vn 0.1421 -0.1421 -0.9796
vn 0.1671 -0.1117 -0.9796
vn 0.1857 -0.0769 -0.9796
vn 0.1971 -0.0392 -0.9796
vn 0.2010 -0.0000 -0.9796
vn 0.1092 -0.5490 -0.8286
vn -0.0000 -0.5598 -0.8286
vn -0.1092 -0.5490 -0.8286
vn -0.2142 -0.5171 -0.8287
vn -0.3110 -0.4654 -0.8286
vn -0.2155 -0.3225 -0.9217
vn -0.3958 -0.3958 -0.8286
vn -0.2743 -0.2743 -0.9217
vn -0.4654 -0.3110 -0.8286
vn -0.3225 -0.2155 -0.9217
vn -0.5172 -0.2142 -0.8286
vn -0.3584 -0.1485 -0.9217
vn -0.5490 -0.1092 -0.8286
vn -0.3804 -0.0757 -0.9217
vn -0.6965 -0.1386 -0.7041
vn -0.7102 -0.0000 -0.7040
vn -0.6561 -0.2718 -0.7041
vn -0.5905 -0.3945 -0.7041
vn -0.5022 -0.5021 -0.7041
vn -0.3945 -0.5905 -0.7041
vn -0.2717 -0.6561 -0.7041
vn -0.1385 -0.6965 -0.7041
vn -0.6965 0.1386 -0.7041
vn -0.8173 0.1626 -0.5528
vn -0.7699 0.3189 -0.5528
vn -0.8333 -0.0000 -0.5527
vn -0.8173 -0.1626 -0.5528
vn -0.7699 -0.3189 -0.5528
vn -0.6929 -0.4630 -0.5527
vn -0.5893 -0.5893 -0.5527
vn -0.4630 -0.6929 -0.5527
vn -0.3189 -0.7699 -0.5527
vn -0.5893 0.5893 -0.5527
vn -0.5138 0.7689 -0.3805
vn -0.4630 0.6929 -0.5527
vn -0.6539 0.6539 -0.3805
vn -0.6929 0.4630 -0.5527
vn -0.7689 0.5138 -0.3806
vn -0.8544 0.3539 -0.3806
vn -0.9070 0.1804 -0.3805
vn -0.9248 -0.0000 -0.3805
vn -0.9070 -0.1804 -0.3805
vn -0.8544 -0.3539 -0.3805
vn -0.7689 -0.5138 -0.3805
vn -0.6539 -0.6539 -0.3805
vn -0.9622 0.1914 -0.1939
vn -0.9810 -0.0000 -0.1939
vn -0.9622 -0.1914 -0.1939
vn -0.9063 -0.3754 -0.1939
vn -0.8157 -0.5450 -0.1939
vn -0.6937 -0.6937 -0.1939
vn -0.5138 -0.7689 -0.3805
vn -0.3539 -0.8544 -0.3805
vn -0.1804 -0.9070 -0.3805
vn -0.0000 -0.9248 -0.3805
vn 0.1914 -0.9622 -0.1939
vn 0.1951 -0.9808 -0.0000
vn 0.1914 -0.9622 0.1939
vn -0.0000 -0.7071 0.7071
vn -0.5774 -0.5773 -0.5774
vn 0.5774 -0.5774 -0.5774
vn -0.5773 -0.5774 -0.5774
vn 0.5774 -0.5774 -0.5773
vn -0.5774 -0.5774 -0.5774
vn 0.5774 0.5774 -0.5774
vn -0.5774 0.5774 -0.5774
vn 0.5774 0.5774 -0.5773
vn -0.5773 0.5773 -0.5774
vn 0.5774 0.5773 -0.5774
vn -0.5774 0.5773 -0.5774
vn -0.1671 0.1117 -0.9796
vn -0.2743 0.2743 -0.9217
vn -0.1421 0.1421 -0.9796
vn -0.3225 0.2155 -0.9217
vn -0.5598 -0.0000 -0.8286
vn -0.3879 -0.0000 -0.9217
vn -0.5490 0.1092 -0.8286
vn -0.3805 0.0757 -0.9217
vn -0.5172 0.2142 -0.8286
vn -0.3584 0.1485 -0.9217
vn -0.4654 0.3110 -0.8286
vn -0.3958 0.3958 -0.8286
vn -0.3110 0.4654 -0.8286
vn -0.2155 0.3225 -0.9217
vn -0.1117 0.1671 -0.9796
vn -0.0000 -0.0000 -1.0000
vn -0.1857 0.0769 -0.9796
vn -0.0769 0.1857 -0.9796
vn -0.1484 0.3584 -0.9217
vn -0.2142 0.5172 -0.8286
vn -0.2718 0.6561 -0.7040
vn -0.3945 0.5905 -0.7041
vn -0.5022 0.5022 -0.7040
vn -0.5905 0.3945 -0.7040
vn -0.6561 0.2718 -0.7041
vn -0.0769 -0.1857 -0.9796
vn -0.1117 -0.1671 -0.9796
vn -0.1421 -0.1421 -0.9796
vn -0.1671 -0.1117 -0.9796
vn -0.1857 -0.0769 -0.9796
vn -0.1971 -0.0392 -0.9796
vn -0.2010 -0.0000 -0.9796
vn -0.1971 0.0392 -0.9796
vn 0.5774 0.5773 0.5774
vn -0.5773 0.5773 0.5774
vn -0.5774 -0.5773 0.5773
vn 0.5773 -0.5774 0.5774
vn -0.0757 0.3804 -0.9217
vn -0.1092 0.5490 -0.8287
vn -0.0000 0.5598 -0.8286
vn -0.0000 0.7102 -0.7040
vn -0.1386 0.6965 -0.7040
vn -0.0392 0.1971 -0.9796
vn -0.0000 0.3879 -0.9217
vn 0.1092 0.5490 -0.8286
vn 0.1386 0.6965 -0.7040
vn 0.2718 0.6561 -0.7040
vn 0.3189 0.7699 -0.5528
vn 0.4630 0.6929 -0.5527
vn 0.1626 0.8173 -0.5528
vn -0.0000 0.8333 -0.5528
vn -0.1626 0.8173 -0.5528
vn -0.3189 0.7699 -0.5528
vn 0.6929 0.4630 -0.5528
vn 0.5893 0.5893 -0.5527
vn 0.1804 0.9070 -0.3805
vn -0.0000 0.9248 -0.3805
vn -0.1804 0.9070 -0.3805
vn -0.3539 0.8544 -0.3806
vn 0.1914 0.9622 -0.1939
vn -0.0000 0.9810 -0.1939
vn -0.1914 0.9622 -0.1939
vn -0.3754 0.9063 -0.1939
vn -0.5450 0.8157 -0.1939
vn -0.6937 0.6937 -0.1940
vn -0.8157 0.5450 -0.1939
vn -0.9063 0.3754 -0.1939
vn -0.5556 0.8315 -0.0000
vn -0.3827 0.9239 -0.0000
vn -0.1951 0.9808 -0.0000
vn -0.5450 0.8157 0.1939
vn -0.6937 0.6937 0.1939
vn -0.8315 0.5556 -0.0000
vn -0.8157 0.5450 0.1939
vn -0.9239 0.3827 -0.0000
vn -0.9063 0.3754 0.1939
vn -0.9808 0.1951 -0.0000
vn -0.9622 0.1914 0.1939
vn -0.8544 0.3539 0.3806
vn -0.7689 0.5138 0.3806
vn -0.6539 0.6539 0.3806
vn -0.5138 0.7689 0.3805
vn -0.3539 0.8544 0.3806
vn -0.5817 -0.0000 0.8134
vn 0.3015 0.3014 0.9046
vn 0.3015 -0.3015 0.9046
vn -0.7071 -0.0000 0.7071
vn 0.5817 -0.0000 0.8134
vn -0.8569 -0.0000 0.5154
vn 0.8568 -0.0000 0.5156
vn 0.7071 -0.0000 0.7071
vn 0.1971 0.0392 -0.9796
vn 0.1857 0.0769 -0.9796
vn 0.1671 0.1117 -0.9796
vn 0.1421 0.1421 -0.9796
vn 0.2743 0.2743 -0.9217
vn 0.1117 0.1671 -0.9796
vn 0.5905 0.3945 -0.7041
vn 0.3958 0.3958 -0.8286
vn 0.5022 0.5022 -0.7040
vn 0.3110 0.4654 -0.8287
vn 0.3945 0.5905 -0.7041
vn 0.2142 0.5171 -0.8286
vn 0.1484 0.3584 -0.9217
vn 0.0757 0.3804 -0.9217
vn 0.0392 0.1971 -0.9796
vn -0.0000 0.2010 -0.9796
vn 0.0769 0.1857 -0.9796
vn 0.2155 0.3225 -0.9217
vt 0.398000 0.127240
vt 0.398000 0.135218
vt 0.398016 0.135217
vt 0.398000 0.119244
vt 0.398016 0.111303
vt 0.398016 0.119244
vt 0.398000 0.111303
vt 0.398000 0.087334
vt 0.398016 0.087334
vt 0.398000 0.135217
vt 0.475476 0.238762
vt 0.524524 0.172645
vt 0.524524 0.238762
vt 0.475476 0.172645
vt 0.426128 0.238762
vt 0.475175 0.172645
vt 0.475175 0.238762
vt 0.426128 0.172645
vt 0.524825 0.238762
vt 0.573872 0.172645
vt 0.573872 0.238762
vt 0.524825 0.172645
vt 0.475476 0.305319
vt 0.524524 0.239203
vt 0.524524 0.305319
vt 0.475476 0.239203
vt 0.426128 0.305319
vt 0.475175 0.239203
vt 0.475175 0.305319
vt 0.426128 0.239203
vt 0.524825 0.305319
vt 0.573872 0.239203
vt 0.573872 0.305319
vt 0.524825 0.239203
vt 0.475476 0.372471
vt 0.524524 0.306355
vt 0.524524 0.372471
vt 0.475476 0.306355
vt 0.426128 0.372471
vt 0.475175 0.306355
vt 0.475175 0.372471
vt 0.426128 0.306355
vt 0.524825 0.372471
vt 0.573872 0.306355
vt 0.573872 0.372471
vt 0.524825 0.306355
vt 0.475476 0.438889
vt 0.524524 0.372772
vt 0.524524 0.438889
vt 0.475476 0.372772
vt 0.426128 0.438889
vt 0.475175 0.372772
vt 0.475175 0.438889
vt 0.426128 0.372772
vt 0.524825 0.438889
vt 0.573872 0.372772
vt 0.573872 0.438889
vt 0.524825 0.372772
vt 0.475476 0.505306
vt 0.524524 0.439190
vt 0.524524 0.505306
vt 0.475476 0.439190
vt 0.426128 0.505306
vt 0.475175 0.439190
vt 0.475175 0.505306
vt 0.426128 0.439190
vt 0.524825 0.505306
vt 0.573872 0.439190
vt 0.573872 0.505306
vt 0.524825 0.439190
vt 0.475476 0.571723
vt 0.524524 0.505607
vt 0.524524 0.571723
vt 0.475476 0.505607
vt 0.426128 0.571723
vt 0.475175 0.505607
vt 0.475175 0.571723
vt 0.426128 0.505607
vt 0.524825 0.571723
vt 0.573872 0.505607
vt 0.573872 0.571723
vt 0.524825 0.505607
vt 0.398721 0.135217
vt 0.398721 0.080492
vt 0.398000 0.080492
vt 0.635761 0.606464
vt 0.425884 0.573265
vt 0.574139 0.573265
vt 0.364245 0.606464
vt 0.636297 0.079844
vt 0.575057 0.571990
vt 0.575057 0.114770
vt 0.636297 0.606918
vt 0.364059 0.079934
vt 0.574427 0.114124
vt 0.425186 0.114124
vt 0.635539 0.079934
vt 0.364317 0.605373
vt 0.424641 0.115004
vt 0.424641 0.572324
vt 0.364379 0.080288
vt 0.732641 0.372959
vt 0.744124 0.372959
vt 0.744124 0.348249
vt 0.732641 0.348249
vt 0.699923 0.355674
vt 0.701035 0.355783
vt 0.698811 0.355783
vt 0.697741 0.356108
vt 0.694222 0.361375
vt 0.695891 0.357344
vt 0.696755 0.356635
vt 0.702105 0.356108
vt 0.703090 0.356635
vt 0.703954 0.357344
vt 0.699923 0.367076
vt 0.695891 0.365406
vt 0.695183 0.364542
vt 0.703090 0.366115
vt 0.702105 0.366642
vt 0.705190 0.363557
vt 0.705190 0.359193
vt 0.705624 0.361375
vt 0.705514 0.360263
vt 0.704663 0.358208
vt 0.703954 0.365406
vt 0.705514 0.362487
vt 0.704663 0.364542
vt 0.697741 0.366642
vt 0.694656 0.359193
vt 0.695183 0.358208
vt 0.694331 0.360263
vt 0.694656 0.363557
vt 0.694331 0.362487
vt 0.696755 0.366115
vt 0.698811 0.366967
vt 0.701035 0.366967
vt 0.709021 0.367454
vt 0.710655 0.365820
vt 0.710032 0.365562
vt 0.707660 0.358170
vt 0.705394 0.357719
vt 0.706886 0.356722
vt 0.709021 0.357607
vt 0.709581 0.359454
vt 0.710655 0.359240
vt 0.710865 0.361375
vt 0.711539 0.361375
vt 0.711316 0.363641
vt 0.711539 0.363686
vt 0.710865 0.365907
vt 0.709581 0.367829
vt 0.707660 0.369112
vt 0.708136 0.369589
vt 0.706002 0.370473
vt 0.706376 0.371033
vt 0.704110 0.371484
vt 0.704368 0.372107
vt 0.709770 0.367955
vt 0.710655 0.363510
vt 0.709770 0.361375
vt 0.708136 0.359741
vt 0.706002 0.358857
vt 0.703691 0.358857
vt 0.703128 0.358170
vt 0.701557 0.359741
vt 0.701207 0.359454
vt 0.699923 0.361375
vt 0.701844 0.360091
vt 0.702057 0.360491
vt 0.704110 0.359641
vt 0.708297 0.369750
vt 0.709581 0.363296
vt 0.708297 0.361375
vt 0.706376 0.360091
vt 0.704368 0.360491
vt 0.706503 0.361375
vt 0.708136 0.363009
vt 0.709021 0.365144
vt 0.706503 0.371223
vt 0.704455 0.372317
vt 0.702233 0.372991
vt 0.702189 0.372768
vt 0.695478 0.372107
vt 0.697788 0.372107
vt 0.697657 0.372768
vt 0.699923 0.372317
vt 0.699923 0.372991
vt 0.702057 0.372107
vt 0.708111 0.366846
vt 0.707660 0.364580
vt 0.706376 0.362659
vt 0.706886 0.368338
vt 0.706886 0.366028
vt 0.706002 0.363893
vt 0.704368 0.362259
vt 0.704455 0.361375
vt 0.702233 0.361375
vt 0.702189 0.360924
vt 0.702189 0.361826
vt 0.704110 0.363109
vt 0.705394 0.365031
vt 0.705845 0.367297
vt 0.705394 0.369563
vt 0.703691 0.370473
vt 0.696154 0.370473
vt 0.698289 0.369589
vt 0.698002 0.371033
vt 0.699923 0.369750
vt 0.699923 0.371223
vt 0.701557 0.369589
vt 0.701844 0.371033
vt 0.703128 0.369112
vt 0.704576 0.368338
vt 0.704576 0.366028
vt 0.703691 0.363893
vt 0.702057 0.362259
vt 0.701844 0.362659
vt 0.703128 0.364580
vt 0.703578 0.366846
vt 0.701557 0.363009
vt 0.702441 0.365144
vt 0.702441 0.367454
vt 0.701207 0.367829
vt 0.699923 0.367955
vt 0.698639 0.367828
vt 0.696718 0.369112
vt 0.697405 0.367454
vt 0.695270 0.368338
vt 0.696267 0.366846
vt 0.694001 0.367297
vt 0.695270 0.366028
vt 0.697405 0.365144
vt 0.698188 0.365562
vt 0.699039 0.365820
vt 0.699923 0.365907
vt 0.700807 0.365820
vt 0.701657 0.365562
vt 0.701207 0.363296
vt 0.700807 0.363510
vt 0.700374 0.363641
vt 0.699923 0.363686
vt 0.699472 0.363641
vt 0.699039 0.363510
vt 0.698639 0.363296
vt 0.696718 0.364580
vt 0.698289 0.363009
vt 0.692960 0.366028
vt 0.694452 0.365031
vt 0.692186 0.364580
vt 0.693844 0.363893
vt 0.691709 0.363009
vt 0.693469 0.362659
vt 0.695736 0.363109
vt 0.695478 0.362259
vt 0.697788 0.362259
vt 0.697657 0.361826
vt 0.698002 0.362659
vt 0.696154 0.363893
vt 0.695391 0.361375
vt 0.693343 0.361375
vt 0.691548 0.361375
vt 0.690075 0.361375
vt 0.690265 0.363296
vt 0.690825 0.365144
vt 0.691735 0.366846
vt 0.692960 0.368338
vt 0.694452 0.369563
vt 0.690265 0.359454
vt 0.691709 0.359741
vt 0.693469 0.360091
vt 0.695478 0.360491
vt 0.697612 0.361375
vt 0.697657 0.360924
vt 0.688981 0.361375
vt 0.689191 0.363510
vt 0.689191 0.359240
vt 0.689814 0.357188
vt 0.690825 0.357607
vt 0.692186 0.358170
vt 0.693844 0.358857
vt 0.695736 0.359641
vt 0.697788 0.360491
vt 0.696267 0.355904
vt 0.696718 0.358170
vt 0.695270 0.356722
vt 0.697405 0.357607
vt 0.698289 0.359741
vt 0.698639 0.359454
vt 0.698002 0.360091
vt 0.696154 0.358857
vt 0.694452 0.357719
vt 0.692960 0.356722
vt 0.691735 0.355904
vt 0.690825 0.355296
vt 0.690265 0.354922
vt 0.691709 0.353161
vt 0.692186 0.353638
vt 0.692960 0.354412
vt 0.694001 0.355453
vt 0.688307 0.359064
vt 0.688307 0.361375
vt 0.688079 0.361375
vt 0.688530 0.359109
vt 0.688981 0.356843
vt 0.689191 0.356930
vt 0.690075 0.354795
vt 0.691548 0.353000
vt 0.693343 0.351528
vt 0.693469 0.351717
vt 0.693844 0.352277
vt 0.694452 0.353187
vt 0.695270 0.354412
vt 0.699039 0.359240
vt 0.698188 0.357188
vt 0.697405 0.355296
vt 0.696718 0.353638
vt 0.696154 0.352277
vt 0.695736 0.351266
vt 0.695478 0.350643
vt 0.695391 0.350433
vt 0.697657 0.349982
vt 0.697612 0.349759
vt 0.697788 0.350643
vt 0.698002 0.351717
vt 0.698289 0.353161
vt 0.698639 0.354922
vt 0.699039 0.356930
vt 0.699472 0.359109
vt 0.699923 0.349759
vt 0.699923 0.349532
vt 0.699923 0.350433
vt 0.699923 0.351528
vt 0.699923 0.353000
vt 0.699923 0.354795
vt 0.699923 0.356843
vt 0.699923 0.359064
vt 0.702057 0.350643
vt 0.701844 0.351717
vt 0.701557 0.353161
vt 0.701207 0.354922
vt 0.700807 0.356930
vt 0.700374 0.359109
vt 0.700807 0.359240
vt 0.702441 0.357607
vt 0.704576 0.356722
vt 0.711316 0.359109
vt 0.710032 0.357188
vt 0.708111 0.355904
vt 0.705845 0.355453
vt 0.703578 0.355904
vt 0.701657 0.357188
vt 0.702441 0.355296
vt 0.703128 0.353638
vt 0.703691 0.352277
vt 0.704576 0.354412
vt 0.706886 0.354412
vt 0.705394 0.353187
vt 0.709021 0.355296
vt 0.707660 0.353638
vt 0.706002 0.352277
vt 0.704110 0.351266
vt 0.710655 0.356930
vt 0.709581 0.354922
vt 0.708136 0.353161
vt 0.706376 0.351717
vt 0.704368 0.350643
vt 0.711766 0.361375
vt 0.711539 0.359064
vt 0.710865 0.356843
vt 0.709770 0.354795
vt 0.708297 0.353000
vt 0.706503 0.351528
vt 0.704455 0.350433
vt 0.693844 0.370473
vt 0.692186 0.369112
vt 0.690825 0.367454
vt 0.689814 0.365562
vt 0.688530 0.363641
vt 0.702189 0.349982
vt 0.702233 0.349759
vt 0.398000 0.080490
vt 0.397800 0.080490
vt 0.397800 0.087334
vt 0.398000 0.095312
vt 0.397800 0.087370
vt 0.397800 0.095312
vt 0.398000 0.087370
vt 0.398000 0.103289
vt 0.397800 0.095348
vt 0.397800 0.103289
vt 0.398000 0.095348
vt 0.398000 0.111267
vt 0.397800 0.103325
vt 0.397800 0.111267
vt 0.398000 0.103325
vt 0.397800 0.111303
vt 0.397800 0.119244
vt 0.398000 0.127222
vt 0.397800 0.119280
vt 0.397800 0.127222
vt 0.398000 0.119280
vt 0.398000 0.135199
vt 0.397800 0.127258
vt 0.397800 0.135199
vt 0.398000 0.127258
vt 0.524825 0.171907
vt 0.573872 0.114927
vt 0.524825 0.114927
vt 0.573872 0.171907
vt 0.426128 0.171907
vt 0.475175 0.114927
vt 0.426128 0.114927
vt 0.475175 0.171907
vt 0.475476 0.171907
vt 0.524524 0.114927
vt 0.475476 0.114927
vt 0.524524 0.171907
vt 0.744348 0.373183
vt 0.732417 0.373183
vt 0.732417 0.348025
vt 0.744348 0.348025
vt 0.695736 0.371484
vt 0.693469 0.371033
vt 0.691709 0.369589
vt 0.690265 0.367829
vt 0.689191 0.365820
vt 0.693343 0.371223
vt 0.695391 0.372317
vt 0.697612 0.372991
vt 0.699923 0.373219
vt 0.691548 0.369750
vt 0.690075 0.367955
vt 0.688981 0.365907
vt 0.688307 0.363686
vt 0.398016 0.080490
vt 0.364319 0.080374
vt 0.424643 0.572325
vt 0.424643 0.114969
vt 0.364319 0.605429
vt 0.635697 0.079876
vt 0.425188 0.114081
vt 0.574418 0.114081
vt 0.363901 0.079876
vt 0.636281 0.606915
vt 0.575045 0.114729
vt 0.575045 0.571991
vt 0.636281 0.079847
vt 0.364064 0.606533
vt 0.574130 0.573266
vt 0.425886 0.573266
vt 0.635944 0.606533
vt 0.619328 0.596021
vt 0.619328 0.092128
vt 0.384092 0.596021
vt 0.384092 0.092128
vt 0.398016 0.095312
vt 0.398016 0.087370
vt 0.398016 0.127258
vt 0.398016 0.135199
vt 0.398016 0.095348
vt 0.398016 0.103289
vt 0.398016 0.127240
vt 0.398016 0.127222
vt 0.398016 0.119280
vt 0.398016 0.119262
vt 0.398016 0.111285
vt 0.398016 0.111267
vt 0.398016 0.103307
vt 0.398016 0.103325
vt 0.398016 0.095330
vt 0.398016 0.087352
vt 0.398016 0.080477
vt 0.398000 0.119262
vt 0.398000 0.111285
vt 0.398000 0.103307
vt 0.398000 0.095330
vt 0.398000 0.087352
vt 0.398000 0.080477
s 1
usemtl uv
f 710/532/706 711/533/707 712/534/708
f 713/535/709 714/536/710 715/537/711
f 713/535/709 716/538/709 714/536/710
f 717/539/709 718/540/712 719/540/713
f 717/539/709 720/539/709 718/540/712
f 711/533/707 721/534/714 712/534/708
f 711/533/707 722/541/715 721/534/714
f 722/541/715 723/534/714 721/534/714
f 722/541/715 724/541/715 723/534/714
f 724/541/715 725/534/716 723/534/714
f 724/541/715 726/533/717 725/534/716
f 727/542/709 728/543/709 729/544/709
f 727/542/709 730/545/709 728/543/709
f 731/546/709 732/547/709 733/548/709
f 731/546/709 734/549/709 732/547/709
f 735/550/709 736/551/709 737/552/709
f 735/550/709 738/553/709 736/551/709
f 739/554/709 740/555/709 741/556/709
f 739/554/709 742/557/709 740/555/709
f 743/558/709 744/559/709 745/560/709
f 743/558/709 746/561/709 744/559/709
f 747/562/709 748/563/709 749/564/709
f 747/562/709 750/565/709 748/563/709
f 751/566/709 752/567/709 753/568/709
f 751/566/709 754/569/709 752/567/709
f 755/570/709 756/571/709 757/572/709
f 755/570/709 758/573/709 756/571/709
f 759/574/709 760/575/709 761/576/709
f 759/574/709 762/577/709 760/575/709
f 763/578/709 764/579/709 765/580/709
f 763/578/709 766/581/709 764/579/709
f 767/582/709 716/583/709 713/584/709
f 767/582/709 768/585/709 716/583/709
f 769/586/709 770/587/709 771/588/709
f 769/586/709 772/589/709 770/587/709
f 773/590/709 774/591/709 775/592/709
f 773/590/709 776/593/709 774/591/709
f 777/594/709 778/595/709 779/596/709
f 777/594/709 780/597/709 778/595/709
f 781/598/709 782/599/709 783/600/709
f 781/598/709 784/601/709 782/599/709
f 785/602/709 786/603/709 787/604/709
f 785/602/709 788/605/709 786/603/709
f 789/606/709 790/607/709 791/608/709
f 789/606/709 792/609/709 790/607/709
f 793/610/709 794/611/709 795/612/709
f 793/610/709 796/613/709 794/611/709
f 797/614/718 726/533/717 711/533/707
f 797/614/718 798/614/719 726/533/717
f 799/615/710 711/533/707 800/616/720
f 799/615/710 797/614/718 711/533/707
f 798/614/719 801/616/721 726/533/717
f 798/614/719 802/615/722 801/616/721
f 803/617/723 798/618/719 797/619/718
f 803/617/723 804/620/724 798/618/719
f 805/621/725 797/622/718 799/623/710
f 805/621/725 803/624/723 797/622/718
f 806/625/726 799/626/710 802/627/722
f 806/625/726 805/628/725 799/626/710
f 804/629/724 802/630/722 798/631/719
f 804/629/724 806/632/726 802/630/722
f 804/633/724 807/634/722 808/633/710
f 804/633/724 803/634/723 807/634/722
f 803/634/723 809/635/713 807/634/722
f 803/634/723 805/635/725 809/635/713
f 805/635/725 810/636/711 809/635/713
f 805/635/725 806/636/726 810/636/711
f 806/636/726 808/633/710 810/636/711
f 806/636/726 804/633/724 808/633/710
f 802/615/722 800/616/720 801/616/721
f 802/615/722 799/615/710 800/616/720
f 811/637/727 812/638/728 813/637/729
f 814/639/730 811/637/727 813/637/729
f 811/637/727 814/639/730 815/640/731
f 815/640/731 814/639/730 816/639/732
f 815/640/731 816/639/732 817/640/733
f 817/640/733 816/639/732 813/637/729
f 814/639/730 813/637/729 816/639/732
f 818/641/734 819/642/735 813/637/729
f 819/642/735 820/643/736 813/637/729
f 820/643/736 817/640/733 813/637/729
f 821/643/737 817/640/733 820/643/736
f 821/643/737 815/640/731 817/640/733
f 815/640/731 821/643/737 822/642/738
f 815/640/731 822/642/738 823/644/739
f 823/644/739 811/637/727 815/640/731
f 823/644/739 824/638/740 811/637/727
f 811/637/727 824/638/740 812/638/728
f 824/638/740 825/644/741 812/638/728
f 813/637/729 812/638/728 825/644/741
f 825/644/741 826/645/742 813/637/729
f 826/645/742 827/646/743 813/637/729
f 828/645/744 827/646/743 826/645/742
f 828/645/744 829/646/745 827/646/743
f 824/638/740 823/644/739 825/644/741
f 823/644/739 826/645/742 825/644/741
f 822/642/738 820/643/736 819/642/735
f 822/642/738 821/643/737 820/643/736
f 813/637/729 827/646/743 830/647/746
f 830/647/746 831/648/747 813/637/729
f 831/648/747 818/641/734 813/637/729
f 831/648/747 832/649/748 818/641/734
f 833/648/749 832/649/748 831/648/747
f 834/650/750 835/651/751 830/647/746
f 836/650/752 835/651/751 834/650/750
f 823/644/739 828/645/744 826/645/742
f 829/646/745 828/645/744 823/644/739
f 829/646/745 823/644/739 837/652/753
f 838/653/754 829/646/745 837/652/753
f 837/652/753 839/654/755 838/653/754
f 839/654/755 840/655/756 838/653/754
f 840/655/756 839/654/755 841/654/757
f 840/655/756 841/654/757 842/655/758
f 843/653/759 842/655/758 841/654/757
f 838/653/754 842/655/758 843/653/759
f 844/656/760 838/653/754 843/653/759
f 838/653/754 844/656/760 829/646/745
f 829/646/745 844/656/760 845/656/761
f 829/646/745 845/656/761 827/646/743
f 827/646/743 845/656/761 841/654/757
f 827/646/743 841/654/757 830/647/746
f 841/654/757 846/657/762 830/647/746
f 846/657/762 834/650/750 830/647/746
f 844/656/760 843/653/759 845/656/761
f 845/656/761 843/653/759 841/654/757
f 838/653/754 840/655/756 842/655/758
f 839/654/755 847/658/763 841/654/757
f 837/652/753 848/658/764 839/654/755
f 848/658/764 837/652/753 849/652/765
f 837/652/753 850/659/766 849/652/765
f 837/652/753 851/659/767 850/659/766
f 839/654/755 848/658/764 847/658/763
f 848/658/764 849/652/765 847/658/763
f 841/654/757 847/658/763 849/652/765
f 849/652/765 850/659/766 841/654/757
f 850/659/766 846/657/762 841/654/757
f 851/659/767 846/657/762 850/659/766
f 851/659/767 852/657/768 846/657/762
f 852/657/768 851/659/767 837/652/753
f 852/657/768 837/652/753 853/660/769
f 853/660/769 837/652/753 823/644/739
f 823/644/739 854/661/770 853/660/769
f 822/642/738 854/661/770 823/644/739
f 822/642/738 855/662/771 854/661/770
f 855/662/771 822/642/738 819/642/735
f 855/662/771 819/642/735 856/662/772
f 856/662/772 819/642/735 818/641/734
f 857/661/773 856/662/772 818/641/734
f 818/641/734 858/663/774 857/661/773
f 859/663/775 854/661/770 857/661/773
f 854/661/770 856/662/772 857/661/773
f 854/661/770 855/662/771 856/662/772
f 859/663/775 857/661/773 858/663/774
f 860/641/776 859/663/775 858/663/774
f 854/661/770 859/663/775 860/641/776
f 854/661/770 860/641/776 861/664/777
f 861/664/777 833/648/749 854/661/770
f 861/664/777 862/649/778 833/648/749
f 833/648/749 862/649/778 832/649/748
f 862/649/778 863/664/779 832/649/748
f 832/649/748 863/664/779 818/641/734
f 863/664/779 864/665/780 818/641/734
f 865/665/781 818/641/734 864/665/780
f 861/664/777 865/665/781 864/665/780
f 860/641/776 865/665/781 861/664/777
f 865/665/781 860/641/776 818/641/734
f 860/641/776 858/663/774 818/641/734
f 862/649/778 861/664/777 863/664/779
f 861/664/777 864/665/780 863/664/779
f 833/648/749 853/660/769 854/661/770
f 833/648/749 866/666/782 853/660/769
f 866/666/782 833/648/749 831/648/747
f 866/666/782 831/648/747 867/666/783
f 867/666/783 831/648/747 830/647/746
f 868/660/784 867/666/783 830/647/746
f 830/647/746 869/667/785 868/660/784
f 870/667/786 868/660/784 869/667/785
f 871/647/787 870/667/786 869/667/785
f 853/660/769 870/667/786 871/647/787
f 870/667/786 853/660/769 868/660/784
f 853/660/769 867/666/783 868/660/784
f 853/660/769 866/666/782 867/666/783
f 871/647/787 869/667/785 830/647/746
f 852/657/768 834/650/750 846/657/762
f 852/657/768 836/650/752 834/650/750
f 872/651/788 836/650/752 852/657/768
f 836/650/752 872/651/788 835/651/751
f 872/651/788 873/668/789 835/651/751
f 835/651/751 873/668/789 830/647/746
f 874/668/790 830/647/746 873/668/789
f 874/668/790 871/647/787 830/647/746
f 871/647/787 874/668/790 872/651/788
f 853/660/769 871/647/787 872/651/788
f 872/651/788 852/657/768 853/660/769
f 872/651/788 874/668/790 873/668/789
f 875/669/791 876/670/792 877/671/793
f 878/672/794 879/673/795 880/674/796
f 881/675/797 878/672/794 880/674/796
f 882/676/798 878/672/794 881/675/797
f 883/677/799 882/676/798 881/675/797
f 884/678/800 882/676/798 883/677/799
f 885/679/801 884/678/800 883/677/799
f 886/680/802 884/678/800 885/679/801
f 887/681/803 886/680/802 885/679/801
f 888/682/804 886/680/802 887/681/803
f 876/670/792 888/682/804 887/681/803
f 889/683/805 888/682/804 876/670/792
f 875/669/791 889/683/805 876/670/792
f 890/684/806 889/683/805 875/669/791
f 890/684/806 891/685/807 889/683/805
f 892/686/808 891/685/807 890/684/806
f 892/686/808 893/687/809 891/685/807
f 894/688/810 893/687/809 892/686/808
f 894/688/810 895/689/811 893/687/809
f 896/690/812 897/670/813 888/682/804
f 888/682/804 897/670/813 886/680/802
f 897/670/813 898/691/814 886/680/802
f 886/680/802 898/691/814 884/678/800
f 898/691/814 899/692/815 884/678/800
f 884/678/800 899/692/815 882/676/798
f 899/692/815 900/693/816 882/676/798
f 882/676/798 900/693/816 878/672/794
f 900/693/816 901/694/817 878/672/794
f 878/672/794 901/694/817 879/673/795
f 901/694/817 902/695/818 879/673/795
f 879/673/795 902/695/818 903/696/819
f 902/695/818 904/697/820 903/696/819
f 903/696/819 904/697/820 905/698/821
f 904/697/820 906/699/709 905/698/821
f 907/700/822 906/699/709 904/697/820
f 908/701/823 906/699/709 907/700/822
f 909/702/824 908/701/823 907/700/822
f 910/703/721 911/683/825 896/690/812
f 896/690/812 911/683/825 897/670/813
f 911/683/825 912/671/826 897/670/813
f 897/670/813 912/671/826 898/691/814
f 912/671/826 913/704/827 898/691/814
f 898/691/814 913/704/827 899/692/815
f 913/704/827 914/705/828 899/692/815
f 899/692/815 914/705/828 900/693/816
f 914/705/828 915/706/829 900/693/816
f 900/693/816 915/706/829 901/694/817
f 915/706/829 909/702/824 901/694/817
f 901/694/817 909/702/824 902/695/818
f 909/702/824 907/700/822 902/695/818
f 902/695/818 907/700/822 904/697/820
f 916/707/830 908/701/823 909/702/824
f 915/706/829 916/707/830 909/702/824
f 917/708/831 916/707/830 915/706/829
f 914/705/828 917/708/831 915/706/829
f 918/709/832 917/708/831 914/705/828
f 913/704/827 918/709/832 914/705/828
f 919/710/833 918/709/832 913/704/827
f 912/671/826 919/710/833 913/704/827
f 920/669/834 919/710/833 912/671/826
f 911/683/825 920/669/834 912/671/826
f 921/685/835 920/669/834 911/683/825
f 910/703/721 921/685/835 911/683/825
f 922/711/836 921/685/835 910/703/721
f 922/711/836 923/687/837 921/685/835
f 924/712/838 923/687/837 922/711/836
f 924/712/838 925/689/839 923/687/837
f 926/713/840 925/689/839 924/712/838
f 926/713/840 927/714/841 925/689/839
f 928/715/842 929/716/843 930/717/844
f 930/717/844 929/716/843 931/718/845
f 930/717/844 931/718/845 932/719/846
f 932/719/846 931/718/845 933/720/847
f 932/719/846 933/720/847 927/714/841
f 927/714/841 933/720/847 934/688/848
f 927/714/841 934/688/848 925/689/839
f 925/689/839 934/688/848 935/686/849
f 925/689/839 935/686/849 923/687/837
f 923/687/837 935/686/849 936/684/850
f 923/687/837 936/684/850 921/685/835
f 921/685/835 936/684/850 920/669/834
f 936/684/850 937/721/851 920/669/834
f 920/669/834 937/721/851 919/710/833
f 937/721/851 938/722/852 919/710/833
f 919/710/833 938/722/852 918/709/832
f 938/722/852 939/723/853 918/709/832
f 918/709/832 939/723/853 917/708/831
f 935/686/849 940/724/854 936/684/850
f 936/684/850 940/724/854 937/721/851
f 940/724/854 941/725/855 937/721/851
f 937/721/851 941/725/855 938/722/852
f 941/725/855 942/726/856 938/722/852
f 938/722/852 942/726/856 939/723/853
f 942/726/856 943/727/857 939/723/853
f 939/723/853 943/727/857 944/728/858
f 943/727/857 945/729/859 944/728/858
f 944/728/858 945/729/859 946/730/860
f 939/723/853 944/728/858 917/708/831
f 917/708/831 944/728/858 916/707/830
f 944/728/858 946/730/860 916/707/830
f 916/707/830 946/730/860 908/701/823
f 946/730/860 906/699/709 908/701/823
f 945/729/859 906/699/709 946/730/860
f 947/731/861 906/699/709 945/729/859
f 943/727/857 947/731/861 945/729/859
f 948/732/862 947/731/861 943/727/857
f 942/726/856 948/732/862 943/727/857
f 949/733/863 948/732/862 942/726/856
f 941/725/855 949/733/863 942/726/856
f 950/734/864 949/733/863 941/725/855
f 940/724/854 950/734/864 941/725/855
f 951/735/865 950/734/864 940/724/854
f 935/686/849 951/735/865 940/724/854
f 934/688/848 951/735/865 935/686/849
f 934/688/848 952/736/866 951/735/865
f 953/737/867 954/738/868 955/739/869
f 955/739/869 954/738/868 956/740/870
f 955/739/869 956/740/870 957/741/871
f 957/741/871 956/740/870 958/742/872
f 957/741/871 958/742/872 959/743/873
f 959/743/873 958/742/872 960/744/874
f 959/743/873 960/744/874 952/736/866
f 952/736/866 960/744/874 961/745/875
f 952/736/866 961/745/875 951/735/865
f 951/735/865 961/745/875 950/734/864
f 961/745/875 962/746/876 950/734/864
f 950/734/864 962/746/876 949/733/863
f 962/746/876 963/747/877 949/733/863
f 949/733/863 963/747/877 948/732/862
f 963/747/877 964/748/878 948/732/862
f 948/732/862 964/748/878 947/731/861
f 964/748/878 906/699/709 947/731/861
f 965/749/879 906/699/709 964/748/878
f 963/747/877 965/749/879 964/748/878
f 966/750/880 965/749/879 963/747/877
f 962/746/876 966/750/880 963/747/877
f 967/751/881 966/750/880 962/746/876
f 961/745/875 967/751/881 962/746/876
f 960/744/874 967/751/881 961/745/875
f 968/752/882 906/699/709 965/749/879
f 966/750/880 968/752/882 965/749/879
f 969/753/883 968/752/882 966/750/880
f 967/751/881 969/753/883 966/750/880
f 970/754/884 969/753/883 967/751/881
f 960/744/874 970/754/884 967/751/881
f 958/742/872 970/754/884 960/744/874
f 958/742/872 971/755/885 970/754/884
f 956/740/870 971/755/885 958/742/872
f 956/740/870 972/756/886 971/755/885
f 954/738/868 972/756/886 956/740/870
f 954/738/868 973/757/887 972/756/886
f 974/758/888 973/757/887 954/738/868
f 974/758/888 975/759/889 973/757/887
f 976/760/890 975/759/889 974/758/888
f 976/760/890 977/761/891 975/759/889
f 978/762/892 977/761/891 976/760/890
f 978/762/892 979/763/893 977/761/891
f 979/763/893 980/764/894 977/761/891
f 977/761/891 980/764/894 981/765/895
f 977/761/891 981/765/895 975/759/889
f 975/759/889 981/765/895 982/766/896
f 975/759/889 982/766/896 973/757/887
f 973/757/887 982/766/896 983/767/897
f 973/757/887 983/767/897 972/756/886
f 972/756/886 983/767/897 984/768/898
f 972/756/886 984/768/898 971/755/885
f 971/755/885 984/768/898 985/769/899
f 971/755/885 985/769/899 970/754/884
f 970/754/884 985/769/899 969/753/883
f 985/769/899 986/770/900 969/753/883
f 969/753/883 986/770/900 968/752/882
f 986/770/900 906/699/709 968/752/882
f 987/771/901 906/699/709 986/770/900
f 988/772/902 906/699/709 987/771/901
f 984/768/898 988/772/902 987/771/901
f 985/769/899 987/771/901 986/770/900
f 984/768/898 987/771/901 985/769/899
f 983/767/897 988/772/902 984/768/898
f 983/767/897 989/773/903 988/772/902
f 982/766/896 989/773/903 983/767/897
f 982/766/896 990/774/904 989/773/903
f 981/765/895 990/774/904 982/766/896
f 981/765/895 991/775/905 990/774/904
f 980/764/894 991/775/905 981/765/895
f 980/764/894 992/776/906 991/775/905
f 993/777/907 992/776/906 980/764/894
f 993/777/907 994/778/908 992/776/906
f 994/778/908 906/699/709 992/776/906
f 992/776/906 906/699/709 991/775/905
f 991/775/905 906/699/709 990/774/904
f 990/774/904 906/699/709 989/773/903
f 989/773/903 906/699/709 988/772/902
f 995/779/909 979/763/893 978/762/892
f 995/779/909 996/780/910 979/763/893
f 997/781/911 996/780/910 995/779/909
f 997/781/911 998/782/912 996/780/910
f 999/783/913 998/782/912 997/781/911
f 999/783/913 1000/784/914 998/782/912
f 1000/784/914 1001/785/915 998/782/912
f 1000/784/914 1002/786/916 1001/785/915
f 1002/786/916 1003/787/917 1001/785/915
f 1002/786/916 1004/788/918 1003/787/917
f 1004/788/918 906/699/709 1003/787/917
f 1003/787/917 906/699/709 1005/789/919
f 1005/789/919 906/699/709 994/778/908
f 1006/790/920 1005/789/919 994/778/908
f 1006/790/920 994/778/908 993/777/907
f 996/780/910 1006/790/920 993/777/907
f 996/780/910 993/777/907 979/763/893
f 979/763/893 993/777/907 980/764/894
f 998/782/912 1006/790/920 996/780/910
f 998/782/912 1001/785/915 1006/790/920
f 1001/785/915 1005/789/919 1006/790/920
f 1001/785/915 1003/787/917 1005/789/919
f 1007/791/921 1004/788/918 1002/786/916
f 1008/792/922 1007/791/921 1002/786/916
f 1008/792/922 1002/786/916 1000/784/914
f 1009/793/923 1008/792/922 1000/784/914
f 1009/793/923 1000/784/914 999/783/913
f 1010/794/924 1009/793/923 999/783/913
f 1010/794/924 999/783/913 1011/795/925
f 1011/795/925 999/783/913 997/781/911
f 1011/795/925 997/781/911 1012/796/926
f 1012/796/926 997/781/911 995/779/909
f 1012/796/926 995/779/909 1013/797/927
f 1013/797/927 995/779/909 978/762/892
f 1013/797/927 978/762/892 1014/798/928
f 1014/798/928 978/762/892 976/760/890
f 1014/798/928 976/760/890 1015/799/929
f 1015/799/929 976/760/890 974/758/888
f 1015/799/929 974/758/888 953/737/867
f 953/737/867 974/758/888 954/738/868
f 1016/800/930 1009/793/923 1010/794/924
f 1016/800/930 1017/801/931 1009/793/923
f 1017/801/931 1008/792/922 1009/793/923
f 1017/801/931 1018/802/932 1008/792/922
f 1018/802/932 1007/791/921 1008/792/922
f 1018/802/932 1019/803/933 1007/791/921
f 1019/803/933 1020/804/934 1007/791/921
f 1019/803/933 1021/805/935 1020/804/934
f 1022/806/936 1011/795/925 1023/807/937
f 1022/806/936 1010/794/924 1011/795/925
f 1024/808/938 1010/794/924 1022/806/936
f 1024/808/938 1016/800/930 1010/794/924
f 1025/809/939 1016/800/930 1024/808/938
f 1025/809/939 1026/810/940 1016/800/930
f 1026/810/940 1017/801/931 1016/800/930
f 1026/810/940 1027/811/941 1017/801/931
f 1027/811/941 1018/802/932 1017/801/931
f 1027/811/941 1028/812/942 1018/802/932
f 1028/812/942 1019/803/933 1018/802/932
f 1028/812/942 1029/813/943 1019/803/933
f 1029/813/943 1021/805/935 1019/803/933
f 1029/813/943 1030/814/944 1021/805/935
f 1030/814/944 906/699/709 1021/805/935
f 1021/805/935 906/699/709 1020/804/934
f 1020/804/934 906/699/709 1004/788/918
f 1007/791/921 1020/804/934 1004/788/918
f 1031/815/945 1032/816/946 1033/817/947
f 1031/815/945 1034/818/948 1032/816/946
f 1034/818/948 1035/819/949 1032/816/946
f 1034/818/948 1036/820/950 1035/819/949
f 1036/820/950 906/699/709 1035/819/949
f 1035/819/949 906/699/709 1037/821/951
f 1037/821/951 906/699/709 1030/814/944
f 1038/822/952 1037/821/951 1030/814/944
f 1038/822/952 1030/814/944 1029/813/943
f 1039/823/953 1038/822/952 1029/813/943
f 1039/823/953 1029/813/943 1028/812/942
f 1040/824/954 1039/823/953 1028/812/942
f 1040/824/954 1028/812/942 1027/811/941
f 1041/825/955 1040/824/954 1027/811/941
f 1041/825/955 1027/811/941 1026/810/940
f 1042/826/956 1041/825/955 1026/810/940
f 1042/826/956 1026/810/940 1025/809/939
f 1043/827/957 1042/826/956 1025/809/939
f 1044/828/958 1042/826/956 1043/827/957
f 1044/828/958 1045/829/959 1042/826/956
f 1045/829/959 1041/825/955 1042/826/956
f 1045/829/959 1046/830/960 1041/825/955
f 1046/830/960 1040/824/954 1041/825/955
f 1046/830/960 1047/831/961 1040/824/954
f 1047/831/961 1039/823/953 1040/824/954
f 1047/831/961 1033/817/947 1039/823/953
f 1033/817/947 1038/822/952 1039/823/953
f 1033/817/947 1032/816/946 1038/822/952
f 1032/816/946 1037/821/951 1038/822/952
f 1032/816/946 1035/819/949 1037/821/951
f 1048/832/962 1049/833/963 1050/834/964
f 1048/832/962 1051/835/965 1049/833/963
f 1052/836/966 1051/835/965 1048/832/962
f 1052/836/966 1053/837/967 1051/835/965
f 1054/838/968 1053/837/967 1052/836/966
f 1054/838/968 1043/827/957 1053/837/967
f 1055/839/969 1043/827/957 1054/838/968
f 1055/839/969 1044/828/958 1043/827/957
f 1056/840/970 1044/828/958 1055/839/969
f 1056/840/970 1057/841/971 1044/828/958
f 1057/841/971 1045/829/959 1044/828/958
f 1057/841/971 1058/842/972 1045/829/959
f 1058/842/972 1046/830/960 1045/829/959
f 1058/842/972 1059/843/973 1046/830/960
f 1059/843/973 1047/831/961 1046/830/960
f 1059/843/973 1060/844/974 1047/831/961
f 1060/844/974 1033/817/947 1047/831/961
f 1060/844/974 1031/815/945 1033/817/947
f 1061/845/975 906/699/709 1036/820/950
f 1062/846/976 1061/845/975 1036/820/950
f 1062/846/976 1036/820/950 1034/818/948
f 1063/847/977 1062/846/976 1034/818/948
f 1063/847/977 1034/818/948 1031/815/945
f 1064/848/978 1063/847/977 1031/815/945
f 1064/848/978 1031/815/945 1060/844/974
f 1065/849/979 1064/848/978 1060/844/974
f 1065/849/979 1060/844/974 1059/843/973
f 1066/850/980 1065/849/979 1059/843/973
f 1066/850/980 1059/843/973 1058/842/972
f 1067/851/981 1066/850/980 1058/842/972
f 1067/851/981 1058/842/972 1057/841/971
f 1068/852/982 1067/851/981 1057/841/971
f 1068/852/982 1057/841/971 1056/840/970
f 1069/851/983 1068/852/982 1056/840/970
f 1069/851/983 1056/840/970 1070/841/984
f 1070/841/984 1056/840/970 1055/839/969
f 1071/853/985 1068/852/982 1069/851/983
f 1071/853/985 1072/854/986 1068/852/982
f 1072/854/986 1067/851/981 1068/852/982
f 1072/854/986 1073/853/987 1067/851/981
f 1073/853/987 1066/850/980 1067/851/981
f 1073/853/987 1074/855/988 1066/850/980
f 1074/855/988 1065/849/979 1066/850/980
f 1074/855/988 1075/856/989 1065/849/979
f 1075/856/989 1064/848/978 1065/849/979
f 1075/856/989 1076/857/990 1064/848/978
f 1076/857/990 1063/847/977 1064/848/978
f 1076/857/990 1077/858/991 1063/847/977
f 1077/858/991 1062/846/976 1063/847/977
f 1077/858/991 1078/859/992 1062/846/976
f 1078/859/992 1061/845/975 1062/846/976
f 1078/859/992 1079/860/993 1061/845/975
f 1080/861/994 1072/854/986 1071/853/985
f 1080/861/994 1081/862/995 1072/854/986
f 1081/862/995 1073/853/987 1072/854/986
f 1081/862/995 1082/861/996 1073/853/987
f 1082/861/996 1074/855/988 1073/853/987
f 1082/861/996 1083/863/997 1074/855/988
f 1083/863/997 1075/856/989 1074/855/988
f 1083/863/997 1084/864/998 1075/856/989
f 1084/864/998 1076/857/990 1075/856/989
f 1084/864/998 1085/865/999 1076/857/990
f 1085/865/999 1077/858/991 1076/857/990
f 1085/865/999 1086/866/1000 1077/858/991
f 1086/866/1000 1078/859/992 1077/858/991
f 1086/866/1000 1087/867/1001 1078/859/992
f 1087/867/1001 1079/860/993 1078/859/992
f 1087/867/1001 1088/868/1002 1079/860/993
f 1088/868/1002 906/699/709 1079/860/993
f 1079/860/993 906/699/709 1061/845/975
f 1089/869/1003 1084/864/998 1083/863/997
f 1089/869/1003 1090/870/1004 1084/864/998
f 1090/870/1004 1085/865/999 1084/864/998
f 1090/870/1004 1091/871/1005 1085/865/999
f 1091/871/1005 1086/866/1000 1085/865/999
f 1091/871/1005 1092/872/1006 1086/866/1000
f 1092/872/1006 1087/867/1001 1086/866/1000
f 1092/872/1006 1093/873/1007 1087/867/1001
f 1093/873/1007 1088/868/1002 1087/867/1001
f 1093/873/1007 1094/874/1008 1088/868/1002
f 1094/874/1008 906/699/709 1088/868/1002
f 1095/875/1009 906/699/709 1094/874/1008
f 905/698/821 906/699/709 1095/875/1009
f 1096/876/1010 905/698/821 1095/875/1009
f 903/696/819 905/698/821 1096/876/1010
f 1097/877/1011 903/696/819 1096/876/1010
f 879/673/795 903/696/819 1097/877/1011
f 880/674/796 879/673/795 1097/877/1011
f 885/679/801 883/677/799 1098/878/1012
f 1098/878/1012 883/677/799 1099/879/1013
f 883/677/799 881/675/797 1099/879/1013
f 1099/879/1013 881/675/797 1100/880/1014
f 881/675/797 880/674/796 1100/880/1014
f 1100/880/1014 880/674/796 1101/881/1015
f 880/674/796 1097/877/1011 1101/881/1015
f 1101/881/1015 1097/877/1011 1102/882/1016
f 1097/877/1011 1096/876/1010 1102/882/1016
f 1102/882/1016 1096/876/1010 1103/883/1017
f 1096/876/1010 1095/875/1009 1103/883/1017
f 1103/883/1017 1095/875/1009 1094/874/1008
f 1103/883/1017 1094/874/1008 1093/873/1007
f 1104/884/1018 1103/883/1017 1093/873/1007
f 1104/884/1018 1093/873/1007 1092/872/1006
f 1105/885/1019 1104/884/1018 1092/872/1006
f 1105/885/1019 1092/872/1006 1091/871/1005
f 1106/886/1020 1105/885/1019 1091/871/1005
f 1102/882/1016 1103/883/1017 1104/884/1018
f 1101/881/1015 1102/882/1016 1107/887/1021
f 1107/887/1021 1102/882/1016 1104/884/1018
f 1107/887/1021 1104/884/1018 1105/885/1019
f 1100/880/1014 1101/881/1015 1108/888/1022
f 1108/888/1022 1101/881/1015 1107/887/1021
f 1108/888/1022 1107/887/1021 1109/889/1023
f 1109/889/1023 1107/887/1021 1105/885/1019
f 1109/889/1023 1105/885/1019 1106/886/1020
f 1099/879/1013 1100/880/1014 1110/890/1024
f 1110/890/1024 1100/880/1014 1108/888/1022
f 1110/890/1024 1108/888/1022 1111/891/1025
f 1111/891/1025 1108/888/1022 1109/889/1023
f 1111/891/1025 1109/889/1023 1112/892/1026
f 1112/892/1026 1109/889/1023 1106/886/1020
f 1112/892/1026 1106/886/1020 1113/893/1027
f 1098/878/1012 1099/879/1013 1114/894/1028
f 1114/894/1028 1099/879/1013 1110/890/1024
f 1114/894/1028 1110/890/1024 1115/895/1029
f 1115/895/1029 1110/890/1024 1111/891/1025
f 1115/895/1029 1111/891/1025 1116/896/1030
f 1116/896/1030 1111/891/1025 1112/892/1026
f 1116/896/1030 1112/892/1026 1117/897/1031
f 1117/897/1031 1112/892/1026 1113/893/1027
f 1117/897/1031 1113/893/1027 1118/898/1032
f 1119/899/1033 1098/878/1012 1120/900/1034
f 1120/900/1034 1098/878/1012 1114/894/1028
f 1120/900/1034 1114/894/1028 1121/901/1035
f 1121/901/1035 1114/894/1028 1115/895/1029
f 1121/901/1035 1115/895/1029 1122/902/1036
f 1122/902/1036 1115/895/1029 1116/896/1030
f 1122/902/1036 1116/896/1030 1123/903/1037
f 1123/903/1037 1116/896/1030 1117/897/1031
f 1123/903/1037 1117/897/1031 1124/904/1038
f 1124/904/1038 1117/897/1031 1118/898/1032
f 1124/904/1038 1118/898/1032 1125/905/1039
f 1126/892/1040 1127/898/1041 1128/893/1042
f 1126/892/1040 1129/897/1043 1127/898/1041
f 1129/897/1043 1125/905/1039 1127/898/1041
f 1129/897/1043 1124/904/1038 1125/905/1039
f 1130/896/1044 1124/904/1038 1129/897/1043
f 1130/896/1044 1123/903/1037 1124/904/1038
f 1131/895/1045 1123/903/1037 1130/896/1044
f 1131/895/1045 1122/902/1036 1123/903/1037
f 1132/894/1046 1122/902/1036 1131/895/1045
f 1132/894/1046 1121/901/1035 1122/902/1036
f 1133/878/1047 1121/901/1035 1132/894/1046
f 1133/878/1047 1120/900/1034 1121/901/1035
f 1134/679/1048 1120/900/1034 1133/878/1047
f 1134/679/1048 1119/899/1033 1120/900/1034
f 1135/680/1049 1119/899/1033 1134/679/1048
f 1136/891/1050 1129/897/1043 1126/892/1040
f 1136/891/1050 1130/896/1044 1129/897/1043
f 1137/890/1051 1130/896/1044 1136/891/1050
f 1137/890/1051 1131/895/1045 1130/896/1044
f 1138/879/1052 1131/895/1045 1137/890/1051
f 1138/879/1052 1132/894/1046 1131/895/1045
f 1139/677/1053 1132/894/1046 1138/879/1052
f 1139/677/1053 1133/878/1047 1132/894/1046
f 1140/678/1054 1133/878/1047 1139/677/1053
f 1140/678/1054 1134/679/1048 1133/878/1047
f 1141/691/1055 1134/679/1048 1140/678/1054
f 1141/691/1055 1135/680/1049 1134/679/1048
f 877/671/793 1135/680/1049 1141/691/1055
f 877/671/793 876/670/792 1135/680/1049
f 876/670/792 887/681/803 1135/680/1049
f 1135/680/1049 887/681/803 1119/899/1033
f 887/681/803 885/679/801 1119/899/1033
f 1119/899/1033 885/679/801 1098/878/1012
f 1142/886/1056 1143/869/1057 1144/870/1058
f 1142/886/1056 1128/893/1042 1143/869/1057
f 1145/889/1059 1128/893/1042 1142/886/1056
f 1145/889/1059 1126/892/1040 1128/893/1042
f 1146/888/1060 1126/892/1040 1145/889/1059
f 1146/888/1060 1136/891/1050 1126/892/1040
f 1147/880/1061 1136/891/1050 1146/888/1060
f 1147/880/1061 1137/890/1051 1136/891/1050
f 1148/675/1062 1137/890/1051 1147/880/1061
f 1148/675/1062 1138/879/1052 1137/890/1051
f 1149/676/1063 1138/879/1052 1148/675/1062
f 1149/676/1063 1139/677/1053 1138/879/1052
f 1150/692/1064 1139/677/1053 1149/676/1063
f 1150/692/1064 1140/678/1054 1139/677/1053
f 1151/704/1065 1140/678/1054 1150/692/1064
f 1151/704/1065 1141/691/1055 1140/678/1054
f 1152/710/1066 1141/691/1055 1151/704/1065
f 1152/710/1066 877/671/793 1141/691/1055
f 1153/865/1067 1154/864/1068 1155/856/1069
f 1156/871/1070 1154/864/1068 1153/865/1067
f 1156/871/1070 1144/870/1058 1154/864/1068
f 1157/885/1071 1144/870/1058 1156/871/1070
f 1157/885/1071 1142/886/1056 1144/870/1058
f 1158/887/1072 1142/886/1056 1157/885/1071
f 1158/887/1072 1145/889/1059 1142/886/1056
f 1159/881/1073 1145/889/1059 1158/887/1072
f 1159/881/1073 1146/888/1060 1145/889/1059
f 1160/674/1074 1146/888/1060 1159/881/1073
f 1160/674/1074 1147/880/1061 1146/888/1060
f 1161/672/1075 1147/880/1061 1160/674/1074
f 1161/672/1075 1148/675/1062 1147/880/1061
f 1162/693/1076 1148/675/1062 1161/672/1075
f 1162/693/1076 1149/676/1063 1148/675/1062
f 1163/705/1077 1149/676/1063 1162/693/1076
f 1163/705/1077 1150/692/1064 1149/676/1063
f 1164/709/1078 1150/692/1064 1163/705/1077
f 1165/884/1079 1157/885/1071 1156/871/1070
f 1166/882/1080 1157/885/1071 1165/884/1079
f 1166/882/1080 1158/887/1072 1157/885/1071
f 1167/877/1081 1158/887/1072 1166/882/1080
f 1167/877/1081 1159/881/1073 1158/887/1072
f 1168/673/1082 1159/881/1073 1167/877/1081
f 1168/673/1082 1160/674/1074 1159/881/1073
f 1169/694/1083 1160/674/1074 1168/673/1082
f 1169/694/1083 1161/672/1075 1160/674/1074
f 1170/706/1084 1161/672/1075 1169/694/1083
f 1170/706/1084 1162/693/1076 1161/672/1075
f 1171/708/1085 1162/693/1076 1170/706/1084
f 1171/708/1085 1163/705/1077 1162/693/1076
f 1172/723/1086 1163/705/1077 1171/708/1085
f 1172/723/1086 1164/709/1078 1163/705/1077
f 1173/726/1087 1164/709/1078 1172/723/1086
f 1173/726/1087 1174/722/1088 1164/709/1078
f 1175/733/1089 1174/722/1088 1173/726/1087
f 1176/747/1090 1175/733/1089 1173/726/1087
f 1176/747/1090 1173/726/1087 1177/732/1091
f 1177/732/1091 1173/726/1087 1172/723/1086
f 1177/732/1091 1172/723/1086 1178/727/1092
f 1178/727/1092 1172/723/1086 1171/708/1085
f 1178/727/1092 1171/708/1085 1179/728/1093
f 1179/728/1093 1171/708/1085 1170/706/1084
f 1179/728/1093 1170/706/1084 1180/707/1094
f 1180/707/1094 1170/706/1084 1169/694/1083
f 1180/707/1094 1169/694/1083 1181/702/1095
f 1181/702/1095 1169/694/1083 1168/673/1082
f 1181/702/1095 1168/673/1082 1182/695/1096
f 1182/695/1096 1168/673/1082 1167/877/1081
f 1182/695/1096 1167/877/1081 1183/696/1097
f 1183/696/1097 1167/877/1081 1166/882/1080
f 1183/696/1097 1166/882/1080 1184/876/1098
f 1184/876/1098 1166/882/1080 1165/884/1079
f 1184/876/1098 1165/884/1079 1185/883/1099
f 1186/860/1100 1187/859/1101 1188/846/1102
f 1189/868/1103 1187/859/1101 1186/860/1100
f 1189/868/1103 1190/867/1104 1187/859/1101
f 1191/874/1105 1190/867/1104 1189/868/1103
f 1191/874/1105 1192/873/1106 1190/867/1104
f 1193/875/1107 1192/873/1106 1191/874/1105
f 1193/875/1107 1185/883/1099 1192/873/1106
f 1194/698/1108 1185/883/1099 1193/875/1107
f 1194/698/1108 1184/876/1098 1185/883/1099
f 1195/697/1109 1184/876/1098 1194/698/1108
f 1195/697/1109 1183/696/1097 1184/876/1098
f 1196/700/1110 1183/696/1097 1195/697/1109
f 1196/700/1110 1182/695/1096 1183/696/1097
f 1197/701/1111 1182/695/1096 1196/700/1110
f 1197/701/1111 1181/702/1095 1182/695/1096
f 1198/730/1112 1181/702/1095 1197/701/1111
f 1198/730/1112 1180/707/1094 1181/702/1095
f 1199/729/1113 1180/707/1094 1198/730/1112
f 1185/883/1099 1165/884/1079 1200/872/1114
f 1185/883/1099 1200/872/1114 1192/873/1106
f 1192/873/1106 1200/872/1114 1201/866/1115
f 1192/873/1106 1201/866/1115 1190/867/1104
f 1190/867/1104 1201/866/1115 1202/858/1116
f 1190/867/1104 1202/858/1116 1187/859/1101
f 1187/859/1101 1202/858/1116 1203/847/1117
f 1187/859/1101 1203/847/1117 1188/846/1102
f 1188/846/1102 1203/847/1117 1204/815/1118
f 1188/846/1102 1204/815/1118 1205/818/1119
f 1205/818/1119 1204/815/1118 1206/817/1120
f 1205/818/1119 1206/817/1120 1207/816/1121
f 1207/816/1121 1206/817/1120 1208/823/1122
f 1207/816/1121 1208/823/1122 1209/822/1123
f 1209/822/1123 1208/823/1122 1210/812/1124
f 1209/822/1123 1210/812/1124 1211/813/1125
f 1211/813/1125 1210/812/1124 1212/802/1126
f 1211/813/1125 1212/802/1126 1213/803/1127
f 1212/802/1126 1214/801/1128 1215/793/1129
f 1210/812/1124 1214/801/1128 1212/802/1126
f 1210/812/1124 1216/811/1130 1214/801/1128
f 1208/823/1122 1216/811/1130 1210/812/1124
f 1208/823/1122 1217/824/1131 1216/811/1130
f 1206/817/1120 1217/824/1131 1208/823/1122
f 1206/817/1120 1218/831/1132 1217/824/1131
f 1204/815/1118 1218/831/1132 1206/817/1120
f 1204/815/1118 1219/844/1133 1218/831/1132
f 1203/847/1117 1219/844/1133 1204/815/1118
f 1203/847/1117 1220/848/1134 1219/844/1133
f 1202/858/1116 1220/848/1134 1203/847/1117
f 1202/858/1116 1221/857/1135 1220/848/1134
f 1201/866/1115 1221/857/1135 1202/858/1116
f 1201/866/1115 1153/865/1067 1221/857/1135
f 1200/872/1114 1153/865/1067 1201/866/1115
f 1200/872/1114 1156/871/1070 1153/865/1067
f 1165/884/1079 1156/871/1070 1200/872/1114
f 1222/783/1136 1223/795/1137 1224/796/1138
f 1215/793/1129 1223/795/1137 1222/783/1136
f 1215/793/1129 1225/794/1139 1223/795/1137
f 1214/801/1128 1225/794/1139 1215/793/1129
f 1214/801/1128 1226/800/1140 1225/794/1139
f 1216/811/1130 1226/800/1140 1214/801/1128
f 1216/811/1130 1227/810/1141 1226/800/1140
f 1217/824/1131 1227/810/1141 1216/811/1130
f 1217/824/1131 1228/825/1142 1227/810/1141
f 1218/831/1132 1228/825/1142 1217/824/1131
f 1218/831/1132 1229/830/1143 1228/825/1142
f 1219/844/1133 1229/830/1143 1218/831/1132
f 1219/844/1133 1230/843/1144 1229/830/1143
f 1220/848/1134 1230/843/1144 1219/844/1133
f 1220/848/1134 1231/849/1145 1230/843/1144
f 1221/857/1135 1231/849/1145 1220/848/1134
f 1221/857/1135 1155/856/1069 1231/849/1145
f 1153/865/1067 1155/856/1069 1221/857/1135
f 1232/798/1146 1233/906/1147 1234/799/1148
f 1232/798/1146 1235/907/1149 1233/906/1147
f 1236/797/1150 1235/907/1149 1232/798/1146
f 1236/797/1150 1237/908/1151 1235/907/1149
f 1224/796/1138 1237/908/1151 1236/797/1150
f 1224/796/1138 1238/909/1152 1237/908/1151
f 1223/795/1137 1238/909/1152 1224/796/1138
f 1223/795/1137 1239/807/1153 1238/909/1152
f 1225/794/1139 1239/807/1153 1223/795/1137
f 1225/794/1139 1240/806/1154 1239/807/1153
f 1226/800/1140 1240/806/1154 1225/794/1139
f 1226/800/1140 1241/808/1155 1240/806/1154
f 1227/810/1141 1241/808/1155 1226/800/1140
f 1227/810/1141 1242/809/1156 1241/808/1155
f 1228/825/1142 1242/809/1156 1227/810/1141
f 1228/825/1142 1243/826/1157 1242/809/1156
f 1229/830/1143 1243/826/1157 1228/825/1142
f 1229/830/1143 1244/829/1158 1243/826/1157
f 1240/806/1154 1245/910/1159 1239/807/1153
f 1240/806/1154 1246/833/1160 1245/910/1159
f 1241/808/1155 1246/833/1160 1240/806/1154
f 1241/808/1155 1247/835/1161 1246/833/1160
f 1242/809/1156 1247/835/1161 1241/808/1155
f 1242/809/1156 1248/837/1162 1247/835/1161
f 1243/826/1157 1248/837/1162 1242/809/1156
f 1243/826/1157 1249/827/1163 1248/837/1162
f 1244/829/1158 1249/827/1163 1243/826/1157
f 1244/829/1158 1250/828/1164 1249/827/1163
f 1251/842/1165 1250/828/1164 1244/829/1158
f 1251/842/1165 1070/841/984 1250/828/1164
f 1252/850/1166 1070/841/984 1251/842/1165
f 1252/850/1166 1069/851/983 1070/841/984
f 1253/855/1167 1069/851/983 1252/850/1166
f 1253/855/1167 1071/853/985 1069/851/983
f 1254/863/1168 1071/853/985 1253/855/1167
f 1254/863/1168 1080/861/994 1071/853/985
f 1230/843/1144 1244/829/1158 1229/830/1143
f 1230/843/1144 1251/842/1165 1244/829/1158
f 1231/849/1145 1251/842/1165 1230/843/1144
f 1231/849/1145 1252/850/1166 1251/842/1165
f 1155/856/1069 1252/850/1166 1231/849/1145
f 1155/856/1069 1253/855/1167 1252/850/1166
f 1154/864/1068 1253/855/1167 1155/856/1069
f 1154/864/1068 1254/863/1168 1253/855/1167
f 1144/870/1058 1254/863/1168 1154/864/1068
f 1144/870/1058 1143/869/1057 1254/863/1168
f 1143/869/1057 1080/861/994 1254/863/1168
f 1143/869/1057 1255/911/1169 1080/861/994
f 1255/911/1169 1081/862/995 1080/861/994
f 1255/911/1169 1256/912/1170 1081/862/995
f 1256/912/1170 1082/861/996 1081/862/995
f 1256/912/1170 1257/911/1171 1082/861/996
f 1257/911/1171 1083/863/997 1082/861/996
f 1257/911/1171 1089/869/1003 1083/863/997
f 1106/886/1020 1091/871/1005 1090/870/1004
f 1113/893/1027 1106/886/1020 1090/870/1004
f 1113/893/1027 1090/870/1004 1089/869/1003
f 1118/898/1032 1113/893/1027 1089/869/1003
f 1118/898/1032 1089/869/1003 1257/911/1171
f 1125/905/1039 1118/898/1032 1257/911/1171
f 1125/905/1039 1257/911/1171 1256/912/1170
f 1127/898/1041 1125/905/1039 1256/912/1170
f 1127/898/1041 1256/912/1170 1255/911/1169
f 1128/893/1042 1127/898/1041 1255/911/1169
f 1128/893/1042 1255/911/1169 1143/869/1057
f 1258/913/1172 1259/914/1173 1260/914/1174
f 1258/913/1172 1261/913/1172 1259/914/1173
f 1262/913/1172 1263/914/1175 1264/914/1176
f 1262/913/1172 1265/913/1172 1263/914/1175
f 1266/913/1172 1267/914/1177 1268/914/1174
f 1266/913/1172 1269/913/1172 1267/914/1177
f 720/539/709 1268/914/1174 1270/915/1178
f 720/539/709 1266/913/1172 1268/914/1174
f 717/539/709 1270/915/1178 1271/915/1179
f 717/539/709 720/539/709 1270/915/1178
f 1269/913/1172 1271/915/1179 1267/914/1177
f 1269/913/1172 717/539/709 1271/915/1179
f 1272/539/709 1264/914/1176 1273/915/1180
f 1272/539/709 1262/913/1172 1264/914/1176
f 1274/539/709 1273/915/1180 1275/915/1181
f 1274/539/709 1272/539/709 1273/915/1180
f 1276/539/709 1277/915/1182 1278/915/1179
f 1276/539/709 1279/539/709 1277/915/1182
f 1261/913/1172 1278/915/1179 1259/914/1173
f 1261/913/1172 1276/539/709 1278/915/1179
f 729/916/709 1280/917/1174 1281/918/1178
f 729/916/709 728/919/709 1280/917/1174
f 728/919/709 1282/917/1177 1280/917/1174
f 728/919/709 730/919/709 1282/917/1177
f 727/916/709 1281/918/1178 1283/918/1183
f 727/916/709 729/916/709 1281/918/1178
f 730/919/709 1283/918/1183 1282/917/1177
f 730/919/709 727/916/709 1283/918/1183
f 733/916/709 1284/917/1176 1285/918/1180
f 733/916/709 732/919/709 1284/917/1176
f 732/919/709 1286/917/1175 1284/917/1176
f 732/919/709 734/919/709 1286/917/1175
f 731/916/709 1285/918/1180 1287/918/1181
f 731/916/709 733/916/709 1285/918/1180
f 736/919/709 1288/917/1173 1289/917/1174
f 736/919/709 738/919/709 1288/917/1173
f 735/916/709 1290/918/1182 1291/918/1179
f 735/916/709 737/916/709 1290/918/1182
f 738/919/709 1291/918/1179 1288/917/1173
f 738/919/709 735/916/709 1291/918/1179
f 741/920/709 1292/921/1174 1293/922/1178
f 741/920/709 740/923/709 1292/921/1174
f 740/923/709 1294/921/1177 1292/921/1174
f 740/923/709 742/923/709 1294/921/1177
f 739/920/709 1293/922/1178 1295/922/1183
f 739/920/709 741/920/709 1293/922/1178
f 742/923/709 1295/922/1183 1294/921/1177
f 742/923/709 739/920/709 1295/922/1183
f 745/920/709 1296/921/1176 1297/922/1180
f 745/920/709 744/923/709 1296/921/1176
f 744/923/709 1298/921/1175 1296/921/1176
f 744/923/709 746/923/709 1298/921/1175
f 743/920/709 1297/922/1180 1299/922/1181
f 743/920/709 745/920/709 1297/922/1180
f 748/923/709 1300/921/1173 1301/921/1174
f 748/923/709 750/923/709 1300/921/1173
f 747/920/709 1302/922/1182 1303/922/1183
f 747/920/709 749/920/709 1302/922/1182
f 750/923/709 1303/922/1183 1300/921/1173
f 750/923/709 747/920/709 1303/922/1183
f 753/924/709 1304/925/1174 1305/926/1178
f 753/924/709 752/927/709 1304/925/1174
f 752/927/709 1306/925/1177 1304/925/1174
f 752/927/709 754/927/709 1306/925/1177
f 751/924/709 1305/926/1178 1307/926/1179
f 751/924/709 753/924/709 1305/926/1178
f 754/927/709 1307/926/1179 1306/925/1177
f 754/927/709 751/924/709 1307/926/1179
f 757/924/709 1308/925/1176 1309/926/1180
f 757/924/709 756/927/709 1308/925/1176
f 756/927/709 1310/925/1175 1308/925/1176
f 756/927/709 758/927/709 1310/925/1175
f 755/924/709 1309/926/1180 1311/926/1181
f 755/924/709 757/924/709 1309/926/1180
f 760/927/709 1312/925/1173 1313/925/1174
f 760/927/709 762/927/709 1312/925/1173
f 759/924/709 1314/926/1182 1315/926/1183
f 759/924/709 761/924/709 1314/926/1182
f 762/927/709 1315/926/1183 1312/925/1173
f 762/927/709 759/924/709 1315/926/1183
f 765/535/709 1316/928/1174 1317/929/1178
f 765/535/709 764/538/709 1316/928/1174
f 764/538/709 1318/928/1177 1316/928/1174
f 764/538/709 766/538/709 1318/928/1177
f 763/535/709 1317/929/1178 1319/929/1179
f 763/535/709 765/535/709 1317/929/1178
f 766/538/709 1319/929/1179 1318/928/1177
f 766/538/709 763/535/709 1319/929/1179
f 713/535/709 1320/928/1176 1321/929/1180
f 713/535/709 716/538/709 1320/928/1176
f 716/538/709 1322/928/1175 1320/928/1176
f 716/538/709 768/538/709 1322/928/1175
f 767/535/709 1321/929/1180 1323/929/1181
f 767/535/709 713/535/709 1321/929/1180
f 770/538/709 1324/928/1173 1325/928/1174
f 770/538/709 772/538/709 1324/928/1173
f 769/535/709 1326/929/1182 1327/929/1179
f 769/535/709 771/535/709 1326/929/1182
f 772/538/709 1327/929/1179 1324/928/1173
f 772/538/709 769/535/709 1327/929/1179
f 775/930/709 1328/931/1174 1329/932/1178
f 775/930/709 774/933/709 1328/931/1174
f 774/933/709 1330/931/1177 1328/931/1174
f 774/933/709 776/933/709 1330/931/1177
f 773/930/709 1329/932/1178 1331/932/1179
f 773/930/709 775/930/709 1329/932/1178
f 776/933/709 1331/932/1179 1330/931/1177
f 776/933/709 773/930/709 1331/932/1179
f 779/930/709 1332/931/1176 1333/932/1180
f 779/930/709 778/933/709 1332/931/1176
f 778/933/709 1334/931/1175 1332/931/1176
f 778/933/709 780/933/709 1334/931/1175
f 777/930/709 1333/932/1180 1335/932/1181
f 777/930/709 779/930/709 1333/932/1180
f 782/933/709 1336/931/1173 1337/931/1174
f 782/933/709 784/933/709 1336/931/1173
f 781/930/709 1338/932/1182 1339/932/1179
f 781/930/709 783/930/709 1338/932/1182
f 784/933/709 1339/932/1179 1336/931/1173
f 784/933/709 781/930/709 1339/932/1179
f 787/934/709 1340/935/1174 1341/936/1178
f 787/934/709 786/937/709 1340/935/1174
f 786/937/709 1342/935/1177 1340/935/1174
f 786/937/709 788/937/709 1342/935/1177
f 788/937/709 1343/936/1179 1342/935/1177
f 788/937/709 785/934/709 1343/936/1179
f 791/934/709 1344/935/1176 1345/936/1180
f 791/934/709 790/937/709 1344/935/1176
f 790/937/709 1346/935/1175 1344/935/1176
f 790/937/709 792/937/709 1346/935/1175
f 794/937/709 1347/935/1173 1348/935/1174
f 794/937/709 796/937/709 1347/935/1173
f 796/937/709 1349/936/1179 1347/935/1173
f 796/937/709 793/934/709 1349/936/1179
f 1279/539/709 1260/914/1174 1277/915/1182
f 1279/539/709 1258/913/1172 1260/914/1174
f 1265/913/1172 1275/915/1181 1263/914/1175
f 1265/913/1172 1274/539/709 1275/915/1181
f 737/916/709 1289/917/1174 1290/918/1182
f 737/916/709 736/919/709 1289/917/1174
f 746/923/709 1299/922/1181 1298/921/1175
f 746/923/709 743/920/709 1299/922/1181
f 761/924/709 1313/925/1174 1314/926/1182
f 761/924/709 760/927/709 1313/925/1174
f 758/927/709 1311/926/1181 1310/925/1175
f 758/927/709 755/924/709 1311/926/1181
f 771/535/709 1325/928/1174 1326/929/1182
f 771/535/709 770/538/709 1325/928/1174
f 768/538/709 1323/929/1181 1322/928/1175
f 768/538/709 767/535/709 1323/929/1181
f 780/933/709 1335/932/1181 1334/931/1175
f 780/933/709 777/930/709 1335/932/1181
f 795/934/709 1348/935/1174 1350/936/1182
f 795/934/709 794/937/709 1348/935/1174
f 734/919/709 1287/918/1181 1286/917/1175
f 734/919/709 731/916/709 1287/918/1181
f 749/920/709 1301/921/1174 1302/922/1182
f 749/920/709 748/923/709 1301/921/1174
f 783/930/709 1337/931/1174 1338/932/1182
f 783/930/709 782/933/709 1337/931/1174
f 785/934/709 1341/936/1178 1343/936/1179
f 785/934/709 787/934/709 1341/936/1178
f 789/934/709 1345/936/1180 1351/936/1181
f 789/934/709 791/934/709 1345/936/1180
f 793/934/709 1350/936/1182 1349/936/1179
f 793/934/709 795/934/709 1350/936/1182
f 792/937/709 1351/936/1181 1346/935/1175
f 792/937/709 789/934/709 1351/936/1181
f 1278/938/1179 1260/939/1174 1259/940/1173
f 1278/938/1179 1277/941/1182 1260/939/1174
f 1275/942/1181 1264/943/1176 1263/944/1175
f 1275/942/1181 1273/945/1180 1264/943/1176
f 1271/946/1179 1268/947/1174 1267/948/1177
f 1271/946/1179 1270/949/1178 1268/947/1174
f 1283/542/1183 1280/543/1174 1282/545/1177
f 1283/542/1183 1281/544/1178 1280/543/1174
f 1287/546/1181 1284/547/1176 1286/549/1175
f 1287/546/1181 1285/548/1180 1284/547/1176
f 1291/550/1179 1289/551/1174 1288/553/1173
f 1291/550/1179 1290/552/1182 1289/551/1174
f 1295/554/1183 1292/555/1174 1294/557/1177
f 1295/554/1183 1293/556/1178 1292/555/1174
f 1299/558/1181 1296/559/1176 1298/561/1175
f 1299/558/1181 1297/560/1180 1296/559/1176
f 1303/562/1183 1301/563/1174 1300/565/1173
f 1303/562/1183 1302/564/1182 1301/563/1174
f 1307/566/1179 1304/567/1174 1306/569/1177
f 1307/566/1179 1305/568/1178 1304/567/1174
f 1311/570/1181 1308/571/1176 1310/573/1175
f 1311/570/1181 1309/572/1180 1308/571/1176
f 1315/574/1183 1313/575/1174 1312/577/1173
f 1315/574/1183 1314/576/1182 1313/575/1174
f 1319/578/1179 1316/579/1174 1318/581/1177
f 1319/578/1179 1317/580/1178 1316/579/1174
f 1323/582/1181 1320/583/1176 1322/585/1175
f 1323/582/1181 1321/584/1180 1320/583/1176
f 1327/586/1179 1325/587/1174 1324/589/1173
f 1327/586/1179 1326/588/1182 1325/587/1174
f 1331/590/1179 1328/591/1174 1330/593/1177
f 1331/590/1179 1329/592/1178 1328/591/1174
f 1335/594/1181 1332/595/1176 1334/597/1175
f 1335/594/1181 1333/596/1180 1332/595/1176
f 1339/598/1179 1337/599/1174 1336/601/1173
f 1339/598/1179 1338/600/1182 1337/599/1174
f 1343/602/1179 1340/603/1174 1342/605/1177
f 1343/602/1179 1341/604/1178 1340/603/1174
f 1351/606/1181 1344/607/1176 1346/609/1175
f 1351/606/1181 1345/608/1180 1344/607/1176
f 1349/610/1179 1348/611/1174 1347/613/1173
f 1349/610/1179 1350/612/1182 1348/611/1174
f 1352/789/1184 1353/777/1185 1354/778/1186
f 1352/789/1184 1355/790/1187 1353/777/1185
f 1213/803/1127 1212/802/1126 1356/792/1188
f 1213/803/1127 1356/792/1188 1357/791/1189
f 1357/791/1189 1356/792/1188 1358/784/1190
f 1357/791/1189 1358/784/1190 1359/786/1191
f 1359/786/1191 1358/784/1190 1360/782/1192
f 1359/786/1191 1360/782/1192 1361/785/1193
f 1361/785/1193 1360/782/1192 1362/780/1194
f 1361/785/1193 1362/780/1194 1355/790/1187
f 1355/790/1187 1362/780/1194 1363/763/1195
f 1355/790/1187 1363/763/1195 1353/777/1185
f 1353/777/1185 1363/763/1195 1364/761/1196
f 1353/777/1185 1364/761/1196 1365/764/1197
f 1354/778/1186 1353/777/1185 1365/764/1197
f 1354/778/1186 1365/764/1197 1366/776/1198
f 1367/699/1199 1354/778/1186 1366/776/1198
f 1367/699/1199 1352/789/1184 1354/778/1186
f 1367/699/1199 1368/787/1200 1352/789/1184
f 1368/787/1200 1355/790/1187 1352/789/1184
f 1367/699/1199 1366/776/1198 1369/775/1201
f 1366/776/1198 1370/765/1202 1369/775/1201
f 1366/776/1198 1365/764/1197 1370/765/1202
f 1365/764/1197 1371/759/1203 1370/765/1202
f 1365/764/1197 1364/761/1196 1371/759/1203
f 1364/761/1196 1372/758/1204 1371/759/1203
f 1364/761/1196 1373/760/1205 1372/758/1204
f 1363/763/1195 1373/760/1205 1364/761/1196
f 1363/763/1195 1374/762/1206 1373/760/1205
f 1362/780/1194 1374/762/1206 1363/763/1195
f 1362/780/1194 1375/779/1207 1374/762/1206
f 1360/782/1192 1375/779/1207 1362/780/1194
f 1360/782/1192 1376/781/1208 1375/779/1207
f 1358/784/1190 1376/781/1208 1360/782/1192
f 1358/784/1190 1222/783/1136 1376/781/1208
f 1356/792/1188 1222/783/1136 1358/784/1190
f 1356/792/1188 1215/793/1129 1222/783/1136
f 1212/802/1126 1215/793/1129 1356/792/1188
f 1367/699/1199 1196/700/1110 1195/697/1109
f 1367/699/1199 1195/697/1109 1194/698/1108
f 1367/699/1199 1194/698/1108 1193/875/1107
f 1367/699/1199 1193/875/1107 1191/874/1105
f 1367/699/1199 1191/874/1105 1189/868/1103
f 1367/699/1199 1189/868/1103 1186/860/1100
f 1367/699/1199 1186/860/1100 1377/845/1209
f 1367/699/1199 1377/845/1209 1378/820/1210
f 1367/699/1199 1378/820/1210 1379/819/1211
f 1367/699/1199 1379/819/1211 1380/821/1212
f 1367/699/1199 1380/821/1212 1381/814/1213
f 1367/699/1199 1381/814/1213 1382/805/1214
f 1367/699/1199 1382/805/1214 1383/804/1215
f 1367/699/1199 1383/804/1215 1384/788/1216
f 1367/699/1199 1384/788/1216 1368/787/1200
f 1368/787/1200 1361/785/1193 1355/790/1187
f 1384/788/1216 1361/785/1193 1368/787/1200
f 1384/788/1216 1359/786/1191 1361/785/1193
f 1383/804/1215 1359/786/1191 1384/788/1216
f 1383/804/1215 1357/791/1189 1359/786/1191
f 1382/805/1214 1357/791/1189 1383/804/1215
f 1382/805/1214 1213/803/1127 1357/791/1189
f 1381/814/1213 1213/803/1127 1382/805/1214
f 1381/814/1213 1211/813/1125 1213/803/1127
f 1380/821/1212 1211/813/1125 1381/814/1213
f 1380/821/1212 1209/822/1123 1211/813/1125
f 1379/819/1211 1209/822/1123 1380/821/1212
f 1379/819/1211 1207/816/1121 1209/822/1123
f 1378/820/1210 1207/816/1121 1379/819/1211
f 1378/820/1210 1205/818/1119 1207/816/1121
f 1377/845/1209 1205/818/1119 1378/820/1210
f 1377/845/1209 1188/846/1102 1205/818/1119
f 1186/860/1100 1188/846/1102 1377/845/1209
f 1385/950/1217 1386/951/1218 808/633/710
f 1386/951/1218 810/636/711 808/633/710
f 1386/951/1218 1387/952/1219 810/636/711
f 1387/952/1219 809/635/713 810/636/711
f 1387/952/1219 1388/953/1220 809/635/713
f 1388/953/1220 807/634/722 809/635/713
f 1388/953/1220 1385/950/1217 807/634/722
f 1385/950/1217 808/633/710 807/634/722
f 1389/766/1221 1390/757/1222 1391/756/1223
f 1390/757/1222 1392/740/1224 1391/756/1223
f 1390/757/1222 1393/738/1225 1392/740/1224
f 1371/759/1203 1372/758/1204 1393/738/1225
f 1371/759/1203 1393/738/1225 1390/757/1222
f 1370/765/1202 1371/759/1203 1390/757/1222
f 1370/765/1202 1390/757/1222 1389/766/1221
f 1369/775/1201 1370/765/1202 1389/766/1221
f 1369/775/1201 1389/766/1221 1394/774/1226
f 1394/774/1226 1389/766/1221 1395/767/1227
f 1389/766/1221 1391/756/1223 1395/767/1227
f 1395/767/1227 1391/756/1223 1396/755/1228
f 1391/756/1223 1397/742/1229 1396/755/1228
f 1391/756/1223 1392/740/1224 1397/742/1229
f 1396/755/1228 1397/742/1229 1398/744/1230
f 1398/744/1230 1399/736/1231 1400/735/1232
f 1397/742/1229 1399/736/1231 1398/744/1230
f 1397/742/1229 1401/743/1233 1399/736/1231
f 1392/740/1224 1401/743/1233 1397/742/1229
f 1392/740/1224 1402/741/1234 1401/743/1233
f 1393/738/1225 1402/741/1234 1392/740/1224
f 1393/738/1225 1403/739/1235 1402/741/1234
f 1372/758/1204 1403/739/1235 1393/738/1225
f 1372/758/1204 1404/737/1236 1403/739/1235
f 1373/760/1205 1404/737/1236 1372/758/1204
f 1373/760/1205 1234/799/1148 1404/737/1236
f 1374/762/1206 1234/799/1148 1373/760/1205
f 1374/762/1206 1232/798/1146 1234/799/1148
f 1375/779/1207 1232/798/1146 1374/762/1206
f 1375/779/1207 1236/797/1150 1232/798/1146
f 1376/781/1208 1236/797/1150 1375/779/1207
f 1376/781/1208 1224/796/1138 1236/797/1150
f 1222/783/1136 1224/796/1138 1376/781/1208
f 1405/721/1237 877/671/793 1152/710/1066
f 1405/721/1237 875/669/791 877/671/793
f 1406/724/1238 875/669/791 1405/721/1237
f 1406/724/1238 890/684/806 875/669/791
f 1400/735/1232 890/684/806 1406/724/1238
f 1400/735/1232 892/686/808 890/684/806
f 1399/736/1231 892/686/808 1400/735/1232
f 1399/736/1231 894/688/810 892/686/808
f 1401/743/1233 894/688/810 1399/736/1231
f 1401/743/1233 1407/720/1239 894/688/810
f 1402/741/1234 1407/720/1239 1401/743/1233
f 1402/741/1234 1408/718/1240 1407/720/1239
f 1403/739/1235 1408/718/1240 1402/741/1234
f 1403/739/1235 1409/716/1241 1408/718/1240
f 1404/737/1236 1409/716/1241 1403/739/1235
f 1404/737/1236 1410/954/1242 1409/716/1241
f 1234/799/1148 1410/954/1242 1404/737/1236
f 1234/799/1148 1233/906/1147 1410/954/1242
f 1407/720/1239 895/689/811 894/688/810
f 1407/720/1239 1411/714/1243 895/689/811
f 1408/718/1240 1411/714/1243 1407/720/1239
f 1408/718/1240 1412/719/1244 1411/714/1243
f 1409/716/1241 1412/719/1244 1408/718/1240
f 1409/716/1241 1413/717/1245 1412/719/1244
f 1410/954/1242 1413/717/1245 1409/716/1241
f 1410/954/1242 1414/715/1246 1413/717/1245
f 1233/906/1147 1414/715/1246 1410/954/1242
f 1233/906/1147 1415/955/1247 1414/715/1246
f 1235/907/1149 1415/955/1247 1233/906/1147
f 1235/907/1149 1416/956/1248 1415/955/1247
f 1237/908/1151 1416/956/1248 1235/907/1149
f 1237/908/1151 1417/957/1249 1416/956/1248
f 1238/909/1152 1417/957/1249 1237/908/1151
f 1238/909/1152 1418/958/1250 1417/957/1249
f 1239/807/1153 1418/958/1250 1238/909/1152
f 1239/807/1153 1245/910/1159 1418/958/1250
f 1416/956/1248 1419/959/1251 1415/955/1247
f 1415/955/1247 1419/959/1251 1420/960/1252
f 1415/955/1247 1420/960/1252 1414/715/1246
f 1414/715/1246 1420/960/1252 1421/961/1253
f 1414/715/1246 1421/961/1253 1413/717/1245
f 1413/717/1245 1421/961/1253 1422/962/715
f 1413/717/1245 1422/962/715 1412/719/1244
f 1412/719/1244 1422/962/715 926/713/840
f 1412/719/1244 926/713/840 1411/714/1243
f 1411/714/1243 926/713/840 924/712/838
f 1411/714/1243 924/712/838 895/689/811
f 895/689/811 924/712/838 922/711/836
f 895/689/811 922/711/836 893/687/809
f 893/687/809 922/711/836 910/703/721
f 893/687/809 910/703/721 891/685/807
f 891/685/807 910/703/721 896/690/812
f 891/685/807 896/690/812 889/683/805
f 889/683/805 896/690/812 888/682/804
f 1422/962/715 927/714/841 926/713/840
f 1422/962/715 932/719/846 927/714/841
f 1421/961/1253 932/719/846 1422/962/715
f 1421/961/1253 930/717/844 932/719/846
f 1420/960/1252 930/717/844 1421/961/1253
f 1420/960/1252 928/715/842 930/717/844
f 1419/959/1251 928/715/842 1420/960/1252
f 1419/959/1251 1423/955/1254 928/715/842
f 1424/963/720 1423/955/1254 1419/959/1251
f 1424/963/720 1425/956/1255 1423/955/1254
f 1426/964/1256 1425/956/1255 1424/963/720
f 1426/964/1256 1427/957/1257 1425/956/1255
f 1428/965/1258 1427/957/1257 1426/964/1256
f 1428/965/1258 1429/958/1259 1427/957/1257
f 1430/966/1260 1429/958/1259 1428/965/1258
f 1430/966/1260 1431/910/1261 1429/958/1259
f 1050/834/964 1431/910/1261 1430/966/1260
f 1050/834/964 1049/833/963 1431/910/1261
f 1043/827/957 1025/809/939 1053/837/967
f 1053/837/967 1025/809/939 1024/808/938
f 1053/837/967 1024/808/938 1051/835/965
f 1051/835/965 1024/808/938 1022/806/936
f 1051/835/965 1022/806/936 1049/833/963
f 1049/833/963 1022/806/936 1023/807/937
f 1049/833/963 1023/807/937 1431/910/1261
f 1431/910/1261 1023/807/937 1432/909/1262
f 1431/910/1261 1432/909/1262 1429/958/1259
f 1429/958/1259 1432/909/1262 1433/908/1263
f 1429/958/1259 1433/908/1263 1427/957/1257
f 1427/957/1257 1433/908/1263 1434/907/1264
f 1427/957/1257 1434/907/1264 1425/956/1255
f 1425/956/1255 1434/907/1264 1435/906/1265
f 1425/956/1255 1435/906/1265 1423/955/1254
f 1423/955/1254 1435/906/1265 1436/954/1266
f 1423/955/1254 1436/954/1266 928/715/842
f 928/715/842 1436/954/1266 929/716/843
f 933/720/847 952/736/866 934/688/848
f 933/720/847 959/743/873 952/736/866
f 931/718/845 959/743/873 933/720/847
f 931/718/845 957/741/871 959/743/873
f 929/716/843 957/741/871 931/718/845
f 929/716/843 955/739/869 957/741/871
f 1436/954/1266 955/739/869 929/716/843
f 1436/954/1266 953/737/867 955/739/869
f 1435/906/1265 953/737/867 1436/954/1266
f 1435/906/1265 1015/799/929 953/737/867
f 1434/907/1264 1015/799/929 1435/906/1265
f 1434/907/1264 1014/798/928 1015/799/929
f 1433/908/1263 1014/798/928 1434/907/1264
f 1433/908/1263 1013/797/927 1014/798/928
f 1432/909/1262 1013/797/927 1433/908/1263
f 1432/909/1262 1012/796/926 1013/797/927
f 1023/807/937 1012/796/926 1432/909/1262
f 1023/807/937 1011/795/925 1012/796/926
f 1276/938/709 1258/939/1172 1279/941/709
f 1276/938/709 1261/940/1172 1258/939/1172
f 1274/942/709 1262/943/1172 1272/945/709
f 1274/942/709 1265/944/1172 1262/943/1172
f 717/946/709 1266/947/1172 720/949/709
f 717/946/709 1269/948/1172 1266/947/1172
f 1272/539/709 1437/967/1267 1438/540/711
f 1272/539/709 1262/913/1172 1437/967/1267
f 1279/539/709 1439/967/1267 1440/540/711
f 1279/539/709 1258/913/1172 1439/967/1267
f 720/539/709 1441/967/1267 718/540/712
f 720/539/709 1266/913/1172 1441/967/1267
f 1442/968/1177 726/969/717 1443/970/1199
f 1442/968/1177 1444/971/1183 726/969/717
f 1445/972/1174 1443/973/1199 1446/974/1199
f 1445/972/1174 1442/975/1177 1443/973/1199
f 1447/976/1178 1446/977/1199 711/978/707
f 1447/976/1178 1445/979/1174 1446/977/1199
f 1444/980/1183 711/981/707 726/982/717
f 1444/980/1183 1447/983/1178 711/981/707
f 1385/984/1217 1445/985/1174 1447/984/1178
f 1385/984/1217 1388/985/1220 1445/985/1174
f 1386/986/1218 1447/984/1178 1444/986/1183
f 1386/986/1218 1385/984/1217 1447/984/1178
f 1387/987/1219 1444/986/1183 1442/987/1177
f 1387/987/1219 1386/986/1218 1444/986/1183
f 1388/985/1220 1442/987/1177 1445/985/1174
f 1388/985/1220 1387/987/1219 1442/987/1177
f 738/919/709 1448/988/713 1449/989/1268
f 738/919/709 735/916/709 1448/988/713
f 786/937/709 1450/990/722 1451/990/710
f 786/937/709 788/937/709 1450/990/722
f 788/937/709 1452/991/1269 1450/990/722
f 788/937/709 785/934/709 1452/991/1269
f 765/535/709 1453/536/710 1454/537/712
f 765/535/709 764/538/709 1453/536/710
f 764/538/709 1455/536/722 1453/536/710
f 764/538/709 766/538/709 1455/536/722
f 734/919/709 1456/988/713 1457/989/722
f 734/919/709 731/916/709 1456/988/713
f 763/535/709 1454/537/712 1458/537/1269
f 763/535/709 765/535/709 1454/537/712
f 766/538/709 1458/537/1269 1455/536/722
f 766/538/709 763/535/709 1458/537/1269
f 741/920/709 1459/992/710 1460/993/712
f 741/920/709 740/923/709 1459/992/710
f 749/920/709 1461/992/710 1462/993/711
f 749/920/709 748/923/709 1461/992/710
f 740/923/709 1463/992/722 1459/992/710
f 740/923/709 742/923/709 1463/992/722
f 739/920/709 1460/993/712 1464/993/1269
f 739/920/709 741/920/709 1460/993/712
f 742/923/709 1464/993/1269 1463/992/722
f 742/923/709 739/920/709 1464/993/1269
f 791/934/709 1465/990/710 1466/991/711
f 791/934/709 790/937/709 1465/990/710
f 790/937/709 1467/990/722 1465/990/710
f 790/937/709 792/937/709 1467/990/722
f 1468/994/709 1469/995/713 1470/995/711
f 1468/994/709 1471/994/1270 1469/995/713
f 725/534/716 1467/990/722 1472/991/713
f 725/534/716 1471/994/1270 1467/990/722
f 1471/994/1270 1465/990/710 1467/990/722
f 1471/994/1270 1468/994/709 1465/990/710
f 1468/994/709 1466/991/711 1465/990/710
f 1468/994/709 723/534/714 1466/991/711
f 723/534/714 1472/991/713 1466/991/711
f 723/534/714 725/534/716 1472/991/713
f 1471/994/1270 1473/996/722 1469/995/713
f 1471/994/1270 1474/997/1270 1473/996/722
f 1474/997/1270 1475/996/710 1473/996/722
f 1474/997/1270 1476/997/709 1475/996/710
f 1476/997/709 1470/995/711 1475/996/710
f 1476/997/709 1468/994/709 1470/995/711
f 1468/994/709 1476/997/709 1477/996/722
f 1468/994/709 1477/996/722 1478/995/1269
f 1479/994/709 1468/994/709 1478/995/1269
f 1479/994/709 1478/995/1269 1480/995/712
f 1481/997/709 1479/994/709 1480/995/712
f 1481/997/709 1480/995/712 1482/996/710
f 1476/997/709 1481/997/709 1482/996/710
f 1476/997/709 1482/996/710 1477/996/722
f 1483/998/709 1454/537/712 1453/536/710
f 1483/998/709 1481/997/709 1454/537/712
f 1481/997/709 1458/537/1269 1454/537/712
f 1481/997/709 1476/997/709 1458/537/1269
f 1476/997/709 1455/536/722 1458/537/1269
f 1476/997/709 1484/998/709 1455/536/722
f 1484/998/709 1476/997/709 715/537/711
f 1484/998/709 715/537/711 714/536/710
f 1485/998/1270 1484/998/709 714/536/710
f 1485/998/1270 714/536/710 1486/536/722
f 1474/997/1270 1485/998/1270 1486/536/722
f 1474/997/1270 1486/536/722 1487/537/713
f 1476/997/709 1474/997/1270 1487/537/713
f 1476/997/709 1487/537/713 715/537/711
f 1484/998/709 1453/536/710 1455/536/722
f 1484/998/709 1483/998/709 1453/536/710
f 1483/998/709 1484/998/709 1488/999/1269
f 1483/998/709 1488/999/1269 1489/999/712
f 1490/1000/709 1483/998/709 1489/999/712
f 1490/1000/709 1489/999/712 1491/1001/710
f 1492/1000/709 1490/1000/709 1491/1001/710
f 1492/1000/709 1491/1001/710 1493/1001/722
f 1484/998/709 1492/1000/709 1493/1001/722
f 1484/998/709 1493/1001/722 1488/999/1269
f 1484/998/709 1485/998/1270 1494/999/713
f 1485/998/1270 1495/1001/722 1494/999/713
f 1485/998/1270 1496/1000/1270 1495/1001/722
f 1496/1000/1270 1497/1001/710 1495/1001/722
f 1496/1000/1270 1492/1000/709 1497/1001/710
f 1492/1000/709 1498/999/711 1497/1001/710
f 1492/1000/709 1484/998/709 1498/999/711
f 1484/998/709 1494/999/713 1498/999/711
f 1490/1000/709 1492/1000/709 1464/993/1269
f 1492/1000/709 1463/992/722 1464/993/1269
f 1492/1000/709 1499/1002/709 1463/992/722
f 1499/1002/709 1459/992/710 1463/992/722
f 1499/1002/709 1500/1002/709 1459/992/710
f 1500/1002/709 1460/993/712 1459/992/710
f 1500/1002/709 1490/1000/709 1460/993/712
f 1490/1000/709 1464/993/1269 1460/993/712
f 1492/1000/709 1496/1000/1270 1501/993/713
f 1496/1000/1270 1502/992/722 1501/993/713
f 1496/1000/1270 1503/1002/1270 1502/992/722
f 1503/1002/1270 1504/992/710 1502/992/722
f 1503/1002/1270 1499/1002/709 1504/992/710
f 1499/1002/709 1505/993/711 1504/992/710
f 1499/1002/709 1492/1000/709 1505/993/711
f 1492/1000/709 1501/993/713 1505/993/711
f 1500/1002/709 1499/1002/709 1506/988/713
f 1499/1002/709 1507/989/722 1506/988/713
f 1499/1002/709 1508/1003/709 1507/989/722
f 1508/1003/709 1509/989/710 1507/989/722
f 1508/1003/709 1510/1003/709 1509/989/710
f 1510/1003/709 1511/988/712 1509/989/710
f 1510/1003/709 1500/1002/709 1511/988/712
f 1500/1002/709 1506/988/713 1511/988/712
f 1499/1002/709 1503/1002/1270 1456/988/713
f 1503/1002/1270 1457/989/722 1456/988/713
f 1503/1002/1270 1512/1003/1270 1457/989/722
f 1512/1003/1270 1513/989/710 1457/989/722
f 1512/1003/1270 1508/1003/709 1513/989/710
f 1508/1003/709 1514/988/711 1513/989/710
f 1508/1003/709 1499/1002/709 1514/988/711
f 1499/1002/709 1456/988/713 1514/988/711
f 1515/1004/709 1438/540/711 1437/967/1267
f 1515/1004/709 1508/1003/709 1438/540/711
f 1508/1003/709 1516/540/713 1438/540/711
f 1508/1003/709 1512/1003/1270 1516/540/713
f 1512/1003/1270 1517/967/1271 1516/540/713
f 1512/1003/1270 1518/1004/1272 1517/967/1271
f 1519/1004/709 718/540/712 1441/967/1267
f 1519/1004/709 1510/1003/709 718/540/712
f 1510/1003/709 719/540/713 718/540/712
f 1510/1003/709 1508/1003/709 719/540/713
f 1508/1003/709 1520/967/1271 719/540/713
f 1508/1003/709 1515/1004/709 1520/967/1271
f 1521/1004/1273 1440/540/711 1439/967/1267
f 1521/1004/1273 1522/1003/1274 1440/540/711
f 1522/1003/1274 1523/540/713 1440/540/711
f 1522/1003/1274 1510/1003/709 1523/540/713
f 1510/1003/709 1524/967/1271 1523/540/713
f 1510/1003/709 1519/1004/709 1524/967/1271
f 1500/1002/709 1449/989/1268 1448/988/713
f 1500/1002/709 1510/1003/709 1449/989/1268
f 1510/1003/709 1525/989/710 1449/989/1268
f 1510/1003/709 1522/1003/1274 1525/989/710
f 1522/1003/1274 1526/988/711 1525/989/710
f 1522/1003/1274 1527/1002/1274 1526/988/711
f 1527/1002/1274 1448/988/713 1526/988/711
f 1527/1002/1274 1500/1002/709 1448/988/713
f 1490/1000/709 1528/992/1268 1529/993/1269
f 1490/1000/709 1500/1002/709 1528/992/1268
f 1500/1002/709 1461/992/710 1528/992/1268
f 1500/1002/709 1527/1002/1274 1461/992/710
f 1527/1002/1274 1462/993/711 1461/992/710
f 1527/1002/1274 1530/1000/1274 1462/993/711
f 1530/1000/1274 1529/993/1269 1462/993/711
f 1530/1000/1274 1490/1000/709 1529/993/1269
f 1483/998/709 1531/1001/1268 1532/999/1269
f 1483/998/709 1490/1000/709 1531/1001/1268
f 1490/1000/709 1533/1001/710 1531/1001/1268
f 1490/1000/709 1530/1000/1274 1533/1001/710
f 1530/1000/1274 1534/999/711 1533/1001/710
f 1530/1000/1274 1535/998/1274 1534/999/711
f 1535/998/1274 1532/999/1269 1534/999/711
f 1535/998/1274 1483/998/709 1532/999/1269
f 1481/997/709 1536/536/1268 1537/537/1269
f 1481/997/709 1483/998/709 1536/536/1268
f 1483/998/709 1538/536/710 1536/536/1268
f 1483/998/709 1535/998/1274 1538/536/710
f 1535/998/1274 1539/537/711 1538/536/710
f 1535/998/1274 1540/997/1274 1539/537/711
f 1540/997/1274 1537/537/1269 1539/537/711
f 1540/997/1274 1481/997/709 1537/537/1269
f 1481/997/709 1540/997/1274 1541/996/710
f 1481/997/709 1541/996/710 1542/996/1268
f 1479/994/709 1481/997/709 1542/996/1268
f 1479/994/709 1542/996/1268 1543/995/1269
f 1544/994/1274 1479/994/709 1543/995/1269
f 1544/994/1274 1543/995/1269 1545/995/711
f 1540/997/1274 1544/994/1274 1545/995/711
f 1540/997/1274 1545/995/711 1541/996/710
f 721/534/714 1546/990/1268 1547/991/1269
f 712/534/708 721/534/714 1547/991/1269
f 712/534/708 1547/991/1269 1548/991/711
f 1544/994/1274 712/534/708 1548/991/711
f 1544/994/1274 1548/991/711 1549/990/710
f 1479/994/709 1544/994/1274 1549/990/710
f 1479/994/709 1549/990/710 1546/990/1268
f 721/534/714 1479/994/709 1546/990/1268
f 1479/994/709 721/534/714 1550/991/712
f 721/534/714 1452/991/1269 1550/991/712
f 721/534/714 723/534/714 1452/991/1269
f 723/534/714 1450/990/722 1452/991/1269
f 723/534/714 1468/994/709 1450/990/722
f 1468/994/709 1451/990/710 1450/990/722
f 1468/994/709 1479/994/709 1451/990/710
f 1479/994/709 1550/991/712 1451/990/710
f 787/934/709 1451/990/710 1550/991/712
f 787/934/709 786/937/709 1451/990/710
f 735/916/709 1526/988/711 1448/988/713
f 735/916/709 737/916/709 1526/988/711
f 736/919/709 1449/989/1268 1525/989/710
f 736/919/709 738/919/709 1449/989/1268
f 762/927/709 1532/999/1269 1531/1001/1268
f 762/927/709 759/924/709 1532/999/1269
f 795/934/709 1549/990/710 1548/991/711
f 795/934/709 794/937/709 1549/990/710
f 759/924/709 1534/999/711 1532/999/1269
f 759/924/709 761/924/709 1534/999/711
f 760/927/709 1531/1001/1268 1533/1001/710
f 760/927/709 762/927/709 1531/1001/1268
f 784/933/709 1543/995/1269 1542/996/1268
f 784/933/709 781/930/709 1543/995/1269
f 781/930/709 1545/995/711 1543/995/1269
f 781/930/709 783/930/709 1545/995/711
f 731/916/709 1514/988/711 1456/988/713
f 731/916/709 733/916/709 1514/988/711
f 780/933/709 1469/995/713 1473/996/722
f 780/933/709 777/930/709 1469/995/713
f 782/933/709 1542/996/1268 1541/996/710
f 782/933/709 784/933/709 1542/996/1268
f 732/919/709 1457/989/722 1513/989/710
f 732/919/709 734/919/709 1457/989/722
f 733/916/709 1513/989/710 1514/988/711
f 733/916/709 732/919/709 1513/989/710
f 755/924/709 1498/999/711 1494/999/713
f 755/924/709 757/924/709 1498/999/711
f 768/538/709 1487/537/713 1486/536/722
f 768/538/709 767/535/709 1487/537/713
f 756/927/709 1495/1001/722 1497/1001/710
f 756/927/709 758/927/709 1495/1001/722
f 771/535/709 1538/536/710 1539/537/711
f 771/535/709 770/538/709 1538/536/710
f 757/924/709 1497/1001/710 1498/999/711
f 757/924/709 756/927/709 1497/1001/710
f 777/930/709 1470/995/711 1469/995/713
f 777/930/709 779/930/709 1470/995/711
f 778/933/709 1473/996/722 1475/996/710
f 778/933/709 780/933/709 1473/996/722
f 730/919/709 1506/988/713 1507/989/722
f 730/919/709 727/916/709 1506/988/713
f 779/930/709 1475/996/710 1470/995/711
f 779/930/709 778/933/709 1475/996/710
f 727/916/709 1511/988/712 1506/988/713
f 727/916/709 729/916/709 1511/988/712
f 726/533/717 1471/994/1270 725/534/716
f 726/533/717 1551/532/964 1471/994/1270
f 1551/532/964 1474/997/1270 1471/994/1270
f 1551/532/964 1552/1005/964 1474/997/1270
f 1552/1005/964 1485/998/1270 1474/997/1270
f 1552/1005/964 1553/1006/964 1485/998/1270
f 1553/1006/964 1496/1000/1270 1485/998/1270
f 1553/1006/964 1554/1007/964 1496/1000/1270
f 1554/1007/964 1503/1002/1270 1496/1000/1270
f 1554/1007/964 1555/1008/964 1503/1002/1270
f 1555/1008/964 1512/1003/1270 1503/1002/1270
f 1555/1008/964 1556/1009/964 1512/1003/1270
f 1556/1009/964 1518/1004/1272 1512/1003/1270
f 1556/1009/964 1557/1010/964 1518/1004/1272
f 728/919/709 1507/989/722 1509/989/710
f 728/919/709 730/919/709 1507/989/722
f 758/927/709 1494/999/713 1495/1001/722
f 758/927/709 755/924/709 1494/999/713
f 729/916/709 1509/989/710 1511/988/712
f 729/916/709 728/919/709 1509/989/710
f 761/924/709 1533/1001/710 1534/999/711
f 761/924/709 760/927/709 1533/1001/710
f 754/927/709 1488/999/1269 1493/1001/722
f 754/927/709 751/924/709 1488/999/1269
f 751/924/709 1489/999/712 1488/999/1269
f 751/924/709 753/924/709 1489/999/712
f 752/927/709 1493/1001/722 1491/1001/710
f 752/927/709 754/927/709 1493/1001/722
f 753/924/709 1491/1001/710 1489/999/712
f 753/924/709 752/927/709 1491/1001/710
f 776/933/709 1478/995/1269 1477/996/722
f 776/933/709 773/930/709 1478/995/1269
f 746/923/709 1501/993/713 1502/992/722
f 746/923/709 743/920/709 1501/993/713
f 773/930/709 1480/995/712 1478/995/1269
f 773/930/709 775/930/709 1480/995/712
f 1261/913/1172 1523/540/713 1524/967/1271
f 1261/913/1172 1276/539/709 1523/540/713
f 774/933/709 1477/996/722 1482/996/710
f 774/933/709 776/933/709 1477/996/722
f 1276/539/709 1440/540/711 1523/540/713
f 1276/539/709 1279/539/709 1440/540/711
f 775/930/709 1482/996/710 1480/995/712
f 775/930/709 774/933/709 1482/996/710
f 737/916/709 1525/989/710 1526/988/711
f 737/916/709 736/919/709 1525/989/710
f 750/923/709 1529/993/1269 1528/992/1268
f 750/923/709 747/920/709 1529/993/1269
f 747/920/709 1462/993/711 1529/993/1269
f 747/920/709 749/920/709 1462/993/711
f 748/923/709 1528/992/1268 1461/992/710
f 748/923/709 750/923/709 1528/992/1268
f 772/538/709 1537/537/1269 1536/536/1268
f 772/538/709 769/535/709 1537/537/1269
f 1265/913/1172 1516/540/713 1517/967/1271
f 1265/913/1172 1274/539/709 1516/540/713
f 769/535/709 1539/537/711 1537/537/1269
f 769/535/709 771/535/709 1539/537/711
f 1274/539/709 1438/540/711 1516/540/713
f 1274/539/709 1272/539/709 1438/540/711
f 770/538/709 1536/536/1268 1538/536/710
f 770/538/709 772/538/709 1536/536/1268
f 792/937/709 1472/991/713 1467/990/722
f 792/937/709 789/934/709 1472/991/713
f 796/937/709 1547/991/1269 1546/990/1268
f 796/937/709 793/934/709 1547/991/1269
f 793/934/709 1548/991/711 1547/991/1269
f 793/934/709 795/934/709 1548/991/711
f 794/937/709 1546/990/1268 1549/990/710
f 794/937/709 796/937/709 1546/990/1268
f 743/920/709 1505/993/711 1501/993/713
f 743/920/709 745/920/709 1505/993/711
f 789/934/709 1466/991/711 1472/991/713
f 789/934/709 791/934/709 1466/991/711
f 744/923/709 1502/992/722 1504/992/710
f 744/923/709 746/923/709 1502/992/722
f 785/934/709 1550/991/712 1452/991/1269
f 785/934/709 787/934/709 1550/991/712
f 745/920/709 1504/992/710 1505/993/711
f 745/920/709 744/923/709 1504/992/710
f 783/930/709 1541/996/710 1545/995/711
f 783/930/709 782/933/709 1541/996/710
f 767/535/709 715/537/711 1487/537/713
f 767/535/709 713/535/709 715/537/711
f 1558/1010/1033 1522/1003/1274 1521/1004/1273
f 1558/1010/1033 1559/1009/1033 1522/1003/1274
f 1559/1009/1033 1527/1002/1274 1522/1003/1274
f 1559/1009/1033 1560/1008/1033 1527/1002/1274
f 1560/1008/1033 1530/1000/1274 1527/1002/1274
f 1560/1008/1033 1561/1007/1033 1530/1000/1274
f 1561/1007/1033 1535/998/1274 1530/1000/1274
f 1561/1007/1033 1562/1006/1033 1535/998/1274
f 1562/1006/1033 1540/997/1274 1535/998/1274
f 1562/1006/1033 1563/1005/1033 1540/997/1274
f 1563/1005/1033 1544/994/1274 1540/997/1274
f 1563/1005/1033 710/532/706 1544/994/1274
f 710/532/706 712/534/708 1544/994/1274
f 716/538/709 1486/536/722 714/536/710
f 716/538/709 768/538/709 1486/536/722
f 1269/913/1172 719/540/713 1520/967/1271
f 1269/913/1172 717/539/709 719/540/713
f 1199/729/1113 1179/728/1093 1180/707/1094
f 1564/731/1275 1179/728/1093 1199/729/1113
f 1564/731/1275 1178/727/1092 1179/728/1093
f 1565/748/1276 1178/727/1092 1564/731/1275
f 1565/748/1276 1177/732/1091 1178/727/1092
f 1566/749/1277 1177/732/1091 1565/748/1276
f 1566/749/1277 1176/747/1090 1177/732/1091
f 1567/752/1278 1176/747/1090 1566/749/1277
f 1567/752/1278 1568/750/1279 1176/747/1090
f 1569/770/1280 1568/750/1279 1567/752/1278
f 1367/699/1199 1569/770/1280 1567/752/1278
f 1367/699/1199 1567/752/1278 1566/749/1277
f 1367/699/1199 1566/749/1277 1565/748/1276
f 1367/699/1199 1565/748/1276 1564/731/1275
f 1367/699/1199 1564/731/1275 1199/729/1113
f 1367/699/1199 1199/729/1113 1198/730/1112
f 1367/699/1199 1198/730/1112 1197/701/1111
f 1367/699/1199 1197/701/1111 1196/700/1110
f 1175/733/1089 1570/725/1281 1174/722/1088
f 1571/746/1282 1570/725/1281 1175/733/1089
f 1571/746/1282 1572/734/1283 1570/725/1281
f 1573/751/1284 1572/734/1283 1571/746/1282
f 1573/751/1284 1574/745/1285 1572/734/1283
f 1575/754/1286 1574/745/1285 1573/751/1284
f 1576/769/1287 1575/754/1286 1573/751/1284
f 1577/768/1288 1575/754/1286 1576/769/1287
f 1578/772/1289 1577/768/1288 1576/769/1287
f 1579/773/1290 1577/768/1288 1578/772/1289
f 1367/699/1199 1579/773/1290 1578/772/1289
f 1367/699/1199 1578/772/1289 1580/771/1291
f 1367/699/1199 1580/771/1291 1569/770/1280
f 1580/771/1291 1581/753/1292 1569/770/1280
f 1569/770/1280 1581/753/1292 1568/750/1279
f 1581/753/1292 1571/746/1282 1568/750/1279
f 1568/750/1279 1571/746/1282 1175/733/1089
f 1568/750/1279 1175/733/1089 1176/747/1090
f 1578/772/1289 1576/769/1287 1580/771/1291
f 1580/771/1291 1576/769/1287 1581/753/1292
f 1576/769/1287 1573/751/1284 1581/753/1292
f 1581/753/1292 1573/751/1284 1571/746/1282
f 1164/709/1078 1151/704/1065 1150/692/1064
f 1174/722/1088 1151/704/1065 1164/709/1078
f 1174/722/1088 1152/710/1066 1151/704/1065
f 1570/725/1281 1152/710/1066 1174/722/1088
f 1570/725/1281 1405/721/1237 1152/710/1066
f 1572/734/1283 1405/721/1237 1570/725/1281
f 1572/734/1283 1406/724/1238 1405/721/1237
f 1574/745/1285 1406/724/1238 1572/734/1283
f 1574/745/1285 1400/735/1232 1406/724/1238
f 1398/744/1230 1400/735/1232 1574/745/1285
f 1575/754/1286 1398/744/1230 1574/745/1285
f 1396/755/1228 1398/744/1230 1575/754/1286
f 1577/768/1288 1396/755/1228 1575/754/1286
f 1395/767/1227 1396/755/1228 1577/768/1288
f 1579/773/1290 1395/767/1227 1577/768/1288
f 1394/774/1226 1395/767/1227 1579/773/1290
f 1367/699/1199 1394/774/1226 1579/773/1290
f 1367/699/1199 1369/775/1201 1394/774/1226
f 1070/841/984 1055/839/969 1250/828/1164
f 1250/828/1164 1055/839/969 1054/838/968
f 1250/828/1164 1054/838/968 1249/827/1163
f 1249/827/1163 1054/838/968 1052/836/966
f 1249/827/1163 1052/836/966 1248/837/1162
f 1248/837/1162 1052/836/966 1048/832/962
f 1248/837/1162 1048/832/962 1247/835/1161
f 1247/835/1161 1048/832/962 1050/834/964
f 1247/835/1161 1050/834/964 1246/833/1160
f 1246/833/1160 1050/834/964 1430/966/1260
f 1246/833/1160 1430/966/1260 1245/910/1159
f 1245/910/1159 1430/966/1260 1428/965/1258
f 1245/910/1159 1428/965/1258 1418/958/1250
f 1418/958/1250 1428/965/1258 1426/964/1256
f 1418/958/1250 1426/964/1256 1417/957/1249
f 1417/957/1249 1426/964/1256 1424/963/720
f 1417/957/1249 1424/963/720 1416/956/1248
f 1416/956/1248 1424/963/720 1419/959/1251
o Box
v 22.021576 88.162323 21.916225
v 22.193874 84.693703 21.916225
v 20.520601 84.693703 20.415249
v 20.870125 29.569700 11.135500
v 20.890175 29.569700 3.749375
v 20.890175 29.569700 11.135500
v 20.870125 29.569700 3.749375
v 20.870125 59.620827 11.135500
v 20.890175 69.577446 11.135500
v 20.890175 59.620827 11.135500
v 20.870125 69.577446 11.135500
v 20.870125 59.620827 -11.113525
v 20.890175 59.620827 -3.727400
v 20.890200 59.620827 -11.113525
v 20.870125 59.620827 -3.727400
v 20.870125 19.613075 3.749375
v 20.890175 19.613075 11.135500
v 20.890175 19.613075 3.749375
v 20.870125 19.613075 11.135500
v 20.870125 49.573578 11.135500
v 20.890175 49.573578 3.749375
v 20.890175 49.573578 11.135500
v 20.870125 49.573578 3.749375
v 20.870125 49.618900 11.135500
v 20.890175 59.575497 11.135500
v 20.890175 49.618900 11.135500
v 20.870125 59.575497 11.135500
v 20.870125 39.616951 3.749375
v 20.890175 39.616951 11.135500
v 20.890175 39.616951 3.749375
v 20.870125 39.616951 11.135500
v 20.870125 59.575497 -11.113525
v 20.890200 49.618900 -11.113525
v 20.890200 59.575497 -11.113525
v 20.870125 49.618900 -11.113525
v 20.890175 69.577446 3.749375
v 20.870125 69.577446 3.749375
v 20.870125 59.620827 3.749375
v 20.890175 59.620827 3.749375
v 20.870125 19.613075 3.704050
v 20.890175 29.569700 3.704050
v 20.890175 19.613075 3.704050
v 20.870125 29.569700 3.704050
v 20.890175 29.569700 -3.682075
v 20.870125 29.569700 -3.682075
v 20.870125 19.613075 -3.682075
v 20.890175 19.613075 -3.682075
v 20.870125 49.573578 -11.113525
v 20.890200 39.616951 -11.113525
v 20.890200 49.573578 -11.113525
v 20.870125 39.616951 -11.113525
v 20.870125 39.616951 3.704050
v 20.890175 49.573578 3.704050
v 20.890175 39.616951 3.704050
v 20.870125 49.573578 3.704050
v 20.890175 49.573578 -3.682075
v 20.870125 49.573578 -3.682075
v 20.870125 39.616951 -3.682075
v 20.890175 39.616951 -3.682075
v 20.870125 59.620827 3.704050
v 20.890175 69.577446 3.704050
v 20.890175 59.620827 3.704050
v 20.870125 69.577446 3.704050
v 20.870125 29.615025 11.135500
v 20.890175 39.571625 11.135500
v 20.890175 29.615025 11.135500
v 20.870125 39.571625 11.135500
v 20.890175 69.577446 -3.682075
v 20.870125 69.577446 -3.682075
v 20.870125 10.987075 -3.727400
v 20.890175 19.567776 -3.727400
v 20.890175 10.987075 -3.727400
v 20.870125 19.567776 -3.727400
v 20.870125 59.620827 -3.682075
v 20.890175 59.620827 -3.682075
v 20.890200 19.567776 -11.113525
v 20.870125 19.567776 -11.113525
v 20.870125 29.569700 -11.113525
v 20.890200 19.613075 -11.113525
v 20.890200 29.569700 -11.113525
v 20.870125 19.613075 -11.113525
v 20.870125 29.615025 -3.727400
v 20.890175 39.571625 -3.727400
v 20.890175 29.615025 -3.727400
v 20.870125 39.571625 -3.727400
v 20.890200 39.571625 -11.113525
v 20.870125 39.571625 -11.113525
v 20.870125 29.615025 -11.113525
v 20.890200 29.615025 -11.113525
v 20.870125 49.618900 -3.727400
v 20.890175 59.575497 -3.727400
v 20.890175 49.618900 -3.727400
v 20.870125 59.575497 -3.727400
v 20.870125 10.987075 11.135500
v 20.890175 19.567776 11.135500
v 20.890175 10.987075 11.135500
v 20.870125 19.567776 11.135500
v 20.890175 19.567776 3.749375
v 20.870125 19.567776 3.749375
v 20.870125 69.622772 11.135500
v 20.890175 79.579376 11.135500
v 20.890175 69.622772 11.135500
v 20.870125 79.579376 11.135500
v 20.870125 69.622772 -3.727400
v 20.890175 79.579376 -3.727400
v 20.890175 69.622772 -3.727400
v 20.869650 79.579376 -3.727625
v 20.890200 79.579376 -11.113525
v 20.869650 79.579376 -11.113750
v 20.870125 69.622772 -11.113525
v 20.890200 69.622772 -11.113525
v 20.890175 39.571625 3.749375
v 20.870125 39.571625 3.749375
v 20.890175 79.579376 3.749375
v 20.870125 79.579376 3.749375
v 20.870125 29.615025 3.749375
v 20.890175 29.615025 3.749375
v 20.870125 79.579376 3.704050
v 20.890175 79.579376 -3.682075
v 20.890175 79.579376 3.704050
v 20.870125 79.579376 -3.682075
v 20.870125 69.577446 -11.113525
v 20.890200 69.577446 -11.113525
v 20.890175 59.575497 3.749375
v 20.870125 59.575497 3.749375
v 20.870125 49.618900 3.749375
v 20.890175 49.618900 3.749375
v 20.870125 10.987075 3.704050
v 20.890175 19.567776 3.704050
v 20.890175 10.987075 3.704050
v 20.870125 19.567776 3.704050
v 20.890175 19.567776 -3.682075
v 20.870125 19.567776 -3.682075
v 20.870899 79.602303 -11.134175
v 20.890175 79.602051 -3.704750
v 20.890200 79.602051 -11.136200
v 20.870125 79.602051 -3.704750
v 20.890175 79.602051 3.726700
v 20.870125 79.602051 3.726700
v 20.890175 79.602051 11.158150
v 20.870899 79.602303 11.157801
v 21.774050 79.602051 -11.136325
v 21.774050 79.602051 11.158275
v 21.774050 10.988976 -11.136325
v 20.870125 10.988976 -11.136325
v 20.870125 10.988976 11.158275
v 21.774050 10.988976 11.158275
v 21.774050 5.658650 20.642099
v 21.078800 5.659850 -20.489025
v 21.774050 5.658650 -20.624199
v 21.078800 5.659850 20.642099
v 21.078800 84.764679 -20.489025
v 21.774050 84.763496 -20.624199
v 21.078800 84.764679 20.642099
v 21.774050 84.763496 20.642099
v -0.533850 111.656723 -0.090375
v -0.522250 111.656723 -0.208300
v -0.487850 111.656723 -0.321700
v -0.487850 111.656723 0.140925
v -0.522250 111.656723 0.027525
v -0.431975 111.656723 -0.426200
v -0.356825 111.656723 -0.517775
v -0.160725 111.656723 -0.648800
v 0.629000 111.656723 -0.321700
v -0.265225 111.656723 -0.592950
v 0.301900 111.656723 -0.648800
v 0.406400 111.656723 -0.592950
v 0.497975 111.656723 -0.517775
v 0.573150 111.656723 -0.426200
v 0.188500 111.656723 -0.683200
v 0.070575 111.656723 -0.694825
v -0.047325 111.656723 -0.683200
v -0.160725 111.656723 0.468050
v -0.265225 111.656723 0.412200
v -0.356825 111.656723 0.337025
v -0.431975 111.656723 0.245425
v 0.301900 111.656723 0.468050
v 0.675025 111.656723 -0.090375
v 0.663400 111.656723 -0.208300
v 0.188500 111.656723 0.502450
v 0.070575 111.656723 0.514050
v -0.047325 111.656723 0.502450
v 0.629000 111.656723 0.140925
v 0.573150 111.656723 0.245425
v 0.497975 111.656723 0.337025
v 0.406400 111.656723 0.412200
v 0.663400 111.656723 0.027525
v -0.056700 141.665894 -0.071550
v -0.057550 141.665894 -0.068375
v -0.056700 141.665894 -0.065225
v 0.079800 141.665894 0.070400
v 0.083075 141.665894 0.070400
v 0.085900 141.665894 0.068750
v 0.076975 141.665894 0.068750
v 0.085900 141.665894 -0.205525
v 0.076975 141.665894 -0.205525
v 0.079800 141.665894 -0.207150
v 0.083075 141.665894 -0.207150
v 0.219575 141.665894 -0.065225
v 0.220425 141.665894 -0.068375
v 0.218575 141.665894 -0.072850
v 20.870125 39.571625 -3.682075
v 20.619650 29.615025 -3.682300
v 20.619650 39.571625 -3.682300
v 20.870125 29.615025 -3.682075
v 20.619650 29.615025 3.703825
v 20.870125 29.615025 3.704050
v 20.870125 39.571625 3.704050
v 20.619650 39.571625 3.703825
v 20.619650 29.615025 3.749150
v 20.619650 39.571625 3.749150
v 20.619650 29.615025 11.135275
v 20.619650 39.571625 11.135275
v 20.619650 29.615025 -3.727625
v 20.619650 29.615025 -11.113750
v 20.619650 39.571625 -11.113750
v 20.619650 39.571625 -3.727625
v 20.619650 39.616951 -3.682300
v 20.619650 49.573578 -3.682300
v 20.619650 39.616951 3.703825
v 20.619650 49.573578 3.703825
v 20.619650 39.616951 3.749150
v 20.619650 49.573578 3.749150
v 20.619650 39.616951 11.135275
v 20.619650 49.573578 11.135275
v 20.619650 39.616951 -3.727625
v 20.619650 39.616951 -11.113750
v 20.870125 39.616951 -3.727400
v 20.870125 49.573578 -3.727400
v 20.619650 49.573578 -11.113750
v 20.619650 49.573578 -3.727625
v 20.870125 59.575497 -3.682075
v 20.619650 49.618900 -3.682300
v 20.619650 59.575497 -3.682300
v 20.870125 49.618900 -3.682075
v 20.619650 49.618900 3.703825
v 20.870125 49.618900 3.704050
v 20.870125 59.575497 3.704050
v 20.619650 59.575497 3.703825
v 20.619650 49.618900 3.749150
v 20.619650 59.575497 3.749150
v 20.619650 49.618900 11.135275
v 20.619650 59.575497 11.135275
v 20.619650 49.618900 -3.727625
v 20.619650 49.618900 -11.113750
v 20.619650 59.575497 -11.113750
v 20.619650 59.575497 -3.727625
v 20.619650 59.620827 -3.682300
v 20.619650 69.577446 -3.682300
v 20.619650 59.620827 3.703825
v 20.619650 69.577446 3.703825
v 20.619650 59.620827 3.749150
v 20.619650 69.577446 3.749150
v 20.619650 59.620827 11.135275
v 20.619650 69.577446 11.135275
v 20.619650 59.620827 -3.727625
v 20.619650 59.620827 -11.113750
v 20.869650 69.577446 -3.727625
v 20.619650 69.577446 -11.113750
v 20.619650 69.577446 -3.727625
v 20.619650 69.622772 -3.682300
v 20.619650 79.579376 -3.682300
v 20.870125 69.622772 -3.682075
v 20.619650 69.622772 3.703825
v 20.870125 69.622772 3.704050
v 20.619650 79.579376 3.703825
v 20.619650 69.622772 3.749150
v 20.619650 79.579376 3.749150
v 20.870125 69.622772 3.749375
v 20.619650 69.622772 11.135275
v 20.619650 69.622772 -3.727625
v 20.619650 69.622772 -11.113750
v 20.619650 79.579376 -3.727625
v 20.619650 10.987075 -11.113750
v 20.619650 19.567776 -11.113750
v 20.870125 10.987075 -11.113525
v 20.619650 19.567776 11.135275
v 20.619650 10.987075 11.135275
v 20.619650 19.613075 -11.113750
v 20.619650 29.569700 -11.113750
v 20.619650 79.579376 -11.113750
v 20.619650 29.569700 11.135275
v 20.619650 19.613075 11.135275
v 20.619650 79.579376 11.135275
v -20.500000 5.658650 21.623526
v 20.500000 5.659850 20.928276
v 20.500000 5.658650 21.623526
v -20.500000 5.659850 20.928276
v -22.178625 5.658650 20.500000
v -20.500000 5.658650 23.857225
v -20.500000 5.658650 20.500000
v -21.642775 5.658650 25.000000
v -22.394325 5.658650 25.000000
v -25.000000 5.658650 22.394299
v -23.857250 5.658650 20.500000
v -25.000000 5.658650 21.642750
v 20.500000 5.658650 20.500000
v 22.178625 5.658650 20.500000
v 20.500000 5.658650 23.857250
v 22.394299 5.658650 25.000000
v 25.000000 5.658650 22.394325
v 21.642750 5.658650 25.000000
v 23.857225 5.658650 20.500000
v 25.000000 5.658650 21.642775
v 1.523125 139.489197 -0.051425
v 1.516600 139.489197 -0.035625
v 1.506175 139.489197 -0.022075
v 1.525375 139.489197 -0.068375
v 1.523125 139.489197 -0.085350
v 1.506175 139.489197 -0.114700
v 1.516600 139.489197 -0.101150
v 0.081450 139.489197 -1.512300
v 0.098400 139.489197 -1.510075
v 0.114200 139.489197 -1.503525
v 0.064475 139.489197 -1.510075
v 0.048700 139.489197 -1.503525
v 0.127775 139.489197 -1.493125
v 0.035125 139.489197 -1.493125
v -1.343300 139.489197 -0.022075
v 0.035125 139.489197 1.356350
v 0.127775 139.489197 1.356350
v 0.048675 139.489197 1.366775
v 0.114200 139.489197 1.366775
v 0.081450 139.489197 1.375550
v 0.098400 139.489197 1.373300
v 0.064475 139.489197 1.373300
v -1.353700 139.489197 -0.035625
v -1.360250 139.489197 -0.051425
v -1.362475 139.489197 -0.068375
v -1.360250 139.489197 -0.085350
v -1.343300 139.489197 -0.114700
v -1.353700 139.489197 -0.101150
v 20.500000 84.764679 20.928276
v 20.500000 84.763496 21.623526
v -20.500000 84.764679 20.928276
v -20.500000 84.763496 21.623526
v -17.996424 7.348450 21.412601
v -17.996424 7.349625 20.717375
v -17.996424 83.243752 20.717375
v -17.996424 83.242577 21.412601
v -17.996424 83.242577 21.623526
v -17.996424 7.348450 21.623526
v 22.193874 84.693703 23.258400
v 17.996401 7.348450 21.412624
v 17.996401 7.349625 20.717375
v 17.996401 7.348450 21.623526
v 22.021576 84.693703 21.757425
v 22.193874 88.162323 24.991600
v 17.996401 83.243752 20.717375
v 17.996401 83.242577 21.412624
v 17.996401 83.242577 21.623526
v 21.775099 84.693703 21.916225
v 23.276075 84.693703 22.059376
v 22.021576 84.693703 22.059376
v 24.991600 88.162323 21.262800
v 24.991600 88.162323 22.059376
v 21.927925 88.162323 -21.780676
v 21.927925 88.162323 -22.083200
v 21.927925 84.693703 -22.083200
v 7.049275 128.184525 6.747800
v 3.535750 114.642021 3.182900
v 7.150525 128.174667 6.747800
v 3.455400 114.651894 3.182900
v -6.908125 128.184525 -6.928575
v -3.394575 114.642021 -3.363675
v -7.009375 128.174667 -6.928575
v -3.314225 114.651894 -3.363675
v 6.908775 128.184525 6.888325
v 3.440125 114.555824 3.279150
v 7.068550 128.280609 6.907575
v 3.343875 114.651894 3.294425
v 3.343875 114.651894 -3.475200
v 7.068550 128.280609 -7.088350
v 3.440125 114.555824 -3.459925
v 6.908775 128.184525 -7.069100
v -6.767600 128.184525 -7.069100
v -3.298950 114.555824 -3.459925
v -6.927400 128.280609 -7.088350
v -3.202725 114.651894 -3.475200
v -3.202725 114.651894 3.294425
v -6.927400 128.280609 6.907575
v -3.298950 114.555824 3.279150
v -6.767600 128.184525 6.888325
v 7.049300 128.184525 -6.928575
v 3.455400 114.651894 -3.363675
v -6.908125 128.184525 6.747800
v -3.314225 114.651894 3.182900
v -7.009375 128.174667 6.747800
v -6.767600 128.174667 -7.170325
v -3.202725 114.642021 -3.555550
v 3.343875 114.642021 3.374800
v -3.202725 114.642021 3.374800
v 6.908775 128.174667 -7.170325
v -3.441925 114.591507 3.422125
v 3.583100 114.591507 -3.602900
v -3.441925 114.591507 -3.602900
v 3.583100 114.591507 3.422125
v 3.851825 114.542099 -3.871625
v -3.710650 114.542099 -3.871625
v -3.710650 114.542130 3.690850
v 3.851825 114.542130 3.690850
v -3.710650 114.412071 3.690850
v 3.851825 114.412071 3.690850
v 3.851825 114.412071 -3.871625
v -3.710650 114.412071 -3.871625
v -3.441925 114.362701 3.422125
v 3.583100 114.362701 3.422125
v 3.583100 114.362701 -3.602900
v -3.441925 114.362701 -3.602900
v -3.441925 113.009003 -3.602900
v -3.441925 113.009003 3.422125
v 3.583100 113.009003 3.422125
v 3.583100 113.009003 -3.602900
v -2.881475 113.009003 -3.042450
v -2.881475 113.009003 2.861675
v 3.022650 113.009003 -3.042450
v 3.022650 113.009003 2.861675
v 0.001275 106.399521 -0.170450
v 0.131275 106.399521 -24.985725
v -0.015400 106.399521 -24.985725
v 0.147925 106.399521 -0.170450
v 0.001275 106.399521 -0.023800
v 0.147925 106.399521 -0.023800
v 24.984924 106.399521 -0.022950
v 24.984924 106.399521 -0.169600
v -24.986500 106.399521 -0.174725
v -24.986500 106.399521 -0.028050
v 24.984924 105.626068 -0.754350
v 0.723075 105.626068 -0.743550
v 0.724700 105.626068 0.563025
v 24.984924 105.626068 0.552225
v 0.701775 105.626068 -24.985725
v -0.542550 105.626068 24.986626
v 0.166600 106.399521 24.986626
v 0.019950 106.399521 24.986626
v 0.764050 105.626068 24.986626
v -24.986500 105.626068 0.543225
v -0.581900 105.626068 0.562800
v -0.583525 105.626068 -0.743800
v -24.986500 105.626068 -0.763350
v -20.624176 84.763496 -21.774050
v 18.007376 83.242577 -21.774050
v -17.985424 83.242577 -21.774050
v 20.642099 84.763496 -21.774050
v 18.007376 7.348450 -21.774050
v 20.642099 5.658650 -21.774050
v -17.985424 7.348450 -21.774050
v -20.624176 5.658650 -21.774050
v 21.774050 83.242577 -17.985424
v 21.774050 82.566124 17.330925
v 21.774050 82.566124 -17.308975
v 21.774050 83.242577 18.007376
v 21.774050 8.024899 17.330925
v 21.774050 7.348450 18.007376
v 21.774050 7.348450 -17.985424
v 21.774050 8.024899 -17.308975
v 20.426950 84.693703 -20.279699
v 23.276100 84.693703 -22.083200
v 21.927925 84.693703 -21.775099
v 22.166750 84.693703 -21.780676
v 22.166750 84.693703 -23.276075
v -24.829725 95.693848 4.114300
v -24.232124 95.693848 -4.610400
v -24.232124 95.693848 4.511375
v -24.829725 95.693848 -4.213350
v -24.232124 104.202995 -4.610400
v -24.829725 104.202995 -4.213350
v -24.829725 104.202995 4.114300
v -24.232124 104.008698 4.511375
v -4.114300 95.693848 -24.829725
v 4.610400 95.693848 -24.232124
v -4.511375 95.693848 -24.232124
v 4.213350 95.693848 -24.829725
v 4.610400 104.202995 -24.232124
v 4.213350 104.202995 -24.829725
v -4.114300 104.202995 -24.829725
v -4.511375 104.202995 -24.232124
v 4.114300 95.693848 24.829725
v -4.610425 95.693848 24.232124
v 4.511375 95.693848 24.232124
v -4.213350 95.693848 24.829725
v -4.610425 104.008698 24.232124
v -4.213350 104.202995 24.829725
v 4.114300 104.202995 24.829725
v 4.511375 104.202995 24.232124
v 24.829725 95.693848 -4.114300
v 24.232124 95.693848 4.610400
v 24.232124 95.693848 -4.511375
v 24.829725 95.693848 4.213350
v 24.232124 104.202995 4.610400
v 24.829725 104.202995 4.213350
v 24.829725 104.202995 -4.114300
v 24.232124 104.202995 -4.511375
v 4.564325 110.624168 -4.584125
v -4.423175 111.525131 -4.584125
v 4.564325 111.525131 -4.584125
v -4.423175 110.624168 -4.584125
v -4.423175 110.624168 4.403375
v 4.564325 111.525131 4.403375
v -4.423175 111.525131 4.403375
v 4.564325 110.624168 4.403375
v 4.564325 106.357323 -4.584125
v -4.423175 107.020447 -4.584125
v 4.564325 107.020447 -4.584125
v -4.423175 106.357323 -4.584125
v -4.423175 106.357323 4.403375
v 4.564325 107.020447 4.403375
v -4.423175 107.020447 4.403375
v 4.564325 106.357323 4.403375
v -4.615925 107.020447 -4.776900
v -4.615950 110.624168 4.596150
v -4.615925 110.624168 -4.776900
v -4.615950 107.020447 4.596150
v 4.757100 107.020447 4.596150
v 4.757100 110.624168 -4.776900
v 4.757100 110.624168 4.596150
v 4.757100 107.020447 -4.776900
v 4.757100 106.357323 4.596150
v 4.757100 106.357323 -4.776900
v -4.615925 106.357323 -4.776900
v -4.615950 106.357323 4.596150
v -4.615950 111.525131 4.596150
v -4.615925 111.525131 -4.776900
v 4.757100 111.525131 -4.776900
v 4.757100 111.525131 4.596150
v 4.757100 104.086151 -4.776900
v -4.615925 104.086151 -4.776900
v -4.615950 104.086151 4.596150
v 4.757100 104.086151 4.596150
v -4.615925 112.651299 -4.776900
v -4.615950 112.651299 4.596150
v 4.757100 112.651299 4.596150
v 4.757100 112.651299 -4.776900
v -24.986500 97.121445 24.986626
v -24.986500 105.603699 -0.109850
v -24.986500 97.106949 24.986626
v -24.986500 97.147652 -24.985725
v -24.986500 97.162201 -24.985725
v 24.984924 97.203949 -24.985725
v 24.984924 105.603645 -0.101075
v 24.984924 97.189346 -24.985725
v 24.984924 97.110054 24.986626
v 24.984924 97.124474 24.986626
v 0.048650 104.663551 -24.985725
v -24.986500 96.215500 -24.985725
v 0.048575 105.603622 -24.985725
v -0.604825 105.626068 -24.985725
v 0.110325 105.603729 24.986626
v 24.984924 96.257126 -24.985725
v 0.109875 104.663727 24.986626
v 24.984924 96.178001 24.986626
v -24.986500 96.174828 24.986626
v 22.166750 88.162323 -21.780676
v 21.412476 88.162323 -24.991600
v 22.166750 88.162323 -24.991600
v -24.986500 104.663673 -0.109625
v -24.986500 95.636955 -24.985725
v -24.986500 104.077377 -0.498025
v -24.986500 104.077171 0.279175
v -24.986500 95.596298 24.986626
v -0.278625 104.077148 24.986626
v 0.497500 104.077599 24.986626
v 24.984924 95.599548 24.986626
v 24.984924 104.663597 -0.101100
v 24.984924 104.077171 0.288125
v 24.984924 104.077148 -0.490375
v 24.984924 95.678505 -24.985725
v 0.438525 104.077026 -24.985725
v -0.341050 104.077126 -24.985725
v 0.655475 104.058029 -0.675925
v 0.656775 104.058052 0.495100
v -0.514025 104.058052 0.494850
v -0.515800 104.058029 -0.676200
v -20.729525 96.235672 20.798250
v 20.927475 96.235672 -20.891525
v -20.830675 96.235672 -21.018000
v 20.913624 96.235672 20.751976
v -24.425524 96.235672 -21.018000
v -20.830675 96.235672 -24.425550
v -24.425524 96.235672 -24.425550
v 20.927475 96.235672 -24.425524
v 24.425550 96.235672 -24.425524
v 24.425550 96.235672 -20.982975
v 24.425524 96.235672 20.781200
v 20.950676 96.235672 24.425550
v 24.425524 96.235672 24.425550
v -24.425550 96.235672 20.798250
v -24.425550 96.235672 24.425524
v -20.729525 96.235672 24.425524
v 21.436199 88.162323 24.991600
v 22.193874 88.162323 21.916225
v 22.021576 88.162323 22.059376
v 24.991600 88.162323 -21.469250
v 24.991600 88.162323 -22.083200
v -21.313425 88.162323 -24.991600
v -22.147051 88.162323 -21.854900
v -21.783199 88.162323 -21.854900
v -22.147051 88.162323 -24.991600
v -24.991600 88.162323 -22.119301
v -24.991600 88.162323 -21.505100
v -21.783199 88.162323 -22.469101
v -22.147051 84.693703 -21.558949
v -22.147051 84.693703 -23.276100
v -21.757401 84.693703 -21.558949
v -21.783199 84.693703 -22.173149
v -20.282225 84.693703 -20.057974
v -23.258375 84.693703 -22.173149
v -21.783199 84.693703 -21.775126
v -24.991600 88.162323 21.280251
v -21.877550 88.162323 22.282900
v -21.877550 88.162323 21.778526
v -24.991600 88.162323 22.282900
v -22.079725 88.162323 24.991600
v -21.238676 88.162323 24.991600
v -22.079725 88.162323 21.778526
v -21.877550 84.693703 22.282900
v -23.258400 84.693703 22.282900
v -21.877550 84.693703 21.757401
v -22.079725 84.693703 21.491400
v -20.376575 84.693703 19.990425
v -22.079725 84.693703 23.258375
v -25.229650 89.799103 19.610626
v -24.890549 89.799103 -19.841175
v -25.229650 89.799103 -19.841175
v -24.890549 89.799103 19.610626
v 19.877949 93.929497 -25.229650
v -19.613224 93.929497 -24.890549
v -19.613224 93.929497 -25.229650
v 19.877949 93.929497 -24.890549
v 19.925375 93.929497 25.229650
v 19.925375 89.799103 24.890549
v 19.925375 89.799103 25.229650
v 19.925375 93.929497 24.890549
v -25.229650 93.929497 -19.841175
v -24.890549 93.929497 19.610626
v -25.229650 93.929497 19.610626
v -24.890549 93.929497 -19.841175
v 25.229650 93.929497 -19.804276
v 24.890549 89.799103 -19.804276
v 25.229650 89.799103 -19.804276
v 24.890549 93.929497 -19.804276
v 19.877949 89.799103 -25.229650
v 19.877949 89.799103 -24.890549
v -19.661001 89.799103 24.890549
v -19.661001 89.799103 25.229650
v 24.890549 89.799103 19.679674
v 25.229650 89.799103 19.679674
v -19.661001 93.929497 25.229650
v -19.661001 93.929497 24.890549
v 25.229650 93.929497 19.679674
v 24.890549 93.929497 19.679674
v -19.613224 89.799103 -24.890549
v -19.613224 89.799103 -25.229650
v -19.898800 89.487473 25.229650
v 20.163176 89.487473 25.229650
v 20.163176 94.241104 25.229650
v -19.898800 94.241104 25.229650
v -20.136625 94.552727 25.229650
v -20.136625 89.175873 25.229650
v -20.374424 88.864273 25.229650
v 20.638800 88.864273 25.229650
v 20.400976 89.175873 25.229650
v 20.638800 94.864326 25.229650
v 20.400976 94.552727 25.229650
v -20.374424 94.864326 25.229650
v 25.229650 89.487473 19.917500
v 25.229650 89.487473 -20.042076
v 25.229650 94.241104 -20.042076
v 25.229650 94.241104 19.917500
v 25.229650 94.552727 20.155300
v 25.229650 89.175873 20.155300
v 25.229650 88.864273 20.393101
v 25.229650 88.864273 -20.517675
v 25.229650 89.175873 -20.279875
v 25.229650 94.864326 -20.517675
v 25.229650 94.552727 -20.279875
v 25.229650 94.864326 20.393101
v -21.757425 84.693703 21.491400
v 20.638800 94.864326 24.991600
v 20.638800 88.864273 24.991600
v -24.991600 94.864326 -20.554600
v -25.229675 94.864326 20.324024
v -24.991600 94.864326 20.324024
v -25.229650 94.864326 -20.554600
v 24.991600 94.864326 -20.517675
v 24.991600 88.864273 -20.517675
v 20.591351 88.864250 -24.991600
v 20.591351 94.864326 -25.229650
v 20.591351 94.864326 -24.991600
v 20.591351 88.864250 -25.229650
v -24.991600 88.864273 -20.554600
v -25.229650 88.864273 -20.554600
v -20.374424 88.864273 24.991600
v 24.991600 88.864273 20.393101
v -20.374424 94.864326 24.991600
v 24.991600 94.864326 20.393101
v -20.326624 94.864326 -24.991600
v -20.326624 88.864250 -25.229650
v -20.326624 88.864250 -24.991600
v -20.326624 94.864326 -25.229650
v -15.165851 84.693703 14.858900
v 15.245175 84.693703 -15.049550
v 15.309925 84.693703 15.153800
v -15.100651 84.693703 -14.895600
v 21.775126 84.693703 -21.780676
v -24.991600 88.162323 -24.991600
v -24.991600 88.864273 20.324024
v -25.229675 88.864273 20.324024
v -24.991600 88.162323 24.991600
v 22.433651 5.658650 -24.461899
v 22.255274 88.704628 -24.244576
v 22.433651 88.704628 -24.461899
v 22.255274 5.658650 -24.244576
v 22.122749 88.704628 -23.996624
v 22.122749 5.658650 -23.996624
v 22.041126 88.704628 -23.727575
v 22.041126 5.658650 -23.727575
v 22.013575 88.704628 -23.447775
v 22.013575 5.658650 -23.447775
v 22.041126 88.704628 -23.167974
v 22.041126 5.658650 -23.167974
v 22.122749 88.704628 -22.898924
v 22.122749 5.658650 -22.898924
v 22.255274 88.704628 -22.650974
v 22.255274 5.658650 -22.650974
v 22.433651 88.704628 -22.433651
v 22.433651 5.658650 -22.433651
v 24.461899 5.658650 -24.461899
v 24.244576 88.704628 -24.640276
v 24.461899 88.704628 -24.461899
v 24.244576 5.658650 -24.640276
v 23.996624 88.704628 -24.772800
v 23.996624 5.658650 -24.772800
v 23.727575 88.704628 -24.854425
v 23.727575 5.658650 -24.854425
v 23.447775 88.704628 -24.881975
v 23.447775 5.658650 -24.881975
v 23.167974 88.704628 -24.854425
v 23.167974 5.658650 -24.854425
v 22.898924 88.704628 -24.772800
v 22.898924 5.658650 -24.772800
v 22.650974 88.704628 -24.640276
v 22.650974 5.658650 -24.640276
v 25.000000 5.658650 -21.642750
v 25.000000 88.158676 -22.394299
v 25.000000 88.158676 -21.642750
v 25.000000 5.658650 -22.394299
v 22.394325 5.658650 -25.000000
v 22.394325 88.158676 -25.000000
v 23.857250 5.658650 -20.500000
v 22.178625 5.658650 -20.500000
v 20.806274 5.658650 -22.178625
v 20.500000 5.658650 -23.857225
v 21.642775 5.658650 -25.000000
v 20.500000 5.658650 -20.500000
v 23.857250 88.158676 -20.500000
v 21.642775 88.158676 -25.000000
v 20.500000 88.158676 -23.857225
v -20.870125 19.567776 -3.749375
v -20.890175 10.987075 -3.749375
v -20.890175 19.567776 -3.749375
v -20.870125 10.987075 -3.749375
v -20.870125 19.567776 11.113525
v -20.890200 10.987075 11.113525
v -20.890200 19.567776 11.113525
v -20.870125 10.987075 11.113525
v -20.890175 69.600098 -3.726700
v -20.890175 69.622772 3.682075
v -20.890175 69.622772 -3.704050
v -20.890175 79.602051 -3.726700
v -20.890175 79.579376 -3.749375
v -20.890175 79.579376 -11.135500
v -20.890175 79.602051 -11.158150
v -20.890175 69.622772 -11.135500
v -20.890175 69.600098 -11.158150
v -20.890175 69.622772 -3.749375
v -20.890175 59.598179 -3.726700
v -20.890175 69.577446 -3.749375
v -20.890175 69.577446 -11.135500
v -20.890175 59.620827 -11.135500
v -20.890175 59.598179 -11.158150
v -20.890175 59.620827 -3.749375
v -20.890175 79.579376 -3.704050
v -20.890175 79.602051 3.704750
v -20.890175 79.579376 3.682075
v -20.890175 69.600098 3.704750
v -20.890175 69.577446 -3.704050
v -20.890175 59.620827 -3.704050
v -20.890175 59.620827 3.682075
v -20.890175 59.598179 3.704750
v -20.890175 69.577446 3.682075
v -20.890200 69.600098 11.136200
v -20.890200 69.622772 11.113525
v -20.890175 69.622772 3.727400
v -20.890175 79.579376 3.727400
v -20.890200 79.602051 11.136200
v -20.890200 79.579376 11.113525
v -20.890200 59.598179 11.136200
v -20.890200 59.620827 11.113525
v -20.890200 69.577446 11.113525
v -20.890175 69.577446 3.727400
v -20.890175 59.620827 3.727400
v -20.890175 49.596249 3.704750
v -20.890200 49.596249 11.136200
v -20.890200 49.618900 11.113525
v -20.890175 49.618900 3.727400
v -20.890175 59.575497 3.727400
v -20.890200 59.575497 11.113525
v -20.890175 39.594299 3.704750
v -20.890200 39.594299 11.136200
v -20.890200 39.616951 11.113525
v -20.890200 49.573578 11.113525
v -20.890175 49.573578 3.727400
v -20.890175 39.616951 3.727400
v -20.890175 49.618900 -3.704050
v -20.890175 59.575497 -3.704050
v -20.890175 59.575497 3.682075
v -20.890175 49.618900 3.682075
v -20.890175 49.596249 -3.726700
v -20.890175 49.573578 -3.704050
v -20.890175 39.616951 -3.704050
v -20.890175 39.594299 -3.726700
v -20.890175 39.616951 3.682075
v -20.890175 49.573578 3.682075
v -20.890175 59.575497 -3.749375
v -20.890175 59.575497 -11.135500
v -20.890175 49.618900 -11.135500
v -20.890175 49.596249 -11.158150
v -20.890175 49.618900 -3.749375
v -20.890175 49.573578 -3.749375
v -20.890175 49.573578 -11.135500
v -20.890175 39.616951 -11.135500
v -20.890175 39.594299 -11.158150
v -20.890175 39.616951 -3.749375
v -20.890175 29.592350 -11.158150
v -20.890175 29.592350 -3.726700
v -20.890175 29.615025 -3.749375
v -20.890175 39.571625 -3.749375
v -20.890175 39.571625 -11.135500
v -20.890175 29.615025 -11.135500
v -20.890175 19.590425 -3.726700
v -20.890175 29.569700 -3.749375
v -20.890175 29.569700 -11.135500
v -20.890175 19.613075 -11.135500
v -20.890175 19.590425 -11.158150
v -20.890175 19.613075 -3.749375
v -20.890175 10.970699 -3.726700
v -20.890175 10.987075 -3.704050
v -20.890175 19.567776 -11.135500
v -20.890175 10.987075 -11.135500
v -20.890175 10.970699 -11.158150
v -20.890175 19.567776 -3.704050
v -20.890175 19.590425 3.704750
v -20.890175 19.613075 3.682075
v -20.890175 29.569700 3.682075
v -20.890175 29.592350 3.704750
v -20.890175 29.569700 -3.704050
v -20.890175 19.613075 -3.704050
v -20.890175 19.567776 3.682075
v -20.890175 10.987075 3.727400
v -20.890175 19.567776 3.727400
v -20.890175 10.970699 3.704750
v -20.890175 10.987075 3.682075
v -20.890200 19.590425 11.136200
v -20.890200 19.613075 11.113525
v -20.890175 19.613075 3.727400
v -20.890175 29.569700 3.727400
v -20.890200 29.592350 11.136200
v -20.890200 29.569700 11.113525
v -20.890200 10.970699 11.136200
v -20.890175 29.615025 -3.704050
v -20.890175 29.615025 3.682075
v -20.890175 39.571625 3.682075
v -20.890175 39.571625 -3.704050
v -20.890200 29.615025 11.113525
v -20.890200 39.571625 11.113525
v -20.890175 39.571625 3.727400
v -20.890175 29.615025 3.727400
v -23.690475 105.318573 -1.015975
v -23.690475 95.992622 -16.558525
v -23.690475 95.992622 -1.015975
v -23.690475 100.101402 -16.558525
v -23.690475 96.746277 -23.473925
v -23.690475 96.218597 -23.473925
v -0.722100 105.512871 22.906975
v -16.044199 95.992645 22.906975
v -0.722100 95.992645 22.906975
v -16.044199 100.101402 22.906975
v -23.915026 96.218597 22.906950
v -23.915026 96.746277 22.906950
v -23.690475 95.992622 15.991550
v -23.690475 100.101402 15.991550
v -23.690475 105.512871 0.449000
v -23.690475 95.992622 0.449000
v 0.722100 105.512871 -23.473925
v 16.044199 95.992645 -23.473925
v 0.722100 95.992645 -23.473925
v 16.044199 100.101402 -23.473925
v 23.787449 96.218597 -23.473925
v 23.787449 96.746277 -23.473925
v 16.044199 100.101402 22.906975
v 24.173126 96.218597 22.906975
v 24.173126 96.746277 22.906975
v 16.044199 95.992645 22.906975
v 0.722100 105.512871 22.906975
v 0.722100 95.992645 22.906975
v 23.733425 105.512871 0.708975
v 23.953875 95.992622 15.752350
v 23.733425 95.992622 0.708975
v 23.733425 100.295677 15.752350
v 23.733425 96.746277 22.445700
v 23.733425 96.218597 22.445700
v 23.733400 95.992622 -15.752375
v 23.953875 96.218597 -22.445700
v 23.953875 96.746277 -22.445700
v 23.733400 100.295677 -15.752375
v 23.733425 105.512871 -0.708975
v 23.733425 95.992622 -0.708975
v -4.610425 104.008698 22.261225
v -4.610425 95.693848 22.261225
v 4.511375 95.693848 22.261225
v 4.511375 104.202995 22.261225
v 23.611324 104.202995 4.610400
v 23.611324 95.693848 4.610400
v 23.611324 95.693848 -4.511375
v 23.611324 104.202995 -4.511375
v 4.610400 104.202995 -21.320450
v 4.610400 95.693848 -21.320450
v -4.511375 95.693848 -21.320450
v -4.511375 104.202995 -21.320450
v -23.048399 104.202995 -4.610400
v -23.048399 95.693848 -4.610400
v -23.048399 95.693848 4.511375
v -23.048399 104.008698 4.511375
v -21.774075 84.763496 20.624176
v -21.774050 83.242577 -18.007376
v -21.774075 83.242577 17.985424
v -21.774050 84.763496 -20.642099
v -21.774050 7.348450 -18.007376
v -21.774050 5.658650 -20.642099
v -21.774075 7.348450 17.985424
v -21.774075 5.658650 20.624176
v -21.078800 5.659850 -20.642099
v -21.078800 84.764679 -20.642099
v -21.078825 84.764679 20.489025
v -21.078825 5.659850 20.489025
v -21.774050 10.988976 -11.158275
v -20.870125 10.988976 11.136325
v -20.870125 10.988976 -11.158275
v -21.774050 10.988976 11.136325
v -21.774075 82.566124 17.308975
v -21.774050 79.602051 -11.158275
v -21.774050 79.602051 11.136325
v -21.774050 82.566124 -17.330925
v -21.774050 8.024899 -17.330925
v -21.774075 8.024899 17.308975
v -20.870899 79.602303 -11.157801
v -20.870926 79.602303 11.134175
v -20.870125 19.567776 -3.704050
v -20.870125 19.567776 3.682075
v -20.870125 59.575497 -3.749375
v -20.870125 49.618900 -3.749375
v -20.870125 10.987075 -3.704050
v -20.870125 49.618900 -11.135500
v -20.870125 59.575497 -11.135500
v -20.870125 69.577446 11.113525
v -20.870125 59.620827 11.113525
v -20.870125 39.571625 -3.749375
v -20.870125 29.615025 -3.749375
v -20.870125 79.579376 -3.704050
v -20.870125 79.579376 3.682075
v -20.870125 29.615025 -11.135500
v -20.870125 79.579376 -11.135500
v -20.870125 79.579376 -3.749375
v -20.870125 39.571625 -11.135500
v -20.870125 69.622772 11.113525
v -20.870125 69.622772 3.727400
v -20.869650 79.579376 3.727625
v -20.869650 79.579376 11.113750
v -20.870125 69.622772 -11.135500
v -20.870125 49.618900 11.113525
v -20.870125 49.618900 3.727400
v -20.870125 19.567776 -11.135500
v -20.870125 59.575497 3.727400
v -20.870125 59.575497 11.113525
v -20.870125 10.987075 -11.135500
v -20.870125 29.615025 11.113525
v -20.870125 29.615025 3.727400
v -20.870125 39.571625 3.727400
v -20.870125 39.571625 11.113525
v -20.870125 29.569700 11.113525
v -20.870125 19.613075 11.113525
v -20.870125 69.577446 3.682075
v -20.870125 59.620827 3.682075
v -20.870125 19.567776 3.727400
v -20.870125 59.620827 -3.704050
v -20.870125 10.987075 3.727400
v -20.870125 69.577446 -3.704050
v -20.870125 49.573578 3.682075
v -20.870125 39.616951 3.682075
v -20.870125 39.616951 -3.704050
v -20.870125 49.573578 -3.704050
v -20.870125 49.573578 11.113525
v -20.870125 39.616951 11.113525
v -20.870125 29.569700 3.682075
v -20.870125 19.613075 3.682075
v -20.870125 39.616951 -11.135500
v -20.870125 49.573578 -11.135500
v -20.870125 19.613075 -3.704050
v -20.870125 29.569700 -3.704050
v -20.870125 69.577446 -3.749375
v -20.870125 59.620827 -3.749375
v -20.870125 59.620827 -11.135500
v -20.870125 69.577446 -11.135500
v -20.870125 49.573578 -3.749375
v -20.870125 39.616951 -3.749375
v -20.870125 29.569700 -3.749375
v -20.870125 19.613075 -3.749375
v -20.870125 19.613075 -11.135500
v -20.870125 59.620827 3.727400
v -20.870125 29.569700 -11.135500
v -20.869650 69.577446 3.727625
v -20.870125 10.970699 11.136200
v -20.870125 19.590425 11.136200
v -20.870125 29.592350 11.136200
v -20.870125 39.594299 11.136200
v -20.870125 49.596249 11.136200
v -20.870125 59.598179 11.136200
v -20.870125 69.600098 11.136200
v -20.870125 39.616951 3.727400
v -20.870125 49.573578 3.727400
v -20.870125 19.613075 3.727400
v -20.870125 29.569700 3.727400
v -20.870125 69.622772 3.682075
v -20.870125 69.622772 -3.749375
v -20.870125 29.615025 -3.704050
v -20.870125 39.571625 -3.704050
v -20.870125 69.600098 -11.158150
v -20.870125 59.598179 -11.158150
v -20.870125 49.596249 -11.158150
v -20.870125 39.594299 -11.158150
v -20.870125 29.592350 -11.158150
v -20.870125 19.590425 -11.158150
v -20.870125 10.970699 -11.158150
v -20.870125 39.571625 3.682075
v -20.870125 29.615025 3.682075
v -20.870125 49.618900 -3.704050
v -20.870125 59.575497 -3.704050
v -20.870125 59.575497 3.682075
v -20.870125 49.618900 3.682075
v -20.870125 79.602051 3.704750
v -20.870125 79.602051 -3.726700
v -20.870125 69.622772 -3.704050
v 20.619650 10.987075 -3.727625
v 20.870125 10.987075 3.749375
v 20.619650 10.987075 3.749150
v 20.870125 10.987075 -3.682075
v 20.619650 10.987075 3.703825
v 20.619650 10.987075 -3.682300
v 20.619650 19.567776 -3.682300
v 20.619650 19.567776 3.703825
v 20.619650 19.567776 3.749150
v 20.619650 19.567776 -3.727625
v 20.619650 19.613075 -3.682300
v 20.619650 29.569700 -3.682300
v 20.619650 19.613075 3.703825
v 20.619650 29.569700 3.703825
v 20.619650 19.613075 3.749150
v 20.619650 29.569700 3.749150
v 20.619650 19.613075 -3.727625
v 20.870125 19.613075 -3.727400
v 20.870125 29.569700 -3.727400
v 20.619650 29.569700 -3.727625
v -2.000725 138.750000 -2.162400
v -1.856050 139.288177 1.834175
v -1.856050 139.288177 -2.017725
v -2.000725 138.750000 1.978875
v -1.375950 139.489197 1.395300
v 1.543000 139.489197 -1.523625
v -1.375950 139.489197 -1.523625
v 1.542975 139.489197 1.395300
v 2.140550 138.750000 1.978875
v 1.995850 139.288177 -2.017725
v 1.995850 139.288177 1.834175
v 2.140550 138.750000 -2.162400
v 7.064225 128.281403 -7.086100
v -6.924425 130.633026 -7.086100
v 7.064225 130.633026 -7.086100
v -6.924425 128.281403 -7.086100
v -6.924425 128.281403 6.902575
v 7.064225 130.633026 6.902575
v -6.924425 130.633026 6.902575
v 7.064225 128.281403 6.902575
v -6.842425 128.231644 -7.003400
v 6.983600 128.231644 6.822625
v 6.983600 128.231644 -7.003400
v -6.842425 128.231644 6.822625
v -6.015275 127.728477 6.836200
v -2.783700 115.088745 3.209500
v -6.060400 127.777756 6.614125
v -2.758225 115.091415 3.399200
v -3.419000 115.091415 2.738425
v -6.633950 127.777756 6.040575
v -3.229275 115.088745 2.763900
v -6.855999 127.728477 5.995475
v -6.015275 127.728477 -7.016974
v 6.201550 127.777756 -6.794925
v -6.060400 127.777756 -6.794925
v 6.156450 127.728477 -7.016974
v -6.633950 127.777756 -6.221375
v -6.855999 127.728477 -6.176250
v 6.156450 127.728477 6.836175
v 6.201550 127.777756 6.614125
v 6.997150 127.728477 -6.176250
v 6.775100 127.777756 6.040600
v 6.775100 127.777756 -6.221350
v 6.997150 127.728477 5.995475
v 2.899400 115.091415 -3.579950
v -2.783700 115.088745 -3.390250
v 2.924875 115.088745 -3.390250
v -2.758225 115.091415 -3.579950
v -3.419000 115.091415 -2.919200
v -3.229275 115.088745 -2.944675
v 2.924875 115.088745 3.209500
v 2.899400 115.091415 3.399200
v 3.560150 115.091415 2.738425
v 3.370450 115.088745 -2.944675
v 3.370450 115.088745 2.763925
v 3.560150 115.091415 -2.919200
v 3.363550 114.697121 3.149550
v 3.504300 114.714050 -3.296700
v 3.504300 114.714050 3.115950
v 3.363550 114.697121 -3.330300
v 6.791075 128.109894 6.913975
v 3.276900 114.714050 3.343325
v 6.812525 128.122177 6.922950
v 3.267650 114.723984 3.339225
v 3.267650 114.723984 -3.519975
v 6.812525 128.122177 -7.103725
v 3.276900 114.714050 -3.524075
v 6.791075 128.109894 -7.094750
v -6.671375 128.122177 -7.103725
v -6.649900 128.109894 -7.094750
v -3.126475 114.723984 -3.519975
v -3.135750 114.714050 -3.524075
v -3.126475 114.723984 3.339225
v -6.671375 128.122177 6.922950
v -3.135750 114.714050 3.343325
v -6.649900 128.109894 6.913975
v 7.083925 128.122177 6.651550
v 3.500200 114.723984 3.106675
v 7.074950 128.109894 6.630100
v 7.083925 128.122177 -6.832350
v 7.074950 128.109894 -6.810875
v 3.500200 114.723984 -3.287450
v -6.942775 128.122177 -6.832350
v -3.359025 114.723984 -3.287450
v -6.933800 128.109894 -6.810875
v -3.363125 114.714050 -3.296700
v -6.942775 128.122177 6.651550
v -6.933775 128.109894 6.630100
v -3.359025 114.723984 3.106675
v -3.363125 114.714050 3.115950
v 3.310525 114.697121 -3.383350
v -3.169350 114.697121 -3.383350
v 6.917475 128.172195 -6.887500
v 6.867675 128.172195 6.756525
v -6.726525 128.172195 6.756525
v -3.222375 114.697121 -3.330300
v -3.222375 114.697121 3.149550
v 3.310525 114.697121 3.202600
v -6.776325 128.172195 6.706700
v 6.917475 128.172195 6.706700
v -3.169350 114.697121 3.202600
v 6.867675 128.172195 -6.937300
v -6.776325 128.172195 -6.887500
v 3.380725 114.618851 3.219750
v 3.380725 114.618851 -3.400525
v -6.726525 128.172195 -6.937300
v -3.239550 114.618851 -3.400525
v -3.239550 114.618851 3.219750
v -5.974200 127.691399 6.958075
v -2.724875 115.139648 3.282825
v -5.974200 127.718246 6.682375
v -2.724875 115.112808 3.501650
v -3.521450 115.112808 2.705075
v -6.702175 127.718246 5.954375
v -3.302625 115.139648 2.705075
v -6.977875 127.691399 5.954375
v -5.974200 127.691399 -7.138875
v 6.115350 127.718246 -6.863150
v -5.974200 127.718246 -6.863150
v 6.115350 127.691399 -7.138875
v -6.702175 127.718246 -6.135175
v -6.977900 127.691399 -6.135175
v 6.115350 127.691399 6.958075
v 6.115350 127.718246 6.682375
v 7.119050 127.691399 -6.135175
v 6.843350 127.718246 5.954375
v 6.843350 127.718246 -6.135175
v 7.119050 127.691399 5.954375
v 2.866025 115.112808 -3.682400
v -2.724875 115.139648 -3.463600
v 2.866025 115.139648 -3.463600
v -2.724875 115.112808 -3.682400
v -3.521450 115.112808 -2.885825
v -3.302625 115.139648 -2.885825
v 2.866025 115.139648 3.282850
v 2.866025 115.112808 3.501650
v 3.662625 115.112808 2.705075
v 3.443800 115.139648 -2.885825
v 3.443800 115.139648 2.705075
v 3.662625 115.112808 -2.885825
v 3.299075 114.680527 -3.613600
v -3.157900 114.680527 -3.613600
v 6.834375 128.123703 -7.225550
v -6.693225 128.123703 -7.225550
v -3.157900 114.680527 3.432850
v 3.299075 114.680527 3.432850
v -6.693225 128.123703 7.044775
v 6.834375 128.123703 7.044775
v -3.452650 114.680527 3.138100
v -7.064575 128.123703 6.673400
v -7.064575 128.123703 -6.854175
v -3.452650 114.680527 -3.318875
v 3.593800 114.680527 -3.318875
v 7.205750 128.123703 -6.854175
v 7.205750 128.123703 6.673400
v 3.593800 114.680527 3.138100
v 3.535750 114.642021 -3.363675
v 6.908775 128.174667 6.989550
v 3.343875 114.642021 -3.555550
v -6.767600 128.174667 6.989550
v 7.150525 128.174667 -6.928575
v -3.394575 114.642021 3.182900
v 24.991600 88.162323 24.991600
v -24.991600 95.602875 -24.991600
v -24.991600 95.602875 -21.505100
v -24.991600 95.602875 21.280251
v -24.991600 95.602875 24.991600
v 24.991600 95.602875 24.991600
v 24.991600 95.602875 21.262800
v 24.991600 95.602875 -21.469250
v 24.991600 88.162323 -24.991600
v 24.991600 95.602875 -24.991600
v -21.209949 95.602875 24.991600
v 21.436199 95.602875 24.991600
v 21.412476 95.602875 -24.991600
v -21.313425 95.602875 -24.991600
v -25.000000 0.000000 -25.000000
v -25.000000 4.088400 25.000000
v -25.000000 4.088400 -25.000000
v -25.000000 0.000000 25.000000
v 24.586950 4.449125 24.586950
v -24.586950 4.449125 24.586950
v 25.000000 4.088400 25.000000
v 25.000000 4.088400 -25.000000
v -24.586950 4.449125 -24.586950
v 24.586950 4.449125 -24.586950
v 25.000000 0.000000 25.000000
v 25.000000 0.000000 -25.000000
v 25.000000 4.809875 -25.000000
v 25.000000 4.809875 25.000000
v -25.000000 4.809875 -25.000000
v -25.000000 4.809875 25.000000
v -25.000000 5.658650 25.000000
v -25.000000 5.658650 -25.000000
v 25.000000 5.658650 -25.000000
v 25.000000 5.658650 25.000000
v 20.806274 88.158676 -22.178625
v 22.178625 88.158676 -20.500000
v 20.500000 88.158676 -20.500000
v -25.000000 5.658650 -21.642775
v -25.000000 88.158676 -22.394325
v -25.000000 5.658650 -22.394325
v -25.000000 88.158676 -21.642775
v -22.394299 5.658650 -25.000000
v -22.394299 88.158676 -25.000000
v -21.642750 5.658650 -25.000000
v -20.500000 5.658650 -23.857250
v -20.500000 5.658650 -22.178625
v -22.178625 5.658650 -20.500000
v -23.857225 5.658650 -20.500000
v -20.500000 5.658650 -20.500000
v -23.857225 88.158676 -20.500000
v -21.642750 88.158676 -25.000000
v -20.500000 88.158676 -23.857250
v -22.178625 88.158676 -20.500000
v -20.500000 88.158676 -22.178625
v -20.500000 88.158676 -20.500000
v -17.996424 7.349625 20.928276
v 17.996401 7.349625 20.928276
v 17.996401 83.243752 20.928276
v -17.996424 83.243752 20.928276
v 25.000000 88.158676 22.394325
v 25.000000 88.158676 21.642775
v 22.394299 88.158676 25.000000
v 23.857225 88.158676 20.500000
v 21.642750 88.158676 25.000000
v 20.500000 88.158676 23.857250
v 22.178625 88.158676 20.500000
v 20.500000 88.158676 20.500000
v 20.500000 88.158676 21.623526
v -22.433651 5.658650 24.461899
v -22.255274 88.704628 24.244576
v -22.433651 88.704628 24.461899
v -22.255274 5.658650 24.244576
v -22.122749 88.704628 23.996624
v -22.122749 5.658650 23.996624
v -22.041126 88.704628 23.727575
v -22.041126 5.658650 23.727575
v -22.013575 88.704628 23.447775
v -22.013575 5.658650 23.447775
v -22.041126 88.704628 23.167974
v -22.041126 5.658650 23.167974
v -22.122749 88.704628 22.898924
v -22.122749 5.658650 22.898924
v -22.255274 88.704628 22.650974
v -22.255274 5.658650 22.650974
v -22.433651 88.704628 22.433651
v -22.433651 5.658650 22.433651
v -24.461899 5.658650 22.433651
v -24.640276 88.704628 22.650974
v -24.461899 88.704628 22.433651
v -24.640276 5.658650 22.650974
v -24.772800 88.704628 22.898924
v -24.772800 5.658650 22.898924
v -24.854425 88.704628 23.167974
v -24.854425 5.658650 23.167974
v -24.881975 88.704628 23.447775
v -24.881975 5.658650 23.447775
v -24.854425 88.704628 23.727575
v -24.854425 5.658650 23.727575
v -24.772800 88.704628 23.996624
v -24.772800 5.658650 23.996624
v -24.640276 88.704628 24.244576
v -24.640276 5.658650 24.244576
v -24.461899 88.704628 24.461899
v -24.461899 5.658650 24.461899
v -25.000000 88.158676 22.394299
v -25.000000 88.158676 21.642750
v -22.394325 88.158676 25.000000
v -23.857250 88.158676 20.500000
v -21.642775 88.158676 25.000000
v -20.500000 88.158676 23.857225
v -20.500000 88.158676 21.623526
v -20.500000 88.158676 20.500000
v -22.178625 88.158676 20.500000
v 20.642099 5.659850 -21.078800
v 20.642099 84.764679 -21.078800
v -20.489025 84.764679 -21.078825
v -20.489025 5.659850 -21.078825
v 11.158275 10.988976 -21.774050
v -11.136325 10.988976 -20.870125
v 11.158275 10.988976 -20.870125
v -11.136325 10.988976 -21.774050
v 17.330925 82.566124 -21.774050
v 11.158275 79.602051 -21.774050
v 17.330925 8.024899 -21.774050
v -17.308975 8.024899 -21.774050
v -11.136325 79.602051 -21.774050
v -17.308975 82.566124 -21.774050
v 11.157801 79.602303 -20.870899
v -11.134175 79.602303 -20.870926
v 3.704050 19.567776 -20.870125
v -3.682075 19.567776 -20.890175
v 3.704050 19.567776 -20.890175
v -3.682075 19.567776 -20.870125
v 3.749375 59.575497 -20.870125
v 3.749375 49.618900 -20.890175
v 3.749375 59.575497 -20.890175
v 3.749375 49.618900 -20.870125
v 3.704050 10.987075 -20.870125
v 3.704050 10.987075 -20.890175
v 11.135500 49.618900 -20.890175
v 11.135500 49.618900 -20.870125
v 11.135500 59.575497 -20.870125
v 11.135500 59.575497 -20.890175
v -11.113525 69.577446 -20.870125
v -11.113525 59.620827 -20.890200
v -11.113525 69.577446 -20.890200
v -11.113525 59.620827 -20.870125
v 3.749375 39.571625 -20.870125
v 3.749375 29.615025 -20.890175
v 3.749375 39.571625 -20.890175
v 3.749375 29.615025 -20.870125
v 3.704050 79.579376 -20.870125
v -3.682075 79.579376 -20.890175
v 3.704050 79.579376 -20.890175
v -3.682075 79.579376 -20.870125
v 11.135500 29.615025 -20.890175
v 11.135500 29.615025 -20.870125
v 11.135500 79.579376 -20.870125
v 3.749375 79.579376 -20.890175
v 11.135500 79.579376 -20.890175
v 3.749375 79.579376 -20.870125
v 11.135500 39.571625 -20.870125
v 11.135500 39.571625 -20.890175
v -11.113525 69.622772 -20.870125
v -3.727400 69.622772 -20.890175
v -11.113525 69.622772 -20.890200
v -3.727400 69.622772 -20.870125
v -3.727625 79.579376 -20.869650
v -11.113525 79.579376 -20.890200
v -3.727400 79.579376 -20.890175
v -11.113750 79.579376 -20.869650
v 11.135500 69.622772 -20.870125
v 11.135500 69.622772 -20.890175
v -11.113525 49.618900 -20.870125
v -3.727400 49.618900 -20.890175
v -11.113525 49.618900 -20.890200
v -3.727400 49.618900 -20.870125
v 11.135500 19.567776 -20.870125
v 3.749375 19.567776 -20.890175
v 11.135500 19.567776 -20.890175
v 3.749375 19.567776 -20.870125
v -3.727400 59.575497 -20.870125
v -11.113525 59.575497 -20.890200
v -3.727400 59.575497 -20.890175
v -11.113525 59.575497 -20.870125
v 11.135500 10.987075 -20.870125
v 11.135500 10.987075 -20.890175
v -11.113525 29.615025 -20.870125
v -3.727400 29.615025 -20.890175
v -11.113525 29.615025 -20.890200
v -3.727400 29.615025 -20.870125
v -3.727400 39.571625 -20.870125
v -11.113525 39.571625 -20.890200
v -3.727400 39.571625 -20.890175
v -11.113525 39.571625 -20.870125
v -11.113525 29.569700 -20.870125
v -11.113525 19.613075 -20.890200
v -11.113525 29.569700 -20.890200
v -11.113525 19.613075 -20.870125
v -3.682075 69.577446 -20.870125
v -3.682075 59.620827 -20.890175
v -3.682075 69.577446 -20.890175
v -3.682075 59.620827 -20.870125
v -3.727400 19.567776 -20.870125
v -11.113525 19.567776 -20.890200
v -3.727400 19.567776 -20.890175
v -11.113525 19.567776 -20.870125
v 3.704050 59.620827 -20.890175
v 3.704050 59.620827 -20.870125
v -3.727400 10.987075 -20.870125
v -3.727400 10.987075 -20.890175
v 3.704050 69.577446 -20.870125
v 3.704050 69.577446 -20.890175
v -3.682075 49.573578 -20.870125
v -3.682075 39.616951 -20.890175
v -3.682075 49.573578 -20.890175
v -3.682075 39.616951 -20.870125
v 3.704050 39.616951 -20.890175
v 3.704050 39.616951 -20.870125
v 3.704050 49.573578 -20.870125
v 3.704050 49.573578 -20.890175
v -11.113525 49.573578 -20.870125
v -11.113525 39.616951 -20.890200
v -11.113525 49.573578 -20.890200
v -11.113525 39.616951 -20.870125
v -3.682075 29.569700 -20.870125
v -3.682075 19.613075 -20.890175
v -3.682075 29.569700 -20.890175
v -3.682075 19.613075 -20.870125
v 11.135500 39.616951 -20.870125
v 11.135500 49.573578 -20.890175
v 11.135500 39.616951 -20.890175
v 11.135500 49.573578 -20.870125
v 3.704050 19.613075 -20.890175
v 3.704050 19.613075 -20.870125
v 3.704050 29.569700 -20.870125
v 3.704050 29.569700 -20.890175
v 3.749375 69.577446 -20.870125
v 3.749375 59.620827 -20.890175
v 3.749375 69.577446 -20.890175
v 3.749375 59.620827 -20.870125
v 11.135500 59.620827 -20.890175
v 11.135500 59.620827 -20.870125
v 11.135500 69.577446 -20.870125
v 11.135500 69.577446 -20.890175
v 3.749375 49.573578 -20.870125
v 3.749375 39.616951 -20.890175
v 3.749375 49.573578 -20.890175
v 3.749375 39.616951 -20.870125
v 3.749375 29.569700 -20.870125
v 3.749375 19.613075 -20.890175
v 3.749375 29.569700 -20.890175
v 3.749375 19.613075 -20.870125
v 11.135500 19.613075 -20.890175
v 11.135500 19.613075 -20.870125
v -3.727400 59.620827 -20.890175
v -3.727400 59.620827 -20.870125
v 11.135500 29.569700 -20.870125
v 11.135500 29.569700 -20.890175
v -3.727625 69.577446 -20.869650
v -3.727400 69.577446 -20.890175
v -3.727400 39.616951 -20.890175
v -3.727400 39.616951 -20.870125
v -3.727400 49.573578 -20.870125
v -3.727400 49.573578 -20.890175
v -3.727400 19.613075 -20.890175
v -3.727400 19.613075 -20.870125
v -3.727400 29.569700 -20.870125
v -3.727400 29.569700 -20.890175
v -3.682075 69.622772 -20.890175
v -3.682075 69.622772 -20.870125
v 3.749375 69.622772 -20.870125
v 3.749375 69.622772 -20.890175
v 3.704050 29.615025 -20.870125
v 3.704050 39.571625 -20.890175
v 3.704050 29.615025 -20.890175
v 3.704050 39.571625 -20.870125
v -3.682075 39.571625 -20.890175
v -3.682075 39.571625 -20.870125
v -3.682075 29.615025 -20.870125
v -3.682075 29.615025 -20.890175
v 3.704050 49.618900 -20.870125
v 3.704050 59.575497 -20.890175
v 3.704050 49.618900 -20.890175
v 3.704050 59.575497 -20.870125
v -3.682075 59.575497 -20.890175
v -3.682075 59.575497 -20.870125
v -3.682075 49.618900 -20.870125
v -3.682075 49.618900 -20.890175
v -3.704750 79.602051 -20.890175
v -11.136200 79.602051 -20.890200
v -3.704750 79.602051 -20.870125
v 3.726700 79.602051 -20.890175
v 3.726700 79.602051 -20.870125
v 11.158150 79.602051 -20.890175
v 3.704050 69.622772 -20.870125
v 3.704050 69.622772 -20.890175
v 18.007376 83.242577 -20.870899
v -17.985424 83.242577 -20.870926
v -11.134175 10.981350 -20.870926
v -17.985424 7.348450 -20.870926
v 11.157801 10.981350 -20.870899
v 18.007376 7.348450 -20.870899
v -3.682075 10.987075 -20.890175
v -3.682075 10.987075 -20.870125
v 11.158150 19.590425 -20.890175
v 11.158150 10.970699 -20.890175
v 3.726700 19.590425 -20.890175
v 11.158150 29.592350 -20.890175
v 3.726700 29.592350 -20.890175
v 3.726700 39.594299 -20.890175
v 11.158150 39.594299 -20.890175
v 3.726700 49.596249 -20.890175
v 11.158150 49.596249 -20.890175
v 3.726700 59.598179 -20.890175
v 11.158150 59.598179 -20.890175
v 3.726700 69.600098 -20.890175
v 11.158150 69.600098 -20.890175
v -11.136200 69.600098 -20.890200
v -11.136200 59.598179 -20.890200
v -3.704750 59.598179 -20.890175
v -3.704750 69.600098 -20.890175
v -3.704750 49.596249 -20.890175
v -11.136200 49.596249 -20.890200
v -11.136200 39.594299 -20.890200
v -3.704750 39.594299 -20.890175
v -11.136200 29.592350 -20.890200
v -3.704750 29.592350 -20.890175
v -3.704750 19.590425 -20.890175
v -11.136200 19.590425 -20.890200
v 3.726700 10.970699 -20.890175
v 3.749375 10.987075 -20.890175
v -3.704750 10.970699 -20.890175
v -11.136200 10.970699 -20.890200
v -11.113525 10.987075 -20.890200
v -11.113525 10.987075 -20.870125
v 3.749375 10.987075 -20.870125
v 11.135275 79.579376 -20.619650
v 11.135275 69.622772 -20.619650
v -11.113750 79.579376 -20.619650
v -3.727625 79.579376 -20.619650
v 3.749150 79.579376 -20.619650
v -3.682300 79.579376 -20.619650
v 3.703825 79.579376 -20.619650
v -11.113750 59.620827 -20.619650
v -11.113750 69.577446 -20.619650
v -11.113750 29.615025 -20.619650
v -11.113750 39.571625 -20.619650
v 11.135275 29.569700 -20.619650
v 11.135275 19.613075 -20.619650
v -11.113750 69.622772 -20.619650
v 11.135275 69.577446 -20.619650
v 11.135275 59.620827 -20.619650
v 11.135275 59.575497 -20.619650
v 11.135275 49.618900 -20.619650
v -11.113750 49.618900 -20.619650
v -11.113750 59.575497 -20.619650
v 11.135275 49.573578 -20.619650
v 11.135275 39.616951 -20.619650
v -11.113750 39.616951 -20.619650
v -11.113750 49.573578 -20.619650
v 11.135275 39.571625 -20.619650
v 11.135275 29.615025 -20.619650
v -11.113750 19.613075 -20.619650
v -11.113750 29.569700 -20.619650
v 11.135275 19.567776 -20.619650
v 11.135275 10.987075 -20.619650
v -11.113750 10.987075 -20.619650
v -11.113750 19.567776 -20.619650
v -3.727625 69.622772 -20.619650
v 3.749150 69.622772 -20.619650
v 3.703825 69.622772 -20.619650
v -3.682300 69.622772 -20.619650
v -3.727625 69.577446 -20.619650
v -3.727625 59.620827 -20.619650
v 3.749150 69.577446 -20.619650
v 3.749150 59.620827 -20.619650
v 3.703825 69.577446 -20.619650
v 3.703825 59.620827 -20.619650
v -3.682300 69.577446 -20.619650
v -3.682300 59.620827 -20.619650
v -3.727625 59.575497 -20.619650
v -3.727625 49.618900 -20.619650
v 3.749150 59.575497 -20.619650
v 3.749150 49.618900 -20.619650
v 3.703825 59.575497 -20.619650
v 3.703825 49.618900 -20.619650
v -3.682300 59.575497 -20.619650
v -3.682300 49.618900 -20.619650
v -3.727625 49.573578 -20.619650
v -3.727625 39.616951 -20.619650
v 3.749150 49.573578 -20.619650
v 3.749150 39.616951 -20.619650
v 3.703825 49.573578 -20.619650
v 3.703825 39.616951 -20.619650
v -3.682300 49.573578 -20.619650
v -3.682300 39.616951 -20.619650
v -3.727625 39.571625 -20.619650
v -3.727625 29.615025 -20.619650
v 3.749150 39.571625 -20.619650
v 3.749150 29.615025 -20.619650
v 3.703825 39.571625 -20.619650
v 3.703825 29.615025 -20.619650
v -3.682300 39.571625 -20.619650
v -3.682300 29.615025 -20.619650
v -3.727625 29.569700 -20.619650
v -3.727625 19.613075 -20.619650
v 3.749150 29.569700 -20.619650
v 3.749150 19.613075 -20.619650
v 3.703825 29.569700 -20.619650
v 3.703825 19.613075 -20.619650
v -3.682300 29.569700 -20.619650
v -3.682300 19.613075 -20.619650
v -3.727625 19.567776 -20.619650
v -3.727625 10.987075 -20.619650
v 3.749150 19.567776 -20.619650
v 3.749150 10.987075 -20.619650
v 3.703825 19.567776 -20.619650
v 3.703825 10.987075 -20.619650
v -3.682300 19.567776 -20.619650
v -3.682300 10.987075 -20.619650
v -20.619650 10.987075 3.727625
v -20.619650 10.987075 11.113750
v -20.619650 10.987075 -11.135275
v -20.619650 10.987075 -3.749150
v -20.870125 10.987075 3.682075
v -20.619650 10.987075 -3.703825
v -20.619650 10.987075 3.682300
v -20.619650 19.567776 3.682300
v -20.619650 19.567776 -3.703825
v -20.619650 19.567776 -3.749150
v -20.619650 19.567776 -11.135275
v -20.619650 19.567776 11.113750
v -20.619650 19.567776 3.727625
v -20.619650 19.613075 3.682300
v -20.619650 29.569700 3.682300
v -20.619650 19.613075 -3.703825
v -20.619650 29.569700 -3.703825
v -20.619650 19.613075 -3.749150
v -20.619650 29.569700 -3.749150
v -20.619650 19.613075 -11.135275
v -20.619650 29.569700 -11.135275
v -20.619650 19.613075 3.727625
v -20.619650 19.613075 11.113750
v -20.619650 29.569700 11.113750
v -20.619650 29.569700 3.727625
v -20.619650 29.615025 3.682300
v -20.619650 39.571625 3.682300
v -20.619650 29.615025 -3.703825
v -20.619650 39.571625 -3.703825
v -20.619650 29.615025 -3.749150
v -20.619650 39.571625 -3.749150
v -20.619650 29.615025 -11.135275
v -20.619650 39.571625 -11.135275
v -20.619650 29.615025 3.727625
v -20.619650 29.615025 11.113750
v -20.619650 39.571625 11.113750
v -20.619650 39.571625 3.727625
v -20.619650 39.616951 3.682300
v -20.619650 49.573578 3.682300
v -20.619650 39.616951 -3.703825
v -20.619650 49.573578 -3.703825
v -20.619650 39.616951 -3.749150
v -20.619650 49.573578 -3.749150
v -20.619650 39.616951 -11.135275
v -20.619650 49.573578 -11.135275
v -20.619650 39.616951 3.727625
v -20.619650 39.616951 11.113750
v -20.619650 49.573578 11.113750
v -20.619650 49.573578 3.727625
v -20.619650 49.618900 3.682300
v -20.619650 59.575497 3.682300
v -20.619650 49.618900 -3.703825
v -20.619650 59.575497 -3.703825
v -20.619650 49.618900 -3.749150
v -20.619650 59.575497 -3.749150
v -20.619650 49.618900 -11.135275
v -20.619650 59.575497 -11.135275
v -20.619650 49.618900 3.727625
v -20.619650 49.618900 11.113750
v -20.619650 59.575497 11.113750
v -20.619650 59.575497 3.727625
v -20.619650 59.620827 3.682300
v -20.619650 69.577446 3.682300
v -20.619650 59.620827 -3.703825
v -20.619650 69.577446 -3.703825
v -20.619650 59.620827 -3.749150
v -20.619650 69.577446 -3.749150
v -20.619650 59.620827 -11.135275
v -20.619650 69.577446 -11.135275
v -20.619650 59.620827 3.727625
v -20.619650 59.620827 11.113750
v -20.619650 69.577446 11.113750
v -20.619650 69.577446 3.727625
v -20.619650 69.622772 3.682300
v -20.619650 79.579376 3.682300
v -20.619650 69.622772 -3.703825
v -20.619650 79.579376 -3.703825
v -20.619650 69.622772 -3.749150
v -20.619650 79.579376 -3.749150
v -20.619650 69.622772 -11.135275
v -20.619650 69.622772 3.727625
v -20.619650 69.622772 11.113750
v -20.619650 79.579376 3.727625
v -20.619650 79.579376 11.113750
v -20.619650 79.579376 -11.135275
v 20.890175 10.987075 3.749375
v 20.890200 10.987075 -11.113525
v 20.890175 10.987075 -3.682075
v 20.890175 29.569700 -3.727400
v 20.890175 19.613075 -3.727400
v 20.890175 69.622772 3.704050
v 20.890175 69.622772 -3.682075
v 20.890175 49.618900 -3.682075
v 20.890175 59.575497 -3.682075
v 20.890175 49.618900 3.704050
v 20.890175 59.575497 3.704050
v 20.890175 29.615025 -3.682075
v 20.890175 39.571625 -3.682075
v 20.890175 29.615025 3.704050
v 20.890175 39.571625 3.704050
v 20.890175 69.622772 3.749375
v 20.890200 10.970699 -11.136200
v 20.890200 19.590425 -11.136200
v 20.890175 19.590425 -3.704750
v 20.890175 10.970699 -3.704750
v 20.890175 19.590425 3.726700
v 20.890175 10.970699 3.726700
v 20.890175 19.590425 11.158150
v 20.890175 10.970699 11.158150
v 20.890175 29.592350 -3.704750
v 20.890200 29.592350 -11.136200
v 20.890175 29.592350 3.726700
v 20.890175 29.592350 11.158150
v 20.890175 39.594299 3.726700
v 20.890175 39.594299 11.158150
v 20.890175 49.596249 3.726700
v 20.890175 49.596249 11.158150
v 20.890175 59.598179 3.726700
v 20.890175 59.598179 11.158150
v 20.890175 69.600098 11.158150
v 20.890175 69.600098 3.726700
v 20.890175 69.600098 -3.704750
v 20.890200 69.600098 -11.136200
v 20.890175 69.577446 -3.727400
v 20.890175 59.598179 -3.704750
v 20.890200 59.598179 -11.136200
v 20.890175 49.596249 -3.704750
v 20.890200 49.596249 -11.136200
v 20.890175 39.616951 -3.727400
v 20.890175 49.573578 -3.727400
v 20.890175 39.594299 -3.704750
v 20.890200 39.594299 -11.136200
v -22.650974 88.704628 22.255274
v -22.650974 5.658650 22.255274
v -22.898924 88.704628 22.122749
v -22.898924 5.658650 22.122749
v -23.167974 88.704628 22.041126
v -23.167974 5.658650 22.041126
v -23.447775 88.704628 22.013575
v -23.447775 5.658650 22.013575
v -23.727575 88.704628 22.041126
v -23.727575 5.658650 22.041126
v -23.996624 88.704628 22.122749
v -23.996624 5.658650 22.122749
v -24.244576 88.704628 22.255274
v -24.244576 5.658650 22.255274
v -24.244576 88.704628 24.640276
v -24.244576 5.658650 24.640276
v -23.996624 88.704628 24.772800
v -23.996624 5.658650 24.772800
v -23.727575 88.704628 24.854425
v -23.727575 5.658650 24.854425
v -23.447775 88.704628 24.881975
v -23.447775 5.658650 24.881975
v -23.167974 88.704628 24.854425
v -23.167974 5.658650 24.854425
v -22.898924 88.704628 24.772800
v -22.898924 5.658650 24.772800
v -22.650974 88.704628 24.640276
v -22.650974 5.658650 24.640276
v 11.158150 69.600098 -20.870125
v 11.158150 59.598179 -20.870125
v 11.158150 49.596249 -20.870125
v 11.158150 39.594299 -20.870125
v 11.158150 29.592350 -20.870125
v 11.158150 19.590425 -20.870125
v 11.158150 10.970699 -20.870125
v -11.136200 10.970699 -20.870125
v -11.136200 19.590425 -20.870125
v -11.136200 29.592350 -20.870125
v -11.136200 39.594299 -20.870125
v -11.136200 49.596249 -20.870125
v -11.136200 59.598179 -20.870125
v -11.136200 69.600098 -20.870125
v 20.870125 10.970699 -11.136200
v 20.870125 19.590425 -11.136200
v 20.870125 29.592350 -11.136200
v 20.870125 39.594299 -11.136200
v 20.870125 49.596249 -11.136200
v 20.870125 59.598179 -11.136200
v 20.870125 69.600098 -11.136200
v 20.870125 69.600098 11.158150
v 20.870125 59.598179 11.158150
v 20.870125 49.596249 11.158150
v 20.870125 39.594299 11.158150
v 20.870125 29.592350 11.158150
v 20.870125 19.590425 11.158150
v 20.870125 10.970699 11.158150
v 21.078800 83.243752 -17.985424
v 21.078800 83.243752 18.007376
v 21.078800 7.349625 -17.985424
v 21.078800 7.349625 18.007376
v -16.044199 100.101402 -23.473949
v -16.044199 95.992645 -23.473949
v -0.722100 105.512871 -23.473925
v -0.722100 95.992645 -23.473925
v 20.115749 94.241104 -25.229650
v 20.353550 89.175873 -25.229650
v 20.115749 89.487473 -25.229650
v 20.353550 94.552727 -25.229650
v -19.851025 94.241104 -25.229650
v -20.088825 94.552727 -25.229650
v -19.851025 89.487473 -25.229650
v -20.088825 89.175873 -25.229650
v -25.229650 94.241104 -20.078976
v -25.229650 89.175873 -20.316774
v -25.229650 89.487473 -20.078976
v -25.229650 94.552727 -20.316774
v -25.229675 94.241104 19.848425
v -25.229675 94.552727 20.086224
v -25.229675 89.487473 19.848425
v -25.229675 89.175873 20.086224
v 1.845650 139.342270 -1.856425
v 1.891525 139.318924 1.732000
v 1.891250 139.319077 -1.906775
v 1.845850 139.342194 1.687925
v 1.800050 139.365494 -1.806075
v 1.800150 139.365417 1.643850
v 1.754475 139.388687 -1.755725
v 1.754475 139.388687 1.599775
v 1.708875 139.411896 -1.705375
v 1.708775 139.411926 1.555725
v 1.663275 139.435074 -1.655025
v 1.663100 139.435165 1.511650
v 1.617700 139.458282 -1.604675
v 1.617400 139.458435 1.467575
v -1.747125 139.319153 -1.906625
v -1.747400 139.319031 1.731850
v -1.698600 139.342224 1.687825
v -1.698425 139.342316 -1.856325
v -1.649825 139.365463 1.643800
v -1.649725 139.365494 -1.806025
v -1.601050 139.388687 1.599775
v -1.601050 139.388687 -1.755725
v -1.552250 139.411896 1.555775
v -1.552350 139.411880 -1.705425
v -1.503475 139.435104 1.511750
v -1.503650 139.435059 -1.655100
v -1.454700 139.458344 1.467725
v -1.454975 139.458221 -1.604800
v 24.461899 5.658650 -22.433651
v 24.640276 88.704628 -22.650974
v 24.461899 88.704628 -22.433651
v 24.640276 5.658650 -22.650974
v 24.772800 88.704628 -22.898924
v 24.772800 5.658650 -22.898924
v 24.854425 88.704628 -23.167974
v 24.854425 5.658650 -23.167974
v 24.881975 88.704628 -23.447775
v 24.881975 5.658650 -23.447775
v 24.854425 88.704628 -23.727575
v 24.854425 5.658650 -23.727575
v 24.772800 88.704628 -23.996624
v 24.772800 5.658650 -23.996624
v 24.640276 88.704628 -24.244576
v 24.640276 5.658650 -24.244576
v 22.650974 88.704628 -22.255274
v 22.650974 5.658650 -22.255274
v 22.898924 88.704628 -22.122749
v 22.898924 5.658650 -22.122749
v 23.167974 88.704628 -22.041126
v 23.167974 5.658650 -22.041126
v 23.447775 88.704628 -22.013575
v 23.447775 5.658650 -22.013575
v 23.727575 88.704628 -22.041126
v 23.727575 5.658650 -22.041126
v 23.996624 88.704628 -22.122749
v 23.996624 5.658650 -22.122749
v 24.244576 88.704628 -22.255274
v 24.244576 5.658650 -22.255274
v 0.497975 115.856552 0.336950
v 0.573125 115.856552 0.245350
v 0.629000 115.856552 0.140850
v 0.663400 115.856552 0.027450
v 0.675000 115.856552 -0.090475
v 0.663400 115.856552 -0.208375
v 0.629000 115.856552 -0.321775
v 0.573125 115.856552 -0.426275
v 0.497975 115.856552 -0.517875
v 0.406375 115.856552 -0.593025
v 0.301875 115.856552 -0.648900
v 0.188475 115.856552 -0.683275
v 0.070575 115.856598 -0.694225
v -0.047225 115.856598 -0.682625
v -0.160750 115.856552 -0.648900
v -0.265250 115.856552 -0.593025
v -0.356825 115.856552 -0.517875
v -0.431500 115.856598 -0.425875
v -0.487850 115.856552 -0.321775
v -0.522250 115.856552 -0.208375
v -0.533875 115.856552 -0.090475
v -0.522250 115.856552 0.027450
v -0.487850 115.856552 0.140850
v -0.432000 115.856552 0.245350
v -0.356400 115.856598 0.336600
v -0.265250 115.856552 0.412100
v -0.160750 115.856552 0.467975
v -0.047225 115.856598 0.501875
v 0.070575 115.856552 0.513975
v 0.188475 115.856552 0.502350
v 0.301875 115.856552 0.467975
v 0.406375 115.856552 0.412100
v 20.870899 7.348450 18.007376
v 20.870899 83.242577 18.007376
v 20.870926 83.242577 -17.985424
v 20.870899 10.981350 -11.134175
v 20.870926 7.348450 -17.985424
v 20.870899 10.981350 11.157801
v -20.870899 7.348450 -18.007401
v -20.870899 83.242577 -18.007401
v -20.870926 83.242577 17.985424
v -20.870926 10.981350 11.134175
v -20.870926 7.348450 17.985424
v -20.870899 10.981350 -11.157801
v 18.007376 83.243752 -21.078800
v 18.007376 7.349625 -21.078800
v -17.985424 7.349625 -21.078825
v -17.985424 83.243752 -21.078825
v 22.650974 5.658650 24.640276
v 22.433651 88.704628 24.461899
v 22.433651 5.658650 24.461899
v 22.650974 88.704628 24.640276
v 22.898924 5.658650 24.772800
v 22.898924 88.704628 24.772800
v 23.167974 5.658650 24.854425
v 23.167974 88.704628 24.854425
v 23.447775 5.658650 24.881975
v 23.447775 88.704628 24.881975
v 23.727575 5.658650 24.854425
v 23.727575 88.704628 24.854425
v 23.996624 5.658650 24.772800
v 23.996624 88.704628 24.772800
v 24.244576 5.658650 24.640276
v 24.244576 88.704628 24.640276
v 24.461899 5.658650 24.461899
v 24.461899 88.704628 24.461899
v 24.640276 5.658650 24.244576
v 24.640276 88.704628 24.244576
v 24.772800 5.658650 23.996624
v 24.772800 88.704628 23.996624
v 24.854425 5.658650 23.727575
v 24.854425 88.704628 23.727575
v 24.881975 5.658650 23.447775
v 24.881975 88.704628 23.447775
v 24.854425 5.658650 23.167974
v 24.854425 88.704628 23.167974
v 24.772800 5.658650 22.898924
v 24.772800 88.704628 22.898924
v 24.640276 5.658650 22.650974
v 24.640276 88.704628 22.650974
v 24.461899 5.658650 22.433651
v 24.461899 88.704628 22.433651
v 24.244576 5.658650 22.255274
v 24.244576 88.704628 22.255274
v 23.996624 5.658650 22.122749
v 23.996624 88.704628 22.122749
v 23.727575 5.658650 22.041126
v 23.727575 88.704628 22.041126
v 23.447775 5.658650 22.013575
v 23.447775 88.704628 22.013575
v 23.167974 5.658650 22.041126
v 23.167974 88.704628 22.041126
v 22.898924 5.658650 22.122749
v 22.898924 88.704628 22.122749
v 22.650974 5.658650 22.255274
v 22.650974 88.704628 22.255274
v 22.433651 5.658650 22.433651
v 22.433651 88.704628 22.433651
v 22.255274 5.658650 22.650974
v 22.255274 88.704628 22.650974
v 22.122749 5.658650 22.898924
v 22.122749 88.704628 22.898924
v 22.041126 5.658650 23.167974
v 22.041126 88.704628 23.167974
v 22.013575 5.658650 23.447775
v 22.013575 88.704628 23.447775
v 22.041126 5.658650 23.727575
v 22.041126 88.704628 23.727575
v 22.122749 5.658650 23.996624
v 22.122749 88.704628 23.996624
v 22.255274 5.658650 24.244576
v 22.255274 88.704628 24.244576
v -22.650974 5.658650 -24.640276
v -22.433651 88.704628 -24.461899
v -22.433651 5.658650 -24.461899
v -22.650974 88.704628 -24.640276
v -22.898924 5.658650 -24.772800
v -22.898924 88.704628 -24.772800
v -23.167974 5.658650 -24.854425
v -23.167974 88.704628 -24.854425
v -23.447775 5.658650 -24.881975
v -23.447775 88.704628 -24.881975
v -23.727575 5.658650 -24.854425
v -23.727575 88.704628 -24.854425
v -23.996624 5.658650 -24.772800
v -23.996624 88.704628 -24.772800
v -24.244576 5.658650 -24.640276
v -24.244576 88.704628 -24.640276
v -24.461899 5.658650 -24.461899
v -24.461899 88.704628 -24.461899
v -24.640276 5.658650 -24.244576
v -24.640276 88.704628 -24.244576
v -24.772800 5.658650 -23.996624
v -24.772800 88.704628 -23.996624
v -24.854425 5.658650 -23.727575
v -24.854425 88.704628 -23.727575
v -24.881975 5.658650 -23.447775
v -24.881975 88.704628 -23.447775
v -24.854425 5.658650 -23.167974
v -24.854425 88.704628 -23.167974
v -24.772800 5.658650 -22.898924
v -24.772800 88.704628 -22.898924
v -24.640276 5.658650 -22.650974
v -24.640276 88.704628 -22.650974
v -24.461899 5.658650 -22.433651
v -24.461899 88.704628 -22.433651
v -24.244576 5.658650 -22.255274
v -24.244576 88.704628 -22.255274
v -23.996624 5.658650 -22.122749
v -23.996624 88.704628 -22.122749
v -23.727575 5.658650 -22.041126
v -23.727575 88.704628 -22.041126
v -23.447775 5.658650 -22.013575
v -23.447775 88.704628 -22.013575
v -23.167974 5.658650 -22.041126
v -23.167974 88.704628 -22.041126
v -22.898924 5.658650 -22.122749
v -22.898924 88.704628 -22.122749
v -22.650974 5.658650 -22.255274
v -22.650974 88.704628 -22.255274
v -22.433651 5.658650 -22.433651
v -22.433651 88.704628 -22.433651
v -22.255274 5.658650 -22.650974
v -22.255274 88.704628 -22.650974
v -22.122749 5.658650 -22.898924
v -22.122749 88.704628 -22.898924
v -22.041126 5.658650 -23.167974
v -22.041126 88.704628 -23.167974
v -22.013575 5.658650 -23.447775
v -22.013575 88.704628 -23.447775
v -22.041126 5.658650 -23.727575
v -22.041126 88.704628 -23.727575
v -22.122749 5.658650 -23.996624
v -22.122749 88.704628 -23.996624
v -22.255274 5.658650 -24.244576
v -22.255274 88.704628 -24.244576
v -2.434375 137.467377 2.412525
v 2.574175 137.467377 2.412525
v -3.079050 136.038010 3.057175
v 3.218850 136.038010 3.057175
v -3.890800 134.559326 3.868925
v 4.030600 134.559326 3.868925
v -4.814325 133.132095 4.792450
v 4.954125 133.132095 4.792450
v -5.786675 131.853622 5.764800
v 5.926475 131.853622 5.764800
v -6.741575 130.810974 6.719725
v 6.881400 130.810974 6.719725
v 2.574175 137.467377 -2.596050
v -2.434375 137.467377 -2.596050
v 3.218850 136.038010 -3.240700
v -3.079050 136.038010 -3.240700
v 4.030600 134.559326 -4.052450
v -3.890800 134.559326 -4.052450
v 4.954125 133.132095 -4.975975
v -4.814300 133.132095 -4.975975
v 5.926475 131.853622 -5.948325
v -5.786650 131.853622 -5.948325
v 6.881400 130.810974 -6.903250
v -6.741575 130.810974 -6.903250
v -21.078800 83.243752 -18.007376
v -21.078800 7.349625 -18.007376
v -21.078825 7.349625 17.985424
v -21.078825 83.243752 17.985424
vn -0.4146 0.7011 -0.5802
vn 0.7136 -0.6192 -0.3276
vn -0.0136 -0.9998 -0.0136
vn -0.8430 -0.5379 -0.0004
vn 0.9045 -0.3015 0.3015
vn 0.9045 -0.3015 -0.3015
vn 0.8429 0.5381 0.0004
vn -0.8409 0.5412 -0.0004
vn 0.9045 -0.3015 -0.3016
vn 0.9045 0.3015 -0.3015
vn -0.8243 -0.5662 -0.0004
vn 0.8449 -0.5350 0.0004
vn 0.9045 0.3015 0.3016
vn -0.8259 0.5599 -0.0663
vn 0.8409 -0.5413 0.0004
vn 0.9045 0.3015 0.3015
vn -0.8404 0.5420 -0.0004
vn -0.8429 -0.5381 -0.0004
vn 0.9046 -0.3015 -0.3014
vn 0.8469 0.5314 -0.0186
vn -0.8430 0.5379 -0.0005
vn 0.8452 -0.5345 0.0004
vn -0.8450 0.5345 0.0187
vn 0.8402 0.5422 -0.0010
vn 0.8448 -0.5351 0.0004
vn 0.8330 0.5533 0.0004
vn 0.8453 -0.5344 0.0004
vn -0.8449 0.5350 -0.0004
vn -0.8485 -0.5293 -0.0004
vn 0.8387 -0.5446 0.0004
vn 0.8379 0.5455 -0.0206
vn 0.9046 0.3015 0.3015
vn 0.8447 -0.5352 0.0004
vn -0.8484 -0.5294 -0.0004
vn -0.8483 -0.5295 -0.0004
vn -0.8428 0.5383 -0.0004
vn -0.8429 -0.5380 -0.0004
vn 0.8511 0.5251 0.0004
vn -0.0009 -1.0000 -0.0000
vn 0.8134 -0.0000 -0.5816
vn -0.8472 -0.5314 -0.0004
vn 0.8388 -0.5444 0.0004
vn 0.9046 -0.3015 0.3015
vn 0.8452 0.5344 0.0033
vn 0.8429 0.5381 -0.0011
vn -0.8406 0.5416 -0.0004
vn 0.8450 0.5348 -0.0011
vn -0.8394 0.5435 -0.0005
vn -0.8430 -0.5380 -0.0004
vn 0.8452 0.5344 0.0050
vn -0.8385 0.5445 0.0191
vn -0.8431 -0.5377 -0.0004
vn -0.8236 0.5651 -0.0472
vn 0.9057 -0.2987 -0.3008
vn 0.8435 -0.5371 0.0093
vn 0.9034 -0.3043 0.3022
vn -0.8346 0.5508 -0.0098
vn 0.8436 -0.5339 0.0574
vn 0.8450 0.5348 0.0004
vn 0.8351 0.5497 -0.0193
vn 0.8452 -0.5344 0.0004
vn -0.8641 -0.5033 -0.0004
vn 0.8529 0.5218 -0.0183
vn 0.8840 0.4674 -0.0011
vn 0.9045 -0.3015 0.3016
vn 0.8402 0.5422 0.0005
vn -0.8442 -0.5361 -0.0004
vn 0.8407 0.5414 0.0050
vn -0.9998 0.0211 0.0044
vn 0.7071 0.7071 -0.0000
vn 0.5519 0.5682 -0.6103
vn -0.0000 1.0000 -0.0000
vn 0.5759 0.5723 0.5838
vn -1.0000 0.0037 -0.0028
vn 0.9048 -0.3009 0.3014
vn 0.9046 -0.3014 -0.3015
vn -0.0000 0.7071 0.7071
vn -0.0000 0.7071 -0.7071
vn 0.5769 -0.5779 0.5773
vn -0.6246 -0.5875 -0.5145
vn 0.5231 -0.5684 -0.6350
vn -0.5778 -0.5768 0.5774
vn -0.6236 0.5887 -0.5144
vn 0.5239 0.5674 -0.6352
vn -0.5769 0.5779 0.5773
vn 0.5778 0.5768 0.5774
vn -0.7278 -0.6858 -0.0000
vn -0.7144 -0.6852 -0.1419
vn -0.6726 -0.6856 -0.2786
vn -0.6725 -0.6857 0.2786
vn -0.7139 -0.6857 0.1420
vn -0.6052 -0.6857 -0.4045
vn -0.5147 -0.6857 -0.5147
vn -0.2785 -0.6857 -0.6725
vn 0.6725 -0.6857 -0.2785
vn -0.4046 -0.6856 -0.6052
vn 0.2785 -0.6857 -0.6725
vn 0.4044 -0.6857 -0.6052
vn 0.5147 -0.6857 -0.5147
vn 0.6052 -0.6857 -0.4044
vn 0.1420 -0.6857 -0.7139
vn -0.0000 -0.6856 -0.7280
vn -0.1421 -0.6857 -0.7139
vn -0.2785 -0.6857 0.6725
vn -0.4044 -0.6857 0.6052
vn -0.5148 -0.6857 0.5147
vn -0.6050 -0.6858 0.4045
vn 0.2785 -0.6857 0.6725
vn 0.7279 -0.6856 -0.0000
vn 0.7144 -0.6852 -0.1419
vn 0.1421 -0.6857 0.7139
vn -0.0000 -0.6857 0.7279
vn -0.1421 -0.6856 0.7139
vn 0.6725 -0.6857 0.2785
vn 0.6052 -0.6857 0.4044
vn 0.5147 -0.6857 0.5147
vn 0.4042 -0.6858 0.6053
vn 0.7139 -0.6857 0.1420
vn -0.4886 0.8146 -0.3125
vn -0.5498 0.8353 0.0006
vn -0.4882 0.8148 0.3127
vn -0.1591 0.8298 0.5348
vn 0.1594 0.8297 0.5350
vn 0.3575 0.8246 0.4385
vn -0.3574 0.8247 0.4383
vn 0.3567 0.8243 -0.4396
vn -0.3572 0.8242 -0.4394
vn -0.1575 0.8303 -0.5346
vn 0.1577 0.8302 -0.5348
vn 0.4884 0.8146 0.3129
vn 0.5615 0.8265 -0.0403
vn 0.4644 0.8194 -0.3359
vn 0.0006 -0.7069 -0.7073
vn 0.0006 0.7069 -0.7073
vn 0.8388 -0.5445 0.0004
vn -0.0006 -0.7073 0.7069
vn -0.8484 -0.5293 -0.0004
vn -0.0006 0.7073 0.7069
vn -0.8422 0.5389 0.0189
vn -0.8485 -0.5292 -0.0004
vn 0.0007 0.7069 -0.7073
vn 0.8624 -0.5062 0.0089
vn 0.8389 -0.5443 0.0004
vn -0.0007 0.7073 0.7069
vn 0.8453 -0.5343 0.0004
vn 0.0009 -1.0000 -0.0000
vn 0.3019 -0.9046 0.3010
vn 0.5774 -0.5768 -0.5778
vn -0.3019 -0.9046 0.3010
vn -0.5774 -0.5768 -0.5778
vn -0.0000 -0.7071 -0.7071
vn 0.7173 -0.6303 0.2971
vn 0.5774 -0.5774 -0.5773
vn 0.2971 -0.6303 0.7173
vn -0.2971 -0.6303 0.7173
vn -0.7173 -0.6303 0.2971
vn -0.2971 -0.6303 -0.7173
vn -0.7173 -0.6303 -0.2971
vn -0.5774 -0.5774 -0.5773
vn 0.2971 -0.6303 -0.7173
vn 0.7173 -0.6303 -0.2971
vn 0.8537 -0.4717 0.2207
vn 0.7637 -0.4878 0.4228
vn 0.6474 -0.5236 0.5538
vn 0.8858 -0.4641 0.0001
vn 0.8549 -0.4699 -0.2199
vn 0.6478 -0.5234 -0.5536
vn 0.7674 -0.4844 -0.4200
vn -0.0000 -0.4643 -0.8857
vn 0.2200 -0.4698 -0.8549
vn 0.4217 -0.4870 -0.7649
vn -0.2201 -0.4697 -0.8550
vn -0.4219 -0.4871 -0.7647
vn 0.5531 -0.5231 -0.6484
vn -0.5531 -0.5231 -0.6484
vn -0.6479 -0.5234 0.5534
vn -0.5537 -0.5235 0.6475
vn 0.5535 -0.5233 0.6479
vn -0.4218 -0.4867 0.7650
vn 0.4215 -0.4868 0.7651
vn 0.0001 -0.4640 0.8858
vn 0.2186 -0.4702 0.8550
vn -0.2185 -0.4702 0.8551
vn -0.7622 -0.4892 0.4239
vn -0.8549 -0.4699 0.2200
vn -0.8857 -0.4643 0.0001
vn -0.8550 -0.4697 -0.2198
vn -0.6482 -0.5233 -0.5533
vn -0.7659 -0.4859 -0.4210
vn 0.5773 0.5779 -0.5769
vn 0.5774 0.5768 0.5778
vn -0.5773 0.5779 -0.5769
vn -0.5774 0.5768 0.5778
vn 0.7069 0.7073 0.0006
vn 0.7075 0.7067 0.0012
vn 0.7067 -0.7075 -0.0012
vn 0.7073 -0.7069 -0.0006
vn 0.3015 -0.3015 0.9045
vn 0.3015 0.3015 0.9045
vn 0.0605 -0.7037 0.7080
vn -0.7069 0.7073 0.0006
vn -0.7075 0.7067 0.0012
vn -0.3015 0.3015 0.9045
vn -0.5084 0.3384 0.7918
vn 0.5451 0.3374 0.7675
vn -0.7067 -0.7075 -0.0012
vn -0.7073 -0.7069 -0.0006
vn -0.3015 -0.3015 0.9045
vn 0.7681 0.3159 -0.5570
vn 0.4496 -0.8821 0.1404
vn -0.3146 -0.6265 0.7131
vn 0.9495 -0.3103 -0.0471
vn 0.7055 0.4382 0.5570
vn -0.5781 0.7036 0.4131
vn -0.5774 0.5774 -0.5774
vn -0.3482 -0.6119 -0.7102
vn 0.9406 -0.0018 0.3394
vn 0.2616 -0.7816 0.5663
vn 0.4578 0.4978 0.7366
vn 0.8056 -0.5422 0.2388
vn -0.9406 -0.0018 -0.3394
vn -0.2615 -0.7816 -0.5663
vn -0.4579 0.4978 -0.7366
vn -0.8056 -0.5422 -0.2388
vn 0.3389 -0.0011 0.9408
vn 0.5103 -0.6923 0.5102
vn 0.6309 0.4519 0.6307
vn 0.2382 -0.5425 0.8056
vn 0.2388 -0.5422 -0.8056
vn 0.6307 0.4519 -0.6308
vn 0.5102 -0.6924 -0.5103
vn 0.3395 -0.0017 -0.9406
vn -0.3389 -0.0011 -0.9408
vn -0.5103 -0.6923 -0.5102
vn -0.6309 0.4519 -0.6307
vn -0.2382 -0.5425 -0.8056
vn -0.2387 -0.5422 0.8056
vn -0.6308 0.4519 0.6308
vn -0.5102 -0.6923 0.5103
vn -0.3395 -0.0017 0.9406
vn 0.9408 -0.0011 -0.3389
vn 0.8056 -0.5425 -0.2382
vn -0.9408 -0.0012 0.3389
vn -0.8056 -0.5425 0.2382
vn -0.4577 0.4980 0.7366
vn -0.7366 0.4980 -0.4576
vn -0.5663 -0.7816 -0.2615
vn 0.5663 -0.7816 0.2615
vn -0.5663 -0.7815 0.2617
vn 0.7366 0.4978 -0.4578
vn -0.0682 0.9953 0.0682
vn 0.0682 0.9953 -0.0683
vn -0.0683 0.9953 -0.0683
vn 0.0683 0.9953 0.0682
vn 0.5945 0.5414 -0.5945
vn -0.5945 0.5414 -0.5945
vn -0.5945 0.5414 0.5945
vn 0.5945 0.5414 0.5945
vn -0.5945 -0.5415 0.5945
vn 0.5945 -0.5414 0.5945
vn 0.5945 -0.5415 -0.5945
vn -0.5945 -0.5414 -0.5945
vn -0.3686 -0.8534 0.3686
vn 0.3686 -0.8534 0.3686
vn 0.3686 -0.8534 -0.3686
vn -0.3686 -0.8534 -0.3686
vn -0.5774 -0.5773 -0.5773
vn -0.5774 -0.5774 0.5774
vn 0.5774 -0.5773 0.5773
vn 0.5774 -0.5773 -0.5774
vn -0.6965 -0.1727 -0.6964
vn -0.6965 -0.1728 0.6965
vn 0.6965 -0.1728 -0.6965
vn 0.6965 -0.1727 0.6964
vn -0.1364 0.9813 -0.1357
vn 0.3541 0.7015 -0.6185
vn -0.3485 0.7035 -0.6194
vn 0.1370 0.9811 -0.1370
vn -0.1353 0.9815 0.1354
vn 0.1354 0.9814 0.1357
vn 0.6187 0.7020 0.3527
vn 0.6192 0.7030 -0.3498
vn -0.6194 0.7034 -0.3488
vn -0.6184 0.7016 0.3540
vn 0.7786 0.5074 -0.3692
vn 0.3986 0.8253 -0.4000
vn 0.3995 0.8274 0.3948
vn 0.7797 0.5048 0.3705
vn 0.3707 0.5035 -0.7804
vn -0.3721 0.5011 0.7813
vn 0.3461 0.7042 0.6199
vn -0.3564 0.7007 0.6181
vn 0.3687 0.5107 0.7767
vn -0.7801 0.5038 0.3710
vn -0.3966 0.8285 0.3953
vn -0.3959 0.8267 -0.3998
vn -0.7779 0.5085 -0.3693
vn -0.6352 0.5674 -0.5239
vn -0.0000 -0.0000 -1.0000
vn 0.5774 0.5768 -0.5778
vn 0.5773 -0.5779 -0.5769
vn -0.6350 -0.5684 -0.5232
vn 1.0000 -0.0000 -0.0000
vn -0.0223 -0.9995 0.0222
vn 0.7049 -0.7015 -0.1046
vn -0.1369 -0.9699 -0.2014
vn 0.7102 -0.6243 0.3253
vn 0.1611 -0.8501 -0.5013
vn -0.6952 -0.6146 0.3727
vn -0.2747 -0.3111 -0.9098
vn -0.2747 -0.3111 0.9098
vn -0.6952 -0.6146 -0.3728
vn -0.2890 -0.0000 -0.9573
vn -0.8813 -0.0000 -0.4725
vn -0.9035 -0.0000 0.4286
vn -0.3114 -0.0000 0.9503
vn -0.3727 -0.6146 -0.6952
vn 0.9098 -0.3111 -0.2747
vn -0.9098 -0.3111 -0.2747
vn 0.3728 -0.6146 -0.6952
vn 0.9573 -0.0000 -0.2890
vn 0.4725 -0.0000 -0.8813
vn -0.4725 -0.0000 -0.8813
vn -0.9573 -0.0000 -0.2890
vn 0.3727 -0.6146 0.6952
vn -0.9098 -0.3111 0.2747
vn 0.9098 -0.3111 0.2747
vn -0.3727 -0.6146 0.6952
vn -0.9503 -0.0000 0.3114
vn -0.4286 -0.0000 0.9035
vn 0.4725 -0.0000 0.8813
vn 0.9573 -0.0000 0.2890
vn 0.6952 -0.6146 -0.3727
vn 0.2747 -0.3111 0.9098
vn 0.2747 -0.3111 -0.9098
vn 0.6952 -0.6146 0.3728
vn 0.2890 -0.0000 0.9573
vn 0.8813 -0.0000 0.4725
vn 0.8813 -0.0000 -0.4725
vn 0.2890 -0.0000 -0.9573
vn 0.3015 0.9045 -0.3015
vn -0.3015 -0.9045 -0.3015
vn 0.3015 -0.9045 -0.3015
vn -0.3015 0.9045 -0.3015
vn -0.3015 0.9045 0.3015
vn 0.3015 -0.9045 0.3015
vn -0.3015 -0.9045 0.3015
vn 0.3015 0.9045 0.3015
vn -0.5773 0.5774 0.5774
vn -0.5773 0.5774 -0.5774
vn -0.5773 -0.5774 0.5774
vn 0.5773 0.5774 -0.5774
vn 0.5774 0.5774 0.5774
vn 0.5773 -0.5774 -0.5774
vn 0.5774 0.5773 -0.5773
vn -0.5774 0.5773 0.5773
vn -0.5774 -0.5774 0.5773
vn -0.5773 -0.5774 -0.5774
vn 0.5773 -0.5774 0.5774
vn 0.5774 -0.5774 -0.5774
vn 0.5774 -0.5774 0.5774
vn -0.5965 0.5370 -0.5965
vn -0.5965 0.5370 0.5965
vn 0.5965 0.5370 0.5965
vn 0.5965 0.5370 -0.5965
vn -0.6401 0.4247 0.6402
vn -1.0000 -0.0000 -0.0000
vn -0.7071 -0.0000 0.7071
vn -0.7071 -0.0000 -0.7071
vn -0.6400 0.4247 -0.6404
vn 0.6400 0.4251 -0.6401
vn 0.7071 -0.0000 -0.7071
vn 0.7071 -0.0000 0.7071
vn 0.6406 0.4242 0.6401
vn -0.0000 -0.0001 -1.0000
vn -0.3685 0.5088 -0.7781
vn -0.0000 -0.0000 1.0000
vn 0.6138 0.6359 0.4679
vn -0.0473 -0.3086 -0.9500
vn 0.5570 0.4382 -0.7055
vn -0.4953 -0.7142 -0.4946
vn -0.7461 -0.6567 0.1094
vn -0.7458 -0.6571 -0.1091
vn -0.4949 -0.7142 0.4949
vn 0.1092 -0.6572 0.7458
vn -0.1098 -0.6564 0.7464
vn 0.4942 -0.7146 0.4951
vn 0.7459 -0.6571 -0.1090
vn 0.7459 -0.6571 0.1090
vn 0.4953 -0.7139 -0.4951
vn -0.1088 -0.6573 -0.7457
vn 0.1088 -0.6571 -0.7459
vn -0.0426 -0.9982 0.0426
vn -0.0428 -0.9982 -0.0428
vn 0.0427 -0.9982 -0.0428
vn 0.0426 -0.9982 0.0426
vn -0.4082 0.9129 -0.0000
vn -0.0000 0.9129 -0.4082
vn -0.3220 0.8903 -0.3220
vn 0.3220 0.8903 -0.3220
vn 0.4082 0.9129 -0.0000
vn -0.0000 0.9129 0.4082
vn 0.3220 0.8903 0.3220
vn -0.3220 0.8903 0.3220
vn -0.0000 -0.3665 0.9304
vn 0.5774 0.5774 -0.5774
vn -0.4663 0.6374 0.6135
vn 0.9309 -0.3652 -0.0000
vn 0.7671 0.3413 -0.5432
vn -0.0000 -0.3652 -0.9309
vn -0.5820 0.5990 0.5500
vn 0.4155 0.7277 0.5457
vn -0.5423 0.3426 -0.7672
vn -0.7298 0.4405 -0.5227
vn -0.9511 -0.3050 0.0477
vn 0.4472 0.6044 -0.6594
vn -0.7115 -0.5930 0.3770
vn -0.1247 -0.7011 -0.7021
vn -0.2459 -0.9604 0.1309
vn 0.3587 -0.6450 -0.6748
vn 0.0342 -0.9986 0.0392
vn -0.5751 -0.7863 -0.2260
vn 0.4647 0.3448 -0.8156
vn -0.9304 -0.3665 -0.0000
vn 0.5773 0.5774 0.5774
vn 0.5780 0.7207 -0.3828
vn -0.7678 0.3503 0.5365
vn -0.5568 0.4368 0.7065
vn 0.0468 -0.3122 0.9489
vn -0.6168 0.6512 -0.4421
vn 0.3982 -0.5987 0.6950
vn -0.6716 -0.6984 0.2474
vn 0.1363 -0.9715 0.1941
vn -0.7145 -0.6117 -0.3396
vn 0.0297 -0.9990 -0.0340
vn -0.1612 -0.8658 0.4738
vn -0.9045 0.3015 -0.3015
vn -0.9045 0.3015 0.3015
vn -0.3015 -0.3015 -0.9045
vn 0.7071 -0.7071 -0.0000
vn 0.3015 -0.3015 -0.9045
vn -0.7071 -0.7071 -0.0000
vn -0.7071 0.7071 -0.0000
vn -0.9045 -0.3015 0.3015
vn -0.9045 -0.3015 -0.3016
vn -0.0000 -0.7071 0.7071
vn -0.3015 0.3015 -0.9045
vn 0.3015 0.3015 -0.9045
vn -0.5773 -0.5774 0.5773
vn 0.5774 -0.5773 0.5774
vn 0.5774 0.5773 0.5774
vn -0.5773 0.5774 0.5773
vn 0.5774 -0.5773 -0.5773
vn 0.5774 0.5773 -0.5774
vn 0.5774 0.5773 0.5773
vn -0.8570 0.3549 -0.3735
vn -0.9045 -0.3015 -0.3015
vn -0.5773 -0.5774 -0.5773
vn -0.5773 -0.5773 -0.5774
vn -0.5774 0.5773 -0.5774
vn -0.0000 -1.0000 -0.0000
vn 0.8082 0.3431 0.4786
vn -0.5774 -0.5774 -0.5774
vn -0.5774 -0.5773 0.5773
vn -0.8315 -0.0000 -0.5556
vn -0.9239 -0.0000 -0.3827
vn -0.9808 -0.0000 -0.1951
vn -0.9808 -0.0000 0.1951
vn -0.9239 -0.0000 0.3827
vn -0.8315 -0.0000 0.5556
vn 0.5556 -0.0000 -0.8315
vn 0.3827 -0.0000 -0.9239
vn 0.1951 -0.0000 -0.9808
vn -0.1951 -0.0000 -0.9808
vn -0.3827 -0.0000 -0.9239
vn -0.5556 -0.0000 -0.8315
vn 0.7173 0.6303 -0.2971
vn 0.7173 0.6303 0.2971
vn 0.2971 0.6303 -0.7173
vn -0.6616 -0.7498 -0.0000
vn -0.7520 -0.6160 -0.2346
vn -0.6318 -0.5684 0.5270
vn 0.2971 0.6303 0.7173
vn -0.2971 0.6303 -0.7173
vn -0.7520 0.6160 -0.2346
vn -0.8452 0.5344 -0.0050
vn -0.8133 -0.0000 -0.5818
vn -0.9046 -0.3015 -0.3015
vn -0.8452 0.5344 -0.0032
vn -0.5759 0.5723 -0.5838
vn -0.9045 -0.3015 0.3016
vn -0.9057 -0.2987 0.3008
vn -0.5519 0.5682 0.6104
vn -0.9034 -0.3043 -0.3022
vn -0.9045 0.3015 -0.3016
vn -0.9057 -0.2986 0.3008
vn -0.9046 0.3015 -0.3015
vn -0.9046 -0.3015 0.3014
vn -1.0000 -0.0000 -0.0001
vn -0.8134 -0.0000 0.5816
vn -0.5154 -0.0000 -0.8569
vn -0.5157 -0.0000 0.8568
vn -0.7138 -0.0000 -0.7003
vn -0.7078 -0.0000 -0.7064
vn -0.7194 -0.0000 0.6946
vn -0.7272 -0.0000 0.6865
vn -0.9999 -0.0000 -0.0161
vn -0.9999 -0.0000 -0.0120
vn 0.9999 0.0095 -0.0086
vn 0.9990 0.0406 0.0166
vn 0.9999 -0.0000 -0.0147
vn 0.9985 0.0512 0.0211
vn 0.9994 0.0149 0.0312
vn 0.9995 -0.0000 0.0329
vn 0.9999 -0.0000 0.0163
vn 0.9999 -0.0000 0.0119
vn -0.5239 0.5674 0.6352
vn -0.5778 0.5768 -0.5774
vn -0.5769 -0.5779 -0.5773
vn -0.5232 -0.5684 0.6350
vn 0.5778 -0.5768 -0.5774
vn 0.5769 0.5779 -0.5773
vn 0.6236 0.5887 0.5144
vn 0.6246 -0.5875 0.5145
vn -0.9046 -0.3014 0.3015
vn -0.9048 -0.3009 -0.3014
vn 1.0000 0.0037 0.0028
vn 0.9998 0.0211 -0.0044
vn 0.8442 -0.5361 0.0004
vn -0.8407 0.5414 -0.0050
vn -0.8402 0.5422 -0.0005
vn -0.8452 -0.5344 -0.0004
vn 0.8430 0.5379 0.0005
vn 0.8430 -0.5379 0.0004
vn -0.8841 0.4674 0.0011
vn -0.8449 -0.5350 -0.0004
vn -0.8450 0.5348 -0.0004
vn 0.8641 -0.5033 0.0004
vn -0.8529 0.5218 0.0183
vn 0.8428 0.5383 0.0004
vn 0.8432 -0.5377 0.0004
vn -0.8351 0.5497 0.0193
vn 0.8429 -0.5380 0.0004
vn -0.8436 -0.5339 -0.0574
vn 0.8236 0.5651 0.0472
vn -0.8435 -0.5371 -0.0093
vn 0.8346 0.5508 0.0098
vn 0.8385 0.5445 -0.0191
vn -0.8448 -0.5351 -0.0004
vn 0.8394 0.5435 0.0005
vn 0.8430 -0.5380 0.0004
vn -0.8402 0.5422 0.0010
vn 0.8406 0.5416 0.0004
vn 0.8429 -0.5381 0.0004
vn -0.8450 0.5348 0.0010
vn -0.8429 0.5381 0.0011
vn -0.8447 -0.5352 -0.0004
vn -0.8511 0.5251 -0.0004
vn -0.8388 -0.5444 -0.0004
vn 0.8472 -0.5314 0.0004
vn 0.8409 0.5412 0.0004
vn 0.8483 -0.5295 0.0004
vn -0.8469 0.5314 0.0186
vn -0.8387 -0.5446 -0.0004
vn 0.8450 0.5345 -0.0187
vn 0.8484 -0.5294 0.0004
vn -0.8379 0.5455 0.0206
vn -0.8448 -0.5352 -0.0004
vn -0.8429 0.5381 -0.0004
vn 0.8449 0.5350 0.0004
vn 0.8485 -0.5293 0.0004
vn -0.8330 0.5533 -0.0004
vn -0.8453 -0.5344 -0.0004
vn 0.8243 -0.5662 0.0004
vn -0.8452 -0.5345 -0.0004
vn -0.8409 -0.5413 -0.0004
vn 0.8404 0.5420 0.0004
vn 0.8259 0.5599 0.0663
vn -0.8624 -0.5062 -0.0089
vn 0.0001 -0.0000 1.0000
vn 0.8422 0.5389 -0.0189
vn 0.8435 0.5372 0.0004
vn -0.8389 -0.5443 -0.0004
vn -0.8453 -0.5343 -0.0004
vn 0.8484 -0.5293 0.0004
vn -0.8388 -0.5445 -0.0004
vn 0.8485 -0.5292 0.0004
vn -0.8435 0.5372 -0.0004
vn -0.6479 0.4007 -0.6479
vn -0.5295 0.6636 0.5285
vn -0.5277 0.6654 -0.5280
vn -0.6479 0.4007 0.6479
vn -0.1388 0.9783 0.1542
vn 0.1501 0.9793 -0.1354
vn -0.1415 0.9804 -0.1368
vn 0.1472 0.9773 0.1526
vn 0.6479 0.4007 0.6479
vn 0.5278 0.6646 -0.5289
vn 0.5297 0.6627 0.5293
vn 0.6479 0.4007 -0.6479
vn -0.6494 0.3956 -0.6494
vn 0.6494 0.3956 -0.6494
vn 0.6494 0.3956 0.6494
vn -0.6494 0.3956 0.6494
vn -0.6645 0.3421 -0.6645
vn 0.6645 0.3421 0.6644
vn 0.6645 0.3420 -0.6644
vn -0.6644 0.3421 0.6645
vn 0.2732 -0.4824 0.8322
vn 0.5723 0.8153 -0.0883
vn 0.8214 -0.4983 -0.2775
vn 0.3996 0.2824 0.8721
vn -0.8714 0.2809 -0.4023
vn 0.2774 -0.4984 -0.8214
vn 0.0884 0.8153 -0.5723
vn -0.8330 -0.4799 -0.2754
vn 0.2754 -0.4799 -0.8329
vn -0.8214 -0.4984 0.2774
vn 0.8214 -0.4983 0.2775
vn -0.2732 -0.4824 -0.8323
vn 0.2775 -0.4983 0.8214
vn -0.8322 -0.4825 0.2732
vn -0.2754 -0.4799 0.8329
vn -0.8214 -0.4984 -0.2774
vn 0.8329 -0.4799 0.2754
vn -0.2775 -0.4983 -0.8214
vn -0.2774 -0.4984 0.8214
vn 0.8322 -0.4825 -0.2732
vn -0.3996 0.2824 -0.8721
vn 0.5723 0.8153 0.0883
vn -0.5723 0.8153 0.0883
vn 0.4023 0.2809 -0.8714
vn -0.8721 0.2824 0.3996
vn 0.0883 0.8153 0.5723
vn -0.5723 0.8153 -0.0883
vn -0.4023 0.2809 0.8714
vn 0.8721 0.2825 -0.3996
vn -0.0884 0.8153 0.5723
vn -0.0884 0.8153 -0.5723
vn 0.8713 0.2810 0.4023
vn 0.9468 -0.3124 0.0772
vn 0.7106 -0.6205 -0.3318
vn 0.7106 -0.6204 0.3320
vn 0.9468 -0.3124 -0.0775
vn -0.1106 -0.3686 0.9230
vn 0.3317 -0.6205 0.7106
vn 0.5069 0.3035 0.8068
vn -0.1865 0.0504 0.9812
vn -0.1865 0.0514 -0.9811
vn 0.5070 0.3033 -0.8068
vn 0.3319 -0.6203 -0.7107
vn -0.1108 -0.3691 -0.9228
vn -0.5069 0.3035 -0.8068
vn 0.1104 -0.3686 -0.9230
vn 0.1862 0.0504 -0.9812
vn -0.3318 -0.6206 -0.7105
vn 0.1861 0.0513 0.9812
vn -0.5071 0.3034 0.8068
vn -0.3320 -0.6204 0.7105
vn 0.1106 -0.3691 0.9228
vn 0.8068 0.3035 0.5069
vn 0.9812 0.0514 -0.1861
vn 0.9230 -0.3686 -0.1108
vn 0.8068 0.3035 -0.5070
vn 0.9229 -0.3688 0.1105
vn 0.9811 0.0505 0.1866
vn -0.8068 0.3035 -0.5069
vn -0.9811 0.0512 0.1865
vn -0.9229 -0.3687 0.1106
vn -0.7107 -0.6203 -0.3320
vn -0.8069 0.3034 0.5068
vn -0.9227 -0.3691 -0.1112
vn -0.9812 0.0506 -0.1862
vn -0.7105 -0.6206 0.3318
vn 0.0772 -0.3124 -0.9468
vn -0.0775 -0.3124 -0.9468
vn 0.9537 -0.2927 -0.0690
vn 0.0691 -0.2927 0.9537
vn -0.0688 -0.2925 0.9538
vn -0.9468 -0.3124 -0.0773
vn -0.9468 -0.3124 0.0775
vn 0.0775 -0.3125 0.9468
vn -0.9537 -0.2927 0.0691
vn 0.9538 -0.2925 0.0688
vn -0.0773 -0.3126 0.9468
vn 0.0688 -0.2925 -0.9538
vn -0.9538 -0.2925 -0.0688
vn 0.5627 -0.6056 0.5627
vn 0.5627 -0.6056 -0.5627
vn -0.0690 -0.2927 -0.9537
vn -0.5627 -0.6056 -0.5628
vn -0.5628 -0.6056 0.5626
vn 0.2298 -0.4411 0.8676
vn 0.5862 0.8041 0.0986
vn 0.8261 -0.5609 -0.0546
vn 0.3607 0.2166 0.9072
vn -0.9063 0.2150 -0.3637
vn 0.0546 -0.5610 -0.8260
vn -0.0987 0.8042 -0.5862
vn -0.8683 -0.4382 -0.2324
vn 0.2324 -0.4381 -0.8684
vn -0.8261 -0.5609 0.0546
vn 0.8260 -0.5610 0.0546
vn -0.2298 -0.4410 -0.8676
vn 0.0546 -0.5609 0.8261
vn -0.8676 -0.4410 0.2298
vn -0.2324 -0.4381 0.8683
vn -0.8260 -0.5610 -0.0546
vn 0.8683 -0.4382 0.2324
vn -0.0546 -0.5609 -0.8261
vn -0.0546 -0.5610 0.8260
vn 0.8676 -0.4411 -0.2298
vn -0.3607 0.2166 -0.9072
vn 0.5862 0.8042 -0.0986
vn -0.5862 0.8041 -0.0986
vn 0.3637 0.2150 -0.9063
vn -0.9072 0.2166 0.3607
vn -0.0986 0.8041 0.5862
vn -0.5862 0.8042 0.0986
vn -0.3637 0.2150 0.9063
vn 0.9072 0.2166 -0.3607
vn 0.0987 0.8042 0.5862
vn 0.0986 0.8041 -0.5862
vn 0.9064 0.2150 0.3637
vn 0.2190 -0.5322 -0.8178
vn -0.2186 -0.5333 -0.8172
vn 0.3339 0.1504 -0.9305
vn -0.3341 0.1513 -0.9303
vn -0.2189 -0.5322 0.8178
vn 0.2187 -0.5333 0.8172
vn -0.3340 0.1504 0.9305
vn 0.3340 0.1514 0.9303
vn -0.8171 -0.5334 0.2188
vn -0.9304 0.1513 0.3339
vn -0.9306 0.1503 -0.3339
vn -0.8178 -0.5322 -0.2191
vn 0.8172 -0.5333 -0.2187
vn 0.9303 0.1514 -0.3340
vn 0.9305 0.1504 0.3339
vn 0.8178 -0.5321 0.2190
vn 0.2615 -0.7816 -0.5663
vn 0.7366 0.4980 0.4577
vn 0.5663 -0.7816 -0.2616
vn -0.7366 0.4979 0.4577
vn 0.4576 0.4980 -0.7366
vn -0.2614 -0.7817 0.5663
vn -0.6560 0.3732 -0.6560
vn -0.9342 0.3569 -0.0000
vn -0.9342 0.3568 -0.0000
vn -0.6560 0.3732 0.6560
vn 0.6560 0.3732 0.6560
vn 0.9342 0.3569 -0.0000
vn 0.9342 0.3568 -0.0000
vn 0.6560 0.3732 -0.6560
vn -0.0000 0.3569 0.9342
vn -0.0000 0.3568 0.9342
vn -0.0000 0.3569 -0.9342
vn -0.0000 0.3568 -0.9342
vn -0.6443 0.4120 0.6443
vn -0.6443 0.4120 -0.6443
vn 0.6443 0.4120 0.6443
vn 0.6443 0.4120 -0.6443
vn 0.6443 -0.4120 -0.6443
vn 0.6443 -0.4120 0.6443
vn -0.6443 -0.4120 -0.6443
vn -0.6443 -0.4120 0.6443
vn -0.5773 0.5773 -0.5774
vn 0.5773 0.5773 0.5774
vn -0.6616 0.7498 -0.0000
vn -0.6318 0.5684 0.5270
vn -0.7173 0.6303 -0.2971
vn -0.7173 0.6303 0.2971
vn 0.5774 -0.5774 0.5773
vn -0.2971 0.6303 0.7173
vn 0.8315 -0.0000 0.5556
vn 0.9239 -0.0000 0.3827
vn 0.9808 -0.0000 0.1951
vn 0.9808 -0.0000 -0.1951
vn 0.9239 -0.0000 -0.3827
vn 0.8315 -0.0000 -0.5556
vn 0.5774 -0.5768 0.5778
vn 0.5773 0.5779 0.5769
vn -0.5144 0.5887 0.6236
vn -0.5145 -0.5875 0.6246
vn -0.3015 -0.3014 -0.9046
vn 0.3014 -0.3009 -0.9048
vn -0.0028 0.0037 1.0000
vn 0.0044 0.0211 0.9998
vn -0.0003 -0.5287 0.8488
vn 0.3015 -0.3016 -0.9045
vn 0.0049 0.5372 -0.8435
vn 0.0005 0.5367 -0.8438
vn 0.3015 0.3016 -0.9045
vn 0.0004 -0.5353 -0.8446
vn -0.0000 -1.0000 0.0009
vn -0.5817 -0.0000 -0.8134
vn -0.0006 0.5367 0.8438
vn -0.0004 -0.5377 0.8432
vn -0.0028 0.4785 -0.8781
vn 0.3015 -0.3014 -0.9046
vn 0.0001 -0.5348 -0.8450
vn -0.0005 -0.5289 0.8487
vn -0.0187 0.5365 -0.8437
vn -0.0005 0.5367 0.8438
vn -0.0005 -0.5377 0.8432
vn -0.0189 0.5378 -0.8429
vn 0.0582 -0.5338 -0.8436
vn -0.3015 0.3014 -0.9046
vn -0.0458 0.5483 0.8350
vn 0.0094 -0.5376 -0.8431
vn 0.3022 -0.3043 -0.9034
vn -0.3008 -0.2987 -0.9057
vn -0.0096 0.5376 0.8431
vn 0.0188 0.5366 0.8436
vn 0.0009 -0.5348 -0.8450
vn -0.0006 0.5363 0.8440
vn -0.0003 -0.5397 0.8418
vn -0.0008 -0.5386 0.8425
vn -0.0009 0.5366 -0.8438
vn 0.0006 -0.5348 -0.8450
vn -0.0005 0.5363 0.8440
vn -0.0005 -0.5386 0.8425
vn -0.0011 0.5392 -0.8422
vn -0.0011 0.5366 -0.8438
vn 0.0004 -0.5348 -0.8450
vn 0.0004 0.5366 -0.8438
vn 0.0004 -0.5442 -0.8390
vn 0.0031 0.5357 -0.8444
vn -0.3015 0.3016 -0.9045
vn -0.0004 0.5367 0.8438
vn -0.0004 -0.5289 0.8487
vn -0.0188 0.5366 -0.8437
vn 0.0004 -0.5455 -0.8381
vn 0.0188 0.5379 0.8428
vn -0.0203 0.5366 -0.8436
vn 0.0006 -0.5374 -0.8433
vn 0.0004 0.5367 -0.8438
vn -0.0004 0.5380 0.8430
vn 0.0004 0.5379 -0.8430
vn 0.0004 -0.5340 -0.8455
vn -0.0651 0.5492 0.8332
vn -0.0004 -0.5403 0.8415
vn 0.0094 -0.5338 -0.8455
vn 0.0188 0.5362 0.8439
vn -0.0006 -0.5386 0.8425
vn -0.0004 0.5363 0.8440
vn -0.0004 -0.5386 0.8425
vn -0.0004 -0.5302 0.8479
vn 0.0005 0.5366 -0.8438
vn 0.0005 -0.5442 -0.8390
vn -0.6103 0.5682 -0.5520
vn 0.5837 0.5723 -0.5760
vn 0.5817 -0.0000 -0.8134
vn -0.0000 -1.0000 -0.0009
vn 0.8569 -0.0000 -0.5154
vn -0.8568 -0.0000 -0.5156
vn 0.7069 -0.7073 0.0006
vn -0.7073 0.7069 -0.0006
vn 0.0006 -0.7073 -0.7069
vn -0.0006 -0.7069 0.7073
vn -0.0006 0.7069 0.7073
vn 0.0006 0.7073 -0.7069
vn -0.0007 0.7069 0.7073
vn 0.0007 0.7073 -0.7069
vn 0.8133 -0.0000 0.5818
vn 0.5157 -0.0000 -0.8568
vn 1.0000 -0.0000 0.0001
vn 0.5154 -0.0000 0.8569
vn 0.9057 -0.2986 -0.3008
vn -0.5556 -0.0000 0.8315
vn -0.3827 -0.0000 0.9239
vn -0.1951 -0.0000 0.9808
vn 0.1951 -0.0000 0.9808
vn 0.3827 -0.0000 0.9239
vn 0.5556 -0.0000 0.8315
vn -1.0000 -0.0000 0.0001
vn -0.0001 -0.0000 -1.0000
vn 0.2385 0.9459 -0.2200
vn 0.1701 0.9702 0.1726
vn 0.1669 0.9729 -0.1603
vn 0.2397 0.9390 0.2467
vn 0.2387 0.9458 -0.2201
vn 0.2395 0.9391 0.2466
vn 0.2386 0.9459 -0.2200
vn 0.2401 0.9389 0.2468
vn 0.2396 0.9390 0.2467
vn 0.2382 0.9460 -0.2199
vn 0.2399 0.9389 0.2467
vn 0.2287 0.9506 -0.2098
vn 0.2287 0.9445 0.2358
vn -0.1610 0.9741 -0.1589
vn -0.1640 0.9715 0.1709
vn -0.2264 0.9425 0.2458
vn -0.2251 0.9493 -0.2193
vn -0.2266 0.9424 0.2461
vn -0.2256 0.9492 -0.2194
vn -0.2266 0.9424 0.2460
vn -0.2255 0.9492 -0.2195
vn -0.2265 0.9424 0.2460
vn -0.2252 0.9493 -0.2194
vn -0.2265 0.9424 0.2459
vn -0.2255 0.9493 -0.2193
vn -0.2157 0.9475 0.2359
vn -0.2159 0.9536 -0.2098
vn 0.9808 -0.0000 0.1950
vn 0.9808 -0.0000 -0.1950
vn 0.1923 -0.0000 -0.9813
vn -0.0027 0.0001 -1.0000
vn -0.1922 0.0001 -0.9813
vn -0.3801 0.0001 -0.9249
vn -0.5556 -0.0000 -0.8314
vn -0.7090 -0.0000 -0.7052
vn -0.8315 0.0001 -0.5556
vn -0.9229 0.0001 -0.3851
vn -0.8302 -0.0000 0.5575
vn -0.7071 0.0001 0.7071
vn -0.5575 0.0001 0.8302
vn -0.3807 -0.0000 0.9247
vn -0.1951 0.0001 0.9808
vn -0.0020 0.0001 1.0000
vn 0.1950 -0.0000 0.9808
vn -0.6133 0.4977 0.6133
vn 0.6133 0.4977 0.6133
vn -0.5728 0.5864 0.5728
vn 0.5728 0.5864 0.5728
vn -0.5348 0.6542 0.5348
vn 0.5348 0.6542 0.5348
vn -0.4951 0.7139 0.4951
vn 0.4951 0.7140 0.4951
vn -0.4481 0.7736 0.4481
vn 0.4481 0.7736 0.4481
vn -0.4105 0.8142 0.4105
vn 0.4105 0.8142 0.4105
vn 0.6133 0.4977 -0.6133
vn -0.6133 0.4977 -0.6133
vn 0.5728 0.5864 -0.5728
vn -0.5728 0.5864 -0.5728
vn 0.5348 0.6542 -0.5348
vn -0.5348 0.6542 -0.5348
vn 0.4951 0.7139 -0.4951
vn -0.4951 0.7140 -0.4951
vn 0.4481 0.7736 -0.4481
vn -0.4481 0.7736 -0.4481
vn 0.4105 0.8142 -0.4105
vn -0.4105 0.8142 -0.4105
vt 0.641598 0.628826
vt 0.642111 0.619409
vt 0.637127 0.619409
vt 0.390355 0.095312
vt 0.384464 0.095312
vt 0.390355 0.119280
vt 0.390355 0.127222
vt 0.372610 0.119280
vt 0.378501 0.119280
vt 0.384464 0.087370
vt 0.390355 0.087370
vt 0.390355 0.111267
vt 0.384464 0.111267
vt 0.390355 0.111303
vt 0.390355 0.119244
vt 0.384464 0.103325
vt 0.390355 0.103325
vt 0.372610 0.119244
vt 0.372610 0.111303
vt 0.384464 0.127222
vt 0.384464 0.119280
vt 0.384428 0.087370
vt 0.384428 0.095312
vt 0.378537 0.095312
vt 0.378537 0.087370
vt 0.372610 0.111267
vt 0.372610 0.103325
vt 0.384428 0.103325
vt 0.384428 0.111267
vt 0.378537 0.111267
vt 0.378537 0.103325
vt 0.384428 0.119280
vt 0.384428 0.127222
vt 0.390355 0.095348
vt 0.390355 0.103289
vt 0.378537 0.127222
vt 0.378501 0.080490
vt 0.378501 0.087334
vt 0.378537 0.119280
vt 0.372610 0.087334
vt 0.372610 0.095312
vt 0.372610 0.087370
vt 0.378501 0.095348
vt 0.378501 0.103289
vt 0.372610 0.103289
vt 0.372610 0.095348
vt 0.378501 0.111303
vt 0.378501 0.119244
vt 0.390355 0.080490
vt 0.390355 0.087334
vt 0.384464 0.087334
vt 0.390355 0.127258
vt 0.390355 0.135199
vt 0.378501 0.127258
vt 0.378501 0.135199
vt 0.372610 0.135199
vt 0.372609 0.135199
vt 0.372610 0.127258
vt 0.384464 0.103289
vt 0.384464 0.135199
vt 0.384464 0.095348
vt 0.384428 0.135199
vt 0.378537 0.135199
vt 0.372610 0.127222
vt 0.384464 0.119244
vt 0.384464 0.111303
vt 0.384428 0.080490
vt 0.384428 0.087334
vt 0.378537 0.087334
vt 0.372593 0.135218
vt 0.378519 0.135217
vt 0.372592 0.135217
vt 0.384446 0.135217
vt 0.390373 0.135217
vt 0.390373 0.135218
vt 0.372591 0.135217
vt 0.390374 0.135217
vt 0.372591 0.080492
vt 0.390374 0.080492
vt 0.637025 0.079556
vt 0.363832 0.079564
vt 0.362931 0.079556
vt 0.637025 0.079564
vt 0.640860 0.079711
vt 0.638790 0.619602
vt 0.640860 0.619599
vt 0.638790 0.079715
vt 0.373291 0.608887
vt 0.626786 0.608893
vt 0.626786 0.608887
vt 0.374122 0.608893
vt 0.000000 0.000000
vt 0.499744 0.975762
vt 0.499748 0.975761
vt 0.499753 0.975762
vt 0.499960 0.975970
vt 0.499960 0.975975
vt 0.499957 0.975980
vt 0.499957 0.975966
vt 0.499539 0.975980
vt 0.499539 0.975966
vt 0.499537 0.975970
vt 0.499537 0.975975
vt 0.499753 0.976183
vt 0.499748 0.976185
vt 0.499742 0.976182
vt 0.378537 0.103289
vt 0.378537 0.095348
vt 0.384428 0.095348
vt 0.384428 0.103289
vt 0.372609 0.095348
vt 0.372609 0.103289
vt 0.378501 0.103325
vt 0.372609 0.103325
vt 0.378501 0.111267
vt 0.372609 0.111267
vt 0.378537 0.119244
vt 0.378537 0.111303
vt 0.384428 0.111303
vt 0.384428 0.119244
vt 0.372609 0.111303
vt 0.372609 0.119244
vt 0.372609 0.119280
vt 0.378501 0.127222
vt 0.372609 0.127222
vt 0.378537 0.127258
vt 0.384428 0.127258
vt 0.384464 0.127258
vt 0.372609 0.127258
vt 0.372609 0.080490
vt 0.372609 0.087334
vt 0.372610 0.080490
vt 0.372609 0.087370
vt 0.372609 0.095312
vt 0.643566 0.079556
vt 0.638933 0.079564
vt 0.636078 0.079556
vt 0.658453 0.079556
vt 0.666069 0.079556
vt 0.648703 0.079556
vt 0.643694 0.079556
vt 0.499608 0.971314
vt 0.499707 0.971314
vt 0.499791 0.971314
vt 0.499502 0.971314
vt 0.499397 0.971314
vt 0.499214 0.971314
vt 0.499298 0.971314
vt 0.490500 0.971314
vt 0.490514 0.971314
vt 0.490555 0.971314
vt 0.490620 0.971314
vt 0.508385 0.971314
vt 0.508450 0.971314
vt 0.508504 0.971314
vt 0.508490 0.971314
vt 0.637066 0.079711
vt 0.637066 0.619602
vt 0.637066 0.619599
vt 0.637066 0.079715
vt 0.625656 0.608873
vt 0.374550 0.608880
vt 0.374550 0.608873
vt 0.625656 0.608880
vt 0.363115 0.618809
vt 0.363115 0.080597
vt 0.363115 0.080594
vt 0.363115 0.618812
vt 0.384092 0.092128
vt 0.384092 0.092136
vt 0.384092 0.596029
vt 0.384092 0.596021
vt 0.619328 0.092128
vt 0.619328 0.092136
vt 0.641598 0.619409
vt 0.642111 0.628826
vt 0.619328 0.596029
vt 0.619328 0.596021
vt 0.640864 0.619409
vt 0.645335 0.619409
vt 0.650444 0.628826
vt 0.367729 0.605961
vt 0.367729 0.081084
vt 0.635691 0.081084
vt 0.635691 0.605961
vt 0.499723 0.973776
vt 0.499748 0.973772
vt 0.499699 0.973786
vt 0.499678 0.973801
vt 0.497577 0.975902
vt 0.497561 0.975923
vt 0.497551 0.975947
vt 0.497548 0.975973
vt 0.497551 0.975999
vt 0.497561 0.976023
vt 0.497577 0.976043
vt 0.499678 0.978144
vt 0.499699 0.978160
vt 0.499723 0.978170
vt 0.499748 0.978173
vt 0.499774 0.978170
vt 0.499798 0.978160
vt 0.499819 0.978144
vt 0.501920 0.976043
vt 0.501936 0.976023
vt 0.501946 0.975999
vt 0.501949 0.975973
vt 0.501946 0.975947
vt 0.501936 0.975923
vt 0.501920 0.975902
vt 0.499819 0.973801
vt 0.499798 0.973786
vt 0.499774 0.973776
vt 0.641319 0.628826
vt 0.641319 0.619409
vt 0.456399 0.892935
vt 0.478129 0.809180
vt 0.455773 0.892874
vt 0.478626 0.809241
vt 0.542720 0.892935
vt 0.520990 0.809180
vt 0.543346 0.892874
vt 0.520493 0.809241
vt 0.457268 0.892935
vt 0.478720 0.808647
vt 0.456280 0.893529
vt 0.479316 0.809241
vt 0.541851 0.892935
vt 0.520399 0.808647
vt 0.542839 0.893529
vt 0.519804 0.809241
vt 0.454420 0.896606
vt 0.454296 0.897268
vt 0.543729 0.896606
vt 0.543852 0.897268
vt 0.520450 0.807126
vt 0.479184 0.806529
vt 0.521048 0.806529
vt 0.479782 0.807126
vt 0.455319 0.896606
vt 0.542829 0.896606
vt 0.455319 0.896538
vt 0.542829 0.896538
vt 0.520496 0.805851
vt 0.521008 0.805783
vt 0.453772 0.896538
vt 0.516246 0.803176
vt 0.481935 0.803176
vt 0.492731 0.772204
vt 0.505800 0.759135
vt 0.492731 0.759135
vt 0.505800 0.772204
vt 0.481207 0.803358
vt 0.479839 0.803107
vt 0.516974 0.803358
vt 0.518342 0.803107
vt 0.518342 0.802445
vt 0.479839 0.802445
vt 0.516974 0.802193
vt 0.481207 0.802193
vt 0.496689 0.801498
vt 0.496689 0.797229
vt 0.500958 0.797229
vt 0.500958 0.801498
vt 0.495423 0.802764
vt 0.495423 0.795963
vt 0.502224 0.802764
vt 0.502224 0.795963
vt 0.451959 0.749150
vt 0.368173 0.749150
vt 0.493027 0.493027
vt 0.514670 0.514670
vt 0.493027 0.514670
vt 0.514670 0.493027
vt 0.498892 0.750726
vt 0.335129 0.750726
vt 0.535272 0.748684
vt 0.657202 0.748684
vt 0.335129 0.746069
vt 0.495100 0.746069
vt 0.495090 0.746069
vt 0.494846 0.746196
vt 0.334216 0.750400
vt 0.498661 0.750400
vt 0.334216 0.746196
vt 0.496153 0.746594
vt 0.499586 0.750379
vt 0.498874 0.750375
vt 0.502488 0.746625
vt 0.666116 0.746196
vt 0.499637 0.750400
vt 0.666116 0.750400
vt 0.503543 0.746196
vt 0.664617 0.746069
vt 0.499859 0.750726
vt 0.664617 0.750726
vt 0.503705 0.746069
vt 0.503715 0.746069
vt 0.503542 0.746196
vt 0.496577 0.746242
vt 0.499846 0.749745
vt 0.499182 0.749745
vt 0.502494 0.746242
vt 0.366917 0.605961
vt 0.619400 0.596021
vt 0.384163 0.596021
vt 0.636620 0.605961
vt 0.619400 0.092128
vt 0.636620 0.081084
vt 0.384163 0.092128
vt 0.366917 0.081084
vt 0.731602 0.374613
vt 0.744347 0.374369
vt 0.731847 0.374369
vt 0.744591 0.374613
vt 0.744347 0.347469
vt 0.744591 0.347225
vt 0.731602 0.347225
vt 0.731847 0.347469
vt 0.636848 0.619409
vt 0.642030 0.619409
vt 0.523739 0.680378
vt 0.469816 0.680378
vt 0.526193 0.680378
vt 0.472270 0.680378
vt 0.471587 0.685399
vt 0.469748 0.724793
vt 0.469748 0.685399
vt 0.471587 0.724793
vt 0.527778 0.724793
vt 0.529616 0.685399
vt 0.529616 0.724793
vt 0.527778 0.685399
vt 0.528562 0.678873
vt 0.472110 0.736556
vt 0.528562 0.736556
vt 0.472110 0.678873
vt 0.344853 0.680378
vt 0.348546 0.680378
vt 0.528234 0.682139
vt 0.530122 0.724476
vt 0.530122 0.682139
vt 0.528234 0.724476
vt 0.471977 0.724476
vt 0.470038 0.682139
vt 0.470038 0.724476
vt 0.471977 0.682139
vt 0.471438 0.678873
vt 0.527891 0.736556
vt 0.471438 0.736556
vt 0.527891 0.678873
vt 0.523848 0.680711
vt 0.470858 0.680711
vt 0.526260 0.680711
vt 0.473270 0.680711
vt 0.471493 0.682139
vt 0.469555 0.724476
vt 0.469555 0.682139
vt 0.471493 0.724476
vt 0.527763 0.724476
vt 0.529651 0.682139
vt 0.529651 0.724476
vt 0.527763 0.682139
vt 0.472882 0.680378
vt 0.526805 0.680378
vt 0.470428 0.680378
vt 0.524351 0.680378
vt 0.528236 0.685399
vt 0.530074 0.724793
vt 0.530074 0.685399
vt 0.528236 0.724793
vt 0.472045 0.724793
vt 0.470207 0.685399
vt 0.470207 0.724793
vt 0.472045 0.685399
vt 0.470686 0.779705
vt 0.528490 0.784840
vt 0.470686 0.784840
vt 0.528490 0.779705
vt 0.476023 0.751377
vt 0.523153 0.754854
vt 0.476023 0.754854
vt 0.523153 0.751377
vt 0.529420 0.755591
vt 0.469756 0.778530
vt 0.529420 0.778530
vt 0.469756 0.755591
vt 0.493584 0.759482
vt 0.505345 0.759729
vt 0.493831 0.759729
vt 0.505592 0.759482
vt 0.505345 0.771242
vt 0.505592 0.771489
vt 0.493831 0.771242
vt 0.493584 0.771489
vt 0.490923 0.778532
vt 0.509324 0.778146
vt 0.491310 0.778146
vt 0.509711 0.778532
vt 0.509324 0.760131
vt 0.509711 0.759745
vt 0.491310 0.760131
vt 0.490923 0.759745
vt 0.508461 0.757523
vt 0.490745 0.757895
vt 0.508089 0.757895
vt 0.490373 0.757523
vt 0.490745 0.775239
vt 0.490373 0.775611
vt 0.508089 0.775239
vt 0.508461 0.775611
vt 0.507991 0.757083
vt 0.507645 0.773543
vt 0.507645 0.757428
vt 0.507991 0.773889
vt 0.491531 0.773543
vt 0.491185 0.773889
vt 0.491531 0.757428
vt 0.491185 0.757083
vt 0.470440 0.738225
vt 0.528736 0.752682
vt 0.470440 0.752682
vt 0.528736 0.738225
vt 0.528676 0.738225
vt 0.470500 0.752682
vt 0.528676 0.752682
vt 0.470500 0.738225
vt 0.528730 0.738225
vt 0.470446 0.752682
vt 0.528730 0.752682
vt 0.470446 0.738225
vt 0.493148 0.774169
vt 0.493148 0.758957
vt 0.508360 0.758957
vt 0.508360 0.774169
vt 0.529783 0.786442
vt 0.469393 0.791882
vt 0.529783 0.791882
vt 0.469393 0.786442
vt 1.000000 1.000000
vt 1.000000 0.000000
vt 0.000000 1.000000
vt 0.666048 0.689823
vt 0.499629 0.745908
vt 0.666048 0.689727
vt 0.506485 0.744869
vt 0.491891 0.744869
vt 0.334173 0.690069
vt 0.334173 0.690165
vt 0.666007 0.690181
vt 0.499405 0.745963
vt 0.666007 0.690011
vt 0.504470 0.745407
vt 0.494340 0.745407
vt 0.334035 0.690098
vt 0.334035 0.690266
vt 0.333921 0.689150
vt 0.500249 0.740077
vt 0.333921 0.683921
vt 0.500249 0.745157
vt 0.333921 0.690441
vt 0.496863 0.745155
vt 0.333921 0.690344
vt 0.492522 0.745304
vt 0.665920 0.691338
vt 0.500659 0.745631
vt 0.665920 0.689984
vt 0.505002 0.745780
vt 0.500249 0.744974
vt 0.665920 0.683579
vt 0.500249 0.739713
vt 0.665920 0.688905
vt 0.506296 0.745564
vt 0.665920 0.689802
vt 0.501956 0.745415
vt 0.665920 0.689899
vt 0.665920 0.688854
vt 0.500656 0.740141
vt 0.665920 0.682661
vt 0.500659 0.745194
vt 0.333921 0.683192
vt 0.333921 0.689384
vt 0.495118 0.745524
vt 0.333921 0.690192
vt 0.497852 0.745631
vt 0.333921 0.691318
vt 0.502341 0.746361
vt 0.496713 0.746361
vt 0.499527 0.746265
vt 0.499802 0.749693
vt 0.499170 0.749693
vt 0.642030 0.628826
vt 0.502419 0.746320
vt 0.496232 0.746320
vt 0.499327 0.746214
vt 0.499714 0.749982
vt 0.499020 0.749982
vt 0.639783 0.628826
vt 0.499334 0.738908
vt 0.333792 0.679473
vt 0.497538 0.736197
vt 0.333792 0.683189
vt 0.666065 0.683203
vt 0.501132 0.736196
vt 0.666065 0.679487
vt 0.666065 0.689191
vt 0.499215 0.745292
vt 0.333792 0.689177
vt 0.499186 0.739315
vt 0.333848 0.679290
vt 0.496421 0.736244
vt 0.333848 0.683133
vt 0.666058 0.682891
vt 0.501578 0.736247
vt 0.666058 0.679048
vt 0.499373 0.738907
vt 0.666065 0.679508
vt 0.501173 0.736196
vt 0.666065 0.683224
vt 0.333792 0.683457
vt 0.497573 0.736196
vt 0.333792 0.679739
vt 0.333792 0.689445
vt 0.499271 0.745292
vt 0.666065 0.689211
vt 0.500249 0.738563
vt 0.665920 0.679284
vt 0.502839 0.735909
vt 0.665920 0.682233
vt 0.333921 0.682393
vt 0.497660 0.735910
vt 0.333921 0.679835
vt 0.500249 0.738793
vt 0.456412 0.736379
vt 0.402525 0.739256
vt 0.456412 0.739256
vt 0.402525 0.736379
vt 0.357647 0.738505
vt 0.429600 0.734663
vt 0.357647 0.734663
vt 0.429600 0.738505
vt 0.345059 0.702656
vt 0.342991 0.741383
vt 0.345059 0.741383
vt 0.342991 0.702656
vt 0.342631 0.703161
vt 0.341707 0.720450
vt 0.342631 0.720450
vt 0.341707 0.703161
vt 0.494844 0.746196
vt 0.724870 0.346173
vt 0.751001 0.374615
vt 0.724870 0.374615
vt 0.751001 0.346173
vt 0.368411 0.683442
vt 0.347351 0.683442
vt 0.369193 0.683442
vt 0.368627 0.683442
vt 0.626566 0.683442
vt 0.626747 0.683442
vt 0.649270 0.683442
vt 0.626852 0.683442
vt 0.639854 0.628826
vt 0.360655 0.629089
vt 0.358134 0.629089
vt 0.359234 0.629089
vt 0.349530 0.629089
vt 0.358134 0.618598
vt 0.359312 0.618598
vt 0.359234 0.618598
vt 0.363774 0.618598
vt 0.354772 0.618598
vt 0.358949 0.629089
vt 0.358337 0.629089
vt 0.360881 0.629089
vt 0.358949 0.618598
vt 0.358337 0.618598
vt 0.363489 0.618598
vt 0.630610 0.640522
vt 0.367650 0.640522
vt 0.630782 0.668234
vt 0.367768 0.668234
vt 0.631061 0.668234
vt 0.631061 0.640130
vt 0.367650 0.667880
vt 0.630610 0.667880
vt 0.367895 0.667880
vt 0.367895 0.640522
vt 0.630782 0.640130
vt 0.367488 0.640130
vt 0.631068 0.640522
vt 0.367488 0.668234
vt 0.631068 0.667880
vt 0.367768 0.640130
vt 0.366090 0.638298
vt 0.632459 0.638298
vt 0.632459 0.670066
vt 0.366090 0.670066
vt 0.364692 0.671897
vt 0.364692 0.636467
vt 0.363294 0.634635
vt 0.635255 0.634635
vt 0.633857 0.636467
vt 0.635255 0.673729
vt 0.633857 0.671897
vt 0.363294 0.673729
vt 0.632643 0.638457
vt 0.366320 0.638457
vt 0.366320 0.669944
vt 0.632643 0.669944
vt 0.634218 0.672008
vt 0.634218 0.636393
vt 0.635793 0.634329
vt 0.363169 0.634329
vt 0.364744 0.636393
vt 0.363169 0.674072
vt 0.364744 0.672008
vt 0.635793 0.674072
vt 0.362925 0.674072
vt 0.635336 0.674072
vt 0.634976 0.634635
vt 0.634976 0.673729
vt 0.362925 0.634329
vt 0.363575 0.673729
vt 0.363575 0.634635
vt 0.367880 0.626166
vt 0.632004 0.608533
vt 0.630707 0.626166
vt 0.367549 0.608533
vt 0.631244 0.628578
vt 0.366690 0.608468
vt 0.369568 0.628578
vt 0.634401 0.608468
vt 0.375883 0.608468
vt 0.625208 0.608468
vt 0.366113 0.608468
vt 0.625782 0.608468
vt 0.634974 0.608468
vt 0.375305 0.608468
vt 0.485475 0.605710
vt 0.514815 0.575876
vt 0.485185 0.575813
vt 0.514664 0.605646
vt 0.376770 0.608533
vt 0.622783 0.608533
vt 0.625393 0.608533
vt 0.366187 0.608533
vt 0.634613 0.608533
vt 0.375407 0.608533
vt 0.630599 0.626166
vt 0.368100 0.626166
vt 0.370025 0.628578
vt 0.631389 0.628578
vt 0.635336 0.634329
vt 0.665222 0.080013
vt 0.663815 0.628984
vt 0.665222 0.628984
vt 0.663815 0.080013
vt 0.662209 0.628984
vt 0.662209 0.080013
vt 0.660467 0.628984
vt 0.660467 0.080013
vt 0.658655 0.628984
vt 0.658655 0.080013
vt 0.656843 0.628984
vt 0.656843 0.080013
vt 0.655101 0.628984
vt 0.655101 0.080013
vt 0.653495 0.628984
vt 0.653495 0.080013
vt 0.652088 0.628984
vt 0.652088 0.080013
vt 0.334869 0.080165
vt 0.336265 0.628913
vt 0.334869 0.628913
vt 0.336265 0.080165
vt 0.337858 0.628913
vt 0.337858 0.080165
vt 0.339587 0.628913
vt 0.339587 0.080165
vt 0.341385 0.628913
vt 0.341385 0.080165
vt 0.343182 0.628913
vt 0.343182 0.080165
vt 0.344911 0.628913
vt 0.344911 0.080165
vt 0.346504 0.628913
vt 0.346504 0.080165
vt 0.347900 0.628913
vt 0.347900 0.080165
vt 0.650469 0.079711
vt 0.650469 0.628816
vt 0.642708 0.079711
vt 0.642708 0.628816
vt 0.351134 0.079556
vt 0.356143 0.079556
vt 0.363759 0.079556
vt 0.352571 0.079556
vt 0.333768 0.079556
vt 0.341384 0.079556
vt 0.647066 0.628816
vt 0.647066 0.079711
vt 0.640469 0.628816
vt 0.640469 0.079711
vt 0.637066 0.628816
vt 0.378483 0.087334
vt 0.378483 0.080490
vt 0.390338 0.087334
vt 0.390338 0.080490
vt 0.378501 0.127240
vt 0.384411 0.127258
vt 0.378519 0.127258
vt 0.378501 0.135217
vt 0.378483 0.135199
vt 0.372592 0.135199
vt 0.372574 0.135217
vt 0.372592 0.127258
vt 0.372574 0.127240
vt 0.378483 0.127258
vt 0.378501 0.119262
vt 0.378483 0.127222
vt 0.372592 0.127222
vt 0.372592 0.119280
vt 0.372574 0.119262
vt 0.378483 0.119280
vt 0.378519 0.135199
vt 0.384429 0.135217
vt 0.384411 0.135199
vt 0.384429 0.127240
vt 0.378519 0.127222
vt 0.378519 0.119280
vt 0.384411 0.119280
vt 0.384429 0.119262
vt 0.384411 0.127222
vt 0.390356 0.127240
vt 0.390338 0.127258
vt 0.384447 0.127258
vt 0.384447 0.135199
vt 0.390356 0.135217
vt 0.390338 0.135199
vt 0.390356 0.119262
vt 0.390338 0.119280
vt 0.390338 0.127222
vt 0.384447 0.127222
vt 0.384447 0.119280
vt 0.384429 0.111285
vt 0.390356 0.111285
vt 0.390338 0.111303
vt 0.384447 0.111303
vt 0.384447 0.119244
vt 0.390338 0.119244
vt 0.384429 0.103307
vt 0.390356 0.103307
vt 0.390338 0.103325
vt 0.390338 0.111267
vt 0.384447 0.111267
vt 0.384447 0.103325
vt 0.378519 0.111303
vt 0.378519 0.119244
vt 0.384411 0.119244
vt 0.384411 0.111303
vt 0.378501 0.111285
vt 0.378519 0.111267
vt 0.378519 0.103325
vt 0.378501 0.103307
vt 0.384411 0.103325
vt 0.384411 0.111267
vt 0.378483 0.119244
vt 0.372592 0.119244
vt 0.372592 0.111303
vt 0.372574 0.111285
vt 0.378483 0.111303
vt 0.378483 0.111267
vt 0.372592 0.111267
vt 0.372592 0.103325
vt 0.372574 0.103307
vt 0.378483 0.103325
vt 0.372574 0.095330
vt 0.378501 0.095330
vt 0.378483 0.095348
vt 0.378483 0.103289
vt 0.372592 0.103289
vt 0.372592 0.095348
vt 0.378501 0.087352
vt 0.378483 0.095312
vt 0.372592 0.095312
vt 0.372592 0.087370
vt 0.372574 0.087352
vt 0.378483 0.087370
vt 0.378501 0.080477
vt 0.378519 0.080490
vt 0.372592 0.087334
vt 0.372592 0.080490
vt 0.372574 0.080477
vt 0.378519 0.087334
vt 0.384429 0.087352
vt 0.384411 0.087370
vt 0.384411 0.095312
vt 0.384429 0.095330
vt 0.378519 0.095312
vt 0.378519 0.087370
vt 0.384411 0.087334
vt 0.384447 0.080490
vt 0.384447 0.087334
vt 0.384429 0.080477
vt 0.384411 0.080490
vt 0.390356 0.087352
vt 0.390338 0.087370
vt 0.384447 0.087370
vt 0.384447 0.095312
vt 0.390356 0.095330
vt 0.390338 0.095312
vt 0.390356 0.080477
vt 0.378519 0.095348
vt 0.384411 0.095348
vt 0.384411 0.103289
vt 0.378519 0.103289
vt 0.390338 0.095348
vt 0.390338 0.103289
vt 0.384447 0.103289
vt 0.384447 0.095348
vt 0.503686 0.742688
vt 0.606651 0.679619
vt 0.503686 0.679619
vt 0.606651 0.708125
vt 0.652464 0.684612
vt 0.652464 0.681116
vt 0.504472 0.742688
vt 0.605977 0.679619
vt 0.504472 0.679619
vt 0.605977 0.708125
vt 0.658119 0.681116
vt 0.658119 0.684612
vt 0.391016 0.679619
vt 0.345203 0.681116
vt 0.345203 0.684612
vt 0.391016 0.708125
vt 0.493981 0.742688
vt 0.493981 0.679619
vt 0.494905 0.742688
vt 0.393400 0.679619
vt 0.494905 0.679619
vt 0.393400 0.708125
vt 0.342103 0.681116
vt 0.342103 0.684612
vt 0.339548 0.681116
vt 0.339548 0.684612
vt 0.492259 0.742688
vt 0.392600 0.679619
vt 0.492259 0.679619
vt 0.392600 0.708125
vt 0.348259 0.684612
vt 0.348259 0.681116
vt 0.601311 0.679619
vt 0.645652 0.681116
vt 0.645652 0.684612
vt 0.601311 0.708125
vt 0.501652 0.742688
vt 0.501652 0.679619
vt 0.634630 0.606480
vt 0.382983 0.596573
vt 0.617441 0.596573
vt 0.365821 0.606480
vt 0.382983 0.092105
vt 0.365821 0.081098
vt 0.617441 0.092105
vt 0.634630 0.081098
vt 0.359262 0.618809
vt 0.361365 0.080597
vt 0.359262 0.080594
vt 0.361365 0.618812
vt 0.626676 0.608887
vt 0.373181 0.608893
vt 0.373181 0.608887
vt 0.625846 0.608893
vt 0.362812 0.079556
vt 0.636005 0.079564
vt 0.636906 0.079556
vt 0.362812 0.079564
vt 0.372574 0.080492
vt 0.390356 0.080492
vt 0.636281 0.605607
vt 0.424269 0.573262
vt 0.574809 0.573262
vt 0.363823 0.605623
vt 0.423884 0.113672
vt 0.363805 0.081143
vt 0.575551 0.113672
vt 0.636182 0.080596
vt 0.372574 0.135218
vt 0.390354 0.135218
vt 0.384464 0.080490
vt 0.378537 0.080490
vt 0.378501 0.087370
vt 0.378501 0.095312
vt 0.496557 0.972799
vt 0.502648 0.973020
vt 0.496778 0.973020
vt 0.502868 0.972799
vt 0.501979 0.973752
vt 0.497531 0.978200
vt 0.497531 0.973752
vt 0.501979 0.978200
vt 0.502868 0.979111
vt 0.496778 0.978890
vt 0.502648 0.978890
vt 0.496557 0.979111
vt 0.454311 0.897273
vt 0.455752 0.913694
vt 0.543820 0.897273
vt 0.542962 0.913694
vt 0.454840 0.896930
vt 0.543308 0.896930
vt 0.543395 0.893464
vt 0.519956 0.808860
vt 0.541974 0.893803
vt 0.521163 0.808879
vt 0.518374 0.808879
vt 0.541118 0.893803
vt 0.518549 0.808860
vt 0.540809 0.893464
vt 0.454753 0.893464
vt 0.456174 0.893803
vt 0.457030 0.893803
vt 0.457339 0.893464
vt 0.476754 0.808879
vt 0.477961 0.808860
vt 0.479542 0.808879
vt 0.479367 0.808860
vt 0.519574 0.806162
vt 0.478556 0.806279
vt 0.519361 0.806279
vt 0.478342 0.806162
vt 0.543893 0.896092
vt 0.520807 0.806279
vt 0.543950 0.896176
vt 0.520781 0.806347
vt 0.477135 0.806347
vt 0.454198 0.896176
vt 0.477109 0.806279
vt 0.454255 0.896092
vt 0.542214 0.896176
vt 0.519302 0.806347
vt 0.542076 0.896092
vt 0.455934 0.896176
vt 0.456072 0.896092
vt 0.478615 0.806347
vt 0.478005 0.806162
vt 0.455581 0.896521
vt 0.542885 0.896521
vt 0.519912 0.806162
vt 0.542567 0.896521
vt 0.455263 0.896521
vt 0.520021 0.805623
vt 0.477896 0.805623
vt 0.469704 0.221959
vt 0.417063 0.273920
vt 0.417722 0.221942
vt 0.470331 0.273937
vt 0.544175 0.893208
vt 0.520422 0.809211
vt 0.542411 0.893393
vt 0.521815 0.809026
vt 0.519881 0.809026
vt 0.542263 0.893393
vt 0.519881 0.809211
vt 0.542263 0.893208
vt 0.453973 0.893208
vt 0.455737 0.893393
vt 0.540064 0.895060
vt 0.457158 0.895245
vt 0.540064 0.895245
vt 0.457158 0.895060
vt 0.458356 0.895781
vt 0.541262 0.895966
vt 0.458356 0.895966
vt 0.541262 0.895781
vt 0.476102 0.809026
vt 0.477494 0.809211
vt 0.479771 0.807648
vt 0.518145 0.807833
vt 0.479771 0.807833
vt 0.518145 0.807648
vt 0.520423 0.809211
vt 0.478071 0.800168
vt 0.520075 0.801812
vt 0.478071 0.801812
vt 0.520075 0.800168
vt 0.456796 0.886415
vt 0.478847 0.811108
vt 0.458450 0.886576
vt 0.477534 0.810946
vt 0.477706 0.809026
vt 0.478144 0.806048
vt 0.455022 0.896187
vt 0.455577 0.893208
vt 0.521377 0.806048
vt 0.544730 0.896187
vt 0.540527 0.893208
vt 0.521890 0.806048
vt 0.545051 0.896187
vt 0.519248 0.809026
vt 0.479771 0.809026
vt 0.455795 0.896187
vt 0.478415 0.806048
vt 0.457621 0.893208
vt 0.518145 0.807995
vt 0.519502 0.806048
vt 0.479771 0.807995
vt 0.457621 0.894019
vt 0.542353 0.896187
vt 0.540527 0.894019
vt 0.540527 0.893646
vt 0.457621 0.893646
vt 0.479771 0.808332
vt 0.520696 0.806048
vt 0.519340 0.808332
vt 0.519787 0.805851
vt 0.478130 0.805783
vt 0.519787 0.805783
vt 0.478130 0.805851
vt 0.544376 0.896538
vt 0.477998 0.806048
vt 0.455230 0.896538
vt 0.478367 0.805783
vt 0.454877 0.896187
vt 0.453418 0.896187
vt 0.479771 0.809211
vt 0.457621 0.893393
vt 0.477420 0.805851
vt 0.476909 0.805783
vt 0.333911 0.679317
vt 0.356762 0.629751
vt 0.356762 0.679317
vt 0.333911 0.629751
vt 0.641774 0.679317
vt 0.666099 0.629751
vt 0.666099 0.679317
vt 0.641774 0.629751
vt 0.635507 0.634427
vt 0.362992 0.634427
vt 0.362992 0.674397
vt 0.635507 0.674397
vt 0.641660 0.629751
vt 0.641660 0.679317
vt 0.356997 0.679317
vt 0.356997 0.629751
vt 0.363234 0.634427
vt 0.635960 0.634427
vt 0.635960 0.674397
vt 0.363234 0.674397
vt 0.334002 0.678219
vt 0.357185 0.630444
vt 0.357379 0.678219
vt 0.334002 0.630444
vt 0.641397 0.678219
vt 0.665431 0.630444
vt 0.665431 0.678219
vt 0.641397 0.630444
vt 0.636006 0.634951
vt 0.363027 0.634951
vt 0.363027 0.673477
vt 0.636006 0.673477
vt 0.641236 0.630444
vt 0.641236 0.678219
vt 0.356680 0.678219
vt 0.356680 0.630444
vt 0.363351 0.634951
vt 0.635685 0.634951
vt 0.635685 0.673477
vt 0.363351 0.673477
vt 0.334231 0.043001
vt 0.665485 0.069091
vt 0.334231 0.069091
vt 0.665485 0.043001
vt 0.334677 0.068838
vt 0.663092 0.071175
vt 0.337353 0.071175
vt 0.665767 0.068838
vt 0.662733 0.071495
vt 0.336984 0.071495
vt 0.334231 0.073899
vt 0.665485 0.073899
vt 0.334677 0.042352
vt 0.665767 0.042352
vt 0.334677 0.073512
vt 0.665767 0.073512
vt 0.665485 0.078681
vt 0.334231 0.078681
vt 0.334231 0.078754
vt 0.665485 0.078754
vt 0.491772 0.067487
vt 0.511932 0.047328
vt 0.511932 0.067487
vt 0.491772 0.047328
vt 0.665767 0.079011
vt 0.334677 0.079011
vt 0.334651 0.044170
vt 0.665452 0.066967
vt 0.665452 0.044170
vt 0.334651 0.066967
vt 0.637978 0.628816
vt 0.637978 0.079711
vt 0.642066 0.628816
vt 0.642066 0.079711
vt 0.349505 0.080594
vt 0.349505 0.629078
vt 0.357386 0.080594
vt 0.357386 0.629078
vt 0.352961 0.629078
vt 0.352961 0.080594
vt 0.359659 0.629078
vt 0.363115 0.629078
vt 0.359659 0.080594
vt 0.358038 0.629078
vt 0.367729 0.605969
vt 0.367729 0.081092
vt 0.635691 0.081092
vt 0.635691 0.605969
vt 0.501708 0.747090
vt 0.496869 0.747090
vt 0.499289 0.747007
vt 0.358038 0.080594
vt 0.501711 0.747464
vt 0.496591 0.747464
vt 0.499149 0.747376
vt 0.499031 0.738551
vt 0.497228 0.735808
vt 0.500836 0.735820
vt 0.499372 0.738696
vt 0.497518 0.735898
vt 0.501227 0.735897
vt 0.499458 0.738906
vt 0.497469 0.735910
vt 0.501447 0.735910
vt 0.341384 0.628913
vt 0.341384 0.080165
vt 0.637489 0.619599
vt 0.637489 0.079715
vt 0.637489 0.079711
vt 0.637489 0.619602
vt 0.373789 0.608873
vt 0.626526 0.608880
vt 0.626526 0.608873
vt 0.374617 0.608880
vt 0.362740 0.080594
vt 0.363148 0.618812
vt 0.362740 0.618809
vt 0.363148 0.080597
vt 0.355268 0.079556
vt 0.359901 0.079564
vt 0.364107 0.080492
vt 0.364828 0.080492
vt 0.636359 0.606918
vt 0.575120 0.114770
vt 0.575120 0.571990
vt 0.636359 0.079844
vt 0.635601 0.079934
vt 0.425233 0.114124
vt 0.574474 0.114124
vt 0.364121 0.079934
vt 0.364430 0.080288
vt 0.424691 0.572324
vt 0.424691 0.115004
vt 0.364367 0.605373
vt 0.364309 0.606464
vt 0.574186 0.573265
vt 0.425931 0.573265
vt 0.635825 0.606464
vt 0.364107 0.135217
vt 0.364827 0.135218
vt 0.364828 0.087334
vt 0.364812 0.087334
vt 0.364828 0.119244
vt 0.364812 0.111303
vt 0.364812 0.119244
vt 0.364828 0.111303
vt 0.364828 0.080490
vt 0.364812 0.080490
vt 0.364828 0.127222
vt 0.364812 0.119280
vt 0.364812 0.127222
vt 0.364828 0.119280
vt 0.364828 0.103289
vt 0.364812 0.095348
vt 0.364812 0.103289
vt 0.364828 0.095348
vt 0.364828 0.135199
vt 0.364812 0.135199
vt 0.364828 0.127258
vt 0.364812 0.127258
vt 0.364828 0.095312
vt 0.364812 0.087370
vt 0.364812 0.095312
vt 0.364828 0.087370
vt 0.364828 0.111267
vt 0.364812 0.103325
vt 0.364812 0.111267
vt 0.364828 0.103325
vt 0.364812 0.135217
vt 0.364828 0.135217
vt 0.636006 0.606533
vt 0.425941 0.573266
vt 0.574184 0.573266
vt 0.364126 0.606533
vt 0.364369 0.605429
vt 0.424701 0.114969
vt 0.424701 0.572325
vt 0.364369 0.080374
vt 0.363963 0.079876
vt 0.574472 0.114081
vt 0.425242 0.114081
vt 0.635758 0.079876
vt 0.636343 0.079847
vt 0.575117 0.571991
vt 0.575117 0.114729
vt 0.636343 0.606915
vt 0.364812 0.087352
vt 0.364812 0.080477
vt 0.364812 0.095330
vt 0.364812 0.103307
vt 0.364812 0.111285
vt 0.364812 0.119262
vt 0.364812 0.127240
vt 0.514670 0.919964
vt 0.493027 0.919964
vt 0.365028 0.135199
vt 0.365028 0.127258
vt 0.365028 0.119280
vt 0.365028 0.127222
vt 0.365028 0.095348
vt 0.365028 0.103289
vt 0.365028 0.095312
vt 0.365028 0.087370
vt 0.365028 0.119244
vt 0.365028 0.111303
vt 0.365028 0.111267
vt 0.365028 0.103325
vt 0.365028 0.087334
vt 0.365028 0.080490
vt 0.378520 0.080490
vt 0.378520 0.087334
vt 0.378520 0.087370
vt 0.378520 0.095312
vt 0.378520 0.095348
vt 0.378520 0.103289
vt 0.378520 0.103325
vt 0.378520 0.111267
vt 0.378520 0.111303
vt 0.378520 0.119244
vt 0.378520 0.119280
vt 0.378520 0.127222
vt 0.378520 0.127258
vt 0.378520 0.135199
vt 0.372592 0.080477
vt 0.372592 0.087352
vt 0.378519 0.087352
vt 0.378519 0.080477
vt 0.384446 0.087352
vt 0.384446 0.080477
vt 0.390373 0.087352
vt 0.390373 0.080477
vt 0.378519 0.095330
vt 0.372592 0.095330
vt 0.384446 0.095330
vt 0.390373 0.095330
vt 0.384446 0.103307
vt 0.390373 0.103307
vt 0.384446 0.111285
vt 0.390373 0.111285
vt 0.384446 0.119262
vt 0.390373 0.119262
vt 0.390373 0.127240
vt 0.384446 0.127240
vt 0.378519 0.127240
vt 0.372592 0.127240
vt 0.378519 0.119262
vt 0.372592 0.119262
vt 0.378519 0.111285
vt 0.372592 0.111285
vt 0.378519 0.103307
vt 0.372592 0.103307
vt 0.364828 0.127240
vt 0.364828 0.119262
vt 0.364828 0.111285
vt 0.364828 0.103307
vt 0.364828 0.095330
vt 0.364828 0.087352
vt 0.364828 0.080477
vt 0.744584 0.374613
vt 0.744339 0.374369
vt 0.744339 0.347469
vt 0.731839 0.374369
vt 0.731594 0.374613
vt 0.731839 0.347469
vt 0.731594 0.347225
vt 0.744584 0.347225
vt 0.366818 0.606487
vt 0.383126 0.596580
vt 0.617584 0.596580
vt 0.366818 0.081105
vt 0.383126 0.092113
vt 0.634747 0.081105
vt 0.617584 0.092113
vt 0.634747 0.606487
vt 0.656631 0.681116
vt 0.656631 0.684612
vt 0.353396 0.724209
vt 0.336428 0.741176
vt 0.353396 0.741176
vt 0.486978 0.604606
vt 0.512212 0.600790
vt 0.490690 0.600837
vt 0.515946 0.604538
vt 0.512324 0.578840
vt 0.516107 0.575092
vt 0.490477 0.578793
vt 0.486671 0.575024
vt 0.632180 0.670066
vt 0.633578 0.636467
vt 0.632180 0.638298
vt 0.633578 0.671897
vt 0.366371 0.670066
vt 0.364973 0.671897
vt 0.366371 0.638298
vt 0.364973 0.636467
vt 0.371269 0.741176
vt 0.354302 0.724209
vt 0.354302 0.741176
vt 0.366075 0.669944
vt 0.364500 0.636393
vt 0.366075 0.638457
vt 0.364500 0.672008
vt 0.632186 0.669944
vt 0.633761 0.672008
vt 0.632186 0.638457
vt 0.633761 0.636393
vt 0.371269 0.706336
vt 0.354302 0.723303
vt 0.371269 0.723303
vt 0.628909 0.680158
vt 0.647209 0.684001
vt 0.650647 0.680158
vt 0.625963 0.684001
vt 0.369412 0.680158
vt 0.372344 0.684001
vt 0.347073 0.680158
vt 0.350511 0.684001
vt 0.353396 0.723303
vt 0.336428 0.706336
vt 0.336428 0.723303
vt 0.497023 0.978661
vt 0.502492 0.978731
vt 0.496947 0.978731
vt 0.502425 0.978662
vt 0.497100 0.978592
vt 0.502358 0.978592
vt 0.497177 0.978522
vt 0.502291 0.978522
vt 0.497254 0.978453
vt 0.502223 0.978453
vt 0.497330 0.978384
vt 0.502156 0.978383
vt 0.497407 0.978314
vt 0.502089 0.978314
vt 0.496947 0.973186
vt 0.502492 0.973186
vt 0.502425 0.973260
vt 0.497024 0.973260
vt 0.502358 0.973334
vt 0.497100 0.973335
vt 0.502291 0.973409
vt 0.497177 0.973409
vt 0.502224 0.973483
vt 0.497254 0.973483
vt 0.502156 0.973557
vt 0.497330 0.973557
vt 0.502089 0.973632
vt 0.497407 0.973631
vt 0.354302 0.706336
vt 0.365937 0.606480
vt 0.634747 0.606480
vt 0.617584 0.596572
vt 0.617584 0.092105
vt 0.634747 0.081098
vt 0.383126 0.092105
vt 0.365937 0.081098
vt 0.383126 0.596572
vt 0.363986 0.605623
vt 0.636445 0.605607
vt 0.574957 0.573262
vt 0.575695 0.113672
vt 0.636345 0.080596
vt 0.424028 0.113672
vt 0.363969 0.081143
vt 0.424418 0.573262
vt 0.636518 0.080886
vt 0.636334 0.605680
vt 0.574954 0.573264
vt 0.424432 0.573264
vt 0.363987 0.605680
vt 0.424042 0.113615
vt 0.363987 0.080886
vt 0.575692 0.113615
vt 0.363824 0.080886
vt 0.363824 0.605680
vt 0.424273 0.573264
vt 0.574794 0.573264
vt 0.636171 0.605680
vt 0.575537 0.113615
vt 0.636354 0.080886
vt 0.423887 0.113615
vt 0.353396 0.706336
vt 0.732421 0.373183
vt 0.732645 0.348249
vt 0.732421 0.348025
vt 0.744128 0.348249
vt 0.744352 0.348025
vt 0.744352 0.373183
vt 0.744128 0.372959
vt 0.732645 0.372959
vt 0.367801 0.605969
vt 0.619400 0.596029
vt 0.636620 0.605969
vt 0.619400 0.092136
vt 0.636620 0.081092
vt 0.384163 0.092136
vt 0.367801 0.081092
vt 0.384163 0.596029
vt 0.336428 0.724209
vt 0.629723 0.679864
vt 0.652769 0.679864
vt 0.365622 0.679864
vt 0.343852 0.679864
vt 0.512266 0.966504
vt 0.514969 0.958159
vt 0.518988 0.948860
vt 0.524049 0.939239
vt 0.529806 0.929954
vt 0.535868 0.921636
vt 0.541822 0.914852
vt 0.486448 0.966504
vt 0.483744 0.958159
vt 0.479725 0.948860
vt 0.474664 0.939239
vt 0.468907 0.929954
vt 0.462845 0.921636
vt 0.456892 0.914852
vt 0.633750 0.606487
vt 0.382983 0.596580
vt 0.365821 0.606487
vt 0.382983 0.092113
vt 0.365821 0.081105
vt 0.617441 0.092113
vt 0.633750 0.081105
vt 0.617441 0.596580
vt 0.371269 0.724209
vt 0.365400 0.679864
vt 0.629831 0.679864
vt 0.370041 0.680158
vt 0.372958 0.684001
vt 0.629053 0.680158
vt 0.626104 0.684001
s 1
usemtl uv
f 1582/1011/1293 1583/1012/1294 1584/1013/1295
f 1585/1014/1296 1586/1015/1297 1587/1014/1298
f 1585/1014/1296 1588/1015/1299 1586/1015/1297
f 1589/1016/1300 1590/1017/1301 1591/1016/1302
f 1589/1016/1300 1592/1017/1303 1590/1017/1301
f 1593/1018/1304 1594/1019/1302 1595/1018/1305
f 1593/1018/1304 1596/1019/1306 1594/1019/1302
f 1597/1020/1307 1598/1021/1302 1599/1020/1308
f 1597/1020/1307 1600/1021/1309 1598/1021/1302
f 1588/1015/1299 1599/1020/1308 1586/1015/1297
f 1588/1015/1299 1597/1020/1307 1599/1020/1308
f 1601/1022/1310 1602/1023/1297 1603/1022/1311
f 1601/1022/1310 1604/1023/1312 1602/1023/1297
f 1605/1024/1313 1606/1025/1298 1607/1024/1302
f 1605/1024/1313 1608/1025/1296 1606/1025/1298
f 1609/1026/1314 1610/1027/1302 1611/1026/1308
f 1609/1026/1314 1612/1027/1315 1610/1027/1302
f 1613/1028/1316 1614/1029/1308 1615/1028/1297
f 1613/1028/1316 1616/1029/1317 1614/1029/1308
f 1604/1023/1312 1611/1026/1308 1602/1023/1297
f 1604/1023/1312 1609/1026/1314 1611/1026/1308
f 1592/1017/1303 1617/1030/1297 1590/1017/1301
f 1592/1017/1303 1618/1030/1318 1617/1030/1297
f 1619/1031/1319 1591/1016/1302 1620/1031/1308
f 1619/1031/1319 1589/1016/1300 1591/1016/1302
f 1621/1032/1320 1622/1033/1298 1623/1032/1302
f 1621/1032/1320 1624/1033/1321 1622/1033/1298
f 1618/1030/1318 1620/1031/1308 1617/1030/1297
f 1618/1030/1318 1619/1031/1319 1620/1031/1308
f 1624/1033/1321 1625/1034/1297 1622/1033/1298
f 1624/1033/1321 1626/1034/1299 1625/1034/1297
f 1627/1035/1322 1623/1032/1302 1628/1035/1308
f 1627/1035/1322 1621/1032/1320 1623/1032/1302
f 1612/1027/1315 1603/1022/1311 1610/1027/1302
f 1612/1027/1315 1601/1022/1310 1603/1022/1311
f 1626/1034/1299 1628/1035/1308 1625/1034/1297
f 1626/1034/1299 1627/1035/1322 1628/1035/1308
f 1629/1036/1323 1630/1037/1324 1631/1036/1297
f 1629/1036/1323 1632/1037/1325 1630/1037/1324
f 1633/1038/1315 1634/1039/1311 1635/1038/1302
f 1633/1038/1315 1636/1039/1326 1634/1039/1311
f 1636/1039/1326 1637/1040/1297 1634/1039/1311
f 1636/1039/1326 1638/1040/1312 1637/1040/1297
f 1639/1041/1322 1635/1038/1302 1640/1041/1308
f 1639/1041/1322 1633/1038/1315 1635/1038/1302
f 1638/1040/1312 1640/1041/1308 1637/1040/1297
f 1638/1040/1312 1639/1041/1322 1640/1041/1308
f 1641/1042/1300 1642/1043/1301 1643/1042/1302
f 1641/1042/1300 1644/1043/1327 1642/1043/1301
f 1645/1044/1328 1646/1045/1298 1647/1044/1302
f 1645/1044/1328 1648/1045/1329 1646/1045/1298
f 1644/1043/1327 1649/1046/1297 1642/1043/1301
f 1644/1043/1327 1650/1046/1330 1649/1046/1297
f 1651/1047/1331 1652/1048/1298 1653/1047/1332
f 1651/1047/1331 1654/1048/1333 1652/1048/1298
f 1655/1049/1334 1643/1042/1302 1656/1049/1308
f 1655/1049/1334 1641/1042/1300 1643/1042/1302
f 1654/1048/1333 1657/1050/1335 1652/1048/1298
f 1654/1048/1333 1658/1050/1336 1657/1050/1335
f 1650/1046/1330 1656/1049/1308 1649/1046/1297
f 1650/1046/1330 1655/1049/1334 1656/1049/1308
f 1659/1051/1337 1660/1052/1308 1661/1051/1297
f 1659/1051/1337 1662/1052/1325 1660/1052/1308
f 1663/1053/1338 1664/1054/1298 1665/1053/1302
f 1663/1053/1338 1666/1054/1310 1664/1054/1298
f 1666/1054/1310 1667/1055/1297 1664/1054/1298
f 1666/1054/1310 1668/1055/1339 1667/1055/1297
f 1669/1056/1317 1665/1053/1302 1670/1056/1308
f 1669/1056/1317 1663/1053/1338 1665/1053/1302
f 1671/1057/1340 1672/1058/1298 1673/1057/1302
f 1671/1057/1340 1674/1058/1341 1672/1058/1298
f 1675/1059/1331 1676/1060/1298 1677/1059/1332
f 1675/1059/1331 1678/1060/1329 1676/1060/1298
f 1674/1058/1341 1615/1028/1297 1672/1058/1298
f 1674/1058/1341 1613/1028/1316 1615/1028/1297
f 1678/1060/1329 1679/1061/1297 1676/1060/1298
f 1678/1060/1329 1680/1061/1342 1679/1061/1297
f 1616/1029/1317 1673/1057/1302 1614/1029/1308
f 1616/1029/1317 1671/1057/1340 1673/1057/1302
f 1681/1062/1343 1682/1063/1298 1683/1062/1302
f 1681/1062/1343 1684/1063/1344 1682/1063/1298
f 1685/1064/1345 1686/1065/1346 1687/1064/1302
f 1685/1064/1345 1688/1065/1347 1686/1065/1346
f 1688/1065/1347 1689/1066/1348 1686/1065/1346
f 1688/1065/1347 1690/1067/1349 1689/1066/1348
f 1691/1068/1350 1687/1064/1302 1692/1068/1308
f 1691/1068/1350 1685/1064/1345 1687/1064/1302
f 1648/1045/1329 1693/1069/1297 1646/1045/1298
f 1648/1045/1329 1694/1069/1351 1693/1069/1297
f 1684/1063/1344 1695/1070/1297 1682/1063/1298
f 1684/1063/1344 1696/1070/1352 1695/1070/1297
f 1697/1071/1353 1647/1044/1302 1698/1071/1308
f 1697/1071/1353 1645/1044/1328 1647/1044/1302
f 1699/1072/1354 1700/1073/1297 1701/1072/1298
f 1699/1072/1354 1702/1073/1355 1700/1073/1297
f 1694/1069/1351 1698/1071/1308 1693/1069/1297
f 1694/1069/1351 1697/1071/1353 1698/1071/1308
f 1703/1074/1356 1595/1018/1305 1704/1074/1297
f 1703/1074/1356 1593/1018/1304 1595/1018/1305
f 1608/1025/1296 1705/1075/1357 1606/1025/1298
f 1608/1025/1296 1706/1075/1358 1705/1075/1357
f 1707/1076/1353 1607/1024/1302 1708/1076/1308
f 1707/1076/1353 1605/1024/1313 1607/1024/1302
f 1709/1077/1331 1710/1078/1298 1711/1077/1332
f 1709/1077/1331 1712/1078/1359 1710/1078/1298
f 1706/1075/1358 1708/1076/1308 1705/1075/1357
f 1706/1075/1358 1707/1076/1353 1708/1076/1308
f 1712/1078/1359 1713/1079/1335 1710/1078/1298
f 1712/1078/1359 1714/1079/1360 1713/1079/1335
f 1715/1080/1361 1716/1081/1362 1717/1082/1363
f 1715/1080/1361 1718/1081/1364 1716/1081/1362
f 1718/1081/1364 1719/1083/1362 1716/1081/1362
f 1718/1081/1364 1720/1083/1364 1719/1083/1362
f 1720/1083/1364 1721/1084/1365 1719/1083/1362
f 1720/1083/1364 1722/1085/1366 1721/1084/1365
f 1723/1086/1367 1722/1085/1366 1715/1080/1361
f 1723/1086/1367 1724/1087/1368 1722/1085/1366
f 1725/1088/1308 1715/1080/1361 1726/1088/1369
f 1725/1088/1308 1723/1086/1367 1715/1080/1361
f 1724/1087/1368 1727/1089/1370 1722/1085/1366
f 1724/1087/1368 1728/1089/1302 1727/1089/1370
f 1728/1089/1302 1726/1088/1369 1727/1089/1370
f 1728/1089/1302 1725/1088/1308 1726/1088/1369
f 1729/1090/1371 1730/1091/1372 1731/1092/1373
f 1729/1090/1371 1732/1093/1374 1730/1091/1372
f 1731/1094/1373 1733/1095/1375 1734/1096/1376
f 1731/1094/1373 1730/1097/1372 1733/1095/1375
f 1734/1098/1376 1735/1099/1377 1736/1100/1378
f 1734/1098/1376 1733/1101/1375 1735/1099/1377
f 1736/1096/1378 1732/1097/1374 1729/1094/1371
f 1736/1096/1378 1735/1095/1377 1732/1097/1374
f 1737/1102/1379 1738/1102/1380 1739/1102/1381
f 1740/1102/1382 1737/1102/1379 1739/1102/1381
f 1740/1102/1382 1741/1102/1383 1737/1102/1379
f 1739/1102/1381 1742/1102/1384 1743/1102/1385
f 1739/1102/1381 1743/1102/1385 1740/1102/1382
f 1743/1102/1385 1744/1102/1386 1740/1102/1382
f 1744/1102/1386 1745/1102/1387 1740/1102/1382
f 1743/1102/1385 1746/1102/1388 1744/1102/1386
f 1747/1102/1389 1748/1102/1390 1749/1102/1391
f 1749/1102/1391 1750/1102/1392 1747/1102/1389
f 1750/1102/1392 1745/1102/1387 1747/1102/1389
f 1744/1102/1386 1747/1102/1389 1745/1102/1387
f 1751/1102/1393 1747/1102/1389 1744/1102/1386
f 1752/1102/1394 1751/1102/1393 1744/1102/1386
f 1744/1102/1386 1753/1102/1395 1752/1102/1394
f 1754/1102/1396 1755/1102/1397 1756/1102/1398
f 1756/1102/1398 1757/1102/1399 1754/1102/1396
f 1757/1102/1399 1740/1102/1382 1754/1102/1396
f 1758/1102/1400 1754/1102/1396 1740/1102/1382
f 1745/1102/1387 1758/1102/1400 1740/1102/1382
f 1745/1102/1387 1759/1102/1401 1758/1102/1400
f 1745/1102/1387 1760/1102/1402 1759/1102/1401
f 1758/1102/1400 1761/1102/1403 1762/1102/1404
f 1758/1102/1400 1762/1102/1404 1754/1102/1396
f 1762/1102/1404 1763/1102/1405 1754/1102/1396
f 1764/1102/1406 1765/1102/1407 1766/1102/1408
f 1766/1102/1408 1767/1102/1409 1764/1102/1406
f 1767/1102/1409 1758/1102/1400 1764/1102/1406
f 1759/1102/1401 1764/1102/1406 1758/1102/1400
f 1759/1102/1401 1768/1102/1410 1764/1102/1406
f 1769/1103/1411 1770/1104/1412 1771/1105/1413
f 1772/1106/1414 1773/1107/1415 1774/1108/1416
f 1775/1109/1417 1772/1106/1414 1774/1108/1416
f 1771/1105/1413 1775/1109/1417 1774/1108/1416
f 1769/1103/1411 1771/1105/1413 1774/1108/1416
f 1774/1108/1416 1776/1110/1418 1769/1103/1411
f 1777/1111/1419 1769/1103/1411 1776/1110/1418
f 1778/1112/1420 1777/1111/1419 1776/1110/1418
f 1776/1110/1418 1779/1113/1421 1778/1112/1420
f 1780/1114/1422 1781/1115/1423 1782/1116/1424
f 1774/1108/1416 1780/1114/1422 1782/1116/1424
f 1782/1116/1424 1776/1110/1418 1774/1108/1416
f 1783/1117/1351 1784/1118/1425 1785/1117/1426
f 1783/1117/1351 1786/1118/1427 1784/1118/1425
f 1786/1118/1427 1787/1119/1428 1784/1118/1425
f 1786/1118/1427 1788/1119/1328 1787/1119/1428
f 1789/1120/1429 1785/1117/1426 1790/1120/1430
f 1789/1120/1429 1783/1117/1351 1785/1117/1426
f 1788/1119/1328 1790/1120/1430 1787/1119/1428
f 1788/1119/1328 1789/1120/1429 1790/1120/1430
f 1694/1069/1351 1791/1071/1425 1792/1069/1426
f 1694/1069/1351 1697/1071/1353 1791/1071/1425
f 1697/1071/1353 1793/1044/1428 1791/1071/1425
f 1697/1071/1353 1645/1044/1328 1793/1044/1428
f 1648/1045/1329 1792/1069/1426 1794/1045/1430
f 1648/1045/1329 1694/1069/1351 1792/1069/1426
f 1669/1056/1317 1795/1053/1428 1796/1121/1425
f 1669/1056/1317 1663/1053/1338 1795/1053/1428
f 1666/1054/1310 1797/1122/1426 1798/1054/1430
f 1666/1054/1310 1668/1055/1339 1797/1122/1426
f 1663/1053/1338 1798/1054/1430 1795/1053/1428
f 1663/1053/1338 1666/1054/1310 1798/1054/1430
f 1638/1040/1312 1799/1041/1425 1800/1040/1426
f 1638/1040/1312 1639/1041/1322 1799/1041/1425
f 1639/1041/1322 1801/1038/1428 1799/1041/1425
f 1639/1041/1322 1633/1038/1315 1801/1038/1428
f 1636/1039/1326 1800/1040/1426 1802/1039/1430
f 1636/1039/1326 1638/1040/1312 1800/1040/1426
f 1633/1038/1315 1802/1039/1430 1801/1038/1428
f 1633/1038/1315 1636/1039/1326 1802/1039/1430
f 1604/1023/1312 1803/1026/1425 1804/1023/1426
f 1604/1023/1312 1609/1026/1314 1803/1026/1425
f 1609/1026/1314 1805/1027/1428 1803/1026/1425
f 1609/1026/1314 1612/1027/1315 1805/1027/1428
f 1601/1022/1310 1804/1023/1426 1806/1022/1430
f 1601/1022/1310 1604/1023/1312 1804/1023/1426
f 1632/1037/1325 1807/1123/1428 1808/1124/1425
f 1632/1037/1325 1809/1123/1431 1807/1123/1428
f 1810/1125/1296 1811/1126/1426 1812/1125/1430
f 1810/1125/1296 1629/1036/1323 1811/1126/1426
f 1809/1123/1431 1812/1125/1430 1807/1123/1428
f 1809/1123/1431 1810/1125/1296 1812/1125/1430
f 1813/1127/1358 1814/1128/1425 1815/1127/1426
f 1813/1127/1358 1816/1128/1427 1814/1128/1425
f 1816/1128/1427 1817/1129/1428 1814/1128/1425
f 1816/1128/1427 1818/1129/1313 1817/1129/1428
f 1819/1130/1432 1815/1127/1426 1820/1130/1430
f 1819/1130/1432 1813/1127/1358 1815/1127/1426
f 1818/1129/1313 1820/1130/1430 1817/1129/1428
f 1818/1129/1313 1819/1130/1432 1820/1130/1430
f 1706/1075/1358 1821/1076/1425 1822/1075/1426
f 1706/1075/1358 1707/1076/1353 1821/1076/1425
f 1707/1076/1353 1823/1024/1428 1821/1076/1425
f 1707/1076/1353 1605/1024/1313 1823/1024/1428
f 1608/1025/1296 1822/1075/1426 1824/1025/1430
f 1608/1025/1296 1706/1075/1358 1822/1075/1426
f 1616/1029/1317 1825/1057/1428 1826/1131/1425
f 1616/1029/1317 1671/1057/1340 1825/1057/1428
f 1674/1058/1341 1827/1132/1426 1828/1058/1430
f 1674/1058/1341 1613/1028/1316 1827/1132/1426
f 1671/1057/1340 1828/1058/1430 1825/1057/1428
f 1671/1057/1340 1674/1058/1341 1828/1058/1430
f 1650/1046/1330 1829/1049/1425 1830/1046/1433
f 1650/1046/1330 1655/1049/1334 1829/1049/1425
f 1655/1049/1334 1831/1042/1428 1829/1049/1425
f 1655/1049/1334 1641/1042/1300 1831/1042/1428
f 1644/1043/1327 1830/1046/1433 1832/1043/1430
f 1644/1043/1327 1650/1046/1330 1830/1046/1433
f 1641/1042/1300 1832/1043/1430 1831/1042/1428
f 1641/1042/1300 1644/1043/1327 1832/1043/1430
f 1618/1030/1318 1833/1031/1425 1834/1030/1426
f 1618/1030/1318 1619/1031/1319 1833/1031/1425
f 1619/1031/1319 1835/1016/1428 1833/1031/1425
f 1619/1031/1319 1589/1016/1300 1835/1016/1428
f 1592/1017/1303 1834/1030/1426 1836/1017/1430
f 1592/1017/1303 1618/1030/1318 1834/1030/1426
f 1593/1018/1304 1837/1019/1428 1838/1133/1425
f 1593/1018/1304 1596/1019/1306 1837/1019/1428
f 1839/1134/1434 1840/1135/1433 1841/1134/1369
f 1839/1134/1434 1703/1074/1356 1840/1135/1433
f 1596/1019/1306 1841/1134/1369 1837/1019/1428
f 1596/1019/1306 1839/1134/1434 1841/1134/1369
f 1702/1073/1355 1842/1136/1425 1843/1073/1433
f 1702/1073/1355 1844/1136/1435 1842/1136/1425
f 1844/1136/1435 1845/1137/1428 1842/1136/1425
f 1844/1136/1435 1846/1137/1343 1845/1137/1428
f 1846/1137/1343 1847/1072/1436 1845/1137/1428
f 1846/1137/1343 1699/1072/1354 1847/1072/1436
f 1696/1070/1352 1848/1138/1425 1849/1070/1426
f 1696/1070/1352 1850/1138/1437 1848/1138/1425
f 1850/1138/1437 1851/1062/1428 1848/1138/1425
f 1850/1138/1437 1681/1062/1343 1851/1062/1428
f 1691/1068/1350 1852/1064/1428 1853/1139/1425
f 1691/1068/1350 1685/1064/1345 1852/1064/1428
f 1685/1064/1345 1854/1065/1369 1852/1064/1428
f 1685/1064/1345 1688/1065/1347 1854/1065/1369
f 1658/1050/1336 1855/1140/1425 1856/1141/1426
f 1658/1050/1336 1857/1142/1438 1855/1140/1425
f 1675/1059/1331 1858/1060/1430 1859/1059/1428
f 1675/1059/1331 1678/1060/1329 1858/1060/1430
f 1659/1051/1337 1860/1143/1425 1861/1144/1426
f 1659/1051/1337 1662/1052/1325 1860/1143/1425
f 1645/1044/1328 1794/1045/1430 1793/1044/1428
f 1645/1044/1328 1648/1045/1329 1794/1045/1430
f 1629/1036/1323 1808/1124/1425 1811/1126/1426
f 1629/1036/1323 1632/1037/1325 1808/1124/1425
f 1612/1027/1315 1806/1022/1430 1805/1027/1428
f 1612/1027/1315 1601/1022/1310 1806/1022/1430
f 1613/1028/1316 1826/1131/1425 1827/1132/1426
f 1613/1028/1316 1616/1029/1317 1826/1131/1425
f 1605/1024/1313 1824/1025/1430 1823/1024/1428
f 1605/1024/1313 1608/1025/1296 1824/1025/1430
f 1589/1016/1300 1836/1017/1430 1835/1016/1428
f 1589/1016/1300 1592/1017/1303 1836/1017/1430
f 1690/1067/1349 1853/1139/1425 1862/1067/1370
f 1690/1067/1349 1691/1068/1350 1853/1139/1425
f 1600/1021/1309 1863/1014/1430 1864/1021/1428
f 1600/1021/1309 1585/1014/1296 1863/1014/1430
f 1668/1055/1339 1796/1121/1425 1797/1122/1426
f 1668/1055/1339 1669/1056/1317 1796/1121/1425
f 1703/1074/1356 1838/1133/1425 1840/1135/1433
f 1703/1074/1356 1593/1018/1304 1838/1133/1425
f 1699/1072/1354 1843/1073/1433 1847/1072/1436
f 1699/1072/1354 1702/1073/1355 1843/1073/1433
f 1684/1063/1344 1849/1070/1426 1865/1063/1430
f 1684/1063/1344 1696/1070/1352 1849/1070/1426
f 1688/1065/1347 1862/1067/1370 1854/1065/1369
f 1688/1065/1347 1690/1067/1349 1862/1067/1370
f 1681/1062/1343 1865/1063/1430 1851/1062/1428
f 1681/1062/1343 1684/1063/1344 1865/1063/1430
f 1866/1145/1439 1867/1146/1440 1868/1145/1441
f 1866/1145/1439 1869/1146/1442 1867/1146/1440
f 1870/1147/1443 1866/1145/1439 1871/1148/1444
f 1870/1147/1443 1872/1147/1445 1866/1145/1439
f 1873/1149/1446 1874/1149/1447 1871/1148/1444
f 1871/1148/1444 1874/1149/1447 1870/1147/1443
f 1874/1149/1447 1875/1150/1448 1870/1147/1443
f 1875/1150/1448 1876/1147/1449 1870/1147/1443
f 1875/1150/1448 1877/1151/1450 1876/1147/1449
f 1868/1145/1441 1878/1147/1451 1879/1147/1443
f 1880/1148/1448 1868/1145/1441 1879/1147/1443
f 1879/1147/1443 1881/1149/1446 1880/1148/1448
f 1882/1150/1444 1881/1149/1446 1879/1147/1443
f 1881/1149/1446 1883/1149/1447 1880/1148/1448
f 1879/1147/1443 1884/1147/1452 1882/1150/1444
f 1884/1147/1452 1885/1151/1453 1882/1150/1444
f 1886/1152/1454 1887/1153/1455 1888/1154/1456
f 1889/1155/1457 1886/1152/1454 1888/1154/1456
f 1890/1156/1458 1889/1155/1457 1888/1154/1456
f 1891/1157/1459 1890/1156/1458 1888/1154/1456
f 1891/1157/1459 1892/1158/1460 1890/1156/1458
f 1893/1159/1461 1894/1160/1462 1895/1161/1463
f 1896/1160/1464 1893/1159/1461 1895/1161/1463
f 1897/1161/1465 1896/1160/1464 1895/1161/1463
f 1895/1161/1463 1898/1162/1466 1897/1161/1465
f 1899/1162/1467 1897/1161/1465 1898/1162/1466
f 1898/1162/1466 1891/1157/1459 1899/1162/1467
f 1888/1154/1456 1899/1162/1467 1891/1157/1459
f 1900/1154/1468 1899/1162/1467 1888/1154/1456
f 1901/1163/1469 1900/1154/1468 1888/1154/1456
f 1888/1154/1456 1902/1163/1470 1901/1163/1469
f 1903/1164/1471 1901/1163/1469 1902/1163/1470
f 1902/1163/1470 1904/1164/1472 1903/1164/1471
f 1904/1164/1472 1905/1165/1473 1903/1164/1471
f 1904/1164/1472 1906/1166/1474 1905/1165/1473
f 1905/1165/1473 1907/1166/1475 1903/1164/1471
f 1900/1154/1468 1908/1153/1476 1909/1152/1477
f 1909/1152/1477 1910/1155/1478 1900/1154/1468
f 1910/1155/1478 1911/1156/1479 1900/1154/1468
f 1911/1156/1479 1912/1157/1480 1900/1154/1468
f 1912/1157/1480 1899/1162/1467 1900/1154/1468
f 1911/1156/1479 1913/1158/1481 1912/1157/1480
f 1868/1167/1441 1914/1168/1482 1915/1169/1483
f 1868/1167/1441 1867/1170/1440 1914/1168/1482
f 1915/1171/1483 1916/1172/1484 1917/1173/1485
f 1915/1171/1483 1914/1174/1482 1916/1172/1484
f 1917/1175/1485 1869/1176/1442 1866/1177/1439
f 1917/1175/1485 1916/1178/1484 1869/1176/1442
f 1918/1179/1486 1919/1180/1487 1920/1181/1488
f 1918/1179/1486 1920/1181/1488 1921/1182/1489
f 1922/1182/1490 1918/1179/1486 1921/1182/1489
f 1922/1182/1490 1923/1179/1491 1918/1179/1486
f 1584/1013/1295 1583/1012/1294 1924/1012/1492
f 1925/1183/1493 1926/1184/1494 1919/1180/1487
f 1925/1183/1493 1919/1180/1487 1918/1179/1486
f 1923/1179/1491 1925/1183/1493 1918/1179/1486
f 1923/1179/1491 1927/1183/1495 1925/1183/1493
f 1928/1185/1496 1924/1012/1492 1929/1186/1497
f 1921/1182/1489 1920/1181/1488 1930/1187/1498
f 1921/1182/1489 1930/1187/1498 1931/1188/1499
f 1932/1188/1500 1921/1182/1489 1931/1188/1499
f 1932/1188/1500 1922/1182/1490 1921/1182/1489
f 1933/1189/1501 1934/1190/1502 1935/1185/1503
f 1931/1188/1499 1930/1187/1498 1926/1184/1494
f 1931/1188/1499 1926/1184/1494 1925/1183/1493
f 1927/1183/1495 1931/1188/1499 1925/1183/1493
f 1927/1183/1495 1932/1188/1500 1931/1188/1499
f 1936/1191/1504 1937/1191/1505 1934/1190/1502
f 1917/1192/1485 1923/1179/1491 1922/1182/1490
f 1917/1192/1485 1866/1193/1439 1923/1179/1491
f 1866/1193/1439 1927/1183/1495 1923/1179/1491
f 1866/1193/1439 1868/1194/1441 1927/1183/1495
f 1868/1194/1441 1932/1188/1500 1927/1183/1495
f 1868/1194/1441 1915/1195/1483 1932/1188/1500
f 1915/1195/1483 1922/1182/1490 1932/1188/1500
f 1915/1195/1483 1917/1192/1485 1922/1182/1490
f 1770/1104/1412 1911/1196/1479 1910/1197/1478
f 1769/1103/1411 1911/1196/1479 1770/1104/1412
f 1769/1103/1411 1913/1198/1481 1911/1196/1479
f 1769/1103/1411 1912/1199/1480 1913/1198/1481
f 1899/1200/1467 1912/1199/1480 1769/1103/1411
f 1899/1200/1467 1769/1103/1411 1777/1111/1419
f 1899/1200/1467 1777/1111/1419 1897/1201/1465
f 1897/1201/1465 1777/1111/1419 1778/1112/1420
f 1897/1201/1465 1778/1112/1420 1896/1202/1464
f 1896/1202/1464 1778/1112/1420 1779/1113/1421
f 1896/1202/1464 1779/1113/1421 1893/1203/1461
f 1893/1203/1461 1779/1113/1421 1894/1204/1462
f 1894/1204/1462 1779/1113/1421 1776/1110/1418
f 1894/1204/1462 1776/1110/1418 1895/1205/1463
f 1895/1205/1463 1776/1110/1418 1898/1206/1466
f 1891/1207/1459 1898/1206/1466 1776/1110/1418
f 1891/1207/1459 1776/1110/1418 1782/1116/1424
f 1782/1116/1424 1892/1208/1460 1891/1207/1459
f 1781/1115/1423 1892/1208/1460 1782/1116/1424
f 1781/1115/1423 1890/1209/1458 1892/1208/1460
f 1781/1115/1423 1889/1210/1457 1890/1209/1458
f 1780/1114/1422 1889/1210/1457 1781/1115/1423
f 1780/1114/1422 1886/1211/1454 1889/1210/1457
f 1780/1114/1422 1887/1212/1455 1886/1211/1454
f 1780/1114/1422 1888/1213/1456 1887/1212/1455
f 1902/1214/1470 1888/1213/1456 1780/1114/1422
f 1902/1214/1470 1780/1114/1422 1774/1108/1416
f 1902/1214/1470 1774/1108/1416 1773/1107/1415
f 1902/1214/1470 1773/1107/1415 1904/1215/1472
f 1904/1215/1472 1773/1107/1415 1906/1216/1474
f 1906/1216/1474 1773/1107/1415 1905/1217/1473
f 1905/1217/1473 1773/1107/1415 1772/1106/1414
f 1905/1217/1473 1772/1106/1414 1907/1218/1475
f 1907/1218/1475 1772/1106/1414 1903/1219/1471
f 1903/1219/1471 1772/1106/1414 1775/1109/1417
f 1903/1219/1471 1775/1109/1417 1901/1220/1469
f 1900/1221/1468 1901/1220/1469 1775/1109/1417
f 1900/1221/1468 1775/1109/1417 1771/1105/1413
f 1771/1105/1413 1908/1222/1476 1900/1221/1468
f 1771/1105/1413 1909/1223/1477 1908/1222/1476
f 1770/1104/1412 1909/1223/1477 1771/1105/1413
f 1770/1104/1412 1910/1197/1478 1909/1223/1477
f 1938/1224/1506 1939/1224/1507 1940/1225/1508
f 1941/1226/1509 1942/1227/1510 1943/1228/1511
f 1941/1226/1509 1944/1229/1512 1942/1227/1510
f 1945/1230/1513 1946/1231/1514 1947/1232/1515
f 1945/1230/1513 1948/1233/1516 1946/1231/1514
f 1949/1234/1517 1950/1235/1518 1951/1236/1519
f 1949/1234/1517 1952/1237/1520 1950/1235/1518
f 1953/1237/1521 1954/1236/1522 1955/1235/1523
f 1953/1237/1521 1956/1234/1524 1954/1236/1522
f 1957/1238/1525 1958/1239/1526 1959/1240/1527
f 1957/1238/1525 1960/1241/1528 1958/1239/1526
f 1961/1241/1529 1962/1240/1530 1963/1239/1531
f 1961/1241/1529 1964/1238/1532 1962/1240/1530
f 1956/1242/1524 1959/1243/1527 1954/1243/1522
f 1956/1242/1524 1957/1242/1525 1959/1243/1527
f 1964/1244/1532 1951/1245/1519 1962/1245/1530
f 1964/1244/1532 1949/1244/1517 1951/1245/1519
f 1960/1246/1528 1955/1247/1523 1958/1248/1526
f 1960/1246/1528 1953/1249/1521 1955/1247/1523
f 1952/1249/1520 1963/1248/1531 1950/1247/1518
f 1952/1249/1520 1961/1246/1529 1963/1248/1531
f 1944/1237/1512 1951/1236/1519 1950/1235/1518
f 1944/1237/1512 1941/1234/1509 1951/1236/1519
f 1965/1238/1533 1955/1239/1523 1954/1240/1522
f 1965/1238/1533 1966/1241/1534 1955/1239/1523
f 1948/1241/1516 1959/1240/1527 1958/1239/1526
f 1948/1241/1516 1945/1238/1513 1959/1240/1527
f 1967/1234/1535 1963/1235/1531 1962/1236/1530
f 1967/1234/1535 1968/1237/1536 1963/1235/1531
f 1945/1250/1513 1962/1245/1530 1959/1243/1527
f 1945/1250/1513 1967/1251/1535 1962/1245/1530
f 1941/1251/1509 1954/1243/1522 1951/1245/1519
f 1941/1251/1509 1965/1250/1533 1954/1243/1522
f 1968/1249/1536 1958/1248/1526 1963/1247/1531
f 1968/1249/1536 1948/1246/1516 1958/1248/1526
f 1966/1246/1534 1950/1247/1518 1955/1248/1523
f 1966/1246/1534 1944/1249/1512 1950/1247/1518
f 1967/1251/1535 1947/1252/1515 1969/1253/1537
f 1967/1251/1535 1945/1250/1513 1947/1252/1515
f 1960/1233/1528 1970/1232/1538 1971/1231/1539
f 1960/1233/1528 1957/1230/1525 1970/1232/1538
f 1961/1254/1529 1972/1255/1540 1973/1255/1541
f 1961/1254/1529 1952/1254/1520 1972/1255/1540
f 1957/1242/1525 1974/1256/1542 1970/1256/1538
f 1957/1242/1525 1956/1242/1524 1974/1256/1542
f 1950/1257/1518 1958/1258/1526 1955/1258/1523
f 1950/1257/1518 1963/1257/1531 1958/1258/1526
f 1975/1259/1543 1976/1260/1544 1977/1261/1545
f 1975/1259/1543 1978/1262/1546 1976/1260/1544
f 1977/1263/1545 1979/1264/1547 1980/1264/1548
f 1977/1263/1545 1976/1263/1544 1979/1264/1547
f 1978/1265/1546 1981/1266/1549 1982/1266/1550
f 1978/1265/1546 1975/1265/1543 1981/1266/1549
f 1975/1265/1543 1980/1264/1548 1981/1266/1549
f 1975/1265/1543 1977/1263/1545 1980/1264/1548
f 1976/1263/1544 1982/1266/1550 1979/1264/1547
f 1976/1263/1544 1978/1265/1546 1982/1266/1550
f 1983/1267/1551 1982/1266/1550 1981/1266/1549
f 1983/1267/1551 1984/1267/1552 1982/1266/1550
f 1985/1268/1553 1980/1264/1548 1979/1264/1547
f 1985/1268/1553 1986/1268/1554 1980/1264/1548
f 1986/1268/1554 1981/1266/1549 1980/1264/1548
f 1986/1268/1554 1983/1267/1551 1981/1266/1549
f 1987/1269/1555 1984/1267/1552 1983/1267/1551
f 1987/1269/1555 1988/1269/1556 1984/1267/1552
f 1989/1270/1557 1986/1268/1554 1985/1268/1553
f 1989/1270/1557 1990/1270/1558 1986/1268/1554
f 1990/1270/1558 1983/1267/1551 1986/1268/1554
f 1990/1270/1558 1987/1269/1555 1983/1267/1551
f 1984/1267/1552 1979/1264/1547 1982/1266/1550
f 1984/1267/1552 1985/1268/1553 1979/1264/1547
f 1991/1271/1559 1987/1272/1555 1990/1271/1558
f 1991/1271/1559 1992/1272/1560 1987/1272/1555
f 1993/1273/1561 1989/1274/1557 1988/1273/1556
f 1993/1273/1561 1994/1274/1562 1989/1274/1557
f 1992/1272/1560 1988/1273/1556 1987/1272/1555
f 1992/1272/1560 1993/1273/1561 1988/1273/1556
f 1988/1269/1556 1985/1268/1553 1984/1267/1552
f 1988/1269/1556 1989/1270/1557 1985/1268/1553
f 1992/1272/1560 1995/1275/1563 1996/1276/1564
f 1992/1272/1560 1991/1271/1559 1995/1275/1563
f 1991/1271/1559 1997/1277/1565 1995/1275/1563
f 1991/1271/1559 1994/1274/1562 1997/1277/1565
f 1994/1274/1562 1998/1278/1566 1997/1277/1565
f 1994/1274/1562 1993/1273/1561 1998/1278/1566
f 1993/1273/1561 1996/1276/1564 1998/1278/1566
f 1993/1273/1561 1992/1272/1560 1996/1276/1564
f 1994/1274/1562 1990/1271/1558 1989/1274/1557
f 1994/1274/1562 1991/1271/1559 1990/1271/1558
f 1999/1279/1567 2000/1280/1568 2001/1280/1569
f 1999/1279/1567 2002/1279/1570 2000/1280/1568
f 2003/1281/1571 2002/1282/1570 1999/1283/1567
f 2003/1281/1571 2004/1284/1572 2002/1282/1570
f 2002/1285/1570 2005/1286/1573 2006/1286/1574
f 2002/1285/1570 2004/1285/1572 2005/1286/1573
f 2003/1287/1571 2007/1288/1575 2008/1288/1576
f 2003/1287/1571 1999/1287/1567 2007/1288/1575
f 2009/1289/1577 2002/1285/1570 2006/1286/1574
f 2009/1289/1577 2010/1290/1578 2002/1285/1570
f 2011/1291/1579 2005/1286/1573 2004/1285/1572
f 2011/1291/1579 2012/1289/1580 2005/1286/1573
f 2010/1292/1578 2000/1293/1568 2002/1294/1570
f 2010/1292/1578 2013/1295/1581 2000/1293/1568
f 2014/1296/1582 2015/1297/1583 2016/1298/1584
f 2014/1296/1582 2017/1299/1585 2015/1297/1583
f 2017/1300/1585 2004/1301/1572 2015/1302/1583
f 2017/1300/1585 2011/1303/1579 2004/1301/1572
f 2018/1304/1586 2003/1305/1571 2008/1306/1576
f 2018/1304/1586 2019/1307/1587 2003/1305/1571
f 2020/1308/1588 2007/1306/1575 1999/1305/1567
f 2020/1308/1588 2021/1304/1589 2007/1306/1575
f 2019/1309/1587 2016/1302/1584 2003/1301/1571
f 2019/1309/1587 2014/1300/1582 2016/1302/1584
f 2012/1310/1580 2006/1311/1574 2005/1312/1573
f 2012/1310/1580 2009/1313/1577 2006/1311/1574
f 2015/1302/1583 2003/1301/1571 2016/1302/1584
f 2015/1302/1583 2004/1301/1572 2003/1301/1571
f 2022/1314/1590 2023/1315/1591 2024/1316/1591
f 2022/1314/1590 2025/1317/1592 2023/1315/1591
f 2025/1317/1592 2026/1318/1591 2023/1315/1591
f 2025/1317/1592 2027/1319/1593 2026/1318/1591
f 2027/1319/1593 2028/1320/1591 2026/1318/1591
f 2027/1319/1593 2029/1321/1594 2028/1320/1591
f 2029/1321/1594 2024/1316/1591 2028/1320/1591
f 2029/1321/1594 2022/1314/1590 2024/1316/1591
f 2030/1322/1595 2031/1323/1595 2032/1324/1595
f 2030/1322/1595 2033/1325/1595 2031/1323/1595
f 2033/1325/1595 2034/1326/1595 2031/1323/1595
f 2033/1325/1595 2035/1327/1595 2034/1326/1595
f 2036/1328/1595 2034/1326/1595 2035/1327/1595
f 2036/1328/1595 2037/1329/1595 2034/1326/1595
f 2030/1322/1595 2037/1329/1595 2036/1328/1595
f 2030/1322/1595 2032/1324/1595 2037/1329/1595
f 2038/1330/1596 1940/1225/1508 2039/1190/1597
f 2040/1225/1598 2041/1331/1599 2038/1330/1596
f 2040/1225/1598 2042/1331/1600 2041/1331/1599
f 2043/1332/1601 2044/1333/1602 2045/1334/1603
f 2043/1332/1601 2046/1335/1604 2044/1333/1602
f 2046/1336/1604 2047/1337/1605 2044/1338/1602
f 2046/1336/1604 2048/1339/1606 2047/1337/1605
f 2049/1340/1607 2045/1341/1603 2050/1342/1608
f 2049/1340/1607 2043/1343/1601 2045/1341/1603
f 2046/1344/1604 2049/1345/1607 2048/1346/1606
f 2046/1344/1604 2043/1347/1601 2049/1345/1607
f 2051/1348/1609 2052/1349/1610 2053/1349/1611
f 2051/1348/1609 2054/1348/1612 2052/1349/1610
f 2054/1350/1612 2055/1351/1613 2052/1352/1610
f 2054/1350/1612 2056/1353/1614 2055/1351/1613
f 2057/1354/1615 2053/1355/1611 2058/1356/1616
f 2057/1354/1615 2051/1357/1609 2053/1355/1611
f 2054/1358/1612 2057/1359/1615 2056/1360/1614
f 2054/1358/1612 2051/1361/1609 2057/1359/1615
f 2059/1362/1617 2060/1363/1618 2061/1364/1619
f 2059/1362/1617 2062/1365/1620 2060/1363/1618
f 2062/1366/1620 2063/1367/1621 2060/1368/1618
f 2062/1366/1620 2064/1369/1622 2063/1367/1621
f 2065/1370/1623 2061/1371/1619 2066/1372/1624
f 2065/1370/1623 2059/1373/1617 2061/1371/1619
f 2062/1344/1620 2065/1345/1623 2064/1346/1622
f 2062/1344/1620 2059/1347/1617 2065/1345/1623
f 2067/1374/1625 2068/1375/1626 2069/1376/1627
f 2067/1374/1625 2070/1377/1628 2068/1375/1626
f 2070/1378/1628 2071/1379/1629 2068/1380/1626
f 2070/1378/1628 2072/1381/1630 2071/1379/1629
f 2073/1382/1631 2069/1383/1627 2074/1384/1632
f 2073/1382/1631 2067/1385/1625 2069/1383/1627
f 2070/1358/1628 2073/1359/1631 2072/1360/1630
f 2070/1358/1628 2067/1361/1625 2073/1359/1631
f 2075/1386/1633 2076/1387/1634 2077/1388/1635
f 2075/1386/1633 2078/1389/1636 2076/1387/1634
f 2079/1389/1637 2080/1388/1638 2081/1387/1639
f 2079/1389/1637 2082/1386/1640 2080/1388/1638
f 2082/1386/1640 2077/1387/1635 2080/1388/1638
f 2082/1386/1640 2075/1389/1633 2077/1387/1635
f 2078/1389/1636 2081/1388/1639 2076/1387/1634
f 2078/1389/1636 2079/1386/1637 2081/1388/1639
f 2083/1390/1633 2084/1391/1634 2085/1392/1635
f 2083/1390/1633 2086/1393/1636 2084/1391/1634
f 2087/1393/1637 2088/1392/1638 2089/1391/1639
f 2087/1393/1637 2090/1390/1640 2088/1392/1638
f 2090/1390/1640 2085/1391/1635 2088/1392/1638
f 2090/1390/1640 2083/1393/1633 2085/1391/1635
f 2086/1393/1636 2089/1392/1639 2084/1391/1634
f 2086/1393/1636 2087/1390/1637 2089/1392/1639
f 2091/1394/1559 2092/1395/1641 2093/1396/1642
f 2091/1394/1559 2094/1397/1643 2092/1395/1641
f 2095/1397/1561 2096/1396/1644 2097/1395/1645
f 2095/1397/1561 2098/1394/1646 2096/1396/1644
f 2094/1394/1643 2097/1395/1645 2092/1396/1641
f 2094/1394/1643 2095/1397/1561 2097/1395/1645
f 2098/1397/1646 2093/1396/1642 2096/1395/1644
f 2098/1397/1646 2091/1394/1559 2093/1396/1642
f 2099/1398/1645 2083/1399/1633 2090/1400/1640
f 2099/1398/1645 2100/1401/1647 2083/1399/1633
f 2100/1401/1647 2086/1402/1636 2083/1399/1633
f 2100/1401/1647 2101/1403/1642 2086/1402/1636
f 2101/1403/1642 2087/1404/1637 2086/1402/1636
f 2101/1403/1642 2102/1405/1648 2087/1404/1637
f 2102/1405/1648 2090/1400/1640 2087/1404/1637
f 2102/1405/1648 2099/1398/1645 2090/1400/1640
f 2103/1406/1649 2076/1407/1634 2081/1408/1639
f 2103/1406/1649 2104/1409/1650 2076/1407/1634
f 2104/1409/1650 2077/1410/1635 2076/1407/1634
f 2104/1409/1650 2105/1411/1646 2077/1410/1635
f 2105/1411/1646 2080/1412/1638 2077/1410/1635
f 2105/1411/1646 2106/1413/1651 2080/1412/1638
f 2106/1413/1651 2081/1408/1639 2080/1412/1638
f 2106/1413/1651 2103/1406/1649 2081/1408/1639
f 2098/1414/1646 2088/1415/1638 2085/1416/1635
f 2098/1414/1646 2095/1417/1561 2088/1415/1638
f 2095/1417/1561 2089/1418/1639 2088/1415/1638
f 2095/1417/1561 2094/1419/1643 2089/1418/1639
f 2094/1419/1643 2084/1420/1634 2089/1418/1639
f 2094/1419/1643 2091/1421/1559 2084/1420/1634
f 2091/1421/1559 2085/1416/1635 2084/1420/1634
f 2091/1421/1559 2098/1414/1646 2085/1416/1635
f 2096/1422/1644 2078/1423/1636 2075/1424/1633
f 2096/1422/1644 2093/1425/1642 2078/1423/1636
f 2093/1425/1642 2079/1426/1637 2078/1423/1636
f 2093/1425/1642 2092/1427/1641 2079/1426/1637
f 2092/1427/1641 2082/1428/1640 2079/1426/1637
f 2092/1427/1641 2097/1429/1645 2082/1428/1640
f 2097/1429/1645 2075/1424/1633 2082/1428/1640
f 2097/1429/1645 2096/1422/1644 2075/1424/1633
f 2107/1430/1652 2101/1431/1642 2100/1432/1647
f 2107/1430/1652 2108/1433/1650 2101/1431/1642
f 2109/1434/1649 2099/1435/1645 2102/1436/1648
f 2109/1434/1649 2110/1437/1653 2099/1435/1645
f 2110/1437/1653 2100/1436/1647 2099/1435/1645
f 2110/1437/1653 2107/1434/1652 2100/1436/1647
f 2108/1438/1650 2102/1439/1648 2101/1440/1642
f 2108/1438/1650 2109/1441/1649 2102/1439/1648
f 2111/1442/1654 1996/1443/1564 1995/1442/1563
f 2111/1442/1654 2112/1443/1655 1996/1443/1564
f 2113/1444/1656 1997/1445/1565 1998/1444/1566
f 2113/1444/1656 2114/1445/1657 1997/1445/1565
f 2112/1443/1655 1998/1444/1566 1996/1443/1564
f 2112/1443/1655 2113/1444/1656 1998/1444/1566
f 2104/1446/1650 2112/1447/1655 2111/1448/1654
f 2104/1446/1650 2103/1449/1649 2112/1447/1655
f 2106/1449/1651 2114/1448/1657 2113/1447/1656
f 2106/1449/1651 2105/1446/1646 2114/1448/1657
f 2103/1446/1649 2113/1447/1656 2112/1448/1655
f 2103/1446/1649 2106/1449/1651 2113/1447/1656
f 2105/1449/1646 2111/1448/1654 2114/1447/1657
f 2105/1449/1646 2104/1446/1650 2111/1448/1654
f 2114/1445/1657 1995/1442/1563 1997/1445/1565
f 2114/1445/1657 2111/1442/1654 1995/1442/1563
f 2109/1102/1649 2107/1450/1652 2110/1451/1653
f 2109/1102/1649 2108/1452/1650 2107/1450/1652
f 2115/1453/1658 2116/1454/1659 2117/1455/1660
f 2115/1453/1658 2018/1456/1586 2116/1454/1659
f 2021/1457/1589 2118/1458/1661 2116/1454/1659
f 2021/1457/1589 2119/1459/1662 2118/1458/1661
f 2120/1460/1663 2121/1461/1595 2122/1462/1664
f 2120/1460/1663 2009/1463/1577 2121/1461/1595
f 2012/1464/1580 2123/1465/1665 2121/1461/1595
f 2012/1464/1580 2124/1466/1666 2123/1465/1665
f 2118/1467/1661 2125/1468/1591 2126/1469/1661
f 2118/1467/1661 2127/1470/1667 2125/1468/1591
f 2119/1471/1662 2127/1472/1667 2118/1473/1661
f 2119/1471/1662 2128/1474/1668 2127/1472/1667
f 2124/1475/1666 2129/1476/1669 2123/1477/1665
f 2124/1475/1666 2017/1478/1585 2129/1476/1669
f 2127/1479/1667 2130/1480/1664 2125/1481/1591
f 2127/1479/1667 2122/1482/1664 2130/1480/1664
f 2013/1483/1581 2122/1484/1664 2127/1485/1667
f 2013/1483/1581 2120/1486/1663 2122/1484/1664
f 2123/1487/1665 2131/1488/1669 2132/1489/1665
f 2123/1487/1665 2129/1490/1669 2131/1488/1669
f 2129/1490/1669 2133/1491/1660 2131/1488/1669
f 2129/1490/1669 2117/1492/1660 2133/1491/1660
f 2014/1493/1582 2117/1494/1660 2129/1495/1669
f 2014/1493/1582 2115/1496/1658 2117/1494/1660
f 2128/1497/1668 2013/1498/1581 2127/1499/1667
f 2013/1498/1581 2128/1497/1668 2001/1500/1569
f 2013/1498/1581 2001/1500/1569 2000/1501/1568
f 2038/1330/1596 2041/1331/1599 2134/1502/1670
f 2018/1503/1586 2021/1504/1589 2116/1505/1659
f 2021/1504/1589 2018/1503/1586 2008/1506/1576
f 2021/1504/1589 2008/1506/1576 2007/1507/1575
f 2135/1508/1671 2136/1502/1672 2042/1331/1600
f 2137/1509/1659 2138/1510/1673 2139/1511/1674
f 2137/1509/1659 2126/1512/1661 2138/1510/1673
f 2133/1513/1660 2140/1514/1675 2141/1515/1676
f 2133/1513/1660 2137/1509/1659 2140/1514/1675
f 2117/1516/1660 2137/1509/1659 2133/1513/1660
f 2117/1516/1660 2116/1517/1659 2137/1509/1659
f 2116/1517/1659 2126/1512/1661 2137/1509/1659
f 2116/1517/1659 2118/1518/1661 2126/1512/1661
f 2131/1519/1669 2141/1520/1676 2142/1521/1677
f 2131/1519/1669 2133/1522/1660 2141/1520/1676
f 2132/1523/1665 2143/1524/1678 2144/1525/1679
f 2132/1523/1665 2131/1519/1669 2143/1524/1678
f 2145/1526/1595 2144/1527/1679 2146/1528/1680
f 2145/1526/1595 2132/1529/1665 2144/1527/1679
f 2130/1530/1664 2147/1531/1681 2148/1532/1682
f 2130/1530/1664 2145/1526/1595 2147/1531/1681
f 2122/1533/1664 2145/1526/1595 2130/1530/1664
f 2122/1533/1664 2121/1534/1595 2145/1526/1595
f 2121/1534/1595 2132/1529/1665 2145/1526/1595
f 2121/1534/1595 2123/1535/1665 2132/1529/1665
f 2125/1536/1591 2148/1537/1682 2149/1538/1683
f 2125/1536/1591 2130/1539/1664 2148/1537/1682
f 2126/1540/1661 2150/1541/1684 2138/1542/1673
f 2126/1540/1661 2125/1543/1591 2150/1541/1684
f 2146/1544/1680 2151/1545/1685 2147/1546/1681
f 2146/1544/1680 2152/1547/1686 2151/1545/1685
f 2153/1548/1687 2139/1549/1674 2154/1550/1688
f 2153/1548/1687 2140/1551/1675 2139/1549/1674
f 2143/1552/1678 2153/1553/1687 2152/1554/1686
f 2143/1552/1678 2142/1555/1677 2153/1553/1687
f 2151/1556/1685 2150/1557/1684 2149/1558/1683
f 2151/1556/1685 2154/1559/1688 2150/1557/1684
f 2153/1281/1687 2151/1282/1685 2152/1284/1686
f 2153/1281/1687 2154/1283/1688 2151/1282/1685
f 2128/1295/1668 1999/1294/1567 2001/1293/1569
f 2128/1295/1668 2020/1560/1588 1999/1294/1567
f 2155/1561/1364 2156/1562/1364 2157/1563/1364
f 2155/1561/1364 2158/1564/1364 2156/1562/1364
f 2159/1565/1689 2160/1566/1690 2161/1566/1691
f 2159/1565/1689 2157/1565/1364 2160/1566/1690
f 2157/1565/1364 2162/1566/1690 2160/1566/1690
f 2157/1565/1364 2156/1567/1364 2162/1566/1690
f 2156/1567/1364 2163/1566/1692 2162/1566/1690
f 2156/1567/1364 2164/1568/1693 2163/1566/1692
f 2158/1569/1364 2164/1568/1693 2156/1567/1364
f 2158/1569/1364 2165/1570/1693 2164/1568/1693
f 2166/1571/1694 2165/1570/1693 2158/1569/1364
f 2166/1571/1694 2167/1571/1695 2165/1570/1693
f 2168/1572/1689 2157/1565/1364 2159/1565/1689
f 2168/1572/1689 2155/1572/1364 2157/1565/1364
f 2169/1571/1696 2155/1572/1364 2168/1572/1689
f 2169/1571/1696 2170/1571/1694 2155/1572/1364
f 2170/1571/1694 2158/1569/1364 2155/1572/1364
f 2170/1571/1694 2166/1571/1694 2158/1569/1364
f 2171/1573/1697 2172/1186/1698 1582/1011/1293
f 2171/1573/1697 1929/1186/1497 2172/1186/1698
f 1582/1011/1293 1937/1191/1505 1936/1191/1504
f 1582/1011/1293 2173/1011/1699 1937/1191/1505
f 1929/1186/1497 1583/1012/1294 2172/1186/1698
f 1929/1186/1497 1924/1012/1492 1583/1012/1294
f 2173/1011/1699 1934/1190/1502 1937/1191/1505
f 2173/1011/1699 1935/1185/1503 1934/1190/1502
f 2174/1191/1700 1939/1224/1507 1938/1224/1506
f 2174/1191/1700 2175/1191/1701 1939/1224/1507
f 1938/1224/1506 2136/1502/1672 2135/1508/1671
f 1938/1224/1506 2134/1502/1670 2136/1502/1672
f 2175/1191/1701 1940/1225/1508 1939/1224/1507
f 2175/1191/1701 2039/1190/1597 1940/1225/1508
f 2134/1502/1670 2042/1331/1600 2136/1502/1672
f 2134/1502/1670 2041/1331/1599 2042/1331/1600
f 2176/1574/1702 2177/1575/1703 2178/1576/1704
f 2176/1574/1702 2179/1575/1705 2177/1575/1703
f 2178/1576/1704 2180/1577/1706 2181/1577/1707
f 2178/1576/1704 2182/1576/1708 2180/1577/1706
f 2179/1575/1705 2183/1578/1709 2177/1575/1703
f 2179/1575/1705 2184/1578/1710 2183/1578/1709
f 2185/1579/1711 2186/1580/1712 2187/1581/1713
f 2185/1579/1711 2188/1582/1714 2186/1580/1712
f 2187/1581/1713 2183/1578/1709 2184/1578/1710
f 2189/1580/1715 2184/1578/1710 2179/1575/1705
f 2182/1576/1708 2188/1582/1714 2180/1577/1706
f 2182/1576/1708 2186/1580/1712 2188/1582/1714
f 2190/1577/1716 2191/1583/1717 2192/1583/1718
f 2190/1577/1716 2193/1577/1719 2191/1583/1717
f 2192/1583/1718 2194/1584/1720 2195/1585/1721
f 2192/1583/1718 2196/1584/1722 2194/1584/1720
f 2193/1577/1719 2197/1586/1723 2191/1583/1717
f 2193/1577/1719 2198/1582/1724 2197/1586/1723
f 2199/1586/1725 2200/1587/1726 2201/1588/1727
f 2199/1586/1725 2202/1587/1728 2200/1587/1726
f 2201/1588/1727 2197/1586/1723 2198/1582/1724
f 2181/1577/1707 2180/1577/1706 2188/1582/1714
f 2196/1584/1722 2202/1587/1728 2194/1584/1720
f 2196/1584/1722 2200/1587/1726 2202/1587/1728
f 2203/1589/1729 2204/1590/1369 2205/1590/1730
f 2203/1589/1729 2206/1589/1370 2204/1590/1369
f 2207/1591/1731 2208/1592/1732 2209/1592/1733
f 2207/1591/1731 2210/1591/1734 2208/1592/1732
f 2211/1593/1500 2212/1594/1735 2213/1594/1495
f 2211/1593/1500 2214/1593/1734 2212/1594/1735
f 2215/1595/1736 2216/1596/1443 2217/1596/1737
f 2215/1595/1736 2218/1595/1738 2216/1596/1443
f 2219/1597/1297 2220/1598/1369 2221/1598/1308
f 2219/1597/1297 2222/1597/1738 2220/1598/1369
f 2223/1599/1739 2210/1591/1734 2207/1591/1731
f 2223/1599/1739 2224/1599/1735 2210/1591/1734
f 2205/1590/1730 2218/1595/1738 2215/1595/1736
f 2205/1590/1730 2204/1590/1369 2218/1595/1738
f 2213/1594/1495 2225/1600/1362 2226/1600/1491
f 2213/1594/1495 2212/1594/1735 2225/1600/1362
f 2221/1598/1308 2227/1601/1370 2228/1601/1302
f 2221/1598/1308 2220/1598/1369 2227/1601/1370
f 2229/1602/1490 2214/1593/1734 2211/1593/1500
f 2229/1602/1490 2230/1602/1732 2214/1593/1734
f 2231/1603/1298 2222/1597/1738 2219/1597/1297
f 2231/1603/1298 2232/1603/1443 2222/1597/1738
f 2209/1592/1733 2233/1604/1362 2234/1604/1740
f 2209/1592/1733 2208/1592/1732 2233/1604/1362
f 2229/1602/1490 2235/1605/1669 2226/1600/1491
f 2226/1600/1491 2235/1605/1669 2236/1606/1669
f 2226/1600/1491 2236/1606/1669 2213/1594/1495
f 2213/1594/1495 2236/1606/1669 2237/1607/1669
f 2213/1594/1495 2237/1607/1669 2211/1593/1500
f 2211/1593/1500 2237/1607/1669 2238/1608/1669
f 2237/1607/1669 2239/1609/1669 2238/1608/1669
f 2238/1608/1669 2239/1609/1669 2240/1610/1669
f 2239/1609/1669 2241/1611/1741 2240/1610/1669
f 2240/1610/1669 2241/1611/1741 2242/1612/1742
f 2240/1610/1669 2242/1612/1742 2243/1613/1669
f 2243/1613/1669 2242/1612/1742 2244/1614/1743
f 2243/1613/1669 2244/1614/1743 2245/1615/1669
f 2245/1615/1669 2244/1614/1743 2246/1616/1744
f 2245/1615/1669 2246/1616/1744 2239/1609/1669
f 2239/1609/1669 2246/1616/1744 2241/1611/1741
f 2211/1593/1500 2238/1608/1669 2229/1602/1490
f 2229/1602/1490 2238/1608/1669 2235/1605/1669
f 2238/1608/1669 2240/1610/1669 2235/1605/1669
f 2235/1605/1669 2240/1610/1669 2243/1613/1669
f 2235/1605/1669 2243/1613/1669 2236/1606/1669
f 2236/1606/1669 2243/1613/1669 2245/1615/1669
f 2236/1606/1669 2245/1615/1669 2237/1607/1669
f 2237/1607/1669 2245/1615/1669 2239/1609/1669
f 2192/1583/1718 2191/1583/1717 2197/1586/1723
f 2231/1603/1298 2247/1617/1595 2228/1601/1302
f 2228/1601/1302 2247/1617/1595 2248/1618/1595
f 2228/1601/1302 2248/1618/1595 2221/1598/1308
f 2221/1598/1308 2248/1618/1595 2249/1619/1595
f 2221/1598/1308 2249/1619/1595 2219/1597/1297
f 2219/1597/1297 2249/1619/1595 2250/1620/1595
f 2249/1619/1595 2251/1621/1595 2250/1620/1595
f 2250/1620/1595 2251/1621/1595 2252/1622/1595
f 2251/1621/1595 2253/1623/1742 2252/1622/1595
f 2252/1622/1595 2253/1623/1742 2254/1624/1745
f 2252/1622/1595 2254/1624/1745 2255/1625/1595
f 2255/1625/1595 2254/1624/1745 2256/1626/1746
f 2255/1625/1595 2256/1626/1746 2257/1627/1595
f 2257/1627/1595 2256/1626/1746 2258/1628/1747
f 2257/1627/1595 2258/1628/1747 2251/1621/1595
f 2251/1621/1595 2258/1628/1747 2253/1623/1742
f 2219/1597/1297 2250/1620/1595 2231/1603/1298
f 2231/1603/1298 2250/1620/1595 2247/1617/1595
f 2250/1620/1595 2252/1622/1595 2247/1617/1595
f 2247/1617/1595 2252/1622/1595 2255/1625/1595
f 2247/1617/1595 2255/1625/1595 2248/1618/1595
f 2248/1618/1595 2255/1625/1595 2257/1627/1595
f 2248/1618/1595 2257/1627/1595 2249/1619/1595
f 2249/1619/1595 2257/1627/1595 2251/1621/1595
f 2259/1579/1748 2198/1582/1724 2193/1577/1719
f 2260/1614/1491 2242/1612/1742 2261/1612/1490
f 2260/1614/1491 2244/1614/1743 2242/1612/1742
f 2262/1629/1729 2263/1630/1641 2264/1630/1730
f 2262/1629/1729 2265/1629/1642 2263/1630/1641
f 2266/1626/1302 2254/1624/1745 2267/1624/1298
f 2266/1626/1302 2256/1626/1746 2254/1624/1745
f 2268/1631/1733 2269/1632/1644 2270/1632/1740
f 2268/1631/1733 2271/1631/1562 2269/1632/1644
f 2272/1633/1749 2265/1629/1642 2262/1629/1729
f 2272/1633/1749 2273/1633/1750 2265/1629/1642
f 2261/1612/1490 2241/1611/1741 2274/1611/1500
f 2261/1612/1490 2242/1612/1742 2241/1611/1741
f 2267/1624/1298 2253/1623/1742 2275/1623/1297
f 2267/1624/1298 2254/1624/1745 2253/1623/1742
f 2276/1616/1495 2244/1614/1743 2260/1614/1491
f 2276/1616/1495 2246/1616/1744 2244/1614/1743
f 2277/1628/1308 2256/1626/1746 2266/1626/1302
f 2277/1628/1308 2258/1628/1747 2256/1626/1746
f 2278/1634/1739 2279/1635/1751 2280/1635/1731
f 2278/1634/1739 2281/1634/1752 2279/1635/1751
f 2275/1623/1297 2258/1628/1747 2277/1628/1308
f 2275/1623/1297 2253/1623/1742 2258/1628/1747
f 2274/1611/1500 2246/1616/1744 2276/1616/1495
f 2274/1611/1500 2241/1611/1741 2246/1616/1744
f 2234/1604/1740 2224/1599/1735 2223/1599/1739
f 2234/1604/1740 2233/1604/1362 2224/1599/1735
f 2217/1596/1737 2206/1589/1370 2203/1589/1729
f 2217/1596/1737 2216/1596/1443 2206/1589/1370
f 2226/1600/1491 2230/1602/1732 2229/1602/1490
f 2226/1600/1491 2225/1600/1362 2230/1602/1732
f 2228/1601/1302 2232/1603/1443 2231/1603/1298
f 2228/1601/1302 2227/1601/1370 2232/1603/1443
f 2181/1636/1707 2259/1637/1748 2190/1638/1716
f 2181/1636/1707 2185/1639/1711 2259/1637/1748
f 2135/1640/1671 2189/1641/1715 2176/1642/1702
f 2135/1640/1671 2040/1643/1598 2189/1641/1715
f 2187/1644/1713 2040/1643/1598 2038/1645/1596
f 2187/1644/1713 2189/1641/1715 2040/1643/1598
f 2199/1646/1725 1584/1647/1295 1928/1648/1496
f 2199/1646/1725 2201/1649/1727 1584/1647/1295
f 2282/1650/1753 2283/1651/1753 2284/1652/1753
f 2282/1650/1753 2285/1653/1753 2283/1651/1753
f 2259/1637/1748 2187/1654/1713 2201/1655/1727
f 2259/1637/1748 2185/1639/1711 2187/1654/1713
f 1584/1656/1295 2286/1657/1754 1933/1658/1501
f 1584/1656/1295 2038/1659/1596 2286/1657/1754
f 1936/1660/1504 2286/1657/1754 2174/1661/1700
f 1936/1660/1504 1933/1658/1501 2286/1657/1754
f 2270/1632/1740 2281/1634/1752 2278/1634/1739
f 2270/1632/1740 2269/1632/1644 2281/1634/1752
f 2195/1662/1721 1928/1648/1496 2171/1663/1697
f 2195/1662/1721 2199/1646/1725 1928/1648/1496
f 2181/1577/1707 2176/1574/1702 2178/1576/1704
f 2181/1577/1707 2287/1577/1755 2176/1574/1702
f 2288/1664/1736 2273/1633/1750 2272/1633/1749
f 2288/1664/1736 2289/1664/1560 2273/1633/1750
f 2290/1577/1756 2192/1583/1718 2195/1585/1721
f 2290/1577/1756 2190/1577/1716 2192/1583/1718
f 2291/1665/1661 2292/1666/1757 2293/1667/1661
f 2291/1665/1661 2294/1668/1757 2292/1666/1757
f 2294/1668/1757 2295/1669/1758 2292/1666/1757
f 2294/1668/1757 2296/1670/1758 2295/1669/1758
f 2296/1670/1758 2297/1671/1759 2295/1669/1758
f 2296/1670/1758 2298/1672/1759 2297/1671/1759
f 2298/1672/1759 2299/1673/1659 2297/1671/1759
f 2298/1672/1759 2300/1674/1659 2299/1673/1659
f 2300/1674/1659 2301/1675/1760 2299/1673/1659
f 2300/1674/1659 2302/1676/1760 2301/1675/1760
f 2302/1676/1760 2303/1677/1761 2301/1675/1760
f 2302/1676/1760 2304/1678/1761 2303/1677/1761
f 2304/1678/1761 2305/1679/1762 2303/1677/1761
f 2304/1678/1761 2306/1680/1762 2305/1679/1762
f 2306/1680/1762 2307/1681/1660 2305/1679/1762
f 2306/1680/1762 2308/1682/1660 2307/1681/1660
f 2309/1683/1664 2310/1684/1763 2311/1685/1664
f 2309/1683/1664 2312/1686/1763 2310/1684/1763
f 2312/1686/1763 2313/1687/1764 2310/1684/1763
f 2312/1686/1763 2314/1688/1764 2313/1687/1764
f 2314/1688/1764 2315/1689/1765 2313/1687/1764
f 2314/1688/1764 2316/1690/1765 2315/1689/1765
f 2316/1690/1765 2317/1691/1591 2315/1689/1765
f 2316/1690/1765 2318/1692/1591 2317/1691/1591
f 2318/1692/1591 2319/1693/1766 2317/1691/1591
f 2318/1692/1591 2320/1694/1766 2319/1693/1766
f 2320/1694/1766 2321/1695/1767 2319/1693/1766
f 2320/1694/1766 2322/1696/1767 2321/1695/1767
f 2322/1696/1767 2323/1697/1768 2321/1695/1767
f 2322/1696/1767 2324/1698/1768 2323/1697/1768
f 2324/1698/1768 2293/1699/1661 2323/1697/1768
f 2324/1698/1768 2291/1700/1661 2293/1699/1661
f 2325/1701/1444 2326/1702/1769 2327/1702/1770
f 2325/1701/1444 2328/1701/1453 2326/1702/1769
f 2326/1702/1769 2329/1703/1452 2330/1704/1771
f 2326/1702/1769 2328/1701/1453 2329/1703/1452
f 2328/1705/1453 2325/1706/1444 2331/1707/1446
f 2328/1705/1453 2331/1707/1446 2332/1707/1738
f 2332/1707/1738 2333/1708/1772 2328/1705/1453
f 2329/1709/1452 2328/1705/1453 2333/1708/1772
f 2329/1709/1452 2333/1708/1772 2334/1710/1773
f 2335/1709/1449 2329/1709/1452 2334/1710/1773
f 2332/1707/1738 2336/1707/1774 2333/1708/1772
f 2337/1711/1775 2325/1701/1444 2327/1702/1770
f 2337/1711/1775 2331/1712/1446 2325/1701/1444
f 2334/1167/1773 2338/1713/1776 2335/1714/1449
f 2334/1167/1773 2339/1715/1777 2338/1713/1776
f 2340/1716/1778 2341/1717/1779 2342/1716/1780
f 2340/1716/1778 2343/1717/1331 2341/1717/1779
f 2344/1718/1781 2345/1719/1779 2346/1718/1780
f 2344/1718/1781 2347/1719/1331 2345/1719/1779
f 2348/1720/1659 2349/1721/1729 2350/1722/1730
f 2351/1723/1735 2348/1720/1659 2350/1722/1730
f 2348/1720/1659 2351/1723/1735 2352/1724/1749
f 2351/1723/1735 2353/1725/1736 2352/1724/1749
f 2351/1723/1735 2354/1726/1782 2353/1725/1736
f 2354/1726/1782 2355/1727/1730 2353/1725/1736
f 2354/1726/1782 2356/1728/1661 2355/1727/1730
f 2356/1728/1661 2357/1729/1729 2355/1727/1730
f 2356/1728/1661 2348/1720/1659 2357/1729/1729
f 2348/1720/1659 2352/1724/1749 2357/1729/1729
f 2358/1730/1659 2348/1720/1659 2359/1731/1749
f 2348/1720/1659 2360/1732/1783 2359/1731/1749
f 2348/1720/1659 2356/1728/1661 2360/1732/1783
f 2356/1728/1661 2361/1733/1730 2360/1732/1783
f 2356/1728/1661 2362/1734/1661 2361/1733/1730
f 2362/1734/1661 2363/1735/1729 2361/1733/1730
f 2362/1734/1661 2358/1730/1659 2363/1735/1729
f 2358/1730/1659 2359/1731/1749 2363/1735/1729
f 2351/1723/1735 2350/1722/1730 2364/1736/1736
f 2365/1737/1735 2351/1723/1735 2364/1736/1736
f 2365/1737/1735 2364/1736/1736 2366/1738/1749
f 2367/1739/1659 2365/1737/1735 2366/1738/1749
f 2367/1739/1659 2366/1738/1749 2349/1721/1729
f 2348/1720/1659 2367/1739/1659 2349/1721/1729
f 2367/1739/1659 2348/1720/1659 2368/1740/1783
f 2348/1720/1659 2369/1741/1730 2368/1740/1783
f 2348/1720/1659 2358/1730/1659 2369/1741/1730
f 2358/1730/1659 2370/1742/1729 2369/1741/1730
f 2358/1730/1659 2371/1743/1659 2370/1742/1729
f 2371/1743/1659 2372/1744/1749 2370/1742/1729
f 2371/1743/1659 2367/1739/1659 2372/1744/1749
f 2367/1739/1659 2368/1740/1783 2372/1744/1749
f 2367/1739/1659 2373/1745/1660 2374/1746/1729
f 2367/1739/1659 2374/1746/1729 2375/1747/1730
f 2365/1737/1735 2367/1739/1659 2375/1747/1730
f 2365/1737/1735 2375/1747/1730 2376/1748/1784
f 2377/1749/1785 2365/1737/1735 2376/1748/1784
f 2377/1749/1785 2376/1748/1784 2378/1750/1786
f 2373/1745/1660 2377/1749/1785 2378/1750/1786
f 2373/1745/1660 2378/1750/1786 2374/1746/1729
f 2371/1743/1659 2379/1751/1660 2380/1752/1787
f 2379/1751/1660 2381/1753/1749 2380/1752/1787
f 2379/1751/1660 2373/1745/1660 2381/1753/1749
f 2373/1745/1660 2382/1754/1788 2381/1753/1749
f 2373/1745/1660 2367/1739/1659 2382/1754/1788
f 2367/1739/1659 2383/1755/1730 2382/1754/1788
f 2367/1739/1659 2371/1743/1659 2383/1755/1730
f 2371/1743/1659 2380/1752/1787 2383/1755/1730
f 2384/1756/1659 2385/1757/1660 2386/1758/1729
f 2384/1756/1659 2386/1758/1729 2387/1759/1730
f 2371/1743/1659 2384/1756/1659 2387/1759/1730
f 2371/1743/1659 2387/1759/1730 2388/1760/1736
f 2379/1751/1660 2371/1743/1659 2388/1760/1736
f 2379/1751/1660 2388/1760/1736 2389/1761/1749
f 2385/1757/1660 2379/1751/1660 2389/1761/1749
f 2385/1757/1660 2389/1761/1749 2386/1758/1729
f 2390/1762/1659 2391/1763/1660 2392/1764/1789
f 2391/1763/1660 2393/1765/1749 2392/1764/1789
f 2391/1763/1660 2385/1757/1660 2393/1765/1749
f 2385/1757/1660 2394/1766/1790 2393/1765/1749
f 2385/1757/1660 2384/1756/1659 2394/1766/1790
f 2384/1756/1659 2395/1767/1730 2394/1766/1790
f 2384/1756/1659 2390/1762/1659 2395/1767/1730
f 2390/1762/1659 2392/1764/1789 2395/1767/1730
f 2358/1730/1659 2396/1768/1730 2397/1769/1736
f 2371/1743/1659 2358/1730/1659 2397/1769/1736
f 2371/1743/1659 2397/1769/1736 2398/1770/1737
f 2384/1756/1659 2371/1743/1659 2398/1770/1737
f 2384/1756/1659 2398/1770/1737 2399/1771/1729
f 2400/1772/1659 2384/1756/1659 2399/1771/1729
f 2384/1756/1659 2400/1772/1659 2401/1773/1790
f 2400/1772/1659 2402/1774/1730 2401/1773/1790
f 2400/1772/1659 2403/1775/1659 2402/1774/1730
f 2403/1775/1659 2404/1776/1729 2402/1774/1730
f 2403/1775/1659 2390/1762/1659 2404/1776/1729
f 2390/1762/1659 2405/1777/1749 2404/1776/1729
f 2390/1762/1659 2384/1756/1659 2405/1777/1749
f 2384/1756/1659 2401/1773/1790 2405/1777/1749
f 2400/1772/1659 2399/1771/1729 2396/1768/1730
f 2358/1730/1659 2400/1772/1659 2396/1768/1730
f 2400/1772/1659 2358/1730/1659 2406/1778/1737
f 2358/1730/1659 2407/1779/1736 2406/1778/1737
f 2358/1730/1659 2362/1734/1661 2407/1779/1736
f 2362/1734/1661 2408/1780/1730 2407/1779/1736
f 2362/1734/1661 2409/1781/1661 2408/1780/1730
f 2409/1781/1661 2410/1782/1729 2408/1780/1730
f 2409/1781/1661 2400/1772/1659 2410/1782/1729
f 2400/1772/1659 2406/1778/1737 2410/1782/1729
f 2403/1775/1659 2400/1772/1659 2411/1783/1749
f 2400/1772/1659 2412/1784/1790 2411/1783/1749
f 2400/1772/1659 2409/1781/1661 2412/1784/1790
f 2409/1781/1661 2413/1785/1730 2412/1784/1790
f 2409/1781/1661 2414/1786/1661 2413/1785/1730
f 2414/1786/1661 2415/1787/1729 2413/1785/1730
f 2414/1786/1661 2403/1775/1659 2415/1787/1729
f 2403/1775/1659 2411/1783/1749 2415/1787/1729
f 2416/1788/1661 2417/1789/1659 2418/1790/1729
f 2417/1789/1659 2419/1791/1749 2418/1790/1729
f 2417/1789/1659 2403/1775/1659 2419/1791/1749
f 2403/1775/1659 2420/1792/1736 2419/1791/1749
f 2403/1775/1659 2414/1786/1661 2420/1792/1736
f 2414/1786/1661 2421/1793/1730 2420/1792/1736
f 2414/1786/1661 2416/1788/1661 2421/1793/1730
f 2416/1788/1661 2418/1790/1729 2421/1793/1730
f 2422/1794/1659 2417/1789/1659 2423/1795/1749
f 2417/1789/1659 2424/1796/1736 2423/1795/1749
f 2417/1789/1659 2416/1788/1661 2424/1796/1736
f 2416/1788/1661 2425/1797/1730 2424/1796/1736
f 2416/1788/1661 2426/1798/1661 2425/1797/1730
f 2426/1798/1661 2427/1799/1729 2425/1797/1730
f 2426/1798/1661 2422/1794/1659 2427/1799/1729
f 2422/1794/1659 2423/1795/1749 2427/1799/1729
f 2422/1794/1659 2428/1800/1791 2429/1801/1792
f 2428/1800/1791 2422/1794/1659 2342/1716/1780
f 2422/1794/1659 2430/1802/1736 2342/1716/1780
f 2422/1794/1659 2426/1798/1661 2430/1802/1736
f 2426/1798/1661 2431/1803/1792 2430/1802/1736
f 2426/1798/1661 2432/1804/1793 2431/1803/1792
f 2428/1800/1791 2342/1716/1780 2341/1717/1779
f 2422/1794/1659 2429/1801/1792 2433/1805/1736
f 2434/1806/1659 2422/1794/1659 2433/1805/1736
f 2422/1794/1659 2434/1806/1659 2435/1807/1729
f 2434/1806/1659 2436/1808/1749 2435/1807/1729
f 2434/1806/1659 2437/1809/1659 2436/1808/1749
f 2437/1809/1659 2438/1810/1736 2436/1808/1749
f 2437/1809/1659 2417/1789/1659 2438/1810/1736
f 2417/1789/1659 2439/1811/1730 2438/1810/1736
f 2417/1789/1659 2422/1794/1659 2439/1811/1730
f 2422/1794/1659 2435/1807/1729 2439/1811/1730
f 2434/1806/1659 2433/1805/1736 2440/1812/1780
f 2434/1806/1659 2441/1813/1792 2442/1814/1736
f 2434/1806/1659 2443/1815/1791 2441/1813/1792
f 2443/1815/1791 2434/1806/1659 2440/1812/1780
f 2443/1815/1791 2440/1812/1780 2444/1816/1779
f 2445/1817/1660 2442/1814/1736 2346/1718/1780
f 2445/1817/1660 2434/1806/1659 2442/1814/1736
f 2434/1806/1659 2445/1817/1660 2446/1818/1729
f 2434/1806/1659 2446/1818/1729 2447/1819/1730
f 2437/1809/1659 2434/1806/1659 2447/1819/1730
f 2437/1809/1659 2447/1819/1730 2448/1820/1736
f 2449/1821/1660 2437/1809/1659 2448/1820/1736
f 2449/1821/1660 2448/1820/1736 2450/1822/1749
f 2445/1817/1660 2449/1821/1660 2450/1822/1749
f 2445/1817/1660 2450/1822/1749 2446/1818/1729
f 2451/1823/1794 2346/1718/1780 2345/1719/1779
f 2451/1823/1794 2445/1817/1660 2346/1718/1780
f 2403/1775/1659 2417/1789/1659 2452/1824/1730
f 2417/1789/1659 2453/1825/1729 2452/1824/1730
f 2417/1789/1659 2437/1809/1659 2453/1825/1729
f 2437/1809/1659 2454/1826/1749 2453/1825/1729
f 2437/1809/1659 2390/1762/1659 2454/1826/1749
f 2390/1762/1659 2455/1827/1736 2454/1826/1749
f 2390/1762/1659 2403/1775/1659 2455/1827/1736
f 2403/1775/1659 2452/1824/1730 2455/1827/1736
f 2437/1809/1659 2449/1821/1660 2456/1828/1729
f 2449/1821/1660 2457/1829/1749 2456/1828/1729
f 2449/1821/1660 2391/1763/1660 2457/1829/1749
f 2391/1763/1660 2458/1830/1736 2457/1829/1749
f 2391/1763/1660 2390/1762/1659 2458/1830/1736
f 2390/1762/1659 2459/1831/1730 2458/1830/1736
f 2390/1762/1659 2437/1809/1659 2459/1831/1730
f 2437/1809/1659 2456/1828/1729 2459/1831/1730
f 2201/1588/1727 2200/1587/1726 2196/1584/1722
f 2460/1832/1659 2461/1833/1659 2462/1834/1659
f 2460/1832/1659 2463/1835/1659 2461/1833/1659
f 2461/1833/1659 2463/1835/1659 2464/1836/1795
f 2461/1833/1659 2464/1836/1795 2465/1837/1796
f 2195/1585/1721 2194/1584/1720 2202/1587/1728
f 2466/1838/1669 2467/1839/1669 2468/1840/1669
f 2466/1838/1669 2469/1841/1669 2467/1839/1669
f 2469/1841/1669 2470/1842/1797 2467/1839/1669
f 2469/1841/1669 2471/1843/1798 2470/1842/1797
f 2472/1844/1799 2470/1845/1797 2471/1846/1798
f 2472/1844/1799 2471/1846/1798 2473/1847/1800
f 2474/1848/1659 2472/1844/1799 2473/1847/1800
f 2474/1848/1659 2475/1849/1659 2472/1844/1799
f 2286/1189/1754 2039/1190/1597 2175/1191/1701
f 2476/1850/1591 2477/1851/1591 2478/1852/1591
f 2476/1850/1591 2479/1853/1591 2477/1851/1591
f 2479/1853/1591 2480/1854/1591 2477/1851/1591
f 2479/1853/1591 2481/1855/1591 2480/1854/1591
f 2482/1853/1669 2483/1856/1669 2484/1857/1669
f 2482/1853/1669 2485/1851/1669 2483/1856/1669
f 2486/1850/1669 2485/1851/1669 2482/1853/1669
f 2486/1850/1669 2487/1852/1669 2485/1851/1669
f 1584/1013/1295 1935/1185/1503 2173/1011/1699
f 2488/1858/1801 2489/1859/1802 2490/1860/1803
f 2488/1858/1801 2491/1861/1804 2489/1859/1802
f 2489/1859/1802 2491/1861/1804 2492/1862/1805
f 2489/1859/1802 2492/1862/1805 2493/1863/1806
f 2187/1581/1713 2186/1580/1712 2182/1576/1708
f 2494/1864/1807 2495/1865/1806 2496/1866/1806
f 2494/1864/1807 2496/1866/1806 2497/1867/1808
f 2498/1868/1595 2494/1864/1807 2497/1867/1808
f 2498/1868/1595 2499/1869/1595 2494/1864/1807
f 2178/1576/1704 2177/1575/1703 2183/1578/1709
f 2060/1368/1618 2500/1367/1659 2501/1368/1659
f 2060/1368/1618 2063/1367/1621 2500/1367/1659
f 2066/1372/1624 2502/1371/1595 2503/1372/1595
f 2066/1372/1624 2061/1371/1619 2502/1371/1595
f 2068/1380/1626 2504/1379/1669 2505/1380/1669
f 2068/1380/1626 2071/1379/1629 2504/1379/1669
f 2074/1384/1632 2506/1383/1591 2507/1384/1591
f 2074/1384/1632 2069/1383/1627 2506/1383/1591
f 2052/1352/1610 2508/1351/1595 2509/1352/1595
f 2052/1352/1610 2055/1351/1613 2508/1351/1595
f 2058/1356/1616 2510/1355/1659 2511/1356/1659
f 2058/1356/1616 2053/1355/1611 2510/1355/1659
f 2044/1338/1602 2512/1337/1591 2513/1338/1591
f 2044/1338/1602 2047/1337/1605 2512/1337/1591
f 2050/1342/1608 2514/1341/1669 2515/1342/1669
f 2050/1342/1608 2045/1341/1603 2514/1341/1669
f 2516/1870/1809 2517/1871/1659 2518/1872/1659
f 2516/1870/1809 2519/1873/1810 2517/1871/1659
f 2519/1873/1810 2520/1874/1659 2517/1871/1659
f 2519/1873/1810 2521/1875/1811 2520/1874/1659
f 2521/1875/1811 2522/1876/1659 2520/1874/1659
f 2521/1875/1811 2523/1877/1812 2522/1876/1659
f 2523/1877/1812 2518/1872/1659 2522/1876/1659
f 2523/1877/1812 2516/1870/1809 2518/1872/1659
f 2519/1878/1810 2524/1879/1813 2521/1880/1811
f 2519/1878/1810 2525/1881/1814 2524/1879/1813
f 2516/1882/1809 2525/1883/1814 2519/1884/1810
f 2516/1882/1809 2526/1885/1815 2525/1883/1814
f 2523/1880/1812 2526/1881/1815 2516/1878/1809
f 2523/1880/1812 2527/1879/1816 2526/1881/1815
f 2521/1886/1811 2527/1887/1816 2523/1888/1812
f 2521/1886/1811 2524/1889/1813 2527/1887/1816
f 2528/1890/1730 2529/1891/1370 2530/1890/1369
f 2528/1890/1730 2531/1891/1729 2529/1891/1370
f 2532/1892/1659 2533/1893/1817 2534/1894/1818
f 2532/1892/1659 2535/1895/1659 2533/1893/1817
f 2535/1895/1659 2528/1896/1730 2533/1893/1817
f 2535/1895/1659 2536/1897/1659 2528/1896/1730
f 2536/1897/1659 2531/1898/1729 2528/1896/1730
f 2536/1897/1659 2537/1899/1659 2531/1898/1729
f 2537/1899/1659 2534/1894/1818 2531/1898/1729
f 2537/1899/1659 2532/1892/1659 2534/1894/1818
f 2533/1726/1817 2530/1890/1369 2538/1900/1819
f 2533/1726/1817 2528/1890/1730 2530/1890/1369
f 2531/1891/1729 2539/1901/1820 2529/1891/1370
f 2531/1891/1729 2534/1749/1818 2539/1901/1820
f 2534/1749/1818 2538/1900/1819 2539/1901/1820
f 2534/1749/1818 2533/1726/1817 2538/1900/1819
f 2540/1805/1821 2440/1812/1780 2433/1805/1736
f 2540/1805/1821 2541/1812/1822 2440/1812/1780
f 2542/1778/1823 2410/1782/1729 2406/1778/1737
f 2542/1778/1823 2543/1782/1824 2410/1782/1729
f 2544/1801/1438 2433/1805/1736 2429/1801/1792
f 2544/1801/1438 2540/1805/1821 2433/1805/1736
f 2543/1782/1824 2408/1780/1730 2410/1782/1729
f 2543/1782/1824 2545/1780/1825 2408/1780/1730
f 2546/1779/1826 2406/1778/1737 2407/1779/1736
f 2546/1779/1826 2542/1778/1823 2406/1778/1737
f 2547/1753/1827 2380/1752/1787 2381/1753/1749
f 2547/1753/1827 2548/1752/1828 2380/1752/1787
f 2549/1791/1829 2418/1790/1729 2419/1791/1749
f 2549/1791/1829 2550/1790/1824 2418/1790/1729
f 2551/1736/1830 2366/1738/1749 2364/1736/1736
f 2551/1736/1830 2552/1738/1831 2366/1738/1749
f 2550/1790/1824 2421/1793/1730 2418/1790/1729
f 2550/1790/1824 2553/1793/1832 2421/1793/1730
f 2554/1725/1833 2352/1724/1749 2353/1725/1736
f 2554/1725/1833 2555/1724/1834 2352/1724/1749
f 2556/1792/1835 2419/1791/1749 2420/1792/1736
f 2556/1792/1835 2549/1791/1829 2419/1791/1749
f 2557/1746/1836 2375/1747/1730 2374/1746/1729
f 2557/1746/1836 2558/1747/1837 2375/1747/1730
f 2559/1748/1838 2378/1750/1786 2376/1748/1784
f 2559/1748/1838 2560/1750/1839 2378/1750/1786
f 2558/1747/1837 2376/1748/1784 2375/1747/1730
f 2558/1747/1837 2559/1748/1838 2376/1748/1784
f 2561/1727/1840 2353/1725/1736 2355/1727/1730
f 2561/1727/1840 2554/1725/1833 2353/1725/1736
f 2562/1758/1841 2387/1759/1730 2386/1758/1729
f 2562/1758/1841 2563/1759/1842 2387/1759/1730
f 2564/1802/1835 2342/1716/1780 2430/1802/1736
f 2564/1802/1835 2340/1716/1778 2342/1716/1780
f 2565/1760/1843 2389/1761/1749 2388/1760/1736
f 2565/1760/1843 2566/1761/1844 2389/1761/1749
f 2567/1803/1438 2430/1802/1736 2431/1803/1792
f 2567/1803/1438 2564/1802/1835 2430/1802/1736
f 2563/1759/1842 2388/1760/1736 2387/1759/1730
f 2563/1759/1842 2565/1760/1843 2388/1760/1736
f 2568/1828/1841 2459/1831/1730 2456/1828/1729
f 2568/1828/1841 2569/1831/1845 2459/1831/1730
f 2570/1830/1846 2457/1829/1749 2458/1830/1736
f 2570/1830/1846 2571/1829/1847 2457/1829/1749
f 2569/1831/1845 2458/1830/1736 2459/1831/1730
f 2569/1831/1845 2570/1830/1846 2458/1830/1736
f 2572/1822/1848 2446/1818/1729 2450/1822/1749
f 2572/1822/1848 2573/1818/1849 2446/1818/1729
f 2574/1744/1850 2370/1742/1729 2372/1744/1749
f 2574/1744/1850 2575/1742/1851 2370/1742/1729
f 2576/1814/1852 2346/1718/1780 2442/1814/1736
f 2576/1814/1852 2344/1718/1781 2346/1718/1780
f 2575/1742/1851 2369/1741/1730 2370/1742/1729
f 2575/1742/1851 2577/1741/1853 2369/1741/1730
f 2578/1813/1438 2442/1814/1736 2441/1813/1792
f 2578/1813/1438 2576/1814/1852 2442/1814/1736
f 2579/1740/1854 2372/1744/1749 2368/1740/1783
f 2579/1740/1854 2574/1744/1850 2372/1744/1749
f 2553/1793/1832 2420/1792/1736 2421/1793/1730
f 2553/1793/1832 2556/1792/1835 2420/1792/1736
f 2577/1741/1853 2368/1740/1783 2369/1741/1730
f 2577/1741/1853 2579/1740/1854 2368/1740/1783
f 2580/1777/1855 2404/1776/1729 2405/1777/1749
f 2580/1777/1855 2581/1776/1856 2404/1776/1729
f 2581/1776/1856 2402/1774/1730 2404/1776/1729
f 2581/1776/1856 2582/1774/1857 2402/1774/1730
f 2583/1773/1858 2405/1777/1749 2401/1773/1790
f 2583/1773/1858 2580/1777/1855 2405/1777/1749
f 2582/1774/1857 2401/1773/1790 2402/1774/1730
f 2582/1774/1857 2583/1773/1858 2401/1773/1790
f 2584/1765/1859 2392/1764/1789 2393/1765/1749
f 2584/1765/1859 2585/1764/1860 2392/1764/1789
f 2586/1808/1861 2435/1807/1729 2436/1808/1749
f 2586/1808/1861 2587/1807/1856 2435/1807/1729
f 2588/1785/1857 2412/1784/1790 2413/1785/1730
f 2588/1785/1857 2589/1784/1846 2412/1784/1790
f 2587/1807/1856 2439/1811/1730 2435/1807/1729
f 2587/1807/1856 2590/1811/1862 2439/1811/1730
f 2591/1810/1863 2436/1808/1749 2438/1810/1736
f 2591/1810/1863 2586/1808/1861 2436/1808/1749
f 2592/1731/1864 2363/1735/1729 2359/1731/1749
f 2592/1731/1864 2593/1735/1865 2363/1735/1729
f 2590/1811/1862 2438/1810/1736 2439/1811/1730
f 2590/1811/1862 2591/1810/1863 2438/1810/1736
f 2593/1735/1865 2361/1733/1730 2363/1735/1729
f 2593/1735/1865 2594/1733/1853 2361/1733/1730
f 2595/1732/1866 2359/1731/1749 2360/1732/1783
f 2595/1732/1866 2592/1731/1864 2359/1731/1749
f 2596/1783/1855 2415/1787/1729 2411/1783/1749
f 2596/1783/1855 2597/1787/1867 2415/1787/1729
f 2566/1761/1844 2386/1758/1729 2389/1761/1749
f 2566/1761/1844 2562/1758/1841 2386/1758/1729
f 2597/1787/1867 2413/1785/1730 2415/1787/1729
f 2597/1787/1867 2588/1785/1857 2413/1785/1730
f 2545/1780/1825 2407/1779/1736 2408/1780/1730
f 2545/1780/1825 2546/1779/1826 2407/1779/1736
f 2589/1784/1846 2411/1783/1749 2412/1784/1790
f 2589/1784/1846 2596/1783/1855 2411/1783/1749
f 2598/1795/1861 2427/1799/1729 2423/1795/1749
f 2598/1795/1861 2599/1799/1868 2427/1799/1729
f 2599/1799/1868 2425/1797/1730 2427/1799/1729
f 2599/1799/1868 2600/1797/1869 2425/1797/1730
f 2548/1752/1828 2383/1755/1730 2380/1752/1787
f 2548/1752/1828 2601/1755/1870 2383/1755/1730
f 2594/1733/1853 2360/1732/1783 2361/1733/1730
f 2594/1733/1853 2595/1732/1866 2360/1732/1783
f 2602/1796/1826 2423/1795/1749 2424/1796/1736
f 2602/1796/1826 2598/1795/1861 2423/1795/1749
f 2603/1754/1871 2381/1753/1749 2382/1754/1788
f 2603/1754/1871 2547/1753/1827 2381/1753/1749
f 2601/1755/1870 2382/1754/1788 2383/1755/1730
f 2601/1755/1870 2603/1754/1871 2382/1754/1788
f 2604/1823/1669 2445/1817/1660 2451/1823/1794
f 2604/1823/1669 2605/1817/1669 2445/1817/1660
f 2605/1817/1669 2449/1821/1660 2445/1817/1660
f 2605/1817/1669 2606/1821/1669 2449/1821/1660
f 2606/1821/1669 2391/1763/1660 2449/1821/1660
f 2606/1821/1669 2607/1763/1669 2391/1763/1660
f 2607/1763/1669 2385/1757/1660 2391/1763/1660
f 2607/1763/1669 2608/1757/1669 2385/1757/1660
f 2608/1757/1669 2379/1751/1660 2385/1757/1660
f 2608/1757/1669 2609/1751/1669 2379/1751/1660
f 2609/1751/1669 2373/1745/1660 2379/1751/1660
f 2609/1751/1669 2610/1745/1872 2373/1745/1660
f 2610/1745/1872 2377/1749/1785 2373/1745/1660
f 2610/1745/1872 2539/1901/1820 2377/1749/1785
f 2585/1764/1860 2395/1767/1730 2392/1764/1789
f 2585/1764/1860 2611/1767/1873 2395/1767/1730
f 2612/1766/1826 2393/1765/1749 2394/1766/1790
f 2612/1766/1826 2584/1765/1859 2393/1765/1749
f 2560/1750/1839 2374/1746/1729 2378/1750/1786
f 2560/1750/1839 2557/1746/1836 2374/1746/1729
f 2611/1767/1873 2394/1766/1790 2395/1767/1730
f 2611/1767/1873 2612/1766/1826 2394/1766/1790
f 2573/1818/1849 2447/1819/1730 2446/1818/1729
f 2573/1818/1849 2613/1819/1874 2447/1819/1730
f 2614/1820/1846 2450/1822/1749 2448/1820/1736
f 2614/1820/1846 2572/1822/1848 2450/1822/1749
f 2552/1738/1831 2349/1721/1729 2366/1738/1749
f 2552/1738/1831 2615/1721/1875 2349/1721/1729
f 2616/1729/1876 2355/1727/1730 2357/1729/1729
f 2616/1729/1876 2561/1727/1840 2355/1727/1730
f 2555/1724/1834 2357/1729/1729 2352/1724/1749
f 2555/1724/1834 2616/1729/1876 2357/1729/1729
f 2617/1824/1832 2455/1827/1736 2452/1824/1730
f 2617/1824/1832 2618/1827/1877 2455/1827/1736
f 2538/1900/1819 2356/1728/1661 2354/1726/1782
f 2538/1900/1819 2619/1728/1591 2356/1728/1661
f 2619/1728/1591 2362/1734/1661 2356/1728/1661
f 2619/1728/1591 2620/1734/1591 2362/1734/1661
f 2620/1734/1591 2409/1781/1661 2362/1734/1661
f 2620/1734/1591 2621/1781/1591 2409/1781/1661
f 2621/1781/1591 2414/1786/1661 2409/1781/1661
f 2621/1781/1591 2622/1786/1591 2414/1786/1661
f 2622/1786/1591 2416/1788/1661 2414/1786/1661
f 2622/1786/1591 2623/1788/1591 2416/1788/1661
f 2623/1788/1591 2426/1798/1661 2416/1788/1661
f 2623/1788/1591 2624/1798/1591 2426/1798/1661
f 2624/1798/1591 2432/1804/1793 2426/1798/1661
f 2624/1798/1591 2625/1804/1591 2432/1804/1793
f 2618/1827/1877 2454/1826/1749 2455/1827/1736
f 2618/1827/1877 2626/1826/1829 2454/1826/1749
f 2627/1825/1878 2452/1824/1730 2453/1825/1729
f 2627/1825/1878 2617/1824/1832 2452/1824/1730
f 2571/1829/1847 2456/1828/1729 2457/1829/1749
f 2571/1829/1847 2568/1828/1841 2456/1828/1729
f 2626/1826/1829 2453/1825/1729 2454/1826/1749
f 2626/1826/1829 2627/1825/1878 2453/1825/1729
f 2628/1768/1825 2397/1769/1736 2396/1768/1730
f 2628/1768/1825 2629/1769/1879 2397/1769/1736
f 2629/1769/1879 2398/1770/1737 2397/1769/1736
f 2629/1769/1879 2630/1770/1823 2398/1770/1737
f 2600/1797/1869 2424/1796/1736 2425/1797/1730
f 2600/1797/1869 2602/1796/1826 2424/1796/1736
f 2631/1771/1878 2396/1768/1730 2399/1771/1729
f 2631/1771/1878 2628/1768/1825 2396/1768/1730
f 2539/1901/1820 2365/1737/1735 2377/1749/1785
f 2539/1901/1820 2632/1737/1364 2365/1737/1735
f 2632/1737/1364 2351/1723/1735 2365/1737/1735
f 2632/1737/1364 2633/1723/1364 2351/1723/1735
f 2633/1723/1364 2354/1726/1782 2351/1723/1735
f 2633/1723/1364 2538/1900/1819 2354/1726/1782
f 2630/1770/1823 2399/1771/1729 2398/1770/1737
f 2630/1770/1823 2631/1771/1878 2399/1771/1729
f 2634/1722/1840 2364/1736/1736 2350/1722/1730
f 2634/1722/1840 2551/1736/1830 2364/1736/1736
f 2615/1721/1875 2350/1722/1730 2349/1721/1729
f 2615/1721/1875 2634/1722/1840 2350/1722/1730
f 2613/1819/1874 2448/1820/1736 2447/1819/1730
f 2613/1819/1874 2614/1820/1846 2448/1820/1736
f 1857/1142/1438 2635/1047/1428 1855/1140/1425
f 1857/1142/1438 1651/1047/1331 2635/1047/1428
f 2636/1902/1438 1859/1059/1428 2637/1902/1425
f 2636/1902/1438 1675/1059/1331 1859/1059/1428
f 2638/1903/1438 2639/1077/1428 2640/1903/1425
f 2638/1903/1438 1709/1077/1331 2639/1077/1428
f 1714/1079/1360 2640/1903/1425 2641/1079/1426
f 1714/1079/1360 2638/1903/1438 2640/1903/1425
f 1712/1078/1359 2641/1079/1426 2642/1078/1430
f 1712/1078/1359 1714/1079/1360 2641/1079/1426
f 1709/1077/1331 2642/1078/1430 2639/1077/1428
f 1709/1077/1331 1712/1078/1359 2642/1078/1430
f 1680/1061/1342 2637/1902/1425 2643/1061/1426
f 1680/1061/1342 2636/1902/1438 2637/1902/1425
f 1678/1060/1329 2643/1061/1426 1858/1060/1430
f 1678/1060/1329 1680/1061/1342 2643/1061/1426
f 1654/1048/1333 1856/1141/1426 2644/1048/1430
f 1654/1048/1333 1658/1050/1336 1856/1141/1426
f 1651/1047/1331 2644/1048/1430 2635/1047/1428
f 1651/1047/1331 1654/1048/1333 2644/1048/1430
f 1626/1034/1299 2645/1035/1425 2646/1034/1426
f 1626/1034/1299 1627/1035/1322 2645/1035/1425
f 1627/1035/1322 2647/1032/1428 2645/1035/1425
f 1627/1035/1322 1621/1032/1320 2647/1032/1428
f 1624/1033/1321 2646/1034/1426 2648/1033/1430
f 1624/1033/1321 1626/1034/1299 2646/1034/1426
f 1621/1032/1320 2648/1033/1430 2647/1032/1428
f 1621/1032/1320 1624/1033/1321 2648/1033/1430
f 1588/1015/1299 2649/1020/1425 2650/1015/1426
f 1588/1015/1299 1597/1020/1307 2649/1020/1425
f 1597/1020/1307 1864/1021/1428 2649/1020/1425
f 1597/1020/1307 1600/1021/1309 1864/1021/1428
f 1585/1014/1296 2650/1015/1426 1863/1014/1430
f 1585/1014/1296 1588/1015/1299 2650/1015/1426
f 1662/1052/1325 2651/1904/1428 1860/1143/1425
f 1662/1052/1325 2652/1904/1880 2651/1904/1428
f 2653/1905/1310 1861/1144/1426 2654/1905/1430
f 2653/1905/1310 1659/1051/1337 1861/1144/1426
f 2652/1904/1880 2654/1905/1430 2651/1904/1428
f 2652/1904/1880 2653/1905/1310 2654/1905/1430
f 2655/1906/1881 2656/1907/1882 2657/1908/1883
f 2655/1906/1881 2658/1909/1884 2656/1907/1882
f 2659/1910/1885 2660/1911/1886 2661/1912/1887
f 2659/1910/1885 2662/1913/1888 2660/1911/1886
f 2663/1914/1889 2664/1915/1890 2665/1916/1891
f 2663/1914/1889 2666/1917/1892 2664/1915/1890
f 2666/1917/1892 2657/1908/1883 2664/1915/1890
f 2666/1917/1892 2655/1906/1881 2657/1908/1883
f 2667/1918/1664 2668/1919/1893 2669/1919/1894
f 2667/1918/1664 2670/1918/1661 2668/1919/1893
f 2671/1920/1660 2672/1921/1895 2673/1921/1896
f 2671/1920/1660 2674/1920/1665 2672/1921/1895
f 2670/1918/1661 2673/1921/1896 2668/1919/1893
f 2670/1918/1661 2671/1920/1660 2673/1921/1896
f 2658/1909/1884 2665/1916/1891 2656/1907/1882
f 2658/1909/1884 2663/1914/1889 2665/1916/1891
f 2674/1920/1665 2669/1919/1894 2672/1921/1895
f 2674/1920/1665 2667/1918/1664 2669/1919/1894
f 2675/1922/1897 2676/1923/1898 2677/1922/1899
f 2675/1922/1897 2678/1923/1900 2676/1923/1898
f 2679/1924/1901 2680/1925/1902 2681/1926/1903
f 2679/1924/1901 2682/1927/1904 2680/1925/1902
f 2683/1928/1905 2684/1929/1906 2685/1930/1907
f 2683/1928/1905 2686/1931/1908 2684/1929/1906
f 2687/1932/1909 2688/1933/1910 2689/1933/1911
f 2687/1932/1909 2690/1932/1912 2688/1933/1910
f 2686/1931/1908 2691/1934/1913 2684/1929/1906
f 2686/1931/1908 2692/1935/1914 2691/1934/1913
f 2693/1924/1915 2681/1926/1903 2694/1926/1916
f 2693/1924/1915 2679/1924/1901 2681/1926/1903
f 2695/1935/1917 2696/1929/1918 2697/1934/1919
f 2695/1935/1917 2698/1931/1920 2696/1929/1918
f 2699/1936/1921 2700/1937/1922 2701/1937/1923
f 2699/1936/1921 2702/1936/1924 2700/1937/1922
f 2703/1938/1925 2685/1930/1907 2704/1939/1926
f 2703/1938/1925 2683/1928/1905 2685/1930/1907
f 2682/1927/1904 2705/1925/1927 2680/1925/1902
f 2682/1927/1904 2706/1927/1928 2705/1925/1927
f 2706/1927/1928 2694/1926/1916 2705/1925/1927
f 2706/1927/1928 2693/1924/1915 2694/1926/1916
f 2707/1928/1929 2708/1939/1930 2709/1930/1931
f 2707/1928/1929 2710/1938/1932 2708/1939/1930
f 2698/1931/1920 2709/1930/1931 2696/1929/1918
f 2698/1931/1920 2707/1928/1929 2709/1930/1931
f 2711/1940/1933 2712/1941/1934 2713/1942/1935
f 2711/1940/1933 2714/1943/1936 2712/1941/1934
f 2715/1944/1937 2716/1945/1938 2717/1946/1939
f 2715/1944/1937 2718/1947/1940 2716/1945/1938
f 2719/1948/1941 2720/1949/1942 2721/1950/1943
f 2719/1948/1941 2722/1951/1944 2720/1949/1942
f 2722/1951/1944 2723/1949/1945 2720/1949/1942
f 2722/1951/1944 2724/1951/1946 2723/1949/1945
f 2690/1932/1912 2724/1951/1946 2722/1951/1944
f 2690/1932/1912 2687/1932/1909 2724/1951/1946
f 2687/1932/1909 2725/1948/1947 2724/1951/1946
f 2687/1932/1909 2702/1936/1924 2725/1948/1947
f 2702/1936/1924 2719/1948/1941 2725/1948/1947
f 2702/1936/1924 2699/1936/1921 2719/1948/1941
f 2699/1936/1921 2722/1951/1944 2719/1948/1941
f 2699/1936/1921 2690/1932/1912 2722/1951/1944
f 2724/1951/1946 2726/1950/1948 2723/1949/1945
f 2724/1951/1946 2725/1948/1947 2726/1950/1948
f 2727/1947/1949 2728/1946/1950 2729/1945/1951
f 2727/1947/1949 2730/1944/1952 2728/1946/1950
f 2730/1944/1952 2717/1946/1939 2728/1946/1950
f 2730/1944/1952 2715/1944/1937 2717/1946/1939
f 2679/1924/1901 2715/1944/1937 2730/1944/1952
f 2679/1924/1901 2693/1924/1915 2715/1944/1937
f 2693/1924/1915 2718/1947/1940 2715/1944/1937
f 2693/1924/1915 2706/1927/1928 2718/1947/1940
f 2706/1927/1928 2727/1947/1949 2718/1947/1940
f 2706/1927/1928 2682/1927/1904 2727/1947/1949
f 2682/1927/1904 2730/1944/1952 2727/1947/1949
f 2682/1927/1904 2679/1924/1901 2730/1944/1952
f 2721/1950/1943 2725/1948/1947 2719/1948/1941
f 2721/1950/1943 2726/1950/1948 2725/1948/1947
f 2729/1945/1951 2718/1947/1940 2727/1947/1949
f 2729/1945/1951 2716/1945/1938 2718/1947/1940
f 2731/1952/1953 2732/1953/1954 2733/1954/1955
f 2731/1952/1953 2713/1942/1935 2732/1953/1954
f 2733/1954/1955 2734/1955/1956 2731/1952/1953
f 2733/1954/1955 2735/1956/1957 2734/1955/1956
f 2698/1931/1920 2735/1956/1957 2733/1954/1955
f 2698/1931/1920 2695/1935/1917 2735/1956/1957
f 2695/1935/1917 2736/1957/1958 2735/1956/1957
f 2695/1935/1917 2710/1938/1932 2736/1957/1958
f 2710/1938/1932 2732/1953/1954 2736/1957/1958
f 2710/1938/1932 2707/1928/1929 2732/1953/1954
f 2707/1928/1929 2733/1954/1955 2732/1953/1954
f 2707/1928/1929 2698/1931/1920 2733/1954/1955
f 2712/1941/1934 2735/1956/1957 2736/1957/1958
f 2712/1941/1934 2734/1955/1956 2735/1956/1957
f 2737/1955/1959 2738/1957/1960 2739/1956/1961
f 2737/1955/1959 2740/1941/1962 2738/1957/1960
f 2739/1956/1961 2741/1952/1963 2737/1955/1959
f 2739/1956/1961 2742/1954/1964 2741/1952/1963
f 2692/1935/1914 2742/1954/1964 2739/1956/1961
f 2692/1935/1914 2686/1931/1908 2742/1954/1964
f 2686/1931/1908 2743/1953/1965 2742/1954/1964
f 2686/1931/1908 2683/1928/1905 2743/1953/1965
f 2683/1928/1905 2738/1957/1960 2743/1953/1965
f 2683/1928/1905 2703/1938/1925 2738/1957/1960
f 2703/1938/1925 2739/1956/1961 2738/1957/1960
f 2703/1938/1925 2692/1935/1914 2739/1956/1961
f 2744/1942/1966 2742/1954/1964 2743/1953/1965
f 2744/1942/1966 2741/1952/1963 2742/1954/1964
f 2740/1941/1962 2743/1953/1965 2738/1957/1960
f 2740/1941/1962 2744/1942/1966 2743/1953/1965
f 2713/1942/1935 2736/1957/1958 2732/1953/1954
f 2713/1942/1935 2712/1941/1934 2736/1957/1958
f 2692/1935/1914 2704/1939/1926 2691/1934/1913
f 2692/1935/1914 2703/1938/1925 2704/1939/1926
f 2702/1936/1924 2689/1933/1911 2700/1937/1922
f 2702/1936/1924 2687/1932/1909 2689/1933/1911
f 2710/1938/1932 2697/1934/1919 2708/1939/1930
f 2710/1938/1932 2695/1935/1917 2697/1934/1919
f 2690/1932/1912 2701/1937/1923 2688/1933/1910
f 2690/1932/1912 2699/1936/1921 2701/1937/1923
f 2745/1958/1967 2726/1950/1948 2721/1950/1943
f 2745/1958/1967 2746/1958/1968 2726/1950/1948
f 2714/1943/1936 2734/1955/1956 2712/1941/1934
f 2714/1943/1936 2747/1959/1969 2734/1955/1956
f 2748/1960/1970 2728/1946/1950 2717/1946/1939
f 2748/1960/1970 2749/1960/1971 2728/1946/1950
f 2750/1943/1972 2744/1942/1966 2740/1941/1962
f 2750/1943/1972 2751/1940/1973 2744/1942/1966
f 2752/1961/1974 2717/1946/1939 2716/1945/1938
f 2752/1961/1974 2748/1960/1970 2717/1946/1939
f 2751/1940/1973 2741/1952/1963 2744/1942/1966
f 2751/1940/1973 2753/1962/1975 2741/1952/1963
f 2747/1959/1969 2731/1952/1953 2734/1955/1956
f 2747/1959/1969 2754/1962/1976 2731/1952/1953
f 2749/1960/1971 2729/1945/1951 2728/1946/1950
f 2749/1960/1971 2755/1961/1977 2729/1945/1951
f 2756/1963/1978 2721/1950/1943 2720/1949/1942
f 2756/1963/1978 2745/1958/1967 2721/1950/1943
f 2754/1962/1976 2713/1942/1935 2731/1952/1953
f 2754/1962/1976 2711/1940/1933 2713/1942/1935
f 2757/1959/1979 2740/1941/1962 2737/1955/1959
f 2757/1959/1979 2750/1943/1972 2740/1941/1962
f 2748/1960/1970 2758/1964/1980 2676/1923/1898
f 2748/1960/1970 2752/1961/1974 2758/1964/1980
f 2745/1958/1967 2677/1922/1899 2759/1965/1981
f 2745/1958/1967 2756/1963/1978 2677/1922/1899
f 2760/1963/1982 2761/1965/1983 2675/1922/1897
f 2760/1963/1982 2746/1958/1968 2761/1965/1983
f 2755/1961/1977 2678/1923/1900 2762/1964/1984
f 2755/1961/1977 2749/1960/1971 2678/1923/1900
f 2756/1963/1978 2675/1922/1897 2677/1922/1899
f 2756/1963/1978 2760/1963/1982 2675/1922/1897
f 2749/1960/1971 2676/1923/1898 2678/1923/1900
f 2749/1960/1971 2748/1960/1970 2676/1923/1898
f 2746/1958/1968 2759/1965/1981 2761/1965/1983
f 2746/1958/1968 2745/1958/1967 2759/1965/1981
f 2752/1961/1974 2762/1964/1984 2758/1964/1980
f 2752/1961/1974 2755/1961/1977 2762/1964/1984
f 2711/1940/1933 2676/1923/1898 2758/1964/1980
f 2711/1940/1933 2754/1962/1976 2676/1923/1898
f 2747/1959/1969 2759/1965/1981 2677/1922/1899
f 2747/1959/1969 2714/1943/1936 2759/1965/1981
f 2750/1943/1972 2675/1922/1897 2761/1965/1983
f 2750/1943/1972 2757/1959/1979 2675/1922/1897
f 2753/1962/1975 2762/1964/1984 2678/1923/1900
f 2753/1962/1975 2751/1940/1973 2762/1964/1984
f 2757/1959/1979 2678/1923/1900 2675/1922/1897
f 2757/1959/1979 2753/1962/1975 2678/1923/1900
f 2754/1962/1976 2677/1922/1899 2676/1923/1898
f 2754/1962/1976 2747/1959/1969 2677/1922/1899
f 2751/1940/1973 2761/1965/1983 2762/1964/1984
f 2751/1940/1973 2750/1943/1972 2761/1965/1983
f 2714/1943/1936 2758/1964/1980 2759/1965/1981
f 2714/1943/1936 2711/1940/1933 2758/1964/1980
f 2753/1962/1975 2737/1955/1959 2741/1952/1963
f 2753/1962/1975 2757/1959/1979 2737/1955/1959
f 2746/1958/1968 2723/1949/1945 2726/1950/1948
f 2746/1958/1968 2760/1963/1982 2723/1949/1945
f 2755/1961/1977 2716/1945/1938 2729/1945/1951
f 2755/1961/1977 2752/1961/1974 2716/1945/1938
f 2760/1963/1982 2720/1949/1942 2723/1949/1945
f 2760/1963/1982 2756/1963/1978 2720/1949/1942
f 2758/1966/1980 2761/1967/1983 2759/1968/1981
f 2758/1966/1980 2762/1969/1984 2761/1967/1983
f 1959/1243/1527 1951/1245/1519 1954/1243/1522
f 1959/1243/1527 1962/1245/1530 1951/1245/1519
f 2763/1970/1985 2764/1971/1986 2765/1972/1987
f 2763/1970/1985 2766/1973/1988 2764/1971/1986
f 2767/1974/1989 2768/1975/1990 2769/1976/1991
f 2767/1974/1989 2770/1977/1992 2768/1975/1990
f 2771/1978/1993 2772/1979/1994 2773/1979/1995
f 2771/1978/1993 2774/1978/1996 2772/1979/1994
f 2770/1980/1992 2775/1981/1997 2768/1982/1990
f 2770/1980/1992 2776/1983/1998 2775/1981/1997
f 2777/1970/1999 2765/1972/1987 2778/1972/2000
f 2777/1970/1999 2763/1970/1985 2765/1972/1987
f 2779/1984/2001 2780/1985/2002 2781/1986/2003
f 2779/1984/2001 2782/1987/2004 2780/1985/2002
f 2783/1988/2005 2784/1989/2006 2785/1989/2007
f 2783/1988/2005 2786/1988/2008 2784/1989/2006
f 2787/1990/2009 2769/1991/1991 2788/1992/2010
f 2787/1990/2009 2767/1993/1989 2769/1991/1991
f 2766/1973/1988 2789/1994/2011 2764/1971/1986
f 2766/1973/1988 2790/1973/2012 2789/1994/2011
f 2790/1973/2012 2778/1972/2000 2789/1994/2011
f 2790/1973/2012 2777/1970/1999 2778/1972/2000
f 2791/1995/2013 2792/1996/2014 2793/1997/2015
f 2791/1995/2013 2794/1998/2016 2792/1996/2014
f 2782/1999/2004 2793/2000/2015 2780/2001/2002
f 2782/1999/2004 2791/2002/2013 2793/2000/2015
f 2786/2003/2008 2795/2004/2017 2796/2004/2018
f 2786/2003/2008 2783/2003/2005 2795/2004/2017
f 2783/2003/2005 2797/2005/2019 2795/2004/2017
f 2783/2003/2005 2774/2006/1996 2797/2005/2019
f 2774/2006/1996 2798/2005/2020 2797/2005/2019
f 2774/2006/1996 2771/2006/1993 2798/2005/2020
f 2771/2006/1993 2796/2004/2018 2798/2005/2020
f 2771/2006/1993 2786/2003/2008 2796/2004/2018
f 2790/1973/2012 2799/2007/2021 2800/2007/2022
f 2790/1973/2012 2766/1973/1988 2799/2007/2021
f 2766/1973/1988 2801/2008/2023 2799/2007/2021
f 2766/1973/1988 2763/1970/1985 2801/2008/2023
f 2763/1970/1985 2802/2008/2024 2801/2008/2023
f 2763/1970/1985 2777/1970/1999 2802/2008/2024
f 2777/1970/1999 2800/2007/2022 2802/2008/2024
f 2777/1970/1999 2790/1973/2012 2800/2007/2022
f 2770/2009/1992 2803/2010/2025 2804/2011/2026
f 2770/2009/1992 2767/2012/1989 2803/2010/2025
f 2787/2013/2009 2805/2014/2027 2806/2015/2028
f 2787/2013/2009 2776/2016/1998 2805/2014/2027
f 2767/2017/1989 2806/2015/2028 2803/2018/2025
f 2767/2017/1989 2787/2019/2009 2806/2015/2028
f 2776/2020/1998 2804/2021/2026 2805/2014/2027
f 2776/2020/1998 2770/2022/1992 2804/2021/2026
f 2779/2016/2001 2807/2015/2029 2808/2014/2030
f 2779/2016/2001 2794/2013/2016 2807/2015/2029
f 2782/2023/2004 2808/2014/2030 2809/2021/2031
f 2782/2023/2004 2779/2024/2001 2808/2014/2030
f 2794/2025/2016 2810/2026/2032 2807/2015/2029
f 2794/2025/2016 2791/2027/2013 2810/2026/2032
f 2791/2027/2013 2809/2021/2031 2810/2026/2032
f 2791/2027/2013 2782/2009/2004 2809/2021/2031
f 1944/2028/1512 2811/2029/2033 1942/2030/1510
f 1944/2028/1512 1966/2031/1534 2811/2029/2033
f 2802/2008/2024 1972/1255/1540 2812/2032/2034
f 2802/2008/2024 2800/2007/2022 1972/1255/1540
f 2795/2033/2017 1974/2034/1542 2813/2035/2035
f 2795/2033/2017 2797/2036/2019 1974/2034/1542
f 2798/2036/2020 1971/2035/1539 1970/2034/1538
f 2798/2036/2020 2796/2033/2018 1971/2035/1539
f 2799/2007/2021 2814/2032/2036 1973/1255/1541
f 2799/2007/2021 2801/2008/2023 2814/2032/2036
f 2797/2037/2019 1970/1256/1538 1974/1256/1542
f 2797/2037/2019 2798/2037/2020 1970/1256/1538
f 2801/2008/2023 2812/2032/2034 2814/2032/2036
f 2801/2008/2023 2802/2008/2024 2812/2032/2034
f 2813/2035/2035 2796/2033/2018 2795/2033/2017
f 2813/2035/2035 1971/2035/1539 2796/2033/2018
f 1973/1255/1541 2800/2007/2022 2799/2007/2021
f 1973/1255/1541 1972/1255/1540 2800/2007/2022
f 1943/1253/1511 2810/2018/2032 2809/2021/2031
f 1943/1253/1511 1942/2030/1510 2810/2018/2032
f 2811/2029/2033 2808/2014/2030 2807/2015/2029
f 2811/2029/2033 2815/1252/2037 2808/2014/2030
f 1947/1252/1515 2806/2015/2028 2805/2014/2027
f 1947/1252/1515 1946/2029/1514 2806/2015/2028
f 2816/2030/2038 2804/2021/2026 2803/2018/2025
f 2816/2030/2038 1969/1253/1537 2804/2021/2026
f 2805/2014/2027 1969/1253/1537 1947/1252/1515
f 2805/2014/2027 2804/2021/2026 1969/1253/1537
f 2809/2021/2031 2815/1252/2037 1943/1253/1511
f 2809/2021/2031 2808/2014/2030 2815/1252/2037
f 1946/2029/1514 2803/2018/2025 2806/2015/2028
f 1946/2029/1514 2816/2030/2038 2803/2018/2025
f 1942/2030/1510 2807/2015/2029 2810/2018/2032
f 1942/2030/1510 2811/2029/2033 2807/2015/2029
f 2776/2016/1998 2788/2038/2010 2775/2039/1997
f 2776/2016/1998 2787/2013/2009 2788/2038/2010
f 2786/1988/2008 2773/1979/1995 2784/1989/2006
f 2786/1988/2008 2771/1978/1993 2773/1979/1995
f 2794/2002/2016 2781/2001/2003 2792/2000/2014
f 2794/2002/2016 2779/1999/2001 2781/2001/2003
f 2774/1978/1996 2785/1989/2007 2772/1979/1994
f 2774/1978/1996 2783/1988/2005 2785/1989/2007
f 1953/2040/1521 1971/2041/1539 2813/2041/2035
f 1953/2040/1521 1960/2040/1528 1971/2041/1539
f 1966/1229/1534 2815/1228/2037 2811/1227/2033
f 1966/1229/1534 1965/1226/1533 2815/1228/2037
f 1949/1244/1517 2814/2032/2036 2812/2032/2034
f 1949/1244/1517 1964/1244/1532 2814/2032/2036
f 1948/2031/1516 2816/2030/2038 1946/2029/1514
f 1948/2031/1516 1968/2028/1536 2816/2030/2038
f 1952/1229/1520 2812/1228/2034 1972/1227/1540
f 1952/1229/1520 1949/1226/1517 2812/1228/2034
f 1968/1233/1536 1969/1232/1537 2816/1231/2038
f 1968/1233/1536 1967/1230/1535 1969/1232/1537
f 1965/1250/1533 1943/1253/1511 2815/1252/2037
f 1965/1250/1533 1941/1251/1509 1943/1253/1511
f 1964/1226/1532 1973/1227/1541 2814/1228/2036
f 1964/1226/1532 1961/1229/1529 1973/1227/1541
f 1956/1230/1524 2813/1231/2035 1974/1232/1542
f 1956/1230/1524 1953/1233/1521 2813/1231/2035
f 2280/1635/1731 2271/1631/1562 2268/1631/1733
f 2280/1635/1731 2279/1635/1751 2271/1631/1562
f 2171/1573/1697 1936/1191/1504 2817/1191/1653
f 2171/1573/1697 1582/1011/1293 1936/1191/1504
f 2264/1630/1730 2289/1664/1560 2288/1664/1736
f 2264/1630/1730 2263/1630/1641 2289/1664/1560
f 2818/2042/2039 2181/2043/1707 2819/2044/2040
f 2818/2042/2039 2287/2045/1755 2181/2043/1707
f 2820/2046/2041 2290/2047/1756 2821/2048/2042
f 2820/2046/2041 2190/2049/1716 2290/2047/1756
f 2288/2050/1736 2190/2049/1716 2820/2046/2041
f 2272/2051/1749 2190/2049/1716 2288/2050/1736
f 2272/2051/1749 2181/2043/1707 2190/2049/1716
f 2262/2052/1729 2181/2043/1707 2272/2051/1749
f 2262/2052/1729 2819/2044/2040 2181/2043/1707
f 2264/2053/1730 2819/2044/2040 2262/2052/1729
f 2264/2053/1730 2820/2046/2041 2819/2044/2040
f 2288/2050/1736 2820/2046/2041 2264/2053/1730
f 2822/2048/2043 1936/2054/1504 2823/2055/2044
f 2822/2048/2043 2817/2047/1653 1936/2054/1504
f 2824/2056/2045 2825/2045/1652 2826/2042/2046
f 2824/2056/2045 2174/2057/1700 2825/2045/1652
f 2267/2058/1298 2174/2057/1700 2824/2056/2045
f 2275/2059/1297 2174/2057/1700 2267/2058/1298
f 2275/2059/1297 1936/2054/1504 2174/2057/1700
f 2277/2060/1308 1936/2054/1504 2275/2059/1297
f 2277/2060/1308 2823/2055/2044 1936/2054/1504
f 2266/2061/1302 2823/2055/2044 2277/2060/1308
f 2266/2061/1302 2824/2056/2045 2823/2055/2044
f 2267/2058/1298 2824/2056/2045 2266/2061/1302
f 2821/2062/2042 2195/2063/1721 2827/2064/2047
f 2821/2062/2042 2290/2065/1756 2195/2063/1721
f 2828/2066/2048 2817/2067/1653 2822/2068/2043
f 2828/2066/2048 2171/2069/1697 2817/2067/1653
f 2261/2070/1490 2171/2069/1697 2828/2066/2048
f 2274/2071/1500 2171/2069/1697 2261/2070/1490
f 2274/2071/1500 2195/2063/1721 2171/2069/1697
f 2276/2072/1495 2195/2063/1721 2274/2071/1500
f 2276/2072/1495 2827/2064/2047 2195/2063/1721
f 2260/2073/1491 2827/2064/2047 2276/2072/1495
f 2260/2073/1491 2828/2066/2048 2827/2064/2047
f 2261/2070/1490 2828/2066/2048 2260/2073/1491
f 2826/2068/2046 2135/2074/1671 2829/2075/2049
f 2826/2068/2046 2825/2067/1652 2135/2074/1671
f 2830/2076/2050 2287/2065/1755 2818/2062/2039
f 2830/2076/2050 2176/2077/1702 2287/2065/1755
f 2280/2078/1731 2176/2077/1702 2830/2076/2050
f 2268/2079/1733 2176/2077/1702 2280/2078/1731
f 2268/2079/1733 2135/2074/1671 2176/2077/1702
f 2270/2080/1740 2135/2074/1671 2268/2079/1733
f 2270/2080/1740 2829/2075/2049 2135/2074/1671
f 2278/2081/1739 2829/2075/2049 2270/2080/1740
f 2278/2081/1739 2830/2076/2050 2829/2075/2049
f 2280/2078/1731 2830/2076/2050 2278/2081/1739
f 1938/1224/1506 2825/1191/1652 2174/1191/1700
f 1938/1224/1506 2135/1508/1671 2825/1191/1652
f 2831/2082/1755 2832/2083/2051 2833/2084/2052
f 2831/2082/1755 2834/2085/1560 2832/2083/2051
f 2832/2086/2051 2835/2087/1665 2836/2088/1660
f 2832/2086/2051 2837/2089/2053 2835/2087/1665
f 2838/2089/2054 2839/2088/1661 2840/2087/1664
f 2838/2089/2054 2833/2086/2052 2839/2088/1661
f 2833/2084/2052 2836/2090/1660 2839/2091/1661
f 2833/2084/2052 2832/2083/2051 2836/2090/1660
f 2841/2085/1653 2838/2084/2054 2837/2083/2053
f 2841/2085/1653 2842/2082/1652 2838/2084/2054
f 2835/2090/1665 2843/2092/2055 2844/2093/2056
f 2835/2090/1665 2840/2091/1664 2843/2092/2055
f 2834/2094/1560 2837/2089/2053 2832/2086/2051
f 2834/2094/1560 2841/2095/1653 2837/2089/2053
f 2842/2095/1652 2833/2086/2052 2838/2089/2054
f 2842/2095/1652 2831/2094/1755 2833/2086/2052
f 2840/2087/1664 2845/2096/2057 2843/2097/2055
f 2840/2087/1664 2839/2088/1661 2845/2096/2057
f 2836/2088/1660 2844/2097/2056 2846/2096/2058
f 2836/2088/1660 2835/2087/1665 2844/2097/2056
f 2839/2091/1661 2846/2093/2058 2845/2092/2057
f 2839/2091/1661 2836/2090/1660 2846/2093/2058
f 2845/2092/2057 2847/2098/1648 2848/2099/2059
f 2845/2092/2057 2846/2093/2058 2847/2098/1648
f 2844/2093/2056 2849/2100/1647 2850/2101/2060
f 2844/2093/2056 2843/2092/2055 2849/2100/1647
f 2847/2102/1648 2849/2103/1647 2848/2104/2059
f 2847/2102/1648 2850/2105/2060 2849/2103/1647
f 2846/2096/2058 2850/2106/2060 2847/2107/1648
f 2846/2096/2058 2844/2097/2056 2850/2106/2060
f 2843/2097/2055 2848/2107/2059 2849/2106/1647
f 2843/2097/2055 2845/2096/2057 2848/2107/2059
f 2834/2108/1560 2842/2109/1652 2841/2110/1653
f 2834/2108/1560 2831/2111/1755 2842/2109/1652
f 2837/2083/2053 2840/2091/1664 2835/2090/1665
f 2837/2083/2053 2838/2084/2054 2840/2091/1664
f 2334/1167/1773 2851/2112/2061 2339/1715/1777
f 2334/1167/1773 2333/2113/1772 2851/2112/2061
f 2330/1704/1771 2338/1713/1776 2339/1715/1777
f 2330/1704/1771 2339/1715/1777 2851/2112/2061
f 2326/1702/1769 2330/1704/1771 2851/2112/2061
f 2851/2112/2061 2852/2114/1369 2326/1702/1769
f 2337/1711/1775 2326/1702/1769 2852/2114/1369
f 2327/1702/1770 2326/1702/1769 2337/1711/1775
f 2851/2112/2061 2853/1715/2062 2852/2114/1369
f 2329/1703/1452 2338/1713/1776 2330/1704/1771
f 2329/1703/1452 2335/1714/1449 2338/1713/1776
f 2333/2113/1772 2853/1715/2062 2851/2112/2061
f 2333/2113/1772 2336/1167/1774 2853/1715/2062
f 2336/1167/1774 2852/2114/1369 2853/1715/2062
f 2336/1167/1774 2332/2115/1738 2852/2114/1369
f 2332/2115/1738 2337/1711/1775 2852/2114/1369
f 2332/2115/1738 2331/1712/1446 2337/1711/1775
f 2854/2116/1448 2855/2117/2063 2856/2116/1450
f 2854/2116/1448 2857/2117/2064 2855/2117/2063
f 2855/2117/2063 2858/2118/1449 2856/2116/1450
f 2855/2117/2063 2859/2119/1776 2858/2118/1449
f 2858/1709/1449 2860/1709/1452 2861/1710/1453
f 2861/1710/1453 2862/1708/1732 2858/1709/1449
f 2863/1707/1738 2858/1709/1449 2862/1708/1732
f 2856/1705/1450 2858/1709/1449 2863/1707/1738
f 2863/1707/1738 2864/1707/1447 2856/1705/1450
f 2864/1707/1447 2854/1706/1448 2856/1705/1450
f 2862/1708/1732 2865/1707/2065 2863/1707/1738
f 1582/1011/1293 2172/1186/1698 1583/1012/1294
f 2866/2120/2066 2854/2116/1448 2864/2121/1447
f 2866/2120/2066 2857/2117/2064 2854/2116/1448
f 2861/1177/1453 2867/2122/1771 2868/2123/1769
f 2861/1177/1453 2860/2124/1452 2867/2122/1771
f 2855/2117/2063 2857/2117/2064 2866/2120/2066
f 2866/2120/2066 2869/2125/1369 2855/2117/2063
f 2870/2123/1362 2855/2117/2063 2869/2125/1369
f 2859/2119/1776 2855/2117/2063 2870/2123/1362
f 2870/2123/1362 2868/2123/1769 2859/2119/1776
f 2868/2123/1769 2867/2122/1771 2859/2119/1776
f 2869/2125/1369 2871/2123/1717 2870/2123/1362
f 1916/2126/1484 2872/1180/1591 1869/2127/1442
f 1869/2127/1442 2872/1180/1591 2873/1184/1591
f 1869/2127/1442 2873/1184/1591 1867/2128/1440
f 1867/2128/1440 2873/1184/1591 2874/1187/1591
f 1867/2128/1440 2874/1187/1591 1914/2129/1482
f 1914/2129/1482 2874/1187/1591 2875/1181/1591
f 1914/2129/1482 2875/1181/1591 1916/2126/1484
f 1916/2126/1484 2875/1181/1591 2872/1180/1591
f 2858/2118/1449 2867/2122/1771 2860/2124/1452
f 2858/2118/1449 2859/2119/1776 2867/2122/1771
f 2862/1177/1732 2871/2123/1717 2865/1177/2065
f 2862/1177/1732 2870/2123/1362 2871/2123/1717
f 2861/1177/1453 2870/2123/1362 2862/1177/1732
f 2861/1177/1453 2868/2123/1769 2870/2123/1362
f 2009/2130/1577 2012/2131/1580 2121/2132/1595
f 2863/2133/1738 2866/2120/2066 2864/2121/1447
f 2863/2133/1738 2869/2125/1369 2866/2120/2066
f 2865/1177/2065 2869/2125/1369 2863/2133/1738
f 2865/1177/2065 2871/2123/1717 2869/2125/1369
f 2017/2134/1585 2014/2135/1582 2129/2136/1669
f 1885/1701/1453 2876/1702/1770 1882/1701/1444
f 1885/1701/1453 2877/1702/1769 2876/1702/1770
f 2876/1702/1770 1881/1703/1446 1882/1701/1444
f 2876/1702/1770 2878/1704/1775 1881/1703/1446
f 2879/1711/1771 1885/1701/1453 1884/1712/1452
f 2879/1711/1771 2877/1702/1769 1885/1701/1453
f 1880/1167/1448 2880/1713/2066 2881/1715/2064
f 1880/1167/1448 1883/1714/1447 2880/1713/2066
f 2882/2114/1370 2883/1715/1752 2884/1715/1735
f 2884/1715/1735 2881/1715/2064 2882/2114/1370
f 2876/1702/1770 2877/1702/1769 2879/1711/1771
f 2882/2114/1370 2876/1702/1770 2879/1711/1771
f 2878/1704/1775 2876/1702/1770 2882/2114/1370
f 2878/1704/1775 2882/2114/1370 2881/1715/2064
f 2881/1715/2064 2880/1713/2066 2878/1704/1775
f 2131/2137/1669 2142/2138/1677 2143/2139/1678
f 1881/1703/1446 2880/1713/2066 1883/1714/1447
f 1881/1703/1446 2878/1704/1775 2880/1713/2066
f 1868/1167/1441 2883/1715/1752 1878/1167/1451
f 1868/1167/1441 2884/1715/1735 2883/1715/1752
f 1880/1167/1448 2884/1715/1735 1868/1167/1441
f 1880/1167/1448 2881/1715/2064 2884/1715/1735
f 2137/2140/1659 2139/2141/1674 2140/2142/1675
f 1879/2115/1443 2879/1711/1771 1884/1712/1452
f 1879/2115/1443 2882/2114/1370 2879/1711/1771
f 1878/1167/1451 2882/2114/1370 1879/2115/1443
f 1878/1167/1451 2883/1715/1752 2882/2114/1370
f 2145/2143/1595 2146/2144/1680 2147/2145/1681
f 2885/1683/1665 2886/1684/2067 2887/1685/1665
f 2885/1683/1665 2888/1686/2067 2886/1684/2067
f 2888/1686/2067 2889/1687/2068 2886/1684/2067
f 2888/1686/2067 2890/1688/2068 2889/1687/2068
f 2890/1688/2068 2891/1689/2069 2889/1687/2068
f 2890/1688/2068 2892/1690/2069 2891/1689/2069
f 2892/1690/2069 2893/2146/1595 2891/1689/2069
f 2892/1690/2069 2894/2147/1595 2893/2146/1595
f 2894/2147/1595 2895/1693/2070 2893/2146/1595
f 2894/2147/1595 2896/1694/2070 2895/1693/2070
f 2896/1694/2070 2897/1695/2071 2895/1693/2070
f 2896/1694/2070 2898/1696/2071 2897/1695/2071
f 2898/1696/2071 2899/1697/2072 2897/1695/2071
f 2898/1696/2071 2900/1698/2072 2899/1697/2072
f 2900/1698/2072 2901/1699/1664 2899/1697/2072
f 2900/1698/2072 2902/1700/1664 2901/1699/1664
f 2903/1700/1661 2904/1697/1757 2905/1699/1661
f 2903/1700/1661 2906/1698/1757 2904/1697/1757
f 2906/1698/1757 2907/1695/1758 2904/1697/1757
f 2906/1698/1757 2908/1696/1758 2907/1695/1758
f 2908/1696/1758 2909/1693/1759 2907/1695/1758
f 2908/1696/1758 2910/1694/1759 2909/1693/1759
f 2910/1694/1759 2911/2146/1659 2909/1693/1759
f 2910/1694/1759 2912/2147/1659 2911/2146/1659
f 2912/2147/1659 2913/1689/1760 2911/2146/1659
f 2912/2147/1659 2914/1690/1760 2913/1689/1760
f 2914/1690/1760 2915/1687/1761 2913/1689/1760
f 2914/1690/1760 2916/1688/1761 2915/1687/1761
f 2916/1688/1761 2917/1684/1762 2915/1687/1761
f 2916/1688/1761 2918/1686/1762 2917/1684/1762
f 2918/1686/1762 2919/1685/1660 2917/1684/1762
f 2918/1686/1762 2920/1683/1660 2919/1685/1660
f 1877/2116/1450 2921/2117/2064 2922/2117/2063
f 1877/2116/1450 1875/2116/1448 2921/2117/2064
f 2921/2117/2064 1874/2118/1447 2923/2119/2066
f 2921/2117/2064 1875/2116/1448 1874/2118/1447
f 2924/2120/1776 1877/2116/1450 2922/2117/2063
f 2924/2120/1776 1876/2121/1449 1877/2116/1450
f 1871/1177/1444 2925/2122/1775 1873/2124/1446
f 1871/1177/1444 2926/2123/1770 2925/2122/1775
f 1874/2118/1447 2925/2122/1775 2923/2119/2066
f 1874/2118/1447 1873/2124/1446 2925/2122/1775
f 1871/1177/1444 2927/2123/1362 2926/2123/1770
f 1871/1177/1444 1866/1177/1439 2927/2123/1362
f 1866/1177/1439 2928/2123/1746 2927/2123/1362
f 1866/1177/1439 1872/1177/1445 2928/2123/1746
f 1872/1177/1445 2929/2125/1370 2928/2123/1746
f 1872/1177/1445 1870/2133/1443 2929/2125/1370
f 1870/2133/1443 2924/2120/1776 2929/2125/1370
f 1870/2133/1443 1876/2121/1449 2924/2120/1776
f 2025/2148/1592 2930/2149/2073 2027/2150/1593
f 2025/2148/1592 2931/2151/2074 2930/2149/2073
f 2022/2152/1590 2931/2153/2074 2025/2154/1592
f 2022/2152/1590 2932/2155/2075 2931/2153/2074
f 2029/2156/1594 2932/2157/2075 2022/2158/1590
f 2029/2156/1594 2933/2159/2076 2932/2157/2075
f 2027/2160/1593 2933/2161/2076 2029/2160/1594
f 2027/2160/1593 2930/2161/2073 2933/2161/2076
f 2934/2162/1739 2935/2163/1362 2936/2163/1735
f 2934/2162/1739 2937/2162/1740 2935/2163/1362
f 2938/2164/1591 2934/2165/1739 2939/2166/2077
f 2938/2164/1591 2940/2167/1591 2934/2165/1739
f 2940/2168/1591 2937/2169/1740 2934/2170/1739
f 2940/2168/1591 2941/2171/1591 2937/2169/1740
f 2941/2172/1591 2942/2173/2078 2937/2174/1740
f 2941/2172/1591 2943/2175/1591 2942/2173/2078
f 2943/2176/1591 2939/2177/2077 2942/2178/2078
f 2943/2176/1591 2938/2179/1591 2939/2177/2077
f 2939/2180/2077 2936/2163/1735 2944/2181/2079
f 2939/2180/2077 2934/2162/1739 2936/2163/1735
f 2937/2162/1740 2945/2181/2080 2935/2163/1362
f 2937/2162/1740 2942/2180/2078 2945/2181/2080
f 2942/2180/2078 2944/2181/2079 2945/2181/2080
f 2942/2180/2078 2939/2180/2077 2944/2181/2079
f 2946/2182/2081 2947/2183/2082 2948/2183/1731
f 2946/2182/2081 2949/2182/2083 2947/2183/2082
f 2950/2184/2084 2951/2185/2085 2952/2186/2082
f 2950/2184/2084 2953/2187/2086 2951/2185/2085
f 2954/2188/2087 2948/2183/1731 2955/2189/2088
f 2954/2188/2087 2946/2182/2081 2948/2183/1731
f 2953/2187/2086 2956/2185/1739 2951/2185/2085
f 2953/2187/2086 2957/2187/2089 2956/2185/1739
f 2958/2184/2090 2952/2186/2082 2959/2186/1731
f 2958/2184/2090 2950/2184/2084 2952/2186/2082
f 2960/2190/2091 2961/2191/1740 2962/2192/2092
f 2960/2190/2091 2963/2193/2093 2961/2191/1740
f 2964/2194/2084 2965/2195/2085 2966/2196/2082
f 2964/2194/2084 2967/2197/2086 2965/2195/2085
f 2968/2198/2094 2969/2199/2082 2970/2199/1731
f 2968/2198/2094 2971/2198/2095 2969/2199/2082
f 2967/2197/2086 2972/2195/1739 2965/2195/2085
f 2967/2197/2086 2973/2197/2096 2972/2195/1739
f 2974/2198/2097 2975/2199/2082 2976/2199/1731
f 2974/2198/2097 2977/2198/2098 2975/2199/2082
f 2978/2194/2090 2966/2196/2082 2979/2196/1731
f 2978/2194/2090 2964/2194/2084 2966/2196/2082
f 2980/2200/2099 2981/2201/2100 2982/2201/1740
f 2980/2200/2099 2983/2200/2101 2981/2201/2100
f 2984/2198/2102 2985/2199/2103 2986/2199/2104
f 2984/2198/2102 2987/2198/2105 2985/2199/2103
f 2983/2200/2101 2986/2199/2104 2981/2201/2100
f 2983/2200/2101 2984/2198/2102 2986/2199/2104
f 2988/2200/2106 2976/2199/1731 2989/2201/1739
f 2988/2200/2106 2974/2198/2097 2976/2199/1731
f 2990/2187/2107 2991/2185/2100 2992/2185/1740
f 2990/2187/2107 2993/2187/2108 2991/2185/2100
f 2994/2182/2109 2995/2183/2082 2996/2183/1731
f 2994/2182/2109 2997/2182/2083 2995/2183/2082
f 2998/2184/2110 2999/2186/2092 3000/2186/1731
f 2998/2184/2110 3001/2184/2111 2999/2186/2092
f 3002/2188/2087 2996/2183/1731 3003/2189/2088
f 3002/2188/2087 2994/2182/2109 2996/2183/1731
f 2993/2187/2108 3000/2186/1731 2991/2185/2100
f 2993/2187/2108 2998/2184/2110 3000/2186/1731
f 3004/2197/2112 3005/2195/2100 3006/2195/1740
f 3004/2197/2112 3007/2197/2113 3005/2195/2100
f 3008/2194/2114 3009/2196/2092 3010/2196/1731
f 3008/2194/2114 3011/2194/2115 3009/2196/2092
f 3007/2197/2113 3010/2196/1731 3005/2195/2100
f 3007/2197/2113 3008/2194/2114 3010/2196/1731
f 3012/2202/2116 3013/2203/1740 3014/2204/2092
f 3012/2202/2116 3015/2205/2117 3013/2203/1740
f 3016/2190/2118 3017/2191/1740 3018/2192/2082
f 3016/2190/2118 3019/2193/2119 3017/2191/1740
f 3020/2182/2114 3021/2183/2092 3022/2183/1731
f 3020/2182/2114 3023/2182/2120 3021/2183/2092
f 3019/2193/2119 3024/2191/2121 3017/2191/1740
f 3019/2193/2119 3025/2193/2122 3024/2191/2121
f 3026/2188/2087 3022/2183/1731 3027/2189/2088
f 3026/2188/2087 3020/2182/2114 3022/2183/1731
f 3028/2190/2123 3018/2192/2082 3029/2192/1731
f 3028/2190/2123 3016/2190/2118 3018/2192/2082
f 2973/2197/2096 2979/2196/1731 2972/2195/1739
f 2973/2197/2096 2978/2194/2090 2979/2196/1731
f 3025/2193/2122 3029/2192/1731 3024/2191/2121
f 3025/2193/2122 3028/2190/2123 3029/2192/1731
f 3030/2206/2124 3031/2207/1740 3032/2208/2082
f 3030/2206/2124 3033/2209/2125 3031/2207/1740
f 3033/2209/2125 3034/2207/2121 3031/2207/1740
f 3033/2209/2125 3035/2209/2126 3034/2207/2121
f 3036/2206/2123 3032/2208/2082 3037/2208/1731
f 3036/2206/2123 3030/2206/2124 3032/2208/2082
f 3035/2209/2126 3037/2208/1731 3034/2207/2121
f 3035/2209/2126 3036/2206/2123 3037/2208/1731
f 3038/2206/2127 3039/2207/1740 3040/2208/2092
f 3038/2206/2127 3041/2209/2128 3039/2207/1740
f 3042/2202/2129 3043/2203/1740 3044/2204/2082
f 3042/2202/2129 3045/2205/2125 3043/2203/1740
f 3046/2209/2106 3047/2208/1731 3048/2207/1739
f 3046/2209/2106 3049/2206/2090 3047/2208/1731
f 3045/2205/2125 3050/2203/2121 3043/2203/1740
f 3045/2205/2125 3051/2205/2130 3050/2203/2121
f 3052/2202/2123 3044/2204/2082 3053/2204/1731
f 3052/2202/2123 3042/2202/2129 3044/2204/2082
f 3054/2190/2131 3055/2191/2085 3056/2192/2082
f 3054/2190/2131 3057/2193/2132 3055/2191/2085
f 3051/2205/2130 3053/2204/1731 3050/2203/2121
f 3051/2205/2130 3052/2202/2123 3053/2204/1731
f 3057/2193/2132 3058/2191/1739 3055/2191/2085
f 3057/2193/2132 3059/2193/2122 3058/2191/1739
f 3060/2190/2090 3056/2192/2082 3061/2192/1731
f 3060/2190/2090 3054/2190/2131 3056/2192/2082
f 3062/2206/2124 3063/2207/2085 3064/2208/2082
f 3062/2206/2124 3065/2209/2086 3063/2207/2085
f 3001/2184/2111 2992/2185/1740 2999/2186/2092
f 3001/2184/2111 2990/2187/2107 2992/2185/1740
f 3065/2209/2086 3048/2207/1739 3063/2207/2085
f 3065/2209/2086 3046/2209/2106 3048/2207/1739
f 2957/2187/2089 2959/2186/1731 2956/2185/1739
f 2957/2187/2089 2958/2184/2090 2959/2186/1731
f 3049/2206/2090 3064/2208/2082 3047/2208/1731
f 3049/2206/2090 3062/2206/2124 3064/2208/2082
f 3066/2202/2118 3067/2203/2085 3068/2204/2082
f 3066/2202/2118 3069/2205/2132 3067/2203/2085
f 3069/2205/2132 3070/2203/1739 3067/2203/2085
f 3069/2205/2132 3071/2205/2122 3070/2203/1739
f 2963/2193/2093 3072/2191/2100 2961/2191/1740
f 2963/2193/2093 3073/2193/2133 3072/2191/2100
f 3059/2193/2122 3061/2192/1731 3058/2191/1739
f 3059/2193/2122 3060/2190/2090 3061/2192/1731
f 3074/2202/2134 3068/2204/2082 3075/2204/1731
f 3074/2202/2134 3066/2202/2118 3068/2204/2082
f 3076/2190/2135 2962/2192/2092 3077/2192/2104
f 3076/2190/2135 2960/2190/2091 2962/2192/2092
f 3073/2193/2133 3077/2192/2104 3072/2191/2100
f 3073/2193/2133 3076/2190/2135 3077/2192/2104
f 3041/2209/2128 3078/2207/2100 3039/2207/1740
f 3041/2209/2128 3079/2209/2136 3078/2207/2100
f 3080/2206/2137 3040/2208/2092 3081/2208/1731
f 3080/2206/2137 3038/2206/2127 3040/2208/2092
f 2987/2198/2105 2982/2201/1740 2985/2199/2103
f 2987/2198/2105 2980/2200/2099 2982/2201/1740
f 3079/2209/2136 3081/2208/1731 3078/2207/2100
f 3079/2209/2136 3080/2206/2137 3081/2208/1731
f 3015/2205/2117 3082/2203/2100 3013/2203/1740
f 3015/2205/2117 3083/2205/2138 3082/2203/2100
f 3084/2202/2139 3014/2204/2092 3085/2204/1731
f 3084/2202/2139 3012/2202/2116 3014/2204/2092
f 2971/2198/2095 3086/2201/1740 2969/2199/2082
f 2971/2198/2095 3087/2200/2119 3086/2201/1740
f 3088/2200/2132 2989/2201/1739 3089/2201/2085
f 3088/2200/2132 2988/2200/2106 2989/2201/1739
f 2977/2198/2098 3089/2201/2085 2975/2199/2082
f 2977/2198/2098 3088/2200/2132 3089/2201/2085
f 3090/2197/2130 3091/2196/1731 3092/2195/2121
f 3090/2197/2130 3093/2194/2123 3091/2196/1731
f 3093/2194/2123 3094/2196/2082 3091/2196/1731
f 3093/2194/2123 3095/2194/2131 3094/2196/2082
f 3096/2197/2119 3092/2195/2121 3097/2195/1740
f 3096/2197/2119 3090/2197/2130 3092/2195/2121
f 3011/2194/2115 3006/2195/1740 3009/2196/2092
f 3011/2194/2115 3004/2197/2112 3006/2195/1740
f 3095/2194/2131 3097/2195/1740 3094/2196/2082
f 3095/2194/2131 3096/2197/2119 3097/2195/1740
f 3098/2187/2089 3099/2186/1731 3100/2185/2121
f 3098/2187/2089 3101/2184/2140 3099/2186/1731
f 3101/2184/2140 3102/2186/2082 3099/2186/1731
f 3101/2184/2140 3103/2184/2141 3102/2186/2082
f 3071/2205/2122 3075/2204/1731 3070/2203/1739
f 3071/2205/2122 3074/2202/2134 3075/2204/1731
f 3104/2187/2142 3100/2185/2121 3105/2185/1740
f 3104/2187/2142 3098/2187/2089 3100/2185/2121
f 2945/2181/2080 3106/2210/1370 3107/2210/2143
f 2945/2181/2080 3108/2211/1364 3106/2210/1370
f 3108/2211/1364 3109/2210/1370 3106/2210/1370
f 3108/2211/1364 3110/2211/1364 3109/2210/1370
f 3110/2211/1364 3111/2210/2144 3109/2210/1370
f 3110/2211/1364 2944/2181/2079 3111/2210/2144
f 3103/2184/2141 3105/2185/1740 3102/2186/2082
f 3103/2184/2141 3104/2187/2142 3105/2185/1740
f 3112/2200/2106 2970/2199/1731 3113/2201/2121
f 3112/2200/2106 2968/2198/2094 2970/2199/1731
f 3087/2200/2119 3113/2201/2121 3086/2201/1740
f 3087/2200/2119 3112/2200/2106 3113/2201/2121
f 3083/2205/2138 3085/2204/1731 3082/2203/2100
f 3083/2205/2138 3084/2202/2139 3085/2204/1731
f 3114/2212/1669 2945/2213/2080 2944/2214/2079
f 3114/2212/1669 3115/2215/1669 2945/2213/2080
f 3115/2216/1669 3116/2217/1669 2945/2218/2080
f 3115/2216/1669 3117/2219/1669 3116/2217/1669
f 3117/2220/1669 3118/2221/1669 3116/2222/1669
f 3117/2220/1669 3119/2223/1669 3118/2221/1669
f 3119/2224/1669 2944/2225/2079 3118/2226/1669
f 3119/2224/1669 3114/2227/1669 2944/2225/2079
f 2949/2182/2083 3120/2189/2145 2947/2183/2082
f 2949/2182/2083 3121/2188/2146 3120/2189/2145
f 3122/2228/1664 3003/2189/2088 2996/2183/1731
f 3122/2228/1664 3123/2229/2147 3003/2189/2088
f 3124/2228/1591 2996/2183/1731 2995/2183/2082
f 3124/2228/1591 3122/2228/1664 2996/2183/1731
f 3122/2228/1664 3124/2228/1591 3067/2203/2085
f 3122/2228/1664 3067/2203/2085 3070/2203/1739
f 3125/2230/1664 3122/2228/1664 3070/2203/1739
f 3125/2230/1664 3070/2203/1739 3075/2204/1731
f 3126/2230/1591 3125/2230/1664 3075/2204/1731
f 3126/2230/1591 3075/2204/1731 3068/2204/2082
f 3124/2228/1591 3126/2230/1591 3068/2204/2082
f 3124/2228/1591 3068/2204/2082 3067/2203/2085
f 3125/2230/1664 3126/2230/1591 2965/2195/2085
f 3126/2230/1591 2966/2196/2082 2965/2195/2085
f 3126/2230/1591 3127/2231/1591 2966/2196/2082
f 3127/2231/1591 2979/2196/1731 2966/2196/2082
f 3127/2231/1591 3128/2231/1664 2979/2196/1731
f 3128/2231/1664 2972/2195/1739 2979/2196/1731
f 3128/2231/1664 3125/2230/1664 2972/2195/1739
f 3125/2230/1664 2965/2195/2085 2972/2195/1739
f 3127/2231/1591 3129/2232/1591 3064/2208/2082
f 3129/2232/1591 3047/2208/1731 3064/2208/2082
f 3129/2232/1591 3130/2232/1664 3047/2208/1731
f 3130/2232/1664 3048/2207/1739 3047/2208/1731
f 3130/2232/1664 3128/2231/1664 3048/2207/1739
f 3128/2231/1664 3063/2207/2085 3048/2207/1739
f 3128/2231/1664 3127/2231/1591 3063/2207/2085
f 3127/2231/1591 3064/2208/2082 3063/2207/2085
f 3130/2232/1664 3129/2232/1591 2951/2185/2085
f 3129/2232/1591 2952/2186/2082 2951/2185/2085
f 3129/2232/1591 3131/2233/1591 2952/2186/2082
f 3131/2233/1591 2959/2186/1731 2952/2186/2082
f 3131/2233/1591 3132/2233/1664 2959/2186/1731
f 3132/2233/1664 2956/2185/1739 2959/2186/1731
f 3132/2233/1664 3130/2232/1664 2956/2185/1739
f 3130/2232/1664 2951/2185/2085 2956/2185/1739
f 3131/2233/1591 3133/2234/1591 3056/2192/2082
f 3133/2234/1591 3061/2192/1731 3056/2192/2082
f 3133/2234/1591 3134/2234/1664 3061/2192/1731
f 3134/2234/1664 3058/2191/1739 3061/2192/1731
f 3134/2234/1664 3132/2233/1664 3058/2191/1739
f 3132/2233/1664 3055/2191/2085 3058/2191/1739
f 3132/2233/1664 3131/2233/1591 3055/2191/2085
f 3131/2233/1591 3056/2192/2082 3055/2191/2085
f 3134/2234/1664 3133/2234/1591 3089/2201/2085
f 3133/2234/1591 2975/2199/2082 3089/2201/2085
f 3133/2234/1591 3109/2210/1370 2975/2199/2082
f 3109/2210/1370 2976/2199/1731 2975/2199/2082
f 3109/2210/1370 3111/2210/2144 2976/2199/1731
f 3111/2210/2144 2989/2201/1739 2976/2199/1731
f 3111/2210/2144 3134/2234/1664 2989/2201/1739
f 3134/2234/1664 3089/2201/2085 2989/2201/1739
f 3135/2234/1661 3077/2192/2104 2962/2192/2092
f 3136/2233/1661 3135/2234/1661 2962/2192/2092
f 3136/2233/1661 2962/2192/2092 2961/2191/1740
f 3137/2233/1667 3136/2233/1661 2961/2191/1740
f 3137/2233/1667 2961/2191/1740 3072/2191/2100
f 3138/2234/1667 3137/2233/1667 3072/2191/2100
f 3137/2233/1667 3138/2234/1667 3018/2192/2082
f 3138/2234/1667 3029/2192/1731 3018/2192/2082
f 3138/2234/1667 3133/2234/1591 3029/2192/1731
f 3133/2234/1591 3024/2191/2121 3029/2192/1731
f 3133/2234/1591 3131/2233/1591 3024/2191/2121
f 3131/2233/1591 3017/2191/1740 3024/2191/2121
f 3131/2233/1591 3137/2233/1667 3017/2191/1740
f 3137/2233/1667 3018/2192/2082 3017/2191/1740
f 3138/2234/1667 2982/2201/1740 2981/2201/2100
f 3138/2234/1667 3135/2234/1661 2982/2201/1740
f 3135/2234/1661 3138/2234/1667 3077/2192/2104
f 3138/2234/1667 3072/2191/2100 3077/2192/2104
f 3135/2234/1661 2985/2199/2103 2982/2201/1740
f 3135/2234/1661 3107/2210/2143 2985/2199/2103
f 3107/2210/2143 2986/2199/2104 2985/2199/2103
f 3107/2210/2143 3106/2210/1370 2986/2199/2104
f 3106/2210/1370 2981/2201/2100 2986/2199/2104
f 3106/2210/1370 3138/2234/1667 2981/2201/2100
f 3138/2234/1667 3106/2210/1370 2969/2199/2082
f 3138/2234/1667 2969/2199/2082 3086/2201/1740
f 3133/2234/1591 3138/2234/1667 3086/2201/1740
f 3133/2234/1591 3086/2201/1740 3113/2201/2121
f 3109/2210/1370 3133/2234/1591 3113/2201/2121
f 3109/2210/1370 3113/2201/2121 2970/2199/1731
f 3106/2210/1370 3109/2210/1370 2970/2199/1731
f 3106/2210/1370 2970/2199/1731 2969/2199/2082
f 3129/2232/1591 3139/2232/1667 3105/2185/1740
f 3129/2232/1591 3105/2185/1740 3100/2185/2121
f 3131/2233/1591 3129/2232/1591 3100/2185/2121
f 3131/2233/1591 3100/2185/2121 3099/2186/1731
f 3137/2233/1667 3131/2233/1591 3099/2186/1731
f 3137/2233/1667 3099/2186/1731 3102/2186/2082
f 3139/2232/1667 3137/2233/1667 3102/2186/2082
f 3139/2232/1667 3102/2186/2082 3105/2185/1740
f 3137/2233/1667 3139/2232/1667 2991/2185/2100
f 3139/2232/1667 2992/2185/1740 2991/2185/2100
f 3139/2232/1667 3140/2232/1661 2992/2185/1740
f 3140/2232/1661 2999/2186/2092 2992/2185/1740
f 3140/2232/1661 3136/2233/1661 2999/2186/2092
f 3136/2233/1661 3000/2186/1731 2999/2186/2092
f 3136/2233/1661 3137/2233/1667 3000/2186/1731
f 3137/2233/1667 2991/2185/2100 3000/2186/1731
f 3141/2231/1661 3040/2208/2092 3039/2207/1740
f 3141/2231/1661 3140/2232/1661 3040/2208/2092
f 3140/2232/1661 3081/2208/1731 3040/2208/2092
f 3140/2232/1661 3139/2232/1667 3081/2208/1731
f 3139/2232/1667 3078/2207/2100 3081/2208/1731
f 3139/2232/1667 3142/2231/1667 3078/2207/2100
f 3142/2231/1667 3139/2232/1667 3032/2208/2082
f 3142/2231/1667 3032/2208/2082 3031/2207/1740
f 3127/2231/1591 3142/2231/1667 3031/2207/1740
f 3127/2231/1591 3031/2207/1740 3034/2207/2121
f 3129/2232/1591 3127/2231/1591 3034/2207/2121
f 3129/2232/1591 3034/2207/2121 3037/2208/1731
f 3139/2232/1667 3129/2232/1591 3037/2208/1731
f 3139/2232/1667 3037/2208/1731 3032/2208/2082
f 3142/2231/1667 3039/2207/1740 3078/2207/2100
f 3142/2231/1667 3141/2231/1661 3039/2207/1740
f 3141/2231/1661 3142/2231/1667 3010/2196/1731
f 3142/2231/1667 3005/2195/2100 3010/2196/1731
f 3141/2231/1661 3010/2196/1731 3009/2196/2092
f 3143/2230/1661 3141/2231/1661 3009/2196/2092
f 3143/2230/1661 3009/2196/2092 3006/2195/1740
f 3144/2230/1667 3143/2230/1661 3006/2195/1740
f 3144/2230/1667 3006/2195/1740 3005/2195/2100
f 3142/2231/1667 3144/2230/1667 3005/2195/2100
f 3144/2230/1667 3142/2231/1667 3094/2196/2082
f 3142/2231/1667 3091/2196/1731 3094/2196/2082
f 3142/2231/1667 3127/2231/1591 3091/2196/1731
f 3127/2231/1591 3092/2195/2121 3091/2196/1731
f 3127/2231/1591 3126/2230/1591 3092/2195/2121
f 3126/2230/1591 3097/2195/1740 3092/2195/2121
f 3126/2230/1591 3144/2230/1667 3097/2195/1740
f 3144/2230/1667 3094/2196/2082 3097/2195/1740
f 3144/2230/1667 3145/2228/1667 3082/2203/2100
f 3145/2228/1667 3013/2203/1740 3082/2203/2100
f 3145/2228/1667 3146/2228/1661 3013/2203/1740
f 3146/2228/1661 3014/2204/2092 3013/2203/1740
f 3146/2228/1661 3143/2230/1661 3014/2204/2092
f 3143/2230/1661 3085/2204/1731 3014/2204/2092
f 3143/2230/1661 3144/2230/1667 3085/2204/1731
f 3144/2230/1667 3082/2203/2100 3085/2204/1731
f 3124/2228/1591 3145/2228/1667 3043/2203/1740
f 3124/2228/1591 3043/2203/1740 3050/2203/2121
f 3126/2230/1591 3124/2228/1591 3050/2203/2121
f 3126/2230/1591 3050/2203/2121 3053/2204/1731
f 3144/2230/1667 3126/2230/1591 3053/2204/1731
f 3144/2230/1667 3053/2204/1731 3044/2204/2082
f 3145/2228/1667 3144/2230/1667 3044/2204/2082
f 3145/2228/1667 3044/2204/2082 3043/2203/1740
f 3147/2229/1591 2995/2183/2082 3148/2189/2145
f 3147/2229/1591 3124/2228/1591 2995/2183/2082
f 3124/2228/1591 3147/2229/1591 2955/2189/2088
f 3124/2228/1591 2955/2189/2088 2948/2183/1731
f 3145/2228/1667 3124/2228/1591 2948/2183/1731
f 3145/2228/1667 2948/2183/1731 2947/2183/2082
f 3149/2229/1591 3145/2228/1667 2947/2183/2082
f 3145/2228/1667 3149/2229/1591 3027/2189/2088
f 3145/2228/1667 3027/2189/2088 3022/2183/1731
f 3146/2228/1661 3145/2228/1667 3022/2183/1731
f 3146/2228/1661 3022/2183/1731 3021/2183/2092
f 3150/2229/2148 3146/2228/1661 3021/2183/2092
f 3150/2229/2148 3021/2183/2092 3151/2189/2145
f 3149/2229/1591 2947/2183/2082 3120/2189/2145
f 2125/2235/1591 2149/2235/1683 2150/2236/1684
f 3023/2182/2120 3151/2189/2145 3021/2183/2092
f 3023/2182/2120 3152/2188/2146 3151/2189/2145
f 2997/2182/2083 3148/2189/2145 2995/2183/2082
f 2997/2182/2083 3153/2188/2146 3148/2189/2145
f 2988/2200/2106 3154/2237/1486 3155/2238/2149
f 2988/2200/2106 2974/2198/2097 3154/2237/1486
f 2984/2198/2102 3156/2237/1735 3157/2237/1362
f 2984/2198/2102 2987/2198/2105 3156/2237/1735
f 2974/2198/2097 3158/2237/2150 3154/2237/1486
f 2974/2198/2097 2977/2198/2098 3158/2237/2150
f 2968/2198/2094 3159/2237/2150 3160/2237/1486
f 2968/2198/2094 2971/2198/2095 3159/2237/2150
f 2960/2190/2091 3161/2239/1499 3162/2240/2150
f 2960/2190/2091 2963/2193/2093 3161/2239/1499
f 3011/2194/2115 3163/2241/1499 3164/2242/2150
f 3011/2194/2115 3004/2197/2112 3163/2241/1499
f 3071/2205/2122 3165/2243/1486 3166/2244/2149
f 3071/2205/2122 3074/2202/2134 3165/2243/1486
f 2987/2198/2105 3167/2238/1499 3156/2237/1735
f 2987/2198/2105 2980/2200/2099 3167/2238/1499
f 3059/2193/2122 3168/2240/1486 3169/2239/2149
f 3059/2193/2122 3060/2190/2090 3168/2240/1486
f 2957/2187/2089 3170/2245/1486 3171/2246/2149
f 2957/2187/2089 2958/2184/2090 3170/2245/1486
f 3001/2184/2111 3172/2246/1499 3173/2245/2150
f 3001/2184/2111 2990/2187/2107 3172/2246/1499
f 3046/2209/2106 3174/2247/1486 3175/2248/2149
f 3046/2209/2106 3049/2206/2090 3174/2247/1486
f 3038/2206/2127 3176/2248/1499 3177/2247/2150
f 3038/2206/2127 3041/2209/2128 3176/2248/1499
f 2973/2197/2096 3178/2242/1486 3179/2241/2149
f 2973/2197/2096 2978/2194/2090 3178/2242/1486
f 3012/2202/2116 3180/2244/1499 3181/2243/2150
f 3012/2202/2116 3015/2205/2117 3180/2244/1499
f 3002/2188/2087 3182/2249/1486 3183/2250/2149
f 3002/2188/2087 2994/2182/2109 3182/2249/1486
f 3023/2182/2120 3184/2250/1499 3185/2249/2150
f 3023/2182/2120 3152/2188/2146 3184/2250/1499
f 2983/2200/2101 3157/2237/1362 3186/2238/2149
f 2983/2200/2101 2984/2198/2102 3157/2237/1362
f 2980/2200/2099 3186/2238/2149 3167/2238/1499
f 2980/2200/2099 2983/2200/2101 3186/2238/2149
f 3088/2200/2132 3155/2238/2149 3187/2238/1499
f 3088/2200/2132 2988/2200/2106 3155/2238/2149
f 2977/2198/2098 3187/2238/1499 3158/2237/2150
f 2977/2198/2098 3088/2200/2132 3187/2238/1499
f 3112/2200/2106 3160/2237/1486 3188/2238/2149
f 3112/2200/2106 2968/2198/2094 3160/2237/1486
f 3087/2200/2119 3188/2238/2149 3189/2238/1499
f 3087/2200/2119 3112/2200/2106 3188/2238/2149
f 2971/2198/2095 3189/2238/1499 3159/2237/2150
f 2971/2198/2095 3087/2200/2119 3189/2238/1499
f 3073/2193/2133 3190/2240/1362 3191/2239/2149
f 3073/2193/2133 3076/2190/2135 3190/2240/1362
f 3076/2190/2135 3162/2240/2150 3190/2240/1362
f 3076/2190/2135 2960/2190/2091 3162/2240/2150
f 2963/2193/2093 3191/2239/2149 3161/2239/1499
f 2963/2193/2093 3073/2193/2133 3191/2239/2149
f 3060/2190/2090 3192/2240/2150 3168/2240/1486
f 3060/2190/2090 3054/2190/2131 3192/2240/2150
f 3057/2193/2132 3169/2239/2149 3193/2239/1499
f 3057/2193/2132 3059/2193/2122 3169/2239/2149
f 3054/2190/2131 3193/2239/1499 3192/2240/2150
f 3054/2190/2131 3057/2193/2132 3193/2239/1499
f 3025/2193/2122 3194/2240/1486 3195/2239/2149
f 3025/2193/2122 3028/2190/2123 3194/2240/1486
f 3028/2190/2123 3196/2240/2150 3194/2240/1486
f 3028/2190/2123 3016/2190/2118 3196/2240/2150
f 3019/2193/2119 3195/2239/2149 3197/2239/1499
f 3019/2193/2119 3025/2193/2122 3195/2239/2149
f 3016/2190/2118 3197/2239/1499 3196/2240/2150
f 3016/2190/2118 3019/2193/2119 3197/2239/1499
f 2993/2187/2108 3198/2245/1486 3199/2246/2149
f 2993/2187/2108 2998/2184/2110 3198/2245/1486
f 2998/2184/2110 3173/2245/2150 3198/2245/1486
f 2998/2184/2110 3001/2184/2111 3173/2245/2150
f 2990/2187/2107 3199/2246/2149 3172/2246/1499
f 2990/2187/2107 2993/2187/2108 3199/2246/2149
f 2958/2184/2090 3200/2245/2150 3170/2245/1486
f 2958/2184/2090 2950/2184/2084 3200/2245/2150
f 2953/2187/2086 3171/2246/2149 3201/2246/1499
f 2953/2187/2086 2957/2187/2089 3171/2246/2149
f 2950/2184/2084 3201/2246/1499 3200/2245/2150
f 2950/2184/2084 2953/2187/2086 3201/2246/1499
f 3098/2187/2089 3202/2245/1486 3203/2246/2149
f 3098/2187/2089 3101/2184/2140 3202/2245/1486
f 3101/2184/2140 3204/2245/2150 3202/2245/1486
f 3101/2184/2140 3103/2184/2141 3204/2245/2150
f 3104/2187/2142 3203/2246/2149 3205/2246/1499
f 3104/2187/2142 3098/2187/2089 3203/2246/2149
f 3103/2184/2141 3205/2246/1499 3204/2245/2150
f 3103/2184/2141 3104/2187/2142 3205/2246/1499
f 3079/2209/2136 3206/2247/1486 3207/2248/2149
f 3079/2209/2136 3080/2206/2137 3206/2247/1486
f 3080/2206/2137 3177/2247/2150 3206/2247/1486
f 3080/2206/2137 3038/2206/2127 3177/2247/2150
f 3041/2209/2128 3207/2248/2149 3176/2248/1499
f 3041/2209/2128 3079/2209/2136 3207/2248/2149
f 3049/2206/2090 3208/2247/2150 3174/2247/1486
f 3049/2206/2090 3062/2206/2124 3208/2247/2150
f 3065/2209/2086 3175/2248/2149 3209/2248/1499
f 3065/2209/2086 3046/2209/2106 3175/2248/2149
f 3062/2206/2124 3209/2248/1499 3208/2247/2150
f 3062/2206/2124 3065/2209/2086 3209/2248/1499
f 3035/2209/2126 3210/2247/1486 3211/2248/2149
f 3035/2209/2126 3036/2206/2123 3210/2247/1486
f 3036/2206/2123 3212/2247/2150 3210/2247/1486
f 3036/2206/2123 3030/2206/2124 3212/2247/2150
f 3033/2209/2125 3211/2248/2149 3213/2248/1499
f 3033/2209/2125 3035/2209/2126 3211/2248/2149
f 3030/2206/2124 3213/2248/1499 3212/2247/2150
f 3030/2206/2124 3033/2209/2125 3213/2248/1499
f 3007/2197/2113 3214/2242/1486 3215/2241/2149
f 3007/2197/2113 3008/2194/2114 3214/2242/1486
f 3008/2194/2114 3164/2242/2150 3214/2242/1486
f 3008/2194/2114 3011/2194/2115 3164/2242/2150
f 3004/2197/2112 3215/2241/2149 3163/2241/1499
f 3004/2197/2112 3007/2197/2113 3215/2241/2149
f 2978/2194/2090 3216/2242/2150 3178/2242/1486
f 2978/2194/2090 2964/2194/2084 3216/2242/2150
f 2967/2197/2086 3179/2241/2149 3217/2241/1499
f 2967/2197/2086 2973/2197/2096 3179/2241/2149
f 2964/2194/2084 3217/2241/1499 3216/2242/2150
f 2964/2194/2084 2967/2197/2086 3217/2241/1499
f 3090/2197/2130 3218/2242/1486 3219/2241/2149
f 3090/2197/2130 3093/2194/2123 3218/2242/1486
f 3093/2194/2123 3220/2242/2150 3218/2242/1486
f 3093/2194/2123 3095/2194/2131 3220/2242/2150
f 3096/2197/2119 3219/2241/2149 3221/2241/1499
f 3096/2197/2119 3090/2197/2130 3219/2241/2149
f 3095/2194/2131 3221/2241/1499 3220/2242/2150
f 3095/2194/2131 3096/2197/2119 3221/2241/1499
f 3083/2205/2138 3222/2243/1486 3223/2244/2149
f 3083/2205/2138 3084/2202/2139 3222/2243/1486
f 3084/2202/2139 3181/2243/2150 3222/2243/1486
f 3084/2202/2139 3012/2202/2116 3181/2243/2150
f 3015/2205/2117 3223/2244/2149 3180/2244/1499
f 3015/2205/2117 3083/2205/2138 3223/2244/2149
f 3074/2202/2134 3224/2243/2150 3165/2243/1486
f 3074/2202/2134 3066/2202/2118 3224/2243/2150
f 3069/2205/2132 3166/2244/2149 3225/2244/1499
f 3069/2205/2132 3071/2205/2122 3166/2244/2149
f 3066/2202/2118 3225/2244/1499 3224/2243/2150
f 3066/2202/2118 3069/2205/2132 3225/2244/1499
f 3051/2205/2130 3226/2243/1486 3227/2244/2149
f 3051/2205/2130 3052/2202/2123 3226/2243/1486
f 3052/2202/2123 3228/2243/2150 3226/2243/1486
f 3052/2202/2123 3042/2202/2129 3228/2243/2150
f 3045/2205/2125 3227/2244/2149 3229/2244/1499
f 3045/2205/2125 3051/2205/2130 3227/2244/2149
f 3042/2202/2129 3229/2244/1499 3228/2243/2150
f 3042/2202/2129 3045/2205/2125 3229/2244/1499
f 3026/2188/2087 3230/2249/1486 3231/2250/2149
f 3026/2188/2087 3020/2182/2114 3230/2249/1486
f 3020/2182/2114 3185/2249/2150 3230/2249/1486
f 3020/2182/2114 3023/2182/2120 3185/2249/2150
f 2994/2182/2109 3232/2249/2150 3182/2249/1486
f 2994/2182/2109 2997/2182/2083 3232/2249/2150
f 2997/2182/2083 3233/2250/1499 3232/2249/2150
f 2997/2182/2083 3153/2188/2146 3233/2250/1499
f 2954/2188/2087 3234/2249/1486 3235/2250/2149
f 2954/2188/2087 2946/2182/2081 3234/2249/1486
f 2946/2182/2081 3236/2249/2150 3234/2249/1486
f 2946/2182/2081 2949/2182/2083 3236/2249/2150
f 2949/2182/2083 3237/2250/1499 3236/2249/2150
f 2949/2182/2083 3121/2188/2146 3237/2250/1499
f 3121/2188/2146 3235/2250/2149 3237/2250/1499
f 3121/2188/2146 2954/2188/2087 3235/2250/2149
f 3153/2188/2146 3183/2250/2149 3233/2250/1499
f 3153/2188/2146 3002/2188/2087 3183/2250/2149
f 3152/2188/2146 3231/2250/2149 3184/2250/1499
f 3152/2188/2146 3026/2188/2087 3231/2250/2149
f 2347/1719/1331 3238/1813/2151 3239/1719/2152
f 2347/1719/1331 2578/1813/1438 3238/1813/2151
f 2343/1717/1331 3240/1803/2151 3241/1717/2152
f 2343/1717/1331 2567/1803/1438 3240/1803/2151
f 3242/1816/1331 3243/2251/2151 3244/1816/2152
f 3242/1816/1331 2544/1801/1438 3243/2251/2151
f 2541/1812/1822 3244/1816/2152 3245/1812/2153
f 2541/1812/1822 3242/1816/1331 3244/1816/2152
f 2540/1805/1821 3245/1812/2153 3246/2252/2154
f 2540/1805/1821 2541/1812/1822 3245/1812/2153
f 2544/1801/1438 3246/2252/2154 3243/2251/2151
f 2544/1801/1438 2540/1805/1821 3246/2252/2154
f 2340/1716/1778 3241/1717/2152 3247/1716/2153
f 2340/1716/1778 2343/1717/1331 3241/1717/2152
f 2564/1802/1835 3247/1716/2153 3248/1802/2154
f 2564/1802/1835 2340/1716/1778 3247/1716/2153
f 2576/1814/1852 3249/1718/2153 3250/1814/2154
f 2576/1814/1852 2344/1718/1781 3249/1718/2153
f 2578/1813/1438 3250/1814/2154 3238/1813/2151
f 2578/1813/1438 2576/1814/1852 3250/1814/2154
f 2586/1808/1861 3251/1807/2152 3252/1808/2153
f 2586/1808/1861 2587/1807/1856 3251/1807/2152
f 2587/1807/1856 3253/2253/2151 3251/1807/2152
f 2587/1807/1856 2590/1811/1862 3253/2253/2151
f 2591/1810/1863 3252/1808/2153 3254/2254/2154
f 2591/1810/1863 2586/1808/1861 3252/1808/2153
f 2590/1811/1862 3254/2254/2154 3253/2253/2151
f 2590/1811/1862 2591/1810/1863 3254/2254/2154
f 2598/1795/1861 3255/1799/2152 3256/1795/2153
f 2598/1795/1861 2599/1799/1868 3255/1799/2152
f 2599/1799/1868 3257/1797/2151 3255/1799/2152
f 2599/1799/1868 2600/1797/1869 3257/1797/2151
f 2602/1796/1826 3256/1795/2153 3258/1796/2154
f 2602/1796/1826 2598/1795/1861 3256/1795/2153
f 2573/1818/1849 3259/1819/2151 3260/1818/2152
f 2573/1818/1849 2613/1819/1874 3259/1819/2151
f 2614/1820/1846 3261/1822/2153 3262/1820/2154
f 2614/1820/1846 2572/1822/1848 3261/1822/2153
f 2613/1819/1874 3262/1820/2154 3259/1819/2151
f 2613/1819/1874 2614/1820/1846 3262/1820/2154
f 2626/1826/1829 3263/1825/2152 3264/1826/2153
f 2626/1826/1829 2627/1825/1878 3263/1825/2152
f 2627/1825/1878 3265/2255/2151 3263/1825/2152
f 2627/1825/1878 2617/1824/1832 3265/2255/2151
f 2618/1827/1877 3264/1826/2153 3266/2256/2154
f 2618/1827/1877 2626/1826/1829 3264/1826/2153
f 2617/1824/1832 3266/2256/2154 3265/2255/2151
f 2617/1824/1832 2618/1827/1877 3266/2256/2154
f 2549/1791/1829 3267/1790/2152 3268/1791/2153
f 2549/1791/1829 2550/1790/1824 3267/1790/2152
f 2550/1790/1824 3269/1793/2151 3267/1790/2152
f 2550/1790/1824 2553/1793/1832 3269/1793/2151
f 2556/1792/1835 3268/1791/2153 3270/1792/2154
f 2556/1792/1835 2549/1791/1829 3268/1791/2153
f 2568/1828/1841 3271/1831/2151 3272/1828/2152
f 2568/1828/1841 2569/1831/1845 3271/1831/2151
f 2570/1830/1846 3273/1829/2153 3274/1830/2154
f 2570/1830/1846 2571/1829/1847 3273/1829/2153
f 2569/1831/1845 3274/1830/2154 3271/1831/2151
f 2569/1831/1845 2570/1830/1846 3274/1830/2154
f 2580/1777/1855 3275/1776/2152 3276/1777/2153
f 2580/1777/1855 2581/1776/1856 3275/1776/2152
f 2581/1776/1856 3277/2257/2151 3275/1776/2152
f 2581/1776/1856 2582/1774/1857 3277/2257/2151
f 2583/1773/1858 3276/1777/2153 3278/2258/2154
f 2583/1773/1858 2580/1777/1855 3276/1777/2153
f 2582/1774/1857 3278/2258/2154 3277/2257/2151
f 2582/1774/1857 2583/1773/1858 3278/2258/2154
f 2596/1783/1855 3279/1787/2152 3280/1783/2153
f 2596/1783/1855 2597/1787/1867 3279/1787/2152
f 2597/1787/1867 3281/1785/2151 3279/1787/2152
f 2597/1787/1867 2588/1785/1857 3281/1785/2151
f 2589/1784/1846 3280/1783/2153 3282/1784/2154
f 2589/1784/1846 2596/1783/1855 3280/1783/2153
f 2585/1764/1860 3283/1767/2151 3284/1764/2152
f 2585/1764/1860 2611/1767/1873 3283/1767/2151
f 2612/1766/1826 3285/1765/2153 3286/1766/2154
f 2612/1766/1826 2584/1765/1859 3285/1765/2153
f 2611/1767/1873 3286/1766/2154 3283/1767/2151
f 2611/1767/1873 2612/1766/1826 3286/1766/2154
f 2630/1770/1823 3287/1771/2152 3288/1770/2153
f 2630/1770/1823 2631/1771/1878 3287/1771/2152
f 2631/1771/1878 3289/2259/2151 3287/1771/2152
f 2631/1771/1878 2628/1768/1825 3289/2259/2151
f 2629/1769/1879 3288/1770/2153 3290/2260/2154
f 2629/1769/1879 2630/1770/1823 3288/1770/2153
f 2628/1768/1825 3290/2260/2154 3289/2259/2151
f 2628/1768/1825 2629/1769/1879 3290/2260/2154
f 2542/1778/1823 3291/1782/2152 3292/1778/2153
f 2542/1778/1823 2543/1782/1824 3291/1782/2152
f 2543/1782/1824 3293/1780/2151 3291/1782/2152
f 2543/1782/1824 2545/1780/1825 3293/1780/2151
f 2546/1779/1826 3292/1778/2153 3294/1779/2154
f 2546/1779/1826 2542/1778/1823 3292/1778/2153
f 2562/1758/1841 3295/1759/2151 3296/1758/2152
f 2562/1758/1841 2563/1759/1842 3295/1759/2151
f 2565/1760/1843 3297/1761/2153 3298/1760/2154
f 2565/1760/1843 2566/1761/1844 3297/1761/2153
f 2563/1759/1842 3298/1760/2154 3295/1759/2151
f 2563/1759/1842 2565/1760/1843 3298/1760/2154
f 2574/1744/1850 3299/1742/2152 3300/1744/2155
f 2574/1744/1850 2575/1742/1851 3299/1742/2152
f 2575/1742/1851 3301/2261/2151 3299/1742/2152
f 2575/1742/1851 2577/1741/1853 3301/2261/2151
f 2579/1740/1854 3300/1744/2155 3302/2262/2154
f 2579/1740/1854 2574/1744/1850 3300/1744/2155
f 2577/1741/1853 3302/2262/2154 3301/2261/2151
f 2577/1741/1853 2579/1740/1854 3302/2262/2154
f 2592/1731/1864 3303/1735/2152 3304/1731/2153
f 2592/1731/1864 2593/1735/1865 3303/1735/2152
f 2593/1735/1865 3305/1733/2151 3303/1735/2152
f 2593/1735/1865 2594/1733/1853 3305/1733/2151
f 2595/1732/1866 3304/1731/2153 3306/1732/2154
f 2595/1732/1866 2592/1731/1864 3304/1731/2153
f 2548/1752/1828 3307/1755/2151 3308/1752/2152
f 2548/1752/1828 2601/1755/1870 3307/1755/2151
f 2603/1754/1871 3309/1753/2155 3310/1754/1370
f 2603/1754/1871 2547/1753/1827 3309/1753/2155
f 2601/1755/1870 3310/1754/1370 3307/1755/2151
f 2601/1755/1870 2603/1754/1871 3310/1754/1370
f 2552/1738/1831 3311/1721/2152 3312/1738/2155
f 2552/1738/1831 2615/1721/1875 3311/1721/2152
f 2615/1721/1875 3313/2263/2151 3311/1721/2152
f 2615/1721/1875 2634/1722/1840 3313/2263/2151
f 2634/1722/1840 3314/2264/2156 3313/2263/2151
f 2634/1722/1840 2551/1736/1830 3314/2264/2156
f 2555/1724/1834 3315/1729/2152 3316/1724/2153
f 2555/1724/1834 2616/1729/1876 3315/1729/2152
f 2616/1729/1876 3317/1727/2151 3315/1729/2152
f 2616/1729/1876 2561/1727/1840 3317/1727/2151
f 2557/1746/1836 3318/1747/2151 3319/1746/2152
f 2557/1746/1836 2558/1747/1837 3318/1747/2151
f 2558/1747/1837 3320/1748/1370 3318/1747/2151
f 2558/1747/1837 2559/1748/1838 3320/1748/1370
f 2344/1718/1781 3239/1719/2152 3249/1718/2153
f 2344/1718/1781 2347/1719/1331 3239/1719/2152
f 2567/1803/1438 3248/1802/2154 3240/1803/2151
f 2567/1803/1438 2564/1802/1835 3248/1802/2154
f 2572/1822/1848 3260/1818/2152 3261/1822/2153
f 2572/1822/1848 2573/1818/1849 3260/1818/2152
f 2553/1793/1832 3270/1792/2154 3269/1793/2151
f 2553/1793/1832 2556/1792/1835 3270/1792/2154
f 2584/1765/1859 3284/1764/2152 3285/1765/2153
f 2584/1765/1859 2585/1764/1860 3284/1764/2152
f 2588/1785/1857 3282/1784/2154 3281/1785/2151
f 2588/1785/1857 2589/1784/1846 3282/1784/2154
f 2566/1761/1844 3296/1758/2152 3297/1761/2153
f 2566/1761/1844 2562/1758/1841 3296/1758/2152
f 2545/1780/1825 3294/1779/2154 3293/1780/2151
f 2545/1780/1825 2546/1779/1826 3294/1779/2154
f 2594/1733/1853 3306/1732/2154 3305/1733/2151
f 2594/1733/1853 2595/1732/1866 3306/1732/2154
f 2560/1750/1839 3319/1746/2152 3321/1750/1369
f 2560/1750/1839 2557/1746/1836 3319/1746/2152
f 2600/1797/1869 3258/1796/2154 3257/1797/2151
f 2600/1797/1869 2602/1796/1826 3258/1796/2154
f 2571/1829/1847 3272/1828/2152 3273/1829/2153
f 2571/1829/1847 2568/1828/1841 3272/1828/2152
f 2547/1753/1827 3308/1752/2152 3309/1753/2155
f 2547/1753/1827 2548/1752/1828 3308/1752/2152
f 2551/1736/1830 3312/1738/2155 3314/2264/2156
f 2551/1736/1830 2552/1738/1831 3312/1738/2155
f 2554/1725/1833 3316/1724/2153 3322/1725/2154
f 2554/1725/1833 2555/1724/1834 3316/1724/2153
f 2559/1748/1838 3321/1750/1369 3320/1748/1370
f 2559/1748/1838 2560/1750/1839 3321/1750/1369
f 2561/1727/1840 3322/1725/2154 3317/1727/2151
f 2561/1727/1840 2554/1725/1833 3322/1725/2154
f 2541/1812/1822 2444/1816/1779 2440/1812/1780
f 2541/1812/1822 3242/1816/1331 2444/1816/1779
f 1680/1061/1342 3323/1902/2157 1679/1061/1297
f 1680/1061/1342 2636/1902/1438 3323/1902/2157
f 1658/1050/1336 3324/1142/2157 1657/1050/1335
f 1658/1050/1336 1857/1142/1438 3324/1142/2157
f 1714/1079/1360 3325/1903/2157 1713/1079/1335
f 1714/1079/1360 2638/1903/1438 3325/1903/2157
f 2652/1904/1880 3326/1905/1298 3327/1904/1302
f 2652/1904/1880 2653/1905/1310 3326/1905/1298
f 1844/1136/1435 3328/1137/1302 3329/1136/1308
f 1844/1136/1435 1846/1137/1343 3328/1137/1302
f 1846/1137/1343 1701/1072/1298 3328/1137/1302
f 1846/1137/1343 1699/1072/1354 1701/1072/1298
f 1813/1127/1358 3330/1128/1308 3331/1127/1357
f 1813/1127/1358 1816/1128/1427 3330/1128/1308
f 1816/1128/1427 3332/1129/1302 3330/1128/1308
f 1816/1128/1427 1818/1129/1313 3332/1129/1302
f 1600/1021/1309 1587/1014/1298 1598/1021/1302
f 1600/1021/1309 1585/1014/1296 1587/1014/1298
f 1819/1130/1432 3331/1127/1357 3333/1130/1298
f 1819/1130/1432 1813/1127/1358 3331/1127/1357
f 1818/1129/1313 3333/1130/1298 3332/1129/1302
f 1818/1129/1313 1819/1130/1432 3333/1130/1298
f 1783/1117/1351 3334/1118/1308 3335/1117/1297
f 1783/1117/1351 1786/1118/1427 3334/1118/1308
f 1668/1055/1339 1670/1056/1308 1667/1055/1297
f 1668/1055/1339 1669/1056/1317 1670/1056/1308
f 1786/1118/1427 3336/1119/1302 3334/1118/1308
f 1786/1118/1427 1788/1119/1328 3336/1119/1302
f 1789/1120/1429 3335/1117/1297 3337/1120/1298
f 1789/1120/1429 1783/1117/1351 3335/1117/1297
f 1788/1119/1328 3337/1120/1298 3336/1119/1302
f 1788/1119/1328 1789/1120/1429 3337/1120/1298
f 1696/1070/1352 3338/1138/1308 1695/1070/1297
f 1696/1070/1352 1850/1138/1437 3338/1138/1308
f 1850/1138/1437 1683/1062/1302 3338/1138/1308
f 1850/1138/1437 1681/1062/1343 1683/1062/1302
f 3339/2265/2158 1657/1050/1335 3324/1142/2157
f 3339/2265/2158 3340/2266/1664 1657/1050/1335
f 3340/2266/1664 1652/1048/1298 1657/1050/1335
f 3340/2266/1664 3341/2267/1595 1652/1048/1298
f 3341/2267/1595 1653/1047/1332 1652/1048/1298
f 3341/2267/1595 3342/2268/2159 1653/1047/1332
f 3342/2268/2159 1713/1079/1335 3325/1903/2157
f 3342/2268/2159 3341/2267/1595 1713/1079/1335
f 3341/2267/1595 1710/1078/1298 1713/1079/1335
f 3341/2267/1595 3343/2269/1595 1710/1078/1298
f 3343/2269/1595 1711/1077/1332 1710/1078/1298
f 3343/2269/1595 3344/2270/2159 1711/1077/1332
f 3344/2270/2159 1679/1061/1297 3323/1902/2157
f 3344/2270/2159 3343/2269/1595 1679/1061/1297
f 3343/2269/1595 1676/1060/1298 1679/1061/1297
f 3343/2269/1595 3345/2271/1665 1676/1060/1298
f 3345/2271/1665 1677/1059/1332 1676/1060/1298
f 3345/2271/1665 3346/2272/2160 1677/1059/1332
f 3347/2273/1595 3327/1904/1302 3326/1905/1298
f 3347/2273/1595 3341/2267/1595 3327/1904/1302
f 3341/2267/1595 1660/1052/1308 3327/1904/1302
f 3341/2267/1595 3340/2266/1664 1660/1052/1308
f 3340/2266/1664 1661/1051/1297 1660/1052/1308
f 3340/2266/1664 3348/2274/1664 1661/1051/1297
f 3348/2274/1664 3326/1905/1298 1661/1051/1297
f 3348/2274/1664 3347/2273/1595 3326/1905/1298
f 3347/2273/1595 3349/2275/1595 1622/1033/1298
f 3349/2275/1595 1623/1032/1302 1622/1033/1298
f 3349/2275/1595 3343/2269/1595 1623/1032/1302
f 3343/2269/1595 1628/1035/1308 1623/1032/1302
f 3343/2269/1595 3341/2267/1595 1628/1035/1308
f 3341/2267/1595 1625/1034/1297 1628/1035/1308
f 3341/2267/1595 3347/2273/1595 1625/1034/1297
f 3347/2273/1595 1622/1033/1298 1625/1034/1297
f 3349/2275/1595 3350/2276/1665 1587/1014/1298
f 3350/2276/1665 1598/1021/1302 1587/1014/1298
f 3350/2276/1665 3345/2271/1665 1598/1021/1302
f 3345/2271/1665 1599/1020/1308 1598/1021/1302
f 3345/2271/1665 3343/2269/1595 1599/1020/1308
f 3343/2269/1595 1586/1015/1297 1599/1020/1308
f 3343/2269/1595 3349/2275/1595 1586/1015/1297
f 3349/2275/1595 1587/1014/1298 1586/1015/1297
f 3351/2277/1595 3352/2278/1665 1646/1045/1298
f 3352/2278/1665 1647/1044/1302 1646/1045/1298
f 3352/2278/1665 3350/2276/1665 1647/1044/1302
f 3350/2276/1665 1698/1071/1308 1647/1044/1302
f 3350/2276/1665 3349/2275/1595 1698/1071/1308
f 3349/2275/1595 1693/1069/1297 1698/1071/1308
f 3349/2275/1595 3351/2277/1595 1693/1069/1297
f 3351/2277/1595 1646/1045/1298 1693/1069/1297
f 3353/2279/1595 3354/2280/1665 1603/1022/1311
f 3354/2280/1665 1610/1027/1302 1603/1022/1311
f 3354/2280/1665 3352/2278/1665 1610/1027/1302
f 3352/2278/1665 1611/1026/1308 1610/1027/1302
f 3352/2278/1665 3351/2277/1595 1611/1026/1308
f 3351/2277/1595 1602/1023/1297 1611/1026/1308
f 3351/2277/1595 3353/2279/1595 1602/1023/1297
f 3353/2279/1595 1603/1022/1311 1602/1023/1297
f 3355/2281/1595 3356/2282/1665 1606/1025/1298
f 3356/2282/1665 1607/1024/1302 1606/1025/1298
f 3356/2282/1665 3354/2280/1665 1607/1024/1302
f 3354/2280/1665 1708/1076/1308 1607/1024/1302
f 3354/2280/1665 3353/2279/1595 1708/1076/1308
f 3353/2279/1595 1705/1075/1357 1708/1076/1308
f 3353/2279/1595 3355/2281/1595 1705/1075/1357
f 3355/2281/1595 1606/1025/1298 1705/1075/1357
f 3357/2283/1665 1591/1016/1302 1590/1017/1301
f 3357/2283/1665 3356/2282/1665 1591/1016/1302
f 3356/2282/1665 1620/1031/1308 1591/1016/1302
f 3356/2282/1665 3355/2281/1595 1620/1031/1308
f 3355/2281/1595 1617/1030/1297 1620/1031/1308
f 3355/2281/1595 3358/2284/1595 1617/1030/1297
f 3358/2284/1595 1590/1017/1301 1617/1030/1297
f 3358/2284/1595 3357/2283/1665 1590/1017/1301
f 1721/1084/1365 1683/1062/1302 1682/1063/1298
f 1721/1084/1365 3357/2283/1665 1683/1062/1302
f 3357/2283/1665 3338/1138/1308 1683/1062/1302
f 3357/2283/1665 3358/2284/1595 3338/1138/1308
f 3358/2284/1595 1695/1070/1297 3338/1138/1308
f 3358/2284/1595 1719/1083/1362 1695/1070/1297
f 1719/1083/1362 1682/1063/1298 1695/1070/1297
f 1719/1083/1362 1721/1084/1365 1682/1063/1298
f 3359/2285/1595 1716/1081/1362 1700/1073/1297
f 1716/1081/1362 1701/1072/1298 1700/1073/1297
f 1716/1081/1362 1719/1083/1362 1701/1072/1298
f 1719/1083/1362 3328/1137/1302 1701/1072/1298
f 1719/1083/1362 3358/2284/1595 3328/1137/1302
f 3358/2284/1595 3329/1136/1308 3328/1137/1302
f 3358/2284/1595 3359/2285/1595 3329/1136/1308
f 3359/2285/1595 1700/1073/1297 3329/1136/1308
f 1717/1082/1363 1716/1081/1362 1686/1065/1346
f 1716/1081/1362 1687/1064/1302 1686/1065/1346
f 1716/1081/1362 3359/2285/1595 1687/1064/1302
f 3359/2285/1595 1692/1068/1308 1687/1064/1302
f 3359/2285/1595 3360/2286/1664 1692/1068/1308
f 3360/2286/1664 1689/1066/1348 1692/1068/1308
f 3360/2286/1664 1717/1082/1363 1689/1066/1348
f 1717/1082/1363 1686/1065/1346 1689/1066/1348
f 3360/2286/1664 3359/2285/1595 3361/1134/2161
f 3359/2285/1595 1594/1019/1302 3361/1134/2161
f 3359/2285/1595 3362/2287/1595 1594/1019/1302
f 3362/2287/1595 1595/1018/1305 1594/1019/1302
f 3362/2287/1595 3363/2288/1664 1595/1018/1305
f 3363/2288/1664 1704/1074/1297 1595/1018/1305
f 3363/2288/1664 3360/2286/1664 1704/1074/1297
f 3360/2286/1664 3361/1134/2161 1704/1074/1297
f 3362/2287/1595 1673/1057/1302 1672/1058/1298
f 3362/2287/1595 3364/2289/1595 1673/1057/1302
f 3364/2289/1595 1614/1029/1308 1673/1057/1302
f 3364/2289/1595 3365/2290/1664 1614/1029/1308
f 3365/2290/1664 1615/1028/1297 1614/1029/1308
f 3365/2290/1664 3363/2288/1664 1615/1028/1297
f 3363/2288/1664 1672/1058/1298 1615/1028/1297
f 3363/2288/1664 3362/2287/1595 1672/1058/1298
f 3364/2289/1595 3366/1123/1302 3367/1125/1311
f 3364/2289/1595 3368/2291/1595 3366/1123/1302
f 3368/2291/1595 1630/1037/1324 3366/1123/1302
f 3368/2291/1595 3369/2292/1664 1630/1037/1324
f 3369/2292/1664 1631/1036/1297 1630/1037/1324
f 3369/2292/1664 3365/2290/1664 1631/1036/1297
f 3365/2290/1664 3367/1125/1311 1631/1036/1297
f 3365/2290/1664 3364/2289/1595 3367/1125/1311
f 3368/2291/1595 1665/1053/1302 1664/1054/1298
f 3368/2291/1595 3347/2273/1595 1665/1053/1302
f 3347/2273/1595 1670/1056/1308 1665/1053/1302
f 3347/2273/1595 3348/2274/1664 1670/1056/1308
f 3348/2274/1664 1667/1055/1297 1670/1056/1308
f 3348/2274/1664 3369/2292/1664 1667/1055/1297
f 3369/2292/1664 1664/1054/1298 1667/1055/1297
f 3369/2292/1664 3368/2291/1595 1664/1054/1298
f 3364/2289/1595 3353/2279/1595 1634/1039/1311
f 3353/2279/1595 1635/1038/1302 1634/1039/1311
f 3353/2279/1595 3351/2277/1595 1635/1038/1302
f 3351/2277/1595 1640/1041/1308 1635/1038/1302
f 3351/2277/1595 3368/2291/1595 1640/1041/1308
f 3368/2291/1595 1637/1040/1297 1640/1041/1308
f 3368/2291/1595 3364/2289/1595 1637/1040/1297
f 3364/2289/1595 1634/1039/1311 1637/1040/1297
f 3368/2291/1595 3351/2277/1595 3337/1120/1298
f 3351/2277/1595 3336/1119/1302 3337/1120/1298
f 3351/2277/1595 3349/2275/1595 3336/1119/1302
f 3349/2275/1595 3334/1118/1308 3336/1119/1302
f 3349/2275/1595 3347/2273/1595 3334/1118/1308
f 3347/2273/1595 3335/1117/1297 3334/1118/1308
f 3347/2273/1595 3368/2291/1595 3335/1117/1297
f 3368/2291/1595 3337/1120/1298 3335/1117/1297
f 3362/2287/1595 3355/2281/1595 3333/1130/1298
f 3355/2281/1595 3332/1129/1302 3333/1130/1298
f 3355/2281/1595 3353/2279/1595 3332/1129/1302
f 3353/2279/1595 3330/1128/1308 3332/1129/1302
f 3353/2279/1595 3364/2289/1595 3330/1128/1308
f 3364/2289/1595 3331/1127/1357 3330/1128/1308
f 3364/2289/1595 3362/2287/1595 3331/1127/1357
f 3362/2287/1595 3333/1130/1298 3331/1127/1357
f 3362/2287/1595 3359/2285/1595 1649/1046/1297
f 3359/2285/1595 1642/1043/1301 1649/1046/1297
f 3359/2285/1595 3358/2284/1595 1642/1043/1301
f 3358/2284/1595 1643/1042/1302 1642/1043/1301
f 3358/2284/1595 3355/2281/1595 1643/1042/1302
f 3355/2281/1595 1656/1049/1308 1643/1042/1302
f 3355/2281/1595 3362/2287/1595 1656/1049/1308
f 3362/2287/1595 1649/1046/1297 1656/1049/1308
f 1702/1073/1355 3329/1136/1308 1700/1073/1297
f 1702/1073/1355 1844/1136/1435 3329/1136/1308
f 2653/1905/1310 1661/1051/1297 3326/1905/1298
f 2653/1905/1310 1659/1051/1337 1661/1051/1297
f 1662/1052/1325 3327/1904/1302 1660/1052/1308
f 1662/1052/1325 2652/1904/1880 3327/1904/1302
f 1809/1123/1431 3367/1125/1311 3366/1123/1302
f 1809/1123/1431 1810/1125/1296 3367/1125/1311
f 1690/1067/1349 1692/1068/1308 1689/1066/1348
f 1690/1067/1349 1691/1068/1350 1692/1068/1308
f 1810/1125/1296 1631/1036/1297 3367/1125/1311
f 1810/1125/1296 1629/1036/1323 1631/1036/1297
f 1632/1037/1325 3366/1123/1302 1630/1037/1324
f 1632/1037/1325 1809/1123/1431 3366/1123/1302
f 1596/1019/1306 3361/1134/2161 1594/1019/1302
f 1596/1019/1306 1839/1134/1434 3361/1134/2161
f 1839/1134/1434 1704/1074/1297 3361/1134/2161
f 1839/1134/1434 1703/1074/1356 1704/1074/1297
f 2902/1682/1664 3370/1679/1763 2901/1681/1664
f 2902/1682/1664 3371/1680/1763 3370/1679/1763
f 3371/1680/1763 3372/1677/1764 3370/1679/1763
f 3371/1680/1763 3373/1678/1764 3372/1677/1764
f 3373/1678/1764 3374/1675/1765 3372/1677/1764
f 3373/1678/1764 3375/1676/1765 3374/1675/1765
f 3375/1676/1765 3376/1673/1591 3374/1675/1765
f 3375/1676/1765 3377/1674/1591 3376/1673/1591
f 3377/1674/1591 3378/1671/1766 3376/1673/1591
f 3377/1674/1591 3379/1672/1766 3378/1671/1766
f 3379/1672/1766 3380/1669/1767 3378/1671/1766
f 3379/1672/1766 3381/1670/1767 3380/1669/1767
f 3381/1670/1767 3382/1666/1768 3380/1669/1767
f 3381/1670/1767 3383/1668/1768 3382/1666/1768
f 3383/1668/1768 2905/1667/1661 3382/1666/1768
f 3383/1668/1768 2903/1665/1661 2905/1667/1661
f 2920/1665/1660 3384/1666/2162 2919/1667/1660
f 2920/1665/1660 3385/1668/2162 3384/1666/2162
f 3385/1668/2162 3386/1669/2163 3384/1666/2162
f 3385/1668/2162 3387/1670/2163 3386/1669/2163
f 3387/1670/2163 3388/1671/2164 3386/1669/2163
f 3387/1670/2163 3389/1672/2164 3388/1671/2164
f 3389/1672/2164 3390/1673/1669 3388/1671/2164
f 3389/1672/2164 3391/1674/1669 3390/1673/1669
f 3391/1674/1669 3392/1675/2165 3390/1673/1669
f 3391/1674/1669 3393/1676/2165 3392/1675/2165
f 3393/1676/2165 3394/1677/2166 3392/1675/2165
f 3393/1676/2165 3395/1678/2166 3394/1677/2166
f 3395/1678/2166 3396/1679/2167 3394/1677/2166
f 3395/1678/2166 3397/1680/2167 3396/1679/2167
f 3397/1680/2167 2887/1681/1665 3396/1679/2167
f 3397/1680/2167 2885/1682/1665 2887/1681/1665
f 2944/2181/2079 3134/2234/1664 3111/2210/2144
f 2944/2181/2079 3398/2293/1595 3134/2234/1664
f 3398/2293/1595 3132/2233/1664 3134/2234/1664
f 3398/2293/1595 3399/2294/1595 3132/2233/1664
f 3399/2294/1595 3130/2232/1664 3132/2233/1664
f 3399/2294/1595 3400/2295/1595 3130/2232/1664
f 3400/2295/1595 3128/2231/1664 3130/2232/1664
f 3400/2295/1595 3401/2296/1595 3128/2231/1664
f 3401/2296/1595 3125/2230/1664 3128/2231/1664
f 3401/2296/1595 3402/2297/1595 3125/2230/1664
f 3402/2297/1595 3122/2228/1664 3125/2230/1664
f 3402/2297/1595 3403/2298/1595 3122/2228/1664
f 3403/2298/1595 3123/2229/2147 3122/2228/1664
f 3403/2298/1595 3404/2299/1595 3123/2229/2147
f 3405/2299/1659 3146/2228/1661 3150/2229/2148
f 3405/2299/1659 3406/2298/1659 3146/2228/1661
f 3406/2298/1659 3143/2230/1661 3146/2228/1661
f 3406/2298/1659 3407/2297/1659 3143/2230/1661
f 3407/2297/1659 3141/2231/1661 3143/2230/1661
f 3407/2297/1659 3408/2296/1659 3141/2231/1661
f 3408/2296/1659 3140/2232/1661 3141/2231/1661
f 3408/2296/1659 3409/2295/1659 3140/2232/1661
f 3409/2295/1659 3136/2233/1661 3140/2232/1661
f 3409/2295/1659 3410/2294/1659 3136/2233/1661
f 3410/2294/1659 3135/2234/1661 3136/2233/1661
f 3410/2294/1659 3411/2293/2168 3135/2234/1661
f 3411/2293/2168 3107/2210/2143 3135/2234/1661
f 3411/2293/2168 2945/2181/2080 3107/2210/2143
f 2518/2300/1659 2532/2301/1659 2537/2302/1659
f 2518/2300/1659 2535/2303/1659 2532/2301/1659
f 2518/2300/1659 2517/2304/1659 2535/2303/1659
f 2517/2304/1659 2536/2305/1659 2535/2303/1659
f 2517/2304/1659 2520/2306/1659 2536/2305/1659
f 2522/2307/1659 2536/2305/1659 2520/2306/1659
f 2522/2307/1659 2537/2302/1659 2536/2305/1659
f 2518/2300/1659 2537/2302/1659 2522/2307/1659
f 3412/2265/1591 3340/2266/1664 3339/2265/2158
f 3412/2265/1591 3413/2266/1591 3340/2266/1664
f 3413/2266/1591 3348/2274/1664 3340/2266/1664
f 3413/2266/1591 3414/2274/1591 3348/2274/1664
f 3414/2274/1591 3369/2292/1664 3348/2274/1664
f 3414/2274/1591 3415/2292/1591 3369/2292/1664
f 3415/2292/1591 3365/2290/1664 3369/2292/1664
f 3415/2292/1591 3416/2290/1591 3365/2290/1664
f 3416/2290/1591 3363/2288/1664 3365/2290/1664
f 3416/2290/1591 3417/2288/1591 3363/2288/1664
f 3417/2288/1591 3360/2286/1664 3363/2288/1664
f 3417/2288/1591 3418/2286/2169 3360/2286/1664
f 3418/2286/2169 1717/1082/1363 3360/2286/1664
f 3418/2286/2169 1715/1080/1361 1717/1082/1363
f 1722/1085/1366 3357/2283/1665 1721/1084/1365
f 1722/1085/1366 3419/2283/1669 3357/2283/1665
f 3419/2283/1669 3356/2282/1665 3357/2283/1665
f 3419/2283/1669 3420/2282/1669 3356/2282/1665
f 3420/2282/1669 3354/2280/1665 3356/2282/1665
f 3420/2282/1669 3421/2280/1669 3354/2280/1665
f 3421/2280/1669 3352/2278/1665 3354/2280/1665
f 3421/2280/1669 3422/2278/1669 3352/2278/1665
f 3422/2278/1669 3350/2276/1665 3352/2278/1665
f 3422/2278/1669 3423/2276/1669 3350/2276/1665
f 3423/2276/1669 3345/2271/1665 3350/2276/1665
f 3423/2276/1669 3424/2271/1669 3345/2271/1665
f 3424/2271/1669 3346/2272/2160 3345/2271/1665
f 3424/2271/1669 3425/2272/1669 3346/2272/2160
f 1733/2308/1375 3426/2309/1659 3427/2310/1659
f 1730/2311/1372 3426/2309/1659 1733/2308/1375
f 1730/2311/1372 3428/2312/1659 3426/2309/1659
f 1732/2313/1374 3428/2312/1659 1730/2311/1372
f 1732/2313/1374 3429/2314/1659 3428/2312/1659
f 1735/2315/1377 3429/2314/1659 1732/2313/1374
f 1735/2315/1377 3427/2310/1659 3429/2314/1659
f 1733/2308/1375 3427/2310/1659 1735/2315/1377
f 3430/1841/1591 2465/2316/1796 2464/2317/1795
f 3430/1841/1591 3431/1839/1591 2465/2316/1796
f 3432/1838/1591 3431/1839/1591 3430/1841/1591
f 3432/1838/1591 3433/1840/1591 3431/1839/1591
f 2154/2318/1688 2138/2319/1673 2150/2320/1684
f 2201/2321/1727 2285/2322/1753 2282/2323/1753
f 2201/2321/1727 2187/2324/1713 2285/2322/1753
f 2187/2324/1713 2283/2325/1753 2285/2322/1753
f 2187/2324/1713 2038/2326/1596 2283/2325/1753
f 2038/2326/1596 2284/2327/1753 2283/2325/1753
f 2038/2326/1596 1584/2328/1295 2284/2327/1753
f 1584/2328/1295 2282/2323/1753 2284/2327/1753
f 1584/2328/1295 2201/2321/1727 2282/2323/1753
f 3434/2329/1591 3435/2330/1591 3436/2331/1591
f 3434/2329/1591 3437/2332/1591 3435/2330/1591
f 3438/2333/1591 3437/2332/1591 3434/2329/1591
f 3438/2333/1591 3439/2334/1591 3437/2332/1591
f 3440/2335/1591 3439/2334/1591 3438/2333/1591
f 3440/2335/1591 3441/2336/1591 3439/2334/1591
f 2207/1591/1731 3436/2331/1591 2223/1599/1739
f 2207/1591/1731 3434/2329/1591 3436/2331/1591
f 2209/1592/1733 3434/2329/1591 2207/1591/1731
f 2209/1592/1733 3438/2333/1591 3434/2329/1591
f 2234/1604/1740 3438/2333/1591 2209/1592/1733
f 2234/1604/1740 3440/2335/1591 3438/2333/1591
f 2223/1599/1739 3440/2335/1591 2234/1604/1740
f 2223/1599/1739 3436/2331/1591 3440/2335/1591
f 3436/2331/1591 3441/2336/1591 3440/2335/1591
f 3436/2331/1591 3435/2330/1591 3441/2336/1591
f 3435/2330/1591 2279/1635/1751 3441/2336/1591
f 3435/2330/1591 2271/1631/1562 2279/1635/1751
f 3437/2332/1591 2271/1631/1562 3435/2330/1591
f 3437/2332/1591 2269/1632/1644 2271/1631/1562
f 3439/2334/1591 2269/1632/1644 3437/2332/1591
f 3439/2334/1591 2281/1634/1752 2269/1632/1644
f 3441/2336/1591 2281/1634/1752 3439/2334/1591
f 3441/2336/1591 2279/1635/1751 2281/1634/1752
f 2148/2337/1682 2151/2338/1685 2149/2339/1683
f 3442/2340/1659 3443/2341/1659 3444/2342/1659
f 3442/2340/1659 3445/2343/1659 3443/2341/1659
f 3446/2344/1659 3445/2343/1659 3442/2340/1659
f 3446/2344/1659 3447/2345/1659 3445/2343/1659
f 3448/2346/1659 3447/2345/1659 3446/2344/1659
f 3448/2346/1659 3449/2347/1659 3447/2345/1659
f 2215/1595/1736 3444/2342/1659 2205/1590/1730
f 2215/1595/1736 3442/2340/1659 3444/2342/1659
f 2217/1596/1737 3442/2340/1659 2215/1595/1736
f 2217/1596/1737 3446/2344/1659 3442/2340/1659
f 2203/1589/1729 3446/2344/1659 2217/1596/1737
f 2203/1589/1729 3448/2346/1659 3446/2344/1659
f 2205/1590/1730 3448/2346/1659 2203/1589/1729
f 2205/1590/1730 3444/2342/1659 3448/2346/1659
f 3444/2342/1659 3449/2347/1659 3448/2346/1659
f 3444/2342/1659 3443/2341/1659 3449/2347/1659
f 3443/2341/1659 2289/1664/1560 3449/2347/1659
f 3443/2341/1659 2273/1633/1750 2289/1664/1560
f 3445/2343/1659 2273/1633/1750 3443/2341/1659
f 3445/2343/1659 2265/1629/1642 2273/1633/1750
f 3447/2345/1659 2265/1629/1642 3445/2343/1659
f 3447/2345/1659 2263/1630/1641 2265/1629/1642
f 3449/2347/1659 2263/1630/1641 3447/2345/1659
f 3449/2347/1659 2289/1664/1560 2263/1630/1641
f 2144/2348/1679 2152/2349/1686 2146/2350/1680
f 2829/2351/2049 2163/2352/1692 2826/2353/2046
f 2829/2351/2049 2162/2354/1690 2163/2352/1692
f 2830/2355/2050 2162/2354/1690 2829/2351/2049
f 2830/2355/2050 2160/2356/1690 2162/2354/1690
f 2818/2357/2039 2160/2356/1690 2830/2355/2050
f 2818/2357/2039 2161/2358/1691 2160/2356/1690
f 2153/2359/1687 2141/2360/1676 2140/2361/1675
f 3450/2362/2170 3451/2363/2171 3452/2364/2172
f 3450/2362/2170 3453/2365/2173 3451/2363/2171
f 3454/2366/2174 3453/2365/2173 3450/2362/2170
f 3454/2366/2174 3455/2367/2175 3453/2365/2173
f 3456/2368/2176 3455/2367/2175 3454/2366/2174
f 3456/2368/2176 3457/2369/2177 3455/2367/2175
f 3458/2370/2170 3457/2369/2177 3456/2368/2176
f 3458/2370/2170 3459/2371/2178 3457/2369/2177
f 3460/2372/2179 3459/2371/2178 3458/2370/2170
f 3460/2372/2179 3461/2373/2180 3459/2371/2178
f 3462/2374/2181 3461/2373/2180 3460/2372/2179
f 3462/2374/2181 3463/2375/2182 3461/2373/2180
f 3463/2375/2182 3462/2374/2181 2660/1911/1886
f 3463/2375/2182 2660/1911/1886 2662/1913/1888
f 2664/1915/1890 2657/1908/1883 3464/2376/2183
f 2664/1915/1890 3464/2376/2183 3452/2364/2172
f 2665/1916/1891 2664/1915/1890 3452/2364/2172
f 2665/1916/1891 3452/2364/2172 3451/2363/2171
f 2656/1907/1882 2665/1916/1891 3451/2363/2171
f 2656/1907/1882 3451/2363/2171 3465/2377/2184
f 2657/1908/1883 2656/1907/1882 3465/2377/2184
f 2657/1908/1883 3465/2377/2184 3464/2376/2183
f 3466/2378/2185 3464/2376/2183 3465/2377/2184
f 3466/2378/2185 3467/2379/2186 3464/2376/2183
f 3468/2380/2187 3467/2379/2186 3466/2378/2185
f 3468/2380/2187 3469/2381/2188 3467/2379/2186
f 3470/2382/2189 3469/2381/2188 3468/2380/2187
f 3470/2382/2189 3471/2383/2190 3469/2381/2188
f 3472/2384/2191 3471/2383/2190 3470/2382/2189
f 3472/2384/2191 3473/2385/2192 3471/2383/2190
f 3474/2386/2193 3473/2385/2192 3472/2384/2191
f 3474/2386/2193 3475/2387/2194 3473/2385/2192
f 3476/2388/2195 3475/2387/2194 3474/2386/2193
f 3476/2388/2195 3477/2389/2196 3475/2387/2194
f 3477/2389/2196 3476/2388/2195 2659/1910/1885
f 3477/2389/2196 2659/1910/1885 2661/1912/1887
f 3462/2374/2181 3477/2389/2196 2661/1912/1887
f 3462/2374/2181 2661/1912/1887 2660/1911/1886
f 3467/2379/2186 3452/2364/2172 3464/2376/2183
f 3467/2379/2186 3450/2362/2170 3452/2364/2172
f 3469/2381/2188 3450/2362/2170 3467/2379/2186
f 3469/2381/2188 3454/2366/2174 3450/2362/2170
f 3471/2383/2190 3454/2366/2174 3469/2381/2188
f 3471/2383/2190 3456/2368/2176 3454/2366/2174
f 3473/2385/2192 3456/2368/2176 3471/2383/2190
f 3473/2385/2192 3458/2370/2170 3456/2368/2176
f 3475/2387/2194 3458/2370/2170 3473/2385/2192
f 3475/2387/2194 3460/2372/2179 3458/2370/2170
f 3477/2389/2196 3460/2372/2179 3475/2387/2194
f 3477/2389/2196 3462/2374/2181 3460/2372/2179
f 3453/2365/2173 3465/2377/2184 3451/2363/2171
f 3453/2365/2173 3466/2378/2185 3465/2377/2184
f 3455/2367/2175 3466/2378/2185 3453/2365/2173
f 3455/2367/2175 3468/2380/2187 3466/2378/2185
f 3457/2369/2177 3468/2380/2187 3455/2367/2175
f 3457/2369/2177 3470/2382/2189 3468/2380/2187
f 3459/2371/2178 3470/2382/2189 3457/2369/2177
f 3459/2371/2178 3472/2384/2191 3470/2382/2189
f 3461/2373/2180 3472/2384/2191 3459/2371/2178
f 3461/2373/2180 3474/2386/2193 3472/2384/2191
f 3463/2375/2182 3474/2386/2193 3461/2373/2180
f 3463/2375/2182 3476/2388/2195 3474/2386/2193
f 3476/2388/2195 3463/2375/2182 2662/1913/1888
f 3476/2388/2195 2662/1913/1888 2659/1910/1885
f 2143/2390/1678 2152/2349/1686 2144/2348/1679
f 3478/1682/1665 3479/1679/2067 3480/1681/1665
f 3478/1682/1665 3481/1680/2067 3479/1679/2067
f 3481/1680/2067 3482/1677/2068 3479/1679/2067
f 3481/1680/2067 3483/1678/2068 3482/1677/2068
f 3483/1678/2068 3484/1675/2069 3482/1677/2068
f 3483/1678/2068 3485/1676/2069 3484/1675/2069
f 3485/1676/2069 3486/1673/1595 3484/1675/2069
f 3485/1676/2069 3487/1674/1595 3486/1673/1595
f 3487/1674/1595 3488/1671/2070 3486/1673/1595
f 3487/1674/1595 3489/1672/2070 3488/1671/2070
f 3489/1672/2070 3490/1669/2071 3488/1671/2070
f 3489/1672/2070 3491/1670/2071 3490/1669/2071
f 3491/1670/2071 3492/1666/2072 3490/1669/2071
f 3491/1670/2071 3493/1668/2072 3492/1666/2072
f 3493/1668/2072 2311/1667/1664 3492/1666/2072
f 3493/1668/2072 2309/1665/1664 2311/1667/1664
f 2308/1700/1660 3494/1697/2162 2307/1699/1660
f 2308/1700/1660 3495/1698/2162 3494/1697/2162
f 3495/1698/2162 3496/1695/2163 3494/1697/2162
f 3495/1698/2162 3497/1696/2163 3496/1695/2163
f 3497/1696/2163 3498/1693/2164 3496/1695/2163
f 3497/1696/2163 3499/1694/2164 3498/1693/2164
f 3499/1694/2164 3500/2146/1669 3498/1693/2164
f 3499/1694/2164 3501/2147/1669 3500/2146/1669
f 3501/2147/1669 3502/1689/2165 3500/2146/1669
f 3501/2147/1669 3503/1690/2165 3502/1689/2165
f 3503/1690/2165 3504/1687/2166 3502/1689/2165
f 3503/1690/2165 3505/1688/2166 3504/1687/2166
f 3505/1688/2166 3506/1684/2167 3504/1687/2166
f 3505/1688/2166 3507/1686/2167 3506/1684/2167
f 3507/1686/2167 3480/1685/1665 3506/1684/2167
f 3507/1686/2167 3478/1683/1665 3480/1685/1665
f 1767/1102/1409 1766/1102/1408 3508/1102/1665
f 1766/1102/1408 3509/1102/2067 3508/1102/1665
f 1766/1102/1408 1765/1102/1407 3509/1102/2067
f 1765/1102/1407 3510/1102/2068 3509/1102/2067
f 1765/1102/1407 1764/1102/1406 3510/1102/2068
f 1764/1102/1406 3511/1102/2197 3510/1102/2068
f 1764/1102/1406 1768/1102/1410 3511/1102/2197
f 1768/1102/1410 3512/1102/1595 3511/1102/2197
f 1768/1102/1410 1759/1102/1401 3512/1102/1595
f 1759/1102/1401 3513/1102/2198 3512/1102/1595
f 1759/1102/1401 1760/1102/1402 3513/1102/2198
f 1760/1102/1402 3514/1102/2071 3513/1102/2198
f 1760/1102/1402 1745/1102/1387 3514/1102/2071
f 1745/1102/1387 3515/1102/2072 3514/1102/2071
f 1745/1102/1387 1750/1102/1392 3515/1102/2072
f 1750/1102/1392 3516/1102/1664 3515/1102/2072
f 1750/1102/1392 1749/1102/1391 3516/1102/1664
f 1749/1102/1391 3517/1102/1763 3516/1102/1664
f 1749/1102/1391 1748/1102/1390 3517/1102/1763
f 1748/1102/1390 3518/1102/1764 3517/1102/1763
f 1748/1102/1390 1747/1102/1389 3518/1102/1764
f 1747/1102/1389 3519/1102/2199 3518/1102/1764
f 1747/1102/1389 1751/1102/1393 3519/1102/2199
f 1751/1102/1393 3520/1102/2200 3519/1102/2199
f 1751/1102/1393 1752/1102/1394 3520/1102/2200
f 1752/1102/1394 3521/1102/2201 3520/1102/2200
f 1752/1102/1394 1753/1102/1395 3521/1102/2201
f 1753/1102/1395 3522/1102/2202 3521/1102/2201
f 1753/1102/1395 1744/1102/1386 3522/1102/2202
f 1744/1102/1386 3523/1102/2203 3522/1102/2202
f 1744/1102/1386 1746/1102/1388 3523/1102/2203
f 1746/1102/1388 3524/1102/2204 3523/1102/2203
f 1746/1102/1388 1743/1102/1385 3524/1102/2204
f 1743/1102/1385 3525/1102/2205 3524/1102/2204
f 1743/1102/1385 1742/1102/1384 3525/1102/2205
f 1742/1102/1384 3526/1102/2206 3525/1102/2205
f 1742/1102/1384 1739/1102/1381 3526/1102/2206
f 1739/1102/1381 3527/1102/1759 3526/1102/2206
f 1739/1102/1381 1738/1102/1380 3527/1102/1759
f 1738/1102/1380 3528/1102/1659 3527/1102/1759
f 1738/1102/1380 1737/1102/1379 3528/1102/1659
f 1737/1102/1379 3529/1102/1760 3528/1102/1659
f 1737/1102/1379 1741/1102/1383 3529/1102/1760
f 1741/1102/1383 3530/1102/1761 3529/1102/1760
f 1741/1102/1383 1740/1102/1382 3530/1102/1761
f 1740/1102/1382 3531/1102/2207 3530/1102/1761
f 1740/1102/1382 1757/1102/1399 3531/1102/2207
f 1757/1102/1399 3532/1102/2208 3531/1102/2207
f 1757/1102/1399 1756/1102/1398 3532/1102/2208
f 1756/1102/1398 3533/1102/2209 3532/1102/2208
f 1756/1102/1398 1755/1102/1397 3533/1102/2209
f 1755/1102/1397 3534/1102/2210 3533/1102/2209
f 1755/1102/1397 1754/1102/1396 3534/1102/2210
f 1754/1102/1396 3535/1102/2211 3534/1102/2210
f 1754/1102/1396 1763/1102/1405 3535/1102/2211
f 1763/1102/1405 3536/1102/2212 3535/1102/2211
f 1763/1102/1405 1762/1102/1404 3536/1102/2212
f 1762/1102/1404 3537/1102/2213 3536/1102/2212
f 1762/1102/1404 1761/1102/1403 3537/1102/2213
f 1761/1102/1403 3538/1102/2166 3537/1102/2213
f 1761/1102/1403 1758/1102/1400 3538/1102/2166
f 1758/1102/1400 3539/1102/2167 3538/1102/2166
f 1758/1102/1400 1767/1102/1409 3539/1102/2167
f 1767/1102/1409 3508/1102/1665 3539/1102/2167
f 1734/2391/1376 1736/2392/1378 2033/2393/1595
f 1736/2392/1378 2035/2394/1595 2033/2393/1595
f 1736/2392/1378 1729/2395/1371 2035/2394/1595
f 1729/2395/1371 2036/2396/1595 2035/2394/1595
f 1729/2395/1371 1731/2397/1373 2036/2396/1595
f 1731/2397/1373 2030/2398/1595 2036/2396/1595
f 1731/2397/1373 1734/2391/1376 2030/2398/1595
f 1734/2391/1376 2033/2393/1595 2030/2398/1595
f 2032/2399/1595 2031/2400/1595 1724/2401/1368
f 2031/2400/1595 1728/2402/1302 1724/2401/1368
f 2031/2400/1595 2034/2403/1595 1728/2402/1302
f 2034/2403/1595 1725/2404/1308 1728/2402/1302
f 2034/2403/1595 2037/2405/1595 1725/2404/1308
f 2037/2405/1595 1723/2406/1367 1725/2404/1308
f 2037/2405/1595 2032/2399/1595 1723/2406/1367
f 2032/2399/1595 1724/2401/1368 1723/2406/1367
f 3540/2407/1659 3541/2408/1659 1722/2409/1366
f 3541/2408/1659 1715/2410/1361 1722/2409/1366
f 3541/2408/1659 3542/2411/1659 1715/2410/1361
f 3542/2411/1659 3543/2412/1659 1715/2410/1361
f 3542/2411/1659 3544/2413/1659 3543/2412/1659
f 3544/2413/1659 3545/2414/1659 3543/2412/1659
f 3544/2413/1659 3540/2407/1659 3545/2414/1659
f 3540/2407/1659 1722/2409/1366 3545/2414/1659
f 3546/2415/1595 3547/2416/1595 2538/2417/1819
f 3547/2416/1595 2539/2418/1820 2538/2417/1819
f 3547/2416/1595 3548/2419/1595 2539/2418/1820
f 3548/2419/1595 3549/2420/1595 2539/2418/1820
f 3548/2419/1595 3550/2421/1595 3549/2420/1595
f 3550/2421/1595 3551/2422/1595 3549/2420/1595
f 3550/2421/1595 3546/2415/1595 3551/2422/1595
f 3546/2415/1595 2538/2417/1819 3551/2422/1595
f 2922/2117/2063 2921/2117/2064 2924/2120/1776
f 2924/2120/1776 2921/2117/2064 2929/2125/1370
f 2921/2117/2064 2923/2119/2066 2929/2125/1370
f 2923/2119/2066 2926/2123/1770 2929/2125/1370
f 2923/2119/2066 2925/2122/1775 2926/2123/1770
f 2926/2123/1770 2927/2123/1362 2929/2125/1370
f 2927/2123/1362 2928/2123/1746 2929/2125/1370
f 2141/2360/1676 2153/2359/1687 2142/2423/1677
f 2024/2424/1591 2941/2425/1591 2028/2426/1591
f 2028/2426/1591 2941/2425/1591 2940/2427/1591
f 2028/2426/1591 2940/2427/1591 2026/2428/1591
f 2023/2429/1591 2026/2428/1591 2940/2427/1591
f 2023/2429/1591 2940/2427/1591 2938/2430/1591
f 2024/2424/1591 2023/2429/1591 2938/2430/1591
f 2024/2424/1591 2938/2430/1591 2943/2431/1591
f 2024/2424/1591 2943/2431/1591 2941/2425/1591
f 2932/2432/2075 3552/2433/1669 2931/2434/2074
f 2931/2434/2074 3552/2433/1669 3553/2435/1669
f 2931/2434/2074 3553/2435/1669 2930/2436/2073
f 2930/2436/2073 3553/2435/1669 3554/2437/1669
f 2930/2436/2073 3554/2437/1669 2933/2438/2076
f 2933/2438/2076 3554/2437/1669 3555/2439/1669
f 2933/2438/2076 3555/2439/1669 2932/2432/2075
f 2932/2432/2075 3555/2439/1669 3552/2433/1669
f 2139/2440/1674 2138/2319/1673 2154/2318/1688
f 3556/1698/2162 3557/1699/1660 3558/1700/1660
f 3556/1698/2162 3559/1697/2162 3557/1699/1660
f 3560/1696/2163 3559/1697/2162 3556/1698/2162
f 3560/1696/2163 3561/1695/2163 3559/1697/2162
f 3562/1694/2164 3561/1695/2163 3560/1696/2163
f 3562/1694/2164 3563/1693/2164 3561/1695/2163
f 3564/2147/1669 3563/1693/2164 3562/1694/2164
f 3564/2147/1669 3565/2146/1669 3563/1693/2164
f 3566/1690/2165 3565/2146/1669 3564/2147/1669
f 3566/1690/2165 3567/1689/2165 3565/2146/1669
f 3568/1688/2166 3567/1689/2165 3566/1690/2165
f 3568/1688/2166 3569/1687/2166 3567/1689/2165
f 3570/1686/2167 3569/1687/2166 3568/1688/2166
f 3570/1686/2167 3571/1684/2167 3569/1687/2166
f 3572/1683/1665 3571/1684/2167 3570/1686/2167
f 3572/1683/1665 3573/1685/1665 3571/1684/2167
f 3574/1686/2067 3573/1685/1665 3572/1683/1665
f 3574/1686/2067 3575/1684/2067 3573/1685/1665
f 3576/1688/2068 3575/1684/2067 3574/1686/2067
f 3576/1688/2068 3577/1687/2068 3575/1684/2067
f 3578/1690/2069 3577/1687/2068 3576/1688/2068
f 3578/1690/2069 3579/1689/2069 3577/1687/2068
f 3580/1692/1595 3579/1689/2069 3578/1690/2069
f 3580/1692/1595 3581/1691/1595 3579/1689/2069
f 3582/1694/2070 3581/1691/1595 3580/1692/1595
f 3582/1694/2070 3583/1693/2070 3581/1691/1595
f 3584/1696/2071 3583/1693/2070 3582/1694/2070
f 3584/1696/2071 3585/1695/2071 3583/1693/2070
f 3586/1698/2072 3585/1695/2071 3584/1696/2071
f 3586/1698/2072 3587/1697/2072 3585/1695/2071
f 3588/1700/1664 3587/1697/2072 3586/1698/2072
f 3588/1700/1664 3589/1699/1664 3587/1697/2072
f 3590/1686/1763 3589/1685/1664 3588/1683/1664
f 3590/1686/1763 3591/1684/1763 3589/1685/1664
f 3592/1688/1764 3591/1684/1763 3590/1686/1763
f 3592/1688/1764 3593/1687/1764 3591/1684/1763
f 3594/1690/1765 3593/1687/1764 3592/1688/1764
f 3594/1690/1765 3595/1689/1765 3593/1687/1764
f 3596/2147/1591 3595/1689/1765 3594/1690/1765
f 3596/2147/1591 3597/2146/1591 3595/1689/1765
f 3598/1694/1766 3597/2146/1591 3596/2147/1591
f 3598/1694/1766 3599/1693/1766 3597/2146/1591
f 3600/1696/1767 3599/1693/1766 3598/1694/1766
f 3600/1696/1767 3601/1695/1767 3599/1693/1766
f 3602/1698/1768 3601/1695/1767 3600/1696/1767
f 3602/1698/1768 3603/1697/1768 3601/1695/1767
f 3604/1700/1661 3603/1697/1768 3602/1698/1768
f 3604/1700/1661 3605/1699/1661 3603/1697/1768
f 3606/1698/1757 3605/1699/1661 3604/1700/1661
f 3606/1698/1757 3607/1697/1757 3605/1699/1661
f 3608/1696/1758 3607/1697/1757 3606/1698/1757
f 3608/1696/1758 3609/1695/1758 3607/1697/1757
f 3610/1694/1759 3609/1695/1758 3608/1696/1758
f 3610/1694/1759 3611/1693/1759 3609/1695/1758
f 3612/2147/1659 3611/1693/1759 3610/1694/1759
f 3612/2147/1659 3613/2146/1659 3611/1693/1759
f 3614/1690/1760 3613/2146/1659 3612/2147/1659
f 3614/1690/1760 3615/1689/1760 3613/2146/1659
f 3616/1688/1761 3615/1689/1760 3614/1690/1760
f 3616/1688/1761 3617/1687/1761 3615/1689/1760
f 3618/1686/1762 3617/1687/1761 3616/1688/1761
f 3618/1686/1762 3619/1684/1762 3617/1687/1761
f 3558/1683/1660 3619/1684/1762 3618/1686/1762
f 3558/1683/1660 3557/1685/1660 3619/1684/1762
f 3620/1680/1763 3621/1681/1664 3622/1682/1664
f 3620/1680/1763 3623/1679/1763 3621/1681/1664
f 3624/1678/1764 3623/1679/1763 3620/1680/1763
f 3624/1678/1764 3625/1677/1764 3623/1679/1763
f 3626/1676/1765 3625/1677/1764 3624/1678/1764
f 3626/1676/1765 3627/1675/1765 3625/1677/1764
f 3628/1674/1591 3627/1675/1765 3626/1676/1765
f 3628/1674/1591 3629/1673/1591 3627/1675/1765
f 3630/1672/1766 3629/1673/1591 3628/1674/1591
f 3630/1672/1766 3631/1671/1766 3629/1673/1591
f 3632/1670/1767 3631/1671/1766 3630/1672/1766
f 3632/1670/1767 3633/1669/1767 3631/1671/1766
f 3634/1668/1768 3633/1669/1767 3632/1670/1767
f 3634/1668/1768 3635/1666/1768 3633/1669/1767
f 3636/1665/1661 3635/1666/1768 3634/1668/1768
f 3636/1665/1661 3637/1667/1661 3635/1666/1768
f 3638/1668/1757 3637/1667/1661 3636/1665/1661
f 3638/1668/1757 3639/1666/1757 3637/1667/1661
f 3640/1670/1758 3639/1666/1757 3638/1668/1757
f 3640/1670/1758 3641/1669/1758 3639/1666/1757
f 3642/1672/1759 3641/1669/1758 3640/1670/1758
f 3642/1672/1759 3643/1671/1759 3641/1669/1758
f 3644/1674/1659 3643/1671/1759 3642/1672/1759
f 3644/1674/1659 3645/1673/1659 3643/1671/1759
f 3646/1676/1760 3645/1673/1659 3644/1674/1659
f 3646/1676/1760 3647/1675/1760 3645/1673/1659
f 3648/1678/1761 3647/1675/1760 3646/1676/1760
f 3648/1678/1761 3649/1677/1761 3647/1675/1760
f 3650/1680/1762 3649/1677/1761 3648/1678/1761
f 3650/1680/1762 3651/1679/1762 3649/1677/1761
f 3652/1682/1660 3651/1679/1762 3650/1680/1762
f 3652/1682/1660 3653/1681/1660 3651/1679/1762
f 3654/1668/2162 3653/1667/1660 3652/1665/1660
f 3654/1668/2162 3655/1666/2162 3653/1667/1660
f 3656/1670/2163 3655/1666/2162 3654/1668/2162
f 3656/1670/2163 3657/1669/2163 3655/1666/2162
f 3658/1672/2164 3657/1669/2163 3656/1670/2163
f 3658/1672/2164 3659/1671/2164 3657/1669/2163
f 3660/1674/1669 3659/1671/2164 3658/1672/2164
f 3660/1674/1669 3661/1673/1669 3659/1671/2164
f 3662/1676/2165 3661/1673/1669 3660/1674/1669
f 3662/1676/2165 3663/1675/2165 3661/1673/1669
f 3664/1678/2166 3663/1675/2165 3662/1676/2165
f 3664/1678/2166 3665/1677/2166 3663/1675/2165
f 3666/1680/2167 3665/1677/2166 3664/1678/2166
f 3666/1680/2167 3667/1679/2167 3665/1677/2166
f 3668/1682/1665 3667/1679/2167 3666/1680/2167
f 3668/1682/1665 3669/1681/1665 3667/1679/2167
f 3670/1680/2067 3669/1681/1665 3668/1682/1665
f 3670/1680/2067 3671/1679/2067 3669/1681/1665
f 3672/1678/2068 3671/1679/2067 3670/1680/2067
f 3672/1678/2068 3673/1677/2068 3671/1679/2067
f 3674/1676/2069 3673/1677/2068 3672/1678/2068
f 3674/1676/2069 3675/1675/2069 3673/1677/2068
f 3676/1674/1595 3675/1675/2069 3674/1676/2069
f 3676/1674/1595 3677/1673/1595 3675/1675/2069
f 3678/1672/2070 3677/1673/1595 3676/1674/1595
f 3678/1672/2070 3679/1671/2070 3677/1673/1595
f 3680/1670/2071 3679/1671/2070 3678/1672/2070
f 3680/1670/2071 3681/1669/2071 3679/1671/2070
f 3682/1668/2072 3681/1669/2071 3680/1670/2071
f 3682/1668/2072 3683/1666/2072 3681/1669/2071
f 3622/1665/1664 3683/1666/2072 3682/1668/2072
f 3622/1665/1664 3621/1667/1664 3683/1666/2072
f 2823/2441/2044 2167/1571/1695 2822/2442/2043
f 2823/2441/2044 2165/1570/1693 2167/1571/1695
f 2824/2443/2045 2165/1570/1693 2823/2441/2044
f 2824/2443/2045 2164/1568/1693 2165/1570/1693
f 2826/2444/2046 2164/1568/1693 2824/2443/2045
f 2826/2444/2046 2163/1566/1692 2164/1568/1693
f 2663/2445/1889 2658/2445/1884 3684/2446/2214
f 2663/2445/1889 3684/2446/2214 3685/2446/2215
f 3685/2446/2215 3684/2446/2214 3686/2447/2216
f 3685/2446/2215 3686/2447/2216 3687/2447/2217
f 3687/2447/2217 3686/2447/2216 3688/2448/2218
f 3687/2447/2217 3688/2448/2218 3689/2448/2219
f 3689/2448/2219 3688/2448/2218 3690/2449/2220
f 3689/2448/2219 3690/2449/2220 3691/2449/2221
f 3691/2449/2221 3690/2449/2220 3692/2450/2222
f 3691/2449/2221 3692/2450/2222 3693/2450/2223
f 3693/2450/2223 3692/2450/2222 3694/2451/2224
f 3693/2450/2223 3694/2451/2224 3695/2451/2225
f 2673/1921/1896 3695/2451/2225 3694/2451/2224
f 2673/1921/1896 2672/1921/1895 3695/2451/2225
f 2655/2452/1881 2666/2452/1892 3696/2453/2226
f 2655/2452/1881 3696/2453/2226 3697/2453/2227
f 3697/2453/2227 3696/2453/2226 3698/2454/2228
f 3697/2453/2227 3698/2454/2228 3699/2454/2229
f 3699/2454/2229 3698/2454/2228 3700/2455/2230
f 3699/2454/2229 3700/2455/2230 3701/2455/2231
f 3701/2455/2231 3700/2455/2230 3702/2456/2232
f 3701/2455/2231 3702/2456/2232 3703/2456/2233
f 3703/2456/2233 3702/2456/2232 3704/2457/2234
f 3703/2456/2233 3704/2457/2234 3705/2457/2235
f 3705/2457/2235 3704/2457/2234 3706/2458/2236
f 3705/2457/2235 3706/2458/2236 3707/2458/2237
f 2669/1919/1894 3707/2458/2237 3706/2458/2236
f 2669/1919/1894 2668/1919/1893 3707/2458/2237
f 2666/2452/1892 2663/2445/1889 3685/2446/2215
f 2666/2452/1892 3685/2446/2215 3696/2453/2226
f 3696/2453/2226 3685/2446/2215 3687/2447/2217
f 3696/2453/2226 3687/2447/2217 3698/2454/2228
f 3698/2454/2228 3687/2447/2217 3689/2448/2219
f 3698/2454/2228 3689/2448/2219 3700/2455/2230
f 3700/2455/2230 3689/2448/2219 3691/2449/2221
f 3700/2455/2230 3691/2449/2221 3702/2456/2232
f 3702/2456/2232 3691/2449/2221 3693/2450/2223
f 3702/2456/2232 3693/2450/2223 3704/2457/2234
f 3704/2457/2234 3693/2450/2223 3695/2451/2225
f 3704/2457/2234 3695/2451/2225 3706/2458/2236
f 2672/1921/1895 3706/2458/2236 3695/2451/2225
f 2672/1921/1895 2669/1919/1894 3706/2458/2236
f 2658/2445/1884 2655/2452/1881 3697/2453/2227
f 2658/2445/1884 3697/2453/2227 3684/2446/2214
f 3684/2446/2214 3697/2453/2227 3699/2454/2229
f 3684/2446/2214 3699/2454/2229 3686/2447/2216
f 3686/2447/2216 3699/2454/2229 3701/2455/2231
f 3686/2447/2216 3701/2455/2231 3688/2448/2218
f 3688/2448/2218 3701/2455/2231 3703/2456/2233
f 3688/2448/2218 3703/2456/2233 3690/2449/2220
f 3690/2449/2220 3703/2456/2233 3705/2457/2235
f 3690/2449/2220 3705/2457/2235 3692/2450/2222
f 3692/2450/2222 3705/2457/2235 3707/2458/2237
f 3692/2450/2222 3707/2458/2237 3694/2451/2224
f 2668/1919/1893 3694/2451/2224 3707/2458/2237
f 2668/1919/1893 2673/1921/1896 3694/2451/2224
f 2526/2459/1815 3708/2460/1595 2525/2461/1814
f 2525/2461/1814 3708/2460/1595 3709/2462/1595
f 2525/2461/1814 3709/2462/1595 2524/2463/1813
f 2524/2463/1813 3709/2462/1595 3710/2464/1595
f 2524/2463/1813 3710/2464/1595 2527/2465/1816
f 2527/2465/1816 3710/2464/1595 3711/2466/1595
f 2527/2465/1816 3711/2466/1595 2526/2459/1815
f 2526/2459/1815 3711/2466/1595 3708/2460/1595
f 2151/2338/1685 2148/2337/1682 2147/2467/1681
f 2178/1576/1704 2183/1578/1709 2187/1581/1713
f 2010/2338/1578 2120/2337/1663 2013/2339/1581
f 2819/2468/2040 2161/1566/1691 2818/2444/2039
f 2819/2468/2040 2159/1565/1689 2161/1566/1691
f 2820/2469/2041 2159/1565/1689 2819/2468/2040
f 2820/2469/2041 2168/1572/1689 2159/1565/1689
f 2821/2442/2042 2168/1572/1689 2820/2469/2041
f 2821/2442/2042 2169/1571/1696 2168/1572/1689
f 2201/1588/1727 2198/1582/1724 2259/1579/1748
f 2020/2318/1588 2128/2320/1668 2119/2319/1662
f 2827/2470/2047 2169/2358/1696 2821/2357/2042
f 2827/2470/2047 2170/2471/1694 2169/2358/1696
f 2828/2472/2048 2170/2471/1694 2827/2470/2047
f 2828/2472/2048 2166/2473/1694 2170/2471/1694
f 2822/2353/2043 2166/2473/1694 2828/2472/2048
f 2822/2353/2043 2167/2352/1695 2166/2473/1694
f 2187/1581/1713 2182/1576/1708 2178/1576/1704
f 2120/2337/1663 2010/2338/1578 2009/2467/1577
f 1584/1013/1295 2173/1011/1699 1582/1011/1293
f 2124/2348/1666 2012/2350/1580 2011/2349/1579
f 2286/1189/1754 2175/1191/1701 2174/1191/1700
f 2019/2359/1587 2018/2361/1586 2115/2360/1658
f 2195/1585/1721 2202/1587/1728 2199/1586/1725
f 2017/2390/1585 2124/2348/1666 2011/2349/1579
f 2201/1588/1727 2196/1584/1722 2192/1583/1718
f 2115/2360/1658 2014/2423/1582 2019/2359/1587
f 2259/1579/1748 2193/1577/1719 2190/1577/1716
f 2021/2440/1589 2020/2318/1588 2119/2319/1662
f 2192/1583/1718 2197/1586/1723 2201/1588/1727
f 1584/1013/1295 1924/1012/1492 1928/1185/1496
f 1933/1189/1501 1935/1185/1503 1584/1013/1295
f 1928/1185/1496 1929/1186/1497 2171/1573/1697
f 2181/1577/1707 2188/1582/1714 2185/1579/1711
f 1936/1191/1504 1934/1190/1502 1933/1189/1501
f 2189/1580/1715 2179/1575/1705 2176/1574/1702
f 1938/1224/1506 1940/1225/1508 2038/1330/1596
f 2187/1581/1713 2184/1578/1710 2189/1580/1715
f 2038/1330/1596 2039/1190/1597 2286/1189/1754
f 2135/1508/1671 2042/1331/1600 2040/1225/1598
f 2038/1330/1596 2134/1502/1670 1938/1224/1506
o Windows
v 20.870125 29.569700 11.135500
v 20.870125 29.569700 3.749375
v 20.870125 59.620827 11.135500
v 20.870125 69.577446 11.135500
v 20.870125 59.620827 -11.113525
v 20.870125 59.620827 -3.727400
v 20.870125 19.613075 3.749375
v 20.870125 19.613075 11.135500
v 20.870125 49.573578 11.135500
v 20.870125 49.573578 3.749375
v 20.870125 49.618900 11.135500
v 20.870125 59.575497 11.135500
v 20.870125 39.616951 3.749375
v 20.870125 39.616951 11.135500
v 20.870125 59.575497 -11.113525
v 20.870125 49.618900 -11.113525
v 20.870125 69.577446 3.749375
v 20.870125 59.620827 3.749375
v 20.870125 19.613075 3.704050
v 20.870125 29.569700 3.704050
v 20.870125 29.569700 -3.682075
v 20.870125 19.613075 -3.682075
v 20.870125 49.573578 -11.113525
v 20.870125 39.616951 -11.113525
v 20.870125 39.616951 3.704050
v 20.870125 49.573578 3.704050
v 20.870125 49.573578 -3.682075
v 20.870125 39.616951 -3.682075
v 20.870125 59.620827 3.704050
v 20.870125 69.577446 3.704050
v 20.870125 29.615025 11.135500
v 20.870125 39.571625 11.135500
v 20.870125 69.577446 -3.682075
v 20.870125 10.987075 -3.727400
v 20.870125 19.567776 -3.727400
v 20.870125 59.620827 -3.682075
v 20.870125 19.567776 -11.113525
v 20.870125 29.569700 -11.113525
v 20.870125 19.613075 -11.113525
v 20.870125 29.615025 -3.727400
v 20.870125 39.571625 -3.727400
v 20.870125 39.571625 -11.113525
v 20.870125 29.615025 -11.113525
v 20.870125 49.618900 -3.727400
v 20.870125 59.575497 -3.727400
v 20.870125 10.987075 11.135500
v 20.870125 19.567776 11.135500
v 20.870125 19.567776 3.749375
v 20.870125 69.622772 11.135500
v 20.870125 79.579376 11.135500
v 20.870125 69.622772 -3.727400
v 20.869650 79.579376 -3.727625
v 20.869650 79.579376 -11.113750
v 20.870125 69.622772 -11.113525
v 20.870125 39.571625 3.749375
v 20.870125 79.579376 3.749375
v 20.870125 29.615025 3.749375
v 20.870125 79.579376 3.704050
v 20.870125 79.579376 -3.682075
v 20.870125 69.577446 -11.113525
v 20.870125 59.575497 3.749375
v 20.870125 49.618900 3.749375
v 20.870125 10.987075 3.704050
v 20.870125 19.567776 3.704050
v 20.870125 19.567776 -3.682075
v 20.870125 39.571625 -3.682075
v 20.619650 29.615025 -3.682300
v 20.619650 39.571625 -3.682300
v 20.870125 29.615025 -3.682075
v 20.619650 29.615025 3.703825
v 20.870125 29.615025 3.704050
v 20.870125 39.571625 3.704050
v 20.619650 39.571625 3.703825
v 20.619650 29.615025 3.749150
v 20.619650 39.571625 3.749150
v 20.619650 29.615025 11.135275
v 20.619650 39.571625 11.135275
v 20.619650 29.615025 -3.727625
v 20.619650 29.615025 -11.113750
v 20.619650 39.571625 -11.113750
v 20.619650 39.571625 -3.727625
v 20.619650 39.616951 -3.682300
v 20.619650 49.573578 -3.682300
v 20.619650 39.616951 3.703825
v 20.619650 49.573578 3.703825
v 20.619650 39.616951 3.749150
v 20.619650 49.573578 3.749150
v 20.619650 39.616951 11.135275
v 20.619650 49.573578 11.135275
v 20.619650 39.616951 -3.727625
v 20.619650 39.616951 -11.113750
v 20.870125 39.616951 -3.727400
v 20.870125 49.573578 -3.727400
v 20.619650 49.573578 -11.113750
v 20.619650 49.573578 -3.727625
v 20.870125 59.575497 -3.682075
v 20.619650 49.618900 -3.682300
v 20.619650 59.575497 -3.682300
v 20.870125 49.618900 -3.682075
v 20.619650 49.618900 3.703825
v 20.870125 49.618900 3.704050
v 20.870125 59.575497 3.704050
v 20.619650 59.575497 3.703825
v 20.619650 49.618900 3.749150
v 20.619650 59.575497 3.749150
v 20.619650 49.618900 11.135275
v 20.619650 59.575497 11.135275
v 20.619650 49.618900 -3.727625
v 20.619650 49.618900 -11.113750
v 20.619650 59.575497 -11.113750
v 20.619650 59.575497 -3.727625
v 20.619650 59.620827 -3.682300
v 20.619650 69.577446 -3.682300
v 20.619650 59.620827 3.703825
v 20.619650 69.577446 3.703825
v 20.619650 59.620827 3.749150
v 20.619650 69.577446 3.749150
v 20.619650 59.620827 11.135275
v 20.619650 69.577446 11.135275
v 20.619650 59.620827 -3.727625
v 20.619650 59.620827 -11.113750
v 20.869650 69.577446 -3.727625
v 20.619650 69.577446 -11.113750
v 20.619650 69.577446 -3.727625
v 20.619650 69.622772 -3.682300
v 20.619650 79.579376 -3.682300
v 20.870125 69.622772 -3.682075
v 20.619650 69.622772 3.703825
v 20.870125 69.622772 3.704050
v 20.619650 79.579376 3.703825
v 20.619650 69.622772 3.749150
v 20.619650 79.579376 3.749150
v 20.870125 69.622772 3.749375
v 20.619650 69.622772 11.135275
v 20.619650 69.622772 -3.727625
v 20.619650 69.622772 -11.113750
v 20.619650 79.579376 -3.727625
v 20.619650 10.987075 -11.113750
v 20.619650 19.567776 -11.113750
v 20.870125 10.987075 -11.113525
v 20.619650 19.567776 11.135275
v 20.619650 10.987075 11.135275
v 20.619650 19.613075 -11.113750
v 20.619650 29.569700 -11.113750
v 20.619650 79.579376 -11.113750
v 20.619650 29.569700 11.135275
v 20.619650 19.613075 11.135275
v 20.619650 79.579376 11.135275
v -20.870125 19.567776 -3.749375
v -20.870125 10.987075 -3.749375
v -20.870125 19.567776 11.113525
v -20.870125 10.987075 11.113525
v -20.870125 19.567776 -3.704050
v -20.870125 19.567776 3.682075
v -20.870125 59.575497 -3.749375
v -20.870125 49.618900 -3.749375
v -20.870125 10.987075 -3.704050
v -20.870125 49.618900 -11.135500
v -20.870125 59.575497 -11.135500
v -20.870125 69.577446 11.113525
v -20.870125 59.620827 11.113525
v -20.870125 39.571625 -3.749375
v -20.870125 29.615025 -3.749375
v -20.870125 79.579376 -3.704050
v -20.870125 79.579376 3.682075
v -20.870125 29.615025 -11.135500
v -20.870125 79.579376 -11.135500
v -20.870125 79.579376 -3.749375
v -20.870125 39.571625 -11.135500
v -20.870125 69.622772 11.113525
v -20.870125 69.622772 3.727400
v -20.869650 79.579376 3.727625
v -20.869650 79.579376 11.113750
v -20.870125 69.622772 -11.135500
v -20.870125 49.618900 11.113525
v -20.870125 49.618900 3.727400
v -20.870125 19.567776 -11.135500
v -20.870125 59.575497 3.727400
v -20.870125 59.575497 11.113525
v -20.870125 10.987075 -11.135500
v -20.870125 29.615025 11.113525
v -20.870125 29.615025 3.727400
v -20.870125 39.571625 3.727400
v -20.870125 39.571625 11.113525
v -20.870125 29.569700 11.113525
v -20.870125 19.613075 11.113525
v -20.870125 69.577446 3.682075
v -20.870125 59.620827 3.682075
v -20.870125 19.567776 3.727400
v -20.870125 59.620827 -3.704050
v -20.870125 10.987075 3.727400
v -20.870125 69.577446 -3.704050
v -20.870125 49.573578 3.682075
v -20.870125 39.616951 3.682075
v -20.870125 39.616951 -3.704050
v -20.870125 49.573578 -3.704050
v -20.870125 49.573578 11.113525
v -20.870125 39.616951 11.113525
v -20.870125 29.569700 3.682075
v -20.870125 19.613075 3.682075
v -20.870125 39.616951 -11.135500
v -20.870125 49.573578 -11.135500
v -20.870125 19.613075 -3.704050
v -20.870125 29.569700 -3.704050
v -20.870125 69.577446 -3.749375
v -20.870125 59.620827 -3.749375
v -20.870125 59.620827 -11.135500
v -20.870125 69.577446 -11.135500
v -20.870125 49.573578 -3.749375
v -20.870125 39.616951 -3.749375
v -20.870125 29.569700 -3.749375
v -20.870125 19.613075 -3.749375
v -20.870125 19.613075 -11.135500
v -20.870125 59.620827 3.727400
v -20.870125 29.569700 -11.135500
v -20.869650 69.577446 3.727625
v -20.870125 39.616951 3.727400
v -20.870125 49.573578 3.727400
v -20.870125 19.613075 3.727400
v -20.870125 29.569700 3.727400
v -20.870125 69.622772 3.682075
v -20.870125 69.622772 -3.749375
v -20.870125 29.615025 -3.704050
v -20.870125 39.571625 -3.704050
v -20.870125 39.571625 3.682075
v -20.870125 29.615025 3.682075
v -20.870125 49.618900 -3.704050
v -20.870125 59.575497 -3.704050
v -20.870125 59.575497 3.682075
v -20.870125 49.618900 3.682075
v -20.870125 69.622772 -3.704050
v 20.619650 10.987075 -3.727625
v 20.870125 10.987075 3.749375
v 20.619650 10.987075 3.749150
v 20.870125 10.987075 -3.682075
v 20.619650 10.987075 3.703825
v 20.619650 10.987075 -3.682300
v 20.619650 19.567776 -3.682300
v 20.619650 19.567776 3.703825
v 20.619650 19.567776 3.749150
v 20.619650 19.567776 -3.727625
v 20.619650 19.613075 -3.682300
v 20.619650 29.569700 -3.682300
v 20.619650 19.613075 3.703825
v 20.619650 29.569700 3.703825
v 20.619650 19.613075 3.749150
v 20.619650 29.569700 3.749150
v 20.619650 19.613075 -3.727625
v 20.870125 19.613075 -3.727400
v 20.870125 29.569700 -3.727400
v 20.619650 29.569700 -3.727625
v -2.724875 115.139648 3.282825
v -5.974200 127.718246 6.682375
v -6.702175 127.718246 5.954375
v -3.302625 115.139648 2.705075
v 6.115350 127.718246 -6.863150
v -5.974200 127.718246 -6.863150
v -6.702175 127.718246 -6.135175
v 6.115350 127.718246 6.682375
v 6.843350 127.718246 5.954375
v 6.843350 127.718246 -6.135175
v -2.724875 115.139648 -3.463600
v 2.866025 115.139648 -3.463600
v -3.302625 115.139648 -2.885825
v 2.866025 115.139648 3.282850
v 3.443800 115.139648 -2.885825
v 3.443800 115.139648 2.705075
v 3.704050 19.567776 -20.870125
v -3.682075 19.567776 -20.870125
v 3.749375 59.575497 -20.870125
v 3.749375 49.618900 -20.870125
v 3.704050 10.987075 -20.870125
v 11.135500 49.618900 -20.870125
v 11.135500 59.575497 -20.870125
v -11.113525 69.577446 -20.870125
v -11.113525 59.620827 -20.870125
v 3.749375 39.571625 -20.870125
v 3.749375 29.615025 -20.870125
v 3.704050 79.579376 -20.870125
v -3.682075 79.579376 -20.870125
v 11.135500 29.615025 -20.870125
v 11.135500 79.579376 -20.870125
v 3.749375 79.579376 -20.870125
v 11.135500 39.571625 -20.870125
v -11.113525 69.622772 -20.870125
v -3.727400 69.622772 -20.870125
v -3.727625 79.579376 -20.869650
v -11.113750 79.579376 -20.869650
v 11.135500 69.622772 -20.870125
v -11.113525 49.618900 -20.870125
v -3.727400 49.618900 -20.870125
v 11.135500 19.567776 -20.870125
v 3.749375 19.567776 -20.870125
v -3.727400 59.575497 -20.870125
v -11.113525 59.575497 -20.870125
v 11.135500 10.987075 -20.870125
v -11.113525 29.615025 -20.870125
v -3.727400 29.615025 -20.870125
v -3.727400 39.571625 -20.870125
v -11.113525 39.571625 -20.870125
v -11.113525 29.569700 -20.870125
v -11.113525 19.613075 -20.870125
v -3.682075 69.577446 -20.870125
v -3.682075 59.620827 -20.870125
v -3.727400 19.567776 -20.870125
v -11.113525 19.567776 -20.870125
v 3.704050 59.620827 -20.870125
v -3.727400 10.987075 -20.870125
v 3.704050 69.577446 -20.870125
v -3.682075 49.573578 -20.870125
v -3.682075 39.616951 -20.870125
v 3.704050 39.616951 -20.870125
v 3.704050 49.573578 -20.870125
v -11.113525 49.573578 -20.870125
v -11.113525 39.616951 -20.870125
v -3.682075 29.569700 -20.870125
v -3.682075 19.613075 -20.870125
v 11.135500 39.616951 -20.870125
v 11.135500 49.573578 -20.870125
v 3.704050 19.613075 -20.870125
v 3.704050 29.569700 -20.870125
v 3.749375 69.577446 -20.870125
v 3.749375 59.620827 -20.870125
v 11.135500 59.620827 -20.870125
v 11.135500 69.577446 -20.870125
v 3.749375 49.573578 -20.870125
v 3.749375 39.616951 -20.870125
v 3.749375 29.569700 -20.870125
v 3.749375 19.613075 -20.870125
v 11.135500 19.613075 -20.870125
v -3.727400 59.620827 -20.870125
v 11.135500 29.569700 -20.870125
v -3.727625 69.577446 -20.869650
v -3.727400 39.616951 -20.870125
v -3.727400 49.573578 -20.870125
v -3.727400 19.613075 -20.870125
v -3.727400 29.569700 -20.870125
v -3.682075 69.622772 -20.870125
v 3.749375 69.622772 -20.870125
v 3.704050 29.615025 -20.870125
v 3.704050 39.571625 -20.870125
v -3.682075 39.571625 -20.870125
v -3.682075 29.615025 -20.870125
v 3.704050 49.618900 -20.870125
v 3.704050 59.575497 -20.870125
v -3.682075 59.575497 -20.870125
v -3.682075 49.618900 -20.870125
v 3.704050 69.622772 -20.870125
v -3.682075 10.987075 -20.870125
v -11.113525 10.987075 -20.870125
v 3.749375 10.987075 -20.870125
v 11.135275 79.579376 -20.619650
v 11.135275 69.622772 -20.619650
v -11.113750 79.579376 -20.619650
v -3.727625 79.579376 -20.619650
v 3.749150 79.579376 -20.619650
v -3.682300 79.579376 -20.619650
v 3.703825 79.579376 -20.619650
v -11.113750 59.620827 -20.619650
v -11.113750 69.577446 -20.619650
v -11.113750 29.615025 -20.619650
v -11.113750 39.571625 -20.619650
v 11.135275 29.569700 -20.619650
v 11.135275 19.613075 -20.619650
v -11.113750 69.622772 -20.619650
v 11.135275 69.577446 -20.619650
v 11.135275 59.620827 -20.619650
v 11.135275 59.575497 -20.619650
v 11.135275 49.618900 -20.619650
v -11.113750 49.618900 -20.619650
v -11.113750 59.575497 -20.619650
v 11.135275 49.573578 -20.619650
v 11.135275 39.616951 -20.619650
v -11.113750 39.616951 -20.619650
v -11.113750 49.573578 -20.619650
v 11.135275 39.571625 -20.619650
v 11.135275 29.615025 -20.619650
v -11.113750 19.613075 -20.619650
v -11.113750 29.569700 -20.619650
v 11.135275 19.567776 -20.619650
v 11.135275 10.987075 -20.619650
v -11.113750 10.987075 -20.619650
v -11.113750 19.567776 -20.619650
v -3.727625 69.622772 -20.619650
v 3.749150 69.622772 -20.619650
v 3.703825 69.622772 -20.619650
v -3.682300 69.622772 -20.619650
v -3.727625 69.577446 -20.619650
v -3.727625 59.620827 -20.619650
v 3.749150 69.577446 -20.619650
v 3.749150 59.620827 -20.619650
v 3.703825 69.577446 -20.619650
v 3.703825 59.620827 -20.619650
v -3.682300 69.577446 -20.619650
v -3.682300 59.620827 -20.619650
v -3.727625 59.575497 -20.619650
v -3.727625 49.618900 -20.619650
v 3.749150 59.575497 -20.619650
v 3.749150 49.618900 -20.619650
v 3.703825 59.575497 -20.619650
v 3.703825 49.618900 -20.619650
v -3.682300 59.575497 -20.619650
v -3.682300 49.618900 -20.619650
v -3.727625 49.573578 -20.619650
v -3.727625 39.616951 -20.619650
v 3.749150 49.573578 -20.619650
v 3.749150 39.616951 -20.619650
v 3.703825 49.573578 -20.619650
v 3.703825 39.616951 -20.619650
v -3.682300 49.573578 -20.619650
v -3.682300 39.616951 -20.619650
v -3.727625 39.571625 -20.619650
v -3.727625 29.615025 -20.619650
v 3.749150 39.571625 -20.619650
v 3.749150 29.615025 -20.619650
v 3.703825 39.571625 -20.619650
v 3.703825 29.615025 -20.619650
v -3.682300 39.571625 -20.619650
v -3.682300 29.615025 -20.619650
v -3.727625 29.569700 -20.619650
v -3.727625 19.613075 -20.619650
v 3.749150 29.569700 -20.619650
v 3.749150 19.613075 -20.619650
v 3.703825 29.569700 -20.619650
v 3.703825 19.613075 -20.619650
v -3.682300 29.569700 -20.619650
v -3.682300 19.613075 -20.619650
v -3.727625 19.567776 -20.619650
v -3.727625 10.987075 -20.619650
v 3.749150 19.567776 -20.619650
v 3.749150 10.987075 -20.619650
v 3.703825 19.567776 -20.619650
v 3.703825 10.987075 -20.619650
v -3.682300 19.567776 -20.619650
v -3.682300 10.987075 -20.619650
v -20.619650 10.987075 3.727625
v -20.619650 10.987075 11.113750
v -20.619650 10.987075 -11.135275
v -20.619650 10.987075 -3.749150
v -20.870125 10.987075 3.682075
v -20.619650 10.987075 -3.703825
v -20.619650 10.987075 3.682300
v -20.619650 19.567776 3.682300
v -20.619650 19.567776 -3.703825
v -20.619650 19.567776 -3.749150
v -20.619650 19.567776 -11.135275
v -20.619650 19.567776 11.113750
v -20.619650 19.567776 3.727625
v -20.619650 19.613075 3.682300
v -20.619650 29.569700 3.682300
v -20.619650 19.613075 -3.703825
v -20.619650 29.569700 -3.703825
v -20.619650 19.613075 -3.749150
v -20.619650 29.569700 -3.749150
v -20.619650 19.613075 -11.135275
v -20.619650 29.569700 -11.135275
v -20.619650 19.613075 3.727625
v -20.619650 19.613075 11.113750
v -20.619650 29.569700 11.113750
v -20.619650 29.569700 3.727625
v -20.619650 29.615025 3.682300
v -20.619650 39.571625 3.682300
v -20.619650 29.615025 -3.703825
v -20.619650 39.571625 -3.703825
v -20.619650 29.615025 -3.749150
v -20.619650 39.571625 -3.749150
v -20.619650 29.615025 -11.135275
v -20.619650 39.571625 -11.135275
v -20.619650 29.615025 3.727625
v -20.619650 29.615025 11.113750
v -20.619650 39.571625 11.113750
v -20.619650 39.571625 3.727625
v -20.619650 39.616951 3.682300
v -20.619650 49.573578 3.682300
v -20.619650 39.616951 -3.703825
v -20.619650 49.573578 -3.703825
v -20.619650 39.616951 -3.749150
v -20.619650 49.573578 -3.749150
v -20.619650 39.616951 -11.135275
v -20.619650 49.573578 -11.135275
v -20.619650 39.616951 3.727625
v -20.619650 39.616951 11.113750
v -20.619650 49.573578 11.113750
v -20.619650 49.573578 3.727625
v -20.619650 49.618900 3.682300
v -20.619650 59.575497 3.682300
v -20.619650 49.618900 -3.703825
v -20.619650 59.575497 -3.703825
v -20.619650 49.618900 -3.749150
v -20.619650 59.575497 -3.749150
v -20.619650 49.618900 -11.135275
v -20.619650 59.575497 -11.135275
v -20.619650 49.618900 3.727625
v -20.619650 49.618900 11.113750
v -20.619650 59.575497 11.113750
v -20.619650 59.575497 3.727625
v -20.619650 59.620827 3.682300
v -20.619650 69.577446 3.682300
v -20.619650 59.620827 -3.703825
v -20.619650 69.577446 -3.703825
v -20.619650 59.620827 -3.749150
v -20.619650 69.577446 -3.749150
v -20.619650 59.620827 -11.135275
v -20.619650 69.577446 -11.135275
v -20.619650 59.620827 3.727625
v -20.619650 59.620827 11.113750
v -20.619650 69.577446 11.113750
v -20.619650 69.577446 3.727625
v -20.619650 69.622772 3.682300
v -20.619650 79.579376 3.682300
v -20.619650 69.622772 -3.703825
v -20.619650 79.579376 -3.703825
v -20.619650 69.622772 -3.749150
v -20.619650 79.579376 -3.749150
v -20.619650 69.622772 -11.135275
v -20.619650 69.622772 3.727625
v -20.619650 69.622772 11.113750
v -20.619650 79.579376 3.727625
v -20.619650 79.579376 11.113750
v -20.619650 79.579376 -11.135275
vn 1.0000 -0.0000 -0.0000
vn -1.0000 -0.0000 -0.0000
vn -0.0000 -0.0000 1.0000
vn -0.0000 -0.0000 -1.0000
vn 0.0001 -0.0000 -1.0000
vn 0.9654 -0.2609 -0.0000
vn -0.0000 -0.2609 -0.9654
vn -0.9654 -0.2609 -0.0000
vn -0.0000 -0.2609 0.9654
vn -1.0000 -0.0000 -0.0001
vn 1.0000 -0.0000 0.0001
vt 0.524753 0.571901
vt 0.573799 0.505784
vt 0.573800 0.571901
vt 0.524752 0.505784
vt 0.524752 0.438920
vt 0.573799 0.372804
vt 0.573799 0.438920
vt 0.524752 0.372804
vt 0.426055 0.438920
vt 0.475103 0.372804
vt 0.475103 0.438920
vt 0.426055 0.372804
vt 0.475404 0.438920
vt 0.524451 0.372804
vt 0.524451 0.438920
vt 0.475404 0.372804
vt 0.524752 0.372211
vt 0.573799 0.306095
vt 0.573799 0.372211
vt 0.524752 0.306095
vt 0.426055 0.372211
vt 0.475103 0.306095
vt 0.475103 0.372211
vt 0.426055 0.306095
vt 0.475404 0.372211
vt 0.524451 0.306095
vt 0.524451 0.372211
vt 0.475404 0.306095
vt 0.524752 0.305648
vt 0.573799 0.239532
vt 0.573799 0.305648
vt 0.524752 0.239532
vt 0.426055 0.305648
vt 0.475103 0.239532
vt 0.475103 0.305648
vt 0.426055 0.239532
vt 0.475404 0.305648
vt 0.524451 0.239532
vt 0.524451 0.305648
vt 0.475404 0.239532
vt 0.524752 0.238939
vt 0.573799 0.172823
vt 0.573799 0.238939
vt 0.524752 0.172823
vt 0.426055 0.238939
vt 0.475103 0.172823
vt 0.475103 0.238939
vt 0.426055 0.172823
vt 0.475404 0.238939
vt 0.524451 0.172823
vt 0.524451 0.238939
vt 0.475404 0.172823
vt 0.475404 0.172230
vt 0.524451 0.115251
vt 0.524451 0.172230
vt 0.475404 0.115251
vt 0.426055 0.172230
vt 0.475103 0.115251
vt 0.475103 0.172230
vt 0.426055 0.115251
vt 0.524752 0.172230
vt 0.573799 0.115251
vt 0.573799 0.172230
vt 0.524752 0.115251
vt 0.524596 0.172230
vt 0.475549 0.115251
vt 0.475549 0.172230
vt 0.524596 0.115251
vt 0.573945 0.172230
vt 0.524897 0.115251
vt 0.524897 0.172230
vt 0.573945 0.115251
vt 0.475248 0.172230
vt 0.426201 0.115251
vt 0.426201 0.172230
vt 0.475248 0.115251
vt 0.475247 0.571901
vt 0.426200 0.505784
vt 0.475247 0.505784
vt 0.426200 0.571901
vt 0.573943 0.571901
vt 0.524896 0.505784
vt 0.573943 0.505784
vt 0.524896 0.571901
vt 0.524595 0.571901
vt 0.475548 0.505784
vt 0.524595 0.505784
vt 0.475548 0.571901
vt 0.475247 0.505483
vt 0.426200 0.439367
vt 0.475247 0.439367
vt 0.426200 0.505483
vt 0.573943 0.505483
vt 0.524896 0.439367
vt 0.573943 0.439367
vt 0.524896 0.505483
vt 0.524595 0.505483
vt 0.475548 0.439367
vt 0.524595 0.439367
vt 0.475548 0.505483
vt 0.475247 0.438920
vt 0.426200 0.372804
vt 0.475247 0.372804
vt 0.426200 0.438920
vt 0.573943 0.438920
vt 0.524896 0.372804
vt 0.573943 0.372804
vt 0.524896 0.438920
vt 0.524595 0.438920
vt 0.475548 0.372804
vt 0.524595 0.372804
vt 0.475548 0.438920
vt 0.475247 0.372211
vt 0.426200 0.306095
vt 0.475247 0.306095
vt 0.426200 0.372211
vt 0.573943 0.372211
vt 0.524896 0.306095
vt 0.573943 0.306095
vt 0.524896 0.372211
vt 0.524595 0.372211
vt 0.475548 0.306095
vt 0.524595 0.306095
vt 0.475548 0.372211
vt 0.475247 0.305648
vt 0.426200 0.239532
vt 0.475247 0.239532
vt 0.426200 0.305648
vt 0.573943 0.305648
vt 0.524896 0.239532
vt 0.573943 0.239532
vt 0.524896 0.305648
vt 0.524595 0.305648
vt 0.475548 0.239532
vt 0.524595 0.239532
vt 0.475548 0.305648
vt 0.475247 0.238939
vt 0.426200 0.172823
vt 0.475247 0.172823
vt 0.426200 0.238939
vt 0.573943 0.238939
vt 0.524896 0.172823
vt 0.573943 0.172823
vt 0.524896 0.238939
vt 0.524595 0.238939
vt 0.475548 0.172823
vt 0.524595 0.172823
vt 0.475548 0.238939
vt 0.524595 0.172230
vt 0.475548 0.115251
vt 0.524595 0.115251
vt 0.475548 0.172230
vt 0.573943 0.172230
vt 0.524896 0.115251
vt 0.573943 0.115251
vt 0.524896 0.172230
vt 0.475247 0.172230
vt 0.426200 0.115251
vt 0.475247 0.115251
vt 0.426200 0.172230
vt 0.524825 0.173219
vt 0.573872 0.116240
vt 0.524825 0.116240
vt 0.573872 0.173219
vt 0.426129 0.173219
vt 0.475176 0.116240
vt 0.426129 0.116240
vt 0.475176 0.173219
vt 0.475477 0.173219
vt 0.524524 0.116240
vt 0.475477 0.116240
vt 0.524524 0.173219
vt 0.475477 0.239637
vt 0.524524 0.173520
vt 0.475477 0.173520
vt 0.524524 0.239637
vt 0.426129 0.239637
vt 0.475176 0.173520
vt 0.426129 0.173520
vt 0.475176 0.239637
vt 0.524825 0.239637
vt 0.573872 0.173520
vt 0.524825 0.173520
vt 0.573872 0.239637
vt 0.475477 0.306054
vt 0.524524 0.239938
vt 0.475477 0.239938
vt 0.524524 0.306054
vt 0.426129 0.306054
vt 0.475176 0.239938
vt 0.426129 0.239938
vt 0.475176 0.306054
vt 0.524825 0.306054
vt 0.573872 0.239938
vt 0.524825 0.239938
vt 0.573872 0.306054
vt 0.475477 0.372471
vt 0.524524 0.306355
vt 0.475477 0.306355
vt 0.524524 0.372471
vt 0.426129 0.372471
vt 0.475176 0.306355
vt 0.426129 0.306355
vt 0.475176 0.372471
vt 0.524825 0.372471
vt 0.573872 0.306355
vt 0.524825 0.306355
vt 0.573872 0.372471
vt 0.475477 0.438889
vt 0.524524 0.372772
vt 0.475477 0.372772
vt 0.524524 0.438889
vt 0.426129 0.438889
vt 0.475176 0.372772
vt 0.426129 0.372772
vt 0.475176 0.438889
vt 0.524825 0.438889
vt 0.573872 0.372772
vt 0.524825 0.372772
vt 0.573872 0.438889
vt 0.475477 0.505306
vt 0.524524 0.439190
vt 0.475477 0.439190
vt 0.524524 0.505306
vt 0.426129 0.505306
vt 0.475176 0.439190
vt 0.426129 0.439190
vt 0.475176 0.505306
vt 0.524825 0.505306
vt 0.573872 0.439190
vt 0.524825 0.439190
vt 0.573872 0.505306
vt 0.475477 0.571723
vt 0.524524 0.505607
vt 0.475477 0.505607
vt 0.524524 0.571723
vt 0.426129 0.571723
vt 0.475176 0.505607
vt 0.426129 0.505607
vt 0.475176 0.571723
vt 0.524825 0.571723
vt 0.573872 0.505607
vt 0.524825 0.505607
vt 0.573872 0.571723
vt 0.524824 0.173219
vt 0.573871 0.116240
vt 0.573871 0.173219
vt 0.524824 0.116240
vt 0.426128 0.173219
vt 0.475175 0.116240
vt 0.475175 0.173219
vt 0.426128 0.116240
vt 0.475476 0.173219
vt 0.524523 0.116240
vt 0.524523 0.173219
vt 0.475476 0.116240
vt 0.475476 0.239637
vt 0.524523 0.173520
vt 0.524523 0.239637
vt 0.475476 0.173520
vt 0.426128 0.239637
vt 0.475175 0.173520
vt 0.475175 0.239637
vt 0.426128 0.173520
vt 0.524824 0.239637
vt 0.573871 0.173520
vt 0.573871 0.239637
vt 0.524824 0.173520
vt 0.475476 0.306054
vt 0.524523 0.239938
vt 0.524523 0.306054
vt 0.475476 0.239938
vt 0.426128 0.306054
vt 0.475175 0.239938
vt 0.475175 0.306054
vt 0.426128 0.239938
vt 0.524824 0.306054
vt 0.573871 0.239938
vt 0.573871 0.306054
vt 0.524824 0.239938
vt 0.475476 0.372471
vt 0.524523 0.306355
vt 0.524523 0.372471
vt 0.475476 0.306355
vt 0.426128 0.372471
vt 0.475175 0.306355
vt 0.475175 0.372471
vt 0.426128 0.306355
vt 0.524824 0.372471
vt 0.573871 0.306355
vt 0.573871 0.372471
vt 0.524824 0.306355
vt 0.475476 0.438889
vt 0.524523 0.372772
vt 0.524523 0.438889
vt 0.475476 0.372772
vt 0.426128 0.438889
vt 0.475175 0.372772
vt 0.475175 0.438889
vt 0.426128 0.372772
vt 0.524824 0.438889
vt 0.573871 0.372772
vt 0.573871 0.438889
vt 0.524824 0.372772
vt 0.475476 0.505306
vt 0.524523 0.439190
vt 0.524523 0.505306
vt 0.475476 0.439190
vt 0.426128 0.505306
vt 0.475175 0.439190
vt 0.475175 0.505306
vt 0.426128 0.439190
vt 0.573871 0.439190
vt 0.573871 0.505306
vt 0.524824 0.439190
vt 0.475476 0.571723
vt 0.524523 0.505607
vt 0.524523 0.571723
vt 0.475476 0.505607
vt 0.426128 0.571723
vt 0.475175 0.505607
vt 0.475175 0.571723
vt 0.426128 0.505607
vt 0.573871 0.505607
vt 0.524824 0.505607
vt 0.513953 0.809211
vt 0.468588 0.893393
vt 0.530767 0.893393
vt 0.485172 0.809211
vt 0.482198 0.809211
vt 0.464844 0.893393
vt 0.516927 0.809211
vt 0.534511 0.893393
vt 0.573800 0.505784
vt 0.524753 0.505784
vt 0.426057 0.571901
vt 0.475104 0.505784
vt 0.426057 0.505784
vt 0.475104 0.571901
vt 0.475405 0.571901
vt 0.524452 0.505784
vt 0.475405 0.505784
vt 0.524452 0.571901
vt 0.524753 0.505483
vt 0.573800 0.439367
vt 0.524753 0.439367
vt 0.573800 0.505483
vt 0.426057 0.505483
vt 0.475104 0.439367
vt 0.426057 0.439367
vt 0.475104 0.505483
vt 0.475405 0.505483
vt 0.524452 0.439367
vt 0.475405 0.439367
vt 0.524452 0.505483
vt 0.524753 0.438920
vt 0.573800 0.372804
vt 0.524753 0.372804
vt 0.573800 0.438920
vt 0.426057 0.438920
vt 0.475104 0.372804
vt 0.426057 0.372804
vt 0.475104 0.438920
vt 0.475405 0.438920
vt 0.524452 0.372804
vt 0.475405 0.372804
vt 0.524452 0.438920
vt 0.524753 0.372211
vt 0.573800 0.306095
vt 0.524753 0.306095
vt 0.573800 0.372211
vt 0.426057 0.372211
vt 0.475104 0.306095
vt 0.426057 0.306095
vt 0.475104 0.372211
vt 0.475405 0.372211
vt 0.524452 0.306095
vt 0.475405 0.306095
vt 0.524452 0.372211
vt 0.524753 0.305648
vt 0.573800 0.239532
vt 0.524753 0.239532
vt 0.573800 0.305648
vt 0.426057 0.305648
vt 0.475104 0.239532
vt 0.426057 0.239532
vt 0.475104 0.305648
vt 0.475405 0.305648
vt 0.524452 0.239532
vt 0.475405 0.239532
vt 0.524452 0.305648
vt 0.524753 0.238939
vt 0.573800 0.172823
vt 0.524753 0.172823
vt 0.573800 0.238939
vt 0.426057 0.238939
vt 0.475104 0.172823
vt 0.426057 0.172823
vt 0.475104 0.238939
vt 0.475405 0.238939
vt 0.524452 0.172823
vt 0.475405 0.172823
vt 0.524452 0.238939
vt 0.475405 0.172230
vt 0.524452 0.115251
vt 0.475405 0.115251
vt 0.524452 0.172230
vt 0.426057 0.172230
vt 0.475104 0.115251
vt 0.426057 0.115251
vt 0.475104 0.172230
vt 0.524753 0.172230
vt 0.573800 0.115251
vt 0.524753 0.115251
vt 0.573800 0.172230
vt 0.524596 0.238939
vt 0.475549 0.172823
vt 0.475549 0.238939
vt 0.524596 0.172823
vt 0.573945 0.238939
vt 0.524897 0.172823
vt 0.524897 0.238939
vt 0.573945 0.172823
vt 0.475248 0.238939
vt 0.426201 0.172823
vt 0.426201 0.238939
vt 0.475248 0.172823
vt 0.524596 0.305648
vt 0.475549 0.239532
vt 0.475549 0.305648
vt 0.524596 0.239532
vt 0.573945 0.305648
vt 0.524897 0.239532
vt 0.524897 0.305648
vt 0.573945 0.239532
vt 0.475248 0.305648
vt 0.426201 0.239532
vt 0.426201 0.305648
vt 0.475248 0.239532
vt 0.524596 0.372211
vt 0.475549 0.306095
vt 0.475549 0.372211
vt 0.524596 0.306095
vt 0.573945 0.372211
vt 0.524897 0.306095
vt 0.524897 0.372211
vt 0.573945 0.306095
vt 0.475248 0.372211
vt 0.426201 0.306095
vt 0.426201 0.372211
vt 0.475248 0.306095
vt 0.524596 0.438920
vt 0.475549 0.372804
vt 0.475549 0.438920
vt 0.524596 0.372804
vt 0.573945 0.438920
vt 0.524897 0.372804
vt 0.524897 0.438920
vt 0.573945 0.372804
vt 0.475248 0.438920
vt 0.426201 0.372804
vt 0.426201 0.438920
vt 0.475248 0.372804
vt 0.524596 0.505483
vt 0.475549 0.439367
vt 0.475549 0.505483
vt 0.524596 0.439367
vt 0.573945 0.505483
vt 0.524897 0.439367
vt 0.524897 0.505483
vt 0.573945 0.439367
vt 0.426201 0.439367
vt 0.426201 0.505483
vt 0.475248 0.439367
vt 0.524596 0.571901
vt 0.475549 0.505784
vt 0.475549 0.571901
vt 0.524596 0.505784
vt 0.573945 0.571901
vt 0.524897 0.505784
vt 0.524897 0.571901
vt 0.573945 0.505784
vt 0.426201 0.505784
vt 0.475248 0.505784
vt 0.426055 0.571901
vt 0.475103 0.505784
vt 0.475103 0.571901
vt 0.426055 0.505784
vt 0.475404 0.571901
vt 0.524451 0.505784
vt 0.524451 0.571901
vt 0.475404 0.505784
vt 0.573799 0.439367
vt 0.573799 0.505483
vt 0.524752 0.439367
vt 0.426055 0.505483
vt 0.475103 0.439367
vt 0.475103 0.505483
vt 0.426055 0.439367
vt 0.475404 0.505483
vt 0.524451 0.439367
vt 0.524451 0.505483
vt 0.475404 0.439367
s 1
usemtl uv_transparent
f 3763/2474/2238 3765/2475/2238 3764/2476/2238
f 3763/2474/2238 3762/2477/2238 3765/2475/2238
f 3756/2478/2238 3727/2479/2238 3726/2480/2238
f 3756/2478/2238 3755/2481/2238 3727/2479/2238
f 3723/2482/2238 3773/2483/2238 3772/2484/2238
f 3723/2482/2238 3722/2485/2238 3773/2483/2238
f 3813/2486/2238 3810/2487/2238 3807/2488/2238
f 3813/2486/2238 3812/2489/2238 3810/2487/2238
f 3804/2490/2238 3735/2491/2238 3734/2492/2238
f 3804/2490/2238 3803/2493/2238 3735/2491/2238
f 3720/2494/2238 3724/2495/2238 3721/2496/2238
f 3720/2494/2238 3725/2497/2238 3724/2495/2238
f 3737/2498/2238 3739/2499/2238 3738/2500/2238
f 3737/2498/2238 3736/2501/2238 3739/2499/2238
f 3752/2502/2238 3754/2503/2238 3753/2504/2238
f 3752/2502/2238 3751/2505/2238 3754/2503/2238
f 3743/2506/2238 3768/2507/2238 3766/2508/2238
f 3743/2506/2238 3742/2509/2238 3768/2507/2238
f 3783/2510/2238 3780/2511/2238 3777/2512/2238
f 3783/2510/2238 3782/2513/2238 3780/2511/2238
f 3961/2514/2238 3750/2515/2238 3749/2516/2238
f 3961/2514/2238 3960/2517/2238 3750/2515/2238
f 3712/2518/2238 3718/2519/2238 3713/2520/2238
f 3712/2518/2238 3719/2521/2238 3718/2519/2238
f 3731/2522/2238 3733/2523/2238 3732/2524/2238
f 3731/2522/2238 3730/2525/2238 3733/2523/2238
f 3775/2526/2238 3946/2527/2238 3776/2528/2238
f 3775/2526/2238 3774/2529/2238 3946/2527/2238
f 3758/2530/2238 3944/2531/2238 3759/2532/2238
f 3758/2530/2238 3757/2533/2238 3944/2531/2238
f 3746/2534/2238 3851/2535/2238 3748/2536/2238
f 3746/2534/2238 3745/2537/2238 3851/2535/2238
f 3864/2538/2239 4151/2539/2239 3865/2540/2239
f 3864/2538/2239 3868/2541/2239 4151/2539/2239
f 3888/2542/2239 3861/2543/2239 3860/2544/2239
f 3888/2542/2239 3891/2545/2239 3861/2543/2239
f 3900/2546/2239 3863/2547/2239 3862/2548/2239
f 3900/2546/2239 3902/2549/2239 3863/2547/2239
f 4229/2550/2238 4228/2551/2238 4227/2552/2238
f 4229/2550/2238 4230/2553/2238 4228/2551/2238
f 4231/2554/2238 4224/2555/2238 4226/2556/2238
f 4231/2554/2238 4225/2557/2238 4224/2555/2238
f 4223/2558/2238 4220/2559/2238 4222/2560/2238
f 4223/2558/2238 4221/2561/2238 4220/2559/2238
f 4219/2562/2238 4217/2563/2238 4216/2564/2238
f 4219/2562/2238 4218/2565/2238 4217/2563/2238
f 4215/2566/2238 4212/2567/2238 4214/2568/2238
f 4215/2566/2238 4213/2569/2238 4212/2567/2238
f 4211/2570/2238 4208/2571/2238 4210/2572/2238
f 4211/2570/2238 4209/2573/2238 4208/2571/2238
f 4207/2574/2238 4205/2575/2238 4204/2576/2238
f 4207/2574/2238 4206/2577/2238 4205/2575/2238
f 4203/2578/2238 4200/2579/2238 4202/2580/2238
f 4203/2578/2238 4201/2581/2238 4200/2579/2238
f 4199/2582/2238 4196/2583/2238 4198/2584/2238
f 4199/2582/2238 4197/2585/2238 4196/2583/2238
f 4195/2586/2238 4193/2587/2238 4192/2588/2238
f 4195/2586/2238 4194/2589/2238 4193/2587/2238
f 4191/2590/2238 4188/2591/2238 4190/2592/2238
f 4191/2590/2238 4189/2593/2238 4188/2591/2238
f 4187/2594/2238 4184/2595/2238 4186/2596/2238
f 4187/2594/2238 4185/2597/2238 4184/2595/2238
f 4183/2598/2238 4181/2599/2238 4180/2600/2238
f 4183/2598/2238 4182/2601/2238 4181/2599/2238
f 4179/2602/2238 4176/2603/2238 4178/2604/2238
f 4179/2602/2238 4177/2605/2238 4176/2603/2238
f 4175/2606/2238 4172/2607/2238 4174/2608/2238
f 4175/2606/2238 4173/2609/2238 4172/2607/2238
f 4171/2610/2238 4169/2611/2238 4168/2612/2238
f 4171/2610/2238 4170/2613/2238 4169/2611/2238
f 4167/2614/2238 4164/2615/2238 4166/2616/2238
f 4167/2614/2238 4165/2617/2238 4164/2615/2238
f 4163/2618/2238 4160/2619/2238 4162/2620/2238
f 4163/2618/2238 4161/2621/2238 4160/2619/2238
f 4155/2622/2238 4153/2623/2238 4152/2624/2238
f 4155/2622/2238 4154/2625/2238 4153/2623/2238
f 4157/2626/2238 4150/2627/2238 4149/2628/2238
f 4157/2626/2238 4156/2629/2238 4150/2627/2238
f 4159/2630/2238 4148/2631/2238 4147/2632/2238
f 4159/2630/2238 4158/2633/2238 4148/2631/2238
f 4139/2634/2240 4093/2635/2240 4140/2636/2240
f 4139/2634/2240 4094/2637/2240 4093/2635/2240
f 4091/2638/2240 4142/2639/2240 4092/2640/2240
f 4091/2638/2240 4141/2641/2240 4142/2639/2240
f 4143/2642/2240 4146/2643/2240 4144/2644/2240
f 4143/2642/2240 4145/2645/2240 4146/2643/2240
f 4135/2646/2240 4138/2647/2240 4136/2648/2240
f 4135/2646/2240 4137/2649/2240 4138/2647/2240
f 4074/2650/2240 4134/2651/2240 4075/2652/2240
f 4074/2650/2240 4133/2653/2240 4134/2651/2240
f 4131/2654/2240 4089/2655/2240 4132/2656/2240
f 4131/2654/2240 4090/2657/2240 4089/2655/2240
f 4127/2658/2240 4130/2659/2240 4128/2660/2240
f 4127/2658/2240 4129/2661/2240 4130/2659/2240
f 4087/2662/2240 4126/2663/2240 4088/2664/2240
f 4087/2662/2240 4125/2665/2240 4126/2663/2240
f 4123/2666/2240 4072/2667/2240 4124/2668/2240
f 4123/2666/2240 4073/2669/2240 4072/2667/2240
f 4119/2670/2240 4122/2671/2240 4120/2672/2240
f 4119/2670/2240 4121/2673/2240 4122/2671/2240
f 4083/2674/2240 4118/2675/2240 4084/2676/2240
f 4083/2674/2240 4117/2677/2240 4118/2675/2240
f 4115/2678/2240 4085/2679/2240 4116/2680/2240
f 4115/2678/2240 4086/2681/2240 4085/2679/2240
f 4111/2682/2240 4114/2683/2240 4112/2684/2240
f 4111/2682/2240 4113/2685/2240 4114/2683/2240
f 4079/2686/2240 4110/2687/2240 4080/2688/2240
f 4079/2686/2240 4109/2689/2240 4110/2687/2240
f 4107/2690/2240 4081/2691/2240 4108/2692/2240
f 4107/2690/2240 4082/2693/2240 4081/2691/2240
f 4103/2694/2240 4106/2695/2240 4104/2696/2240
f 4103/2694/2240 4105/2697/2240 4106/2695/2240
f 4077/2698/2240 4102/2699/2240 4078/2700/2240
f 4077/2698/2240 4101/2701/2240 4102/2699/2240
f 4099/2702/2240 4070/2703/2240 4100/2704/2240
f 4099/2702/2240 4071/2705/2240 4070/2703/2240
f 4069/2706/2240 4098/2707/2240 4097/2708/2240
f 4069/2706/2240 4068/2709/2240 4098/2707/2240
f 4063/2710/2240 4096/2711/2240 4064/2712/2240
f 4063/2710/2240 4067/2713/2240 4096/2711/2240
f 4066/2714/2240 4076/2715/2240 4095/2716/2240
f 4066/2714/2240 4065/2717/2240 4076/2715/2240
f 4016/2718/2241 4061/2719/2241 4017/2720/2241
f 4016/2718/2241 4019/2721/2241 4061/2719/2241
f 4003/2722/2241 4062/2723/2241 4004/2724/2241
f 4003/2722/2241 4007/2725/2241 4062/2723/2241
f 3979/2726/2241 4060/2727/2241 3980/2728/2241
f 3979/2726/2241 3983/2729/2241 4060/2727/2241
f 4032/2730/2241 4028/2731/2241 4027/2732/2241
f 4032/2730/2241 4031/2733/2241 4028/2731/2241
f 4043/2734/2241 4040/2735/2241 4039/2736/2241
f 4043/2734/2241 4041/2737/2241 4040/2735/2241
f 4048/2738/2241 4013/2739/2241 4012/2740/2241
f 4048/2738/2241 4047/2741/2241 4013/2739/2241
f 4052/2742/2241 4054/2743/2241 4053/2744/2241
f 4052/2742/2241 4051/2745/2241 4054/2743/2241
f 3995/2746/2241 3989/2747/2241 3988/2748/2241
f 3995/2746/2241 3992/2749/2241 3989/2747/2241
f 4010/2750/2241 4008/2751/2241 4011/2752/2241
f 4010/2750/2241 4009/2753/2241 4008/2751/2241
f 4024/2754/2241 4022/2755/2241 4021/2756/2241
f 4024/2754/2241 4023/2757/2241 4022/2755/2241
f 4030/2758/2241 4038/2759/2241 4037/2760/2241
f 4030/2758/2241 4029/2761/2241 4038/2759/2241
f 4046/2762/2241 4026/2763/2241 4025/2764/2241
f 4046/2762/2241 4045/2765/2241 4026/2763/2241
f 4056/2766/2241 4058/2767/2241 4057/2768/2241
f 4056/2766/2241 4055/2769/2241 4058/2767/2241
f 3985/2770/2241 3982/2771/2241 3981/2772/2241
f 3985/2770/2241 3984/2773/2241 3982/2771/2241
f 4005/2774/2241 4001/2775/2241 4006/2776/2241
f 4005/2774/2241 4002/2777/2241 4001/2775/2241
f 4020/2778/2241 4015/2779/2241 4014/2780/2241
f 4020/2778/2241 4018/2781/2241 4015/2779/2241
f 4036/2782/2241 4034/2783/2241 4033/2784/2241
f 4036/2782/2241 4035/2785/2241 4034/2783/2241
f 4044/2702/2241 3987/2786/2241 3986/2787/2242
f 4044/2702/2241 4042/2788/2241 3987/2786/2241
f 3990/2789/2241 4049/2790/2241 3991/2791/2241
f 3990/2789/2241 4059/2792/2241 4049/2790/2241
f 3993/2793/2241 4050/2794/2241 3994/2795/2241
f 3993/2793/2241 4000/2796/2241 4050/2794/2241
f 3998/2714/2241 3996/2797/2241 3999/2717/2241
f 3998/2714/2241 3997/2798/2241 3996/2797/2241
f 3978/2799/2243 3972/2800/2243 3971/2801/2243
f 3978/2799/2243 3977/2802/2243 3972/2800/2243
f 3974/2803/2244 3968/2804/2244 3967/2804/2244
f 3974/2803/2244 3973/2803/2244 3968/2804/2244
f 3975/2802/2245 3965/2801/2245 3969/2800/2245
f 3975/2802/2245 3966/2799/2245 3965/2801/2245
f 3963/2805/2246 3970/2806/2246 3964/2806/2246
f 3963/2805/2246 3976/2805/2246 3970/2806/2246
f 3848/2474/2239 3847/2807/2239 3846/2808/2239
f 3848/2474/2239 3856/2476/2239 3847/2807/2239
f 3859/2809/2239 3842/2810/2239 3845/2811/2239
f 3859/2809/2239 3843/2812/2239 3842/2810/2239
f 3841/2813/2239 3836/2814/2239 3839/2815/2239
f 3841/2813/2239 3837/2816/2239 3836/2814/2239
f 3835/2817/2239 3832/2818/2239 3831/2819/2239
f 3835/2817/2239 3834/2820/2239 3832/2818/2239
f 3830/2821/2239 3827/2822/2239 3829/2823/2239
f 3830/2821/2239 3828/2824/2239 3827/2822/2239
f 3826/2825/2239 3823/2826/2239 3825/2827/2239
f 3826/2825/2239 3824/2828/2239 3823/2826/2239
f 3822/2829/2239 3820/2830/2239 3819/2831/2239
f 3822/2829/2239 3821/2832/2239 3820/2830/2239
f 3818/2833/2239 3815/2834/2239 3817/2835/2239
f 3818/2833/2239 3816/2836/2239 3815/2834/2239
f 3814/2837/2239 3808/2838/2239 3811/2839/2239
f 3814/2837/2239 3809/2840/2239 3808/2838/2239
f 3806/2841/2239 3802/2842/2239 3801/2843/2239
f 3806/2841/2239 3805/2844/2239 3802/2842/2239
f 3800/2845/2239 3797/2846/2239 3799/2847/2239
f 3800/2845/2239 3798/2848/2239 3797/2846/2239
f 3796/2849/2239 3793/2850/2239 3795/2851/2239
f 3796/2849/2239 3794/2852/2239 3793/2850/2239
f 3792/2853/2239 3790/2854/2239 3789/2855/2239
f 3792/2853/2239 3791/2856/2239 3790/2854/2239
f 3788/2857/2239 3785/2858/2239 3787/2859/2239
f 3788/2857/2239 3786/2860/2239 3785/2858/2239
f 3784/2861/2239 3778/2862/2239 3781/2863/2239
f 3784/2861/2239 3779/2864/2239 3778/2862/2239
f 3962/2865/2239 3854/2866/2239 3959/2867/2239
f 3962/2865/2239 3855/2868/2239 3854/2866/2239
f 3857/2869/2239 3957/2870/2239 3858/2871/2239
f 3857/2869/2239 3958/2872/2239 3957/2870/2239
f 3956/2873/2239 3953/2874/2239 3955/2875/2239
f 3956/2873/2239 3954/2876/2239 3953/2874/2239
f 3950/2877/2239 3948/2878/2239 3947/2879/2239
f 3950/2877/2239 3949/2880/2239 3948/2878/2239
f 3852/2881/2239 3945/2882/2239 3853/2883/2239
f 3852/2881/2239 3951/2884/2239 3945/2882/2239
f 3952/2885/2239 3849/2886/2239 3943/2887/2239
f 3952/2885/2239 3850/2888/2239 3849/2886/2239
f 3915/2889/2239 3911/2890/2239 3910/2891/2239
f 3915/2889/2239 3914/2892/2239 3911/2890/2239
f 3926/2893/2239 3923/2894/2239 3922/2895/2239
f 3926/2893/2239 3924/2896/2239 3923/2894/2239
f 3931/2897/2239 3897/2898/2239 3896/2899/2239
f 3931/2897/2239 3930/2900/2239 3897/2898/2239
f 3935/2901/2239 3937/2902/2239 3936/2903/2239
f 3935/2901/2239 3934/2904/2239 3937/2902/2239
f 3880/2905/2239 3874/2906/2239 3873/2907/2239
f 3880/2905/2239 3877/2908/2239 3874/2906/2239
f 3894/2909/2239 3892/2910/2239 3895/2911/2239
f 3894/2909/2239 3893/2912/2239 3892/2910/2239
f 3907/2913/2239 3905/2914/2239 3904/2915/2239
f 3907/2913/2239 3906/2916/2239 3905/2914/2239
f 3913/2917/2239 3921/2918/2239 3920/2919/2239
f 3913/2917/2239 3912/2920/2239 3921/2918/2239
f 3929/2921/2239 3909/2922/2239 3908/2923/2239
f 3929/2921/2239 3928/2924/2239 3909/2922/2239
f 3939/2925/2239 3941/2926/2239 3940/2927/2239
f 3939/2925/2239 3938/2928/2239 3941/2926/2239
f 3870/2929/2239 3867/2930/2239 3866/2931/2239
f 3870/2929/2239 3869/2932/2239 3867/2930/2239
f 3889/2933/2239 3886/2934/2239 3890/2935/2239
f 3889/2933/2239 3887/2936/2239 3886/2934/2239
f 3903/2937/2239 3899/2938/2239 3898/2939/2239
f 3903/2937/2239 3901/2940/2239 3899/2938/2239
f 3919/2941/2239 3917/2942/2239 3916/2943/2239
f 3919/2941/2239 3918/2944/2239 3917/2942/2239
f 3927/2562/2239 3872/2945/2239 3871/2946/2247
f 3927/2562/2239 3925/2947/2239 3872/2945/2239
f 3875/2948/2239 3932/2949/2239 3876/2950/2239
f 3875/2948/2239 3942/2951/2239 3932/2949/2239
f 3878/2952/2239 3933/2953/2239 3879/2954/2239
f 3878/2952/2239 3885/2955/2239 3933/2953/2239
f 3883/2550/2239 3881/2956/2239 3884/2553/2239
f 3883/2550/2239 3882/2957/2239 3881/2956/2239
f 3761/2958/2238 3844/2959/2238 3767/2960/2238
f 3761/2958/2238 3760/2961/2238 3844/2959/2238
f 3769/2962/2238 3838/2963/2238 3770/2964/2238
f 3769/2962/2238 3840/2965/2238 3838/2963/2238
f 3833/2817/2238 3716/2966/2238 3771/2967/2248
f 3833/2817/2238 3717/2968/2238 3716/2966/2238
f 3715/2969/2238 3729/2970/2238 3728/2971/2238
f 3715/2969/2238 3714/2972/2238 3729/2970/2238
f 3741/2973/2238 3747/2974/2238 3744/2975/2238
f 3741/2973/2238 3740/2976/2238 3747/2974/2238
o Sign
v -24.890549 89.799103 -19.841175
v -24.890549 89.799103 19.610626
v -19.613224 93.929497 -24.890549
v 19.877949 93.929497 -24.890549
v 19.925375 89.799103 24.890549
v 19.925375 93.929497 24.890549
v -24.890549 93.929497 19.610626
v -24.890549 93.929497 -19.841175
v 24.890549 89.799103 -19.804276
v 24.890549 93.929497 -19.804276
v 19.877949 89.799103 -24.890549
v -19.661001 89.799103 24.890549
v 24.890549 89.799103 19.679674
v -19.661001 93.929497 24.890549
v 24.890549 93.929497 19.679674
v -19.613224 89.799103 -24.890549
v -2.783700 115.088745 3.209500
v -6.060400 127.777756 6.614125
v -6.633950 127.777756 6.040575
v -3.229275 115.088745 2.763900
v 6.201550 127.777756 -6.794925
v -6.060400 127.777756 -6.794925
v -6.633950 127.777756 -6.221375
v 6.201550 127.777756 6.614125
v 6.775100 127.777756 6.040600
v 6.775100 127.777756 -6.221350
v -2.783700 115.088745 -3.390250
v 2.924875 115.088745 -3.390250
v -3.229275 115.088745 -2.944675
v 2.924875 115.088745 3.209500
v 3.370450 115.088745 -2.944675
v 3.370450 115.088745 2.763925
vn -1.0000 -0.0000 -0.0000
vn 1.0000 -0.0000 -0.0000
vn -0.0000 -0.0000 -1.0000
vn -0.0000 -0.0000 1.0000
vn 0.9658 -0.2591 -0.0000
vn -0.0000 -0.2592 -0.9658
vn -0.9658 -0.2592 -0.0000
vn -0.0000 -0.2591 0.9658
vt -0.030964 0.624641
vt 1.046408 0.430647
vt 1.046408 0.624641
vt -0.030964 0.430647
vt 0.514256 0.808860
vt 0.468145 0.893803
vt 0.531211 0.893803
vt 0.484869 0.808860
vt 0.482575 0.808860
vt 0.465195 0.893803
vt 0.516549 0.808860
vt 0.534160 0.893803
s 1
usemtl sign
f 4239/2977/2249 4233/2978/2249 4238/2979/2249
f 4239/2977/2249 4232/2980/2249 4233/2978/2249
f 4246/2977/2250 4240/2978/2250 4241/2979/2250
f 4246/2977/2250 4244/2980/2250 4240/2978/2250
f 4235/2977/2251 4247/2978/2251 4234/2979/2251
f 4235/2977/2251 4242/2980/2251 4247/2978/2251
f 4245/2977/2252 4236/2978/2252 4237/2979/2252
f 4245/2977/2252 4243/2980/2252 4236/2978/2252
f 4263/2981/2253 4257/2982/2253 4256/2983/2253
f 4263/2981/2253 4262/2984/2253 4257/2982/2253
f 4259/2985/2254 4253/2986/2254 4252/2986/2254
f 4259/2985/2254 4258/2985/2254 4253/2986/2254
f 4260/2984/2255 4250/2983/2255 4254/2982/2255
f 4260/2984/2255 4251/2981/2255 4250/2983/2255
f 4248/2987/2256 4255/2988/2256 4249/2988/2256
f 4248/2987/2256 4261/2987/2256 4255/2988/2256
