# Blender 3.6.5
# www.blender.org
mtllib sfparabox.mtl
o windows
v 10.724998 77.350006 -25.674984
v 8.124996 72.150002 -25.674984
v 8.124996 77.350006 -25.674984
v 10.724998 72.150002 -25.674984
v 15.275001 77.350006 -25.674984
v 13.325002 72.150002 -25.674984
v 13.325002 77.350006 -25.674984
v 15.275001 72.150002 -25.674984
v 13.325002 70.200005 -25.674984
v 10.724998 70.200005 -25.674984
v 8.124996 70.200005 -25.674984
v 6.174996 72.150002 -25.674984
v 6.174996 70.200005 -25.674984
v 8.124996 65.000008 -25.674984
v 10.724998 65.000008 -25.674984
v 15.275001 70.200005 -25.674984
v 15.275001 65.000008 -25.674984
v 13.325002 65.000008 -25.674984
v 17.224998 70.200005 -25.674984
v 17.224998 72.150002 -25.674984
v 17.224998 77.350006 -25.674984
v 17.224998 65.000008 -25.674984
v 6.174996 65.000008 -25.674984
v 6.174996 77.350006 -25.674984
v -17.225006 71.500000 -25.674984
v -15.275002 69.550003 -25.674984
v -17.225006 69.550003 -25.674984
v -15.275002 71.500000 -25.674984
v -17.225006 64.350006 -25.674984
v -17.225006 76.700005 -25.674984
v -15.275002 76.700005 -25.674984
v -12.675003 76.700005 -25.674984
v -12.675003 71.500000 -25.674984
v -12.675003 69.550003 -25.674984
v -15.275002 64.350006 -25.674984
v -12.675003 64.350006 -25.674984
v -10.074998 76.700005 -25.674984
v -8.124998 76.700005 -25.674984
v -6.174998 76.700005 -25.674984
v -6.174998 71.500000 -25.674984
v -6.174998 69.550003 -25.674984
v -6.174998 64.350006 -25.674984
v -8.124998 64.350006 -25.674984
v -10.074998 64.350006 -25.674984
v -8.124998 69.550003 -25.674984
v -10.074998 69.550003 -25.674984
v -8.124998 71.500000 -25.674984
v -10.074998 71.500000 -25.674984
v -25.674984 77.350006 -10.724996
v -25.674984 72.150002 -8.124995
v -25.674984 77.350006 -8.124995
v -25.674984 72.150002 -10.724996
v -25.674986 77.350006 -15.275001
v -25.674986 72.150002 -13.325001
v -25.674986 77.350006 -13.325001
v -25.674986 72.150002 -15.275001
v -25.674986 70.200005 -13.325001
v -25.674984 70.200005 -10.724996
v -25.674984 70.200005 -8.124995
v -25.674984 72.150002 -6.174995
v -25.674984 70.200005 -6.174995
v -25.674984 65.000008 -8.124995
v -25.674984 65.000008 -10.724996
v -25.674986 70.200005 -15.275001
v -25.674986 65.000008 -15.275001
v -25.674986 65.000008 -13.325001
v -25.674986 70.200005 -17.224998
v -25.674986 72.150002 -17.224998
v -25.674986 77.350006 -17.224998
v -25.674986 65.000008 -17.224998
v -25.674984 65.000008 -6.174995
v -25.674984 77.350006 -6.174995
v 25.674984 77.350006 10.724998
v 25.674984 72.150002 8.124997
v 25.674984 77.350006 8.124997
v 25.674984 72.150002 10.724998
v 25.674984 77.350006 15.275002
v 25.674984 72.150002 13.325003
v 25.674984 77.350006 13.325003
v 25.674984 72.150002 15.275002
v 25.674984 70.200005 13.325003
v 25.674984 70.200005 10.724998
v 25.674984 70.200005 8.124997
v 25.674984 72.150002 6.174997
v 25.674984 70.200005 6.174997
v 25.674984 65.000008 8.124997
v 25.674984 65.000008 10.724998
v 25.674984 70.200005 15.275002
v 25.674984 65.000008 13.325003
v 25.674984 70.200005 17.225000
v 25.674984 72.150002 17.225000
v 25.674984 65.000008 15.275002
v 25.674984 65.000008 6.174997
v 25.674984 77.350006 6.174997
v 25.674984 77.350006 17.225000
v 25.674984 65.000008 17.225000
v 25.674984 64.350006 -10.074997
v 25.674984 69.550003 -8.124997
v 25.674984 64.350006 -8.124997
v 25.674984 69.550003 -10.074997
v 25.674984 71.500000 -8.124997
v 25.674984 69.550003 -6.174997
v 25.674984 71.500000 -6.174997
v 25.674984 64.350006 -15.275002
v 25.674984 69.550003 -12.675002
v 25.674984 64.350006 -12.675002
v 25.674984 69.550003 -15.275002
v 25.674984 71.500000 -12.675002
v 25.674984 71.500000 -10.074997
v 25.674984 76.700005 -8.124997
v 25.674984 76.700005 -10.074997
v 25.674984 71.500000 -17.225004
v 25.674984 69.550003 -17.225004
v 25.674984 71.500000 -15.275002
v 25.674984 76.700005 -12.675002
v 25.674984 76.700005 -15.275002
v 25.674984 64.350006 -17.225004
v 25.674984 76.700005 -17.225004
v 25.674984 76.700005 -6.174997
v 25.674984 64.350006 -6.174997
v -25.674984 64.350006 10.074999
v -25.674984 69.550003 8.125000
v -25.674984 64.350006 8.125000
v -25.674984 69.550003 10.074999
v -25.674984 71.500000 8.125000
v -25.674984 69.550003 6.175000
v -25.674984 71.500000 6.175000
v -25.674982 64.350006 15.275004
v -25.674982 69.550003 12.675004
v -25.674982 64.350006 12.675004
v -25.674982 69.550003 15.275004
v -25.674982 71.500000 12.675004
v -25.674984 71.500000 10.074999
v -25.674984 76.700005 8.125000
v -25.674984 76.700005 10.074999
v -25.674982 71.500000 17.225006
v -25.674982 69.550003 17.225006
v -25.674982 71.500000 15.275004
v -25.674982 76.700005 12.675004
v -25.674982 76.700005 15.275004
v -25.674982 64.350006 17.225006
v -25.674982 76.700005 17.225006
v -25.674984 76.700005 6.175000
v -25.674984 64.350006 6.175000
vn 1.0000 -0.0000 -0.0000
vn -1.0000 -0.0000 -0.0000
vn -0.0000 -0.0000 -1.0000
vt 0.197266 0.417969
vt 0.205078 0.449219
vt 0.197266 0.449219
vt 0.205078 0.417969
vt 0.205078 0.375000
vt 0.197266 0.406250
vt 0.197266 0.375000
vt 0.205078 0.406250
vt 0.185547 0.417969
vt 0.191406 0.449219
vt 0.185547 0.449219
vt 0.191406 0.417969
vt 0.185547 0.375000
vt 0.191406 0.406250
vt 0.185547 0.406250
vt 0.191406 0.375000
vt 0.212891 0.375000
vt 0.218750 0.406250
vt 0.212891 0.406250
vt 0.218750 0.375000
vt 0.212891 0.417969
vt 0.218750 0.449219
vt 0.212891 0.449219
vt 0.218750 0.417969
vt 0.121094 0.378906
vt 0.115234 0.410156
vt 0.115234 0.378906
vt 0.121094 0.410156
vt 0.121094 0.421875
vt 0.115234 0.453125
vt 0.115234 0.421875
vt 0.121094 0.453125
vt 0.148438 0.378906
vt 0.142578 0.410156
vt 0.142578 0.378906
vt 0.148438 0.410156
vt 0.134766 0.378906
vt 0.126953 0.410156
vt 0.126953 0.378906
vt 0.134766 0.410156
vt 0.126953 0.453125
vt 0.134766 0.421875
vt 0.134766 0.453125
vt 0.126953 0.421875
vt 0.148438 0.421875
vt 0.142578 0.453125
vt 0.142578 0.421875
vt 0.148438 0.453125
s 1
usemtl window
f 109/1/1 115/2/1 111/3/1
f 109/1/1 108/4/1 115/2/1
f 106/5/1 100/6/1 97/7/1
f 106/5/1 105/8/1 100/6/1
f 103/9/1 110/10/1 119/11/1
f 103/9/1 101/12/1 110/10/1
f 120/13/1 98/14/1 102/15/1
f 120/13/1 99/16/1 98/14/1
f 104/17/1 113/18/1 107/19/1
f 104/17/1 117/20/1 113/18/1
f 114/21/1 118/22/1 116/23/1
f 114/21/1 112/24/1 118/22/1
f 92/25/1 90/26/1 96/27/1
f 92/25/1 88/28/1 90/26/1
f 80/29/1 95/30/1 91/31/1
f 80/29/1 77/32/1 95/30/1
f 93/33/1 83/34/1 86/35/1
f 93/33/1 85/36/1 83/34/1
f 87/37/1 81/38/1 89/39/1
f 87/37/1 82/40/1 81/38/1
f 79/41/1 76/42/1 73/43/1
f 79/41/1 78/44/1 76/42/1
f 84/45/1 75/46/1 74/47/1
f 84/45/1 94/48/1 75/46/1
f 133/1/2 139/2/2 135/3/2
f 133/1/2 132/4/2 139/2/2
f 130/5/2 124/6/2 121/7/2
f 130/5/2 129/8/2 124/6/2
f 127/9/2 134/10/2 143/11/2
f 127/9/2 125/12/2 134/10/2
f 144/13/2 122/14/2 126/15/2
f 144/13/2 123/16/2 122/14/2
f 128/17/2 137/18/2 131/19/2
f 128/17/2 141/20/2 137/18/2
f 138/21/2 142/22/2 140/23/2
f 138/21/2 136/24/2 142/22/2
f 65/25/2 67/26/2 70/27/2
f 65/25/2 64/28/2 67/26/2
f 56/29/2 69/30/2 68/31/2
f 56/29/2 53/32/2 69/30/2
f 71/33/2 59/34/2 62/35/2
f 71/33/2 61/36/2 59/34/2
f 63/37/2 57/38/2 66/39/2
f 63/37/2 58/40/2 57/38/2
f 55/41/2 52/42/2 49/43/2
f 55/41/2 54/44/2 52/42/2
f 60/45/2 51/46/2 50/47/2
f 60/45/2 72/48/2 51/46/2
f 48/1/3 32/2/3 37/3/3
f 48/1/3 33/4/3 32/2/3
f 36/5/3 46/6/3 44/7/3
f 36/5/3 34/8/3 46/6/3
f 40/9/3 38/10/3 39/11/3
f 40/9/3 47/12/3 38/10/3
f 42/13/3 45/14/3 41/15/3
f 42/13/3 43/16/3 45/14/3
f 35/17/3 27/18/3 26/19/3
f 35/17/3 29/20/3 27/18/3
f 28/21/3 30/22/3 31/23/3
f 28/21/3 25/24/3 30/22/3
f 17/25/3 19/26/3 22/27/3
f 17/25/3 16/28/3 19/26/3
f 8/29/3 21/30/3 20/31/3
f 8/29/3 5/32/3 21/30/3
f 23/33/3 11/34/3 14/35/3
f 23/33/3 13/36/3 11/34/3
f 15/37/3 9/38/3 18/39/3
f 15/37/3 10/40/3 9/38/3
f 7/41/3 4/42/3 1/43/3
f 7/41/3 6/44/3 4/42/3
f 12/45/3 3/46/3 2/47/3
f 12/45/3 24/48/3 3/46/3
o box
v 25.674984 77.350006 -5.524998
v 25.674984 77.350006 -8.124998
v 25.674986 77.350006 -12.675002
v -17.875006 59.150005 -25.674984
v -4.874999 59.800003 -26.324999
v -5.524999 59.150005 -25.674984
v -18.525005 59.800003 -26.324999
v -17.875006 45.500004 -25.674984
v -18.525005 44.850002 -26.324999
v -5.524999 45.500004 -25.674984
v -4.874999 44.850002 -26.324999
v -18.525005 63.050007 -26.324999
v -4.874999 63.050007 -26.324999
v -4.874999 78.000000 -26.324999
v -21.125006 82.549995 -26.324999
v -2.275001 82.549995 -26.324999
v -18.525005 78.000000 -26.324999
v -21.125006 59.800003 -26.325001
v -21.125006 41.600002 -26.325001
v -18.525005 41.600002 -26.324999
v -18.525005 26.000002 -26.324999
v -21.125006 22.750002 -26.325001
v -4.874999 41.600002 -26.324999
v -2.275001 4.550000 -26.324999
v -4.874999 22.750002 -26.324999
v -2.275001 22.750002 -26.325001
v -4.874999 7.800000 -26.324999
v -21.125006 4.550000 -26.324999
v -18.525005 7.800000 -26.324999
v -18.525005 22.750002 -26.324999
v -4.874999 26.000002 -26.324999
v -2.275001 41.600002 -26.325001
v -2.275001 59.800003 -26.324999
v -2.275001 22.750002 -26.974957
v -2.275001 4.550000 -26.974957
v -2.275001 41.600002 -26.974957
v -2.275001 59.800003 -26.974957
v -2.275001 82.549995 -26.974957
v 0.324999 22.750002 -26.974957
v 0.324999 4.550000 -26.974957
v 0.324999 41.600002 -26.974957
v 0.324999 59.800003 -26.974957
v 0.324999 82.549995 -26.974957
v 0.324999 82.549995 -26.324999
v 0.324999 59.800003 -26.324999
v 0.324999 41.600002 -26.325001
v 0.324999 22.750002 -26.325001
v 0.324999 4.550000 -26.324999
v -30.225002 0.000000 -30.224998
v 30.224998 4.550000 -30.225002
v 30.224998 0.000000 -30.225002
v -30.225002 4.550000 -30.224998
v 24.374998 4.550000 -24.375002
v 30.225002 4.550000 30.224998
v 24.375002 4.550000 24.374998
v -30.224998 4.550000 30.225002
v -24.374998 4.550000 24.375002
v -24.375002 4.550000 -24.374998
v 30.225002 0.000000 30.224998
v -30.224998 0.000000 30.225002
v -25.674986 8.450000 -17.874998
v -26.325001 22.750002 -18.524998
v -26.325001 7.800000 -18.524998
v -25.674986 22.100002 -17.874998
v -25.674984 8.450000 -5.524995
v -25.674984 22.100002 -5.524995
v -26.324999 22.750002 -4.874995
v -26.324999 7.800000 -4.874995
v -25.674982 59.150005 17.875006
v -26.324999 59.800003 4.875000
v -25.674984 59.150005 5.525000
v -26.324997 59.800003 18.525005
v -25.674982 45.500004 17.875006
v -26.324997 44.850002 18.525005
v -25.674984 45.500004 5.525000
v -26.324999 44.850002 4.875000
v -26.324997 63.050007 18.525005
v -26.324999 63.050007 4.875000
v -26.325001 22.750002 2.275003
v -26.324999 41.600002 4.875000
v -26.325001 41.600002 2.275003
v -26.324999 59.800003 2.275003
v -26.324999 78.000000 4.875000
v -26.324999 82.549995 2.275003
v -26.324997 82.549995 21.125006
v -26.324997 41.600002 18.525005
v -26.324997 78.000000 18.525005
v -26.324999 59.800003 21.125006
v -26.324999 41.600002 21.125006
v -26.324997 26.000002 18.525005
v -26.324999 22.750002 21.125006
v -26.324997 22.750002 18.525005
v -26.324997 7.800000 18.525005
v -26.324997 4.550000 21.125006
v -26.324999 7.800000 4.875000
v -26.324999 4.550000 2.275003
v -26.324999 22.750002 4.875000
v -26.324999 26.000002 4.875000
v -25.674984 64.350006 -5.524995
v -25.674986 64.350006 -10.724996
v -25.674988 64.350006 -15.275001
v -26.974957 22.750002 2.275003
v -26.974957 4.550000 2.275003
v -26.974957 41.600002 2.275003
v -26.974957 59.800003 2.275003
v -26.974957 82.549995 2.275003
v -26.974957 22.750002 -0.324998
v -26.974957 4.550000 -0.324998
v -26.974957 41.600002 -0.324998
v -26.974957 59.800003 -0.324998
v -26.974957 82.549995 -0.324998
v -26.324999 82.549995 -0.324998
v -26.324999 59.800003 -0.324998
v -26.325001 41.600002 -0.324998
v -26.325001 22.750002 -0.324998
v -26.324999 4.550000 -0.324998
v 2.600000 100.750000 -3.900000
v 2.600000 94.899994 -2.600000
v 2.600000 100.750000 -2.600000
v 2.600000 94.899994 -3.900000
v 3.900000 94.899994 -3.900000
v 3.900000 100.750000 -3.900000
v 3.900000 94.899994 -2.600000
v 3.900000 100.750000 -2.600000
v -3.900000 94.899994 -2.600000
v -2.600000 100.750000 -2.600000
v -3.900000 100.750000 -2.600000
v -2.600000 94.899994 -2.600000
v -2.600000 100.750000 -3.900000
v -2.600000 94.899994 -3.900000
v -3.900000 94.899994 -3.900000
v -3.900000 100.750000 -3.900000
v 3.900000 94.899994 2.600000
v 2.600000 100.750000 2.600000
v 3.900000 100.750000 2.600000
v 2.600000 94.899994 2.600000
v 2.600000 100.750000 3.900000
v 2.600000 94.899994 3.900000
v 3.900000 94.899994 3.900000
v 3.900000 100.750000 3.900000
v -3.900000 94.899994 2.600000
v -2.600000 100.750000 2.600000
v -2.600000 94.899994 2.600000
v -3.900000 100.750000 2.600000
v -2.600000 100.750000 3.900000
v -2.600000 94.899994 3.900000
v -3.900000 94.899994 3.900000
v -3.900000 100.750000 3.900000
v -26.325003 91.000000 -26.324999
v -26.324999 91.000000 26.325003
v 26.324999 91.000000 -26.325003
v 26.325003 91.000000 26.324999
v 26.325003 88.400002 26.324999
v -26.324999 88.400002 26.325003
v 26.324999 88.400002 -26.325003
v -26.325003 88.400002 -26.324999
v 26.975000 88.400002 -21.125000
v 26.324997 88.400002 -26.325001
v 26.325001 88.400002 -21.125000
v 26.974997 88.400002 -26.975006
v 21.124992 88.400002 -26.975000
v 21.124992 88.400002 -26.324997
v -25.674984 63.700012 12.675004
v -25.674986 63.700012 8.125000
v -25.674984 63.700008 5.525000
v 26.325001 4.550000 -21.125000
v 26.975000 4.550000 -21.125000
v 26.974997 4.550001 -26.975006
v 21.124992 4.550000 -26.975000
v 21.124992 4.550000 -26.324997
v 21.125002 4.550000 24.375000
v 21.125002 88.400002 26.325003
v 21.125002 88.400002 24.375000
v 21.125002 4.550000 26.325003
v 21.125002 88.400002 26.975002
v 21.125002 4.550000 26.975002
v 26.975006 88.400002 26.974998
v 26.975006 4.550000 26.974998
v 26.975002 88.400002 21.124994
v 26.975002 4.550000 21.124994
v 26.324999 88.400002 21.124994
v 26.324999 4.550000 21.124994
v -26.325001 88.400002 -26.324997
v -21.124996 88.400002 -26.324997
v -21.124996 88.400002 -26.975000
v -26.975000 88.400002 -26.975002
v -26.975000 88.400002 -21.124996
v -26.325001 88.400002 -21.124996
v -26.325001 4.550000 -21.124998
v -26.325003 22.750002 -21.124998
v -26.325001 26.650002 -18.524998
v -26.324999 26.650002 -4.874995
v -26.324999 41.600002 -4.874995
v -26.324999 45.500004 -4.874995
v -26.324999 60.450005 -4.874995
v -26.324999 63.700005 -4.874995
v -26.324999 78.650002 -4.874995
v -26.325001 82.549995 -21.124998
v -26.325001 63.700005 -18.524998
v -26.325001 60.450005 -18.524998
v -26.325001 45.500004 -18.524998
v -26.325001 41.600002 -18.524998
v -26.325001 78.650002 -18.524998
v -26.325003 60.450005 -21.124998
v -26.325003 41.600002 -21.124998
v -26.325001 4.550000 -21.124996
v -26.975000 4.550000 -21.124996
v -26.975000 4.550001 -26.975002
v -21.124996 4.550000 -26.975000
v -21.124996 4.550000 -26.324997
v -21.124998 88.400002 26.975002
v -21.124998 88.400002 26.325003
v -26.975002 88.400002 26.975002
v -26.975002 88.400002 21.124998
v -26.324999 88.400002 21.124998
v -21.124998 4.550000 26.325003
v -21.124998 4.550000 26.975002
v -21.124998 4.550000 24.375000
v -21.124998 88.400002 24.375000
v 25.674986 63.700012 -12.675002
v 25.674986 63.700012 -8.124998
v 25.674984 63.700008 -5.524998
v -26.975002 4.550000 26.975002
v -26.975002 4.550000 21.124998
v -26.324999 4.550000 21.124998
v -5.524999 77.350006 -25.674984
v -8.124999 77.350006 -25.674984
v -12.675003 77.350006 -25.674986
v -17.875006 77.350006 -25.674984
v -17.875006 71.500000 -25.674986
v -17.875006 63.700008 -25.674984
v 5.524997 27.300001 -25.674984
v 18.524998 26.650002 -26.324999
v 4.874997 26.650002 -26.324999
v 17.874998 27.300001 -25.674984
v 18.524998 41.600002 -26.324999
v 17.874998 40.950005 -25.674984
v 5.524997 40.950005 -25.674984
v 4.874997 41.600002 -26.324999
v 5.524997 46.150002 -25.674984
v 18.524998 45.500004 -26.324999
v 4.874997 45.500004 -26.324999
v 17.874998 46.150002 -25.674984
v 18.524998 60.450005 -26.324999
v 17.874998 59.800003 -25.674984
v 5.524997 59.800003 -25.674984
v 4.874997 60.450005 -26.324999
v 10.724998 77.350006 -25.674984
v 8.124996 72.150002 -25.674984
v 8.124996 77.350006 -25.674984
v 10.724998 72.150002 -25.674984
v 15.275001 77.350006 -25.674984
v 13.325002 72.150002 -25.674984
v 13.325002 77.350006 -25.674984
v 15.275001 72.150002 -25.674984
v 13.325002 70.200005 -25.674984
v 10.724998 70.200005 -25.674984
v 8.124996 70.200005 -25.674984
v 6.174996 72.150002 -25.674984
v 6.174996 70.200005 -25.674984
v 8.124996 65.000008 -25.674984
v 10.724998 65.000008 -25.674984
v 15.275001 70.200005 -25.674984
v 15.275001 65.000008 -25.674984
v 13.325002 65.000008 -25.674984
v 17.224998 70.200005 -25.674984
v 17.224998 72.150002 -25.674984
v 10.724998 78.000000 -25.674986
v 15.275001 78.000000 -25.674986
v 17.224998 77.350006 -25.674984
v 17.874998 78.000000 -25.674984
v 17.874998 72.150002 -25.674986
v 17.224998 65.000008 -25.674984
v 17.874998 64.350006 -25.674984
v 15.275001 64.350006 -25.674986
v 10.724998 64.350006 -25.674986
v 6.174996 65.000008 -25.674984
v 5.524997 64.350006 -25.674984
v 5.524997 72.150002 -25.674986
v 6.174996 77.350006 -25.674984
v 5.524997 78.000000 -25.674984
v 18.524998 7.800000 -26.324999
v 21.124998 4.550000 -26.324999
v 4.874997 7.800000 -26.324999
v 4.874997 22.750002 -26.324999
v 18.524998 22.750002 -26.324999
v 18.524998 63.700005 -26.324999
v 21.124998 82.549995 -26.324999
v 21.124998 60.450005 -26.325001
v 18.524998 78.650002 -26.324999
v 4.874997 78.650002 -26.324999
v 4.874997 63.700005 -26.324999
v 21.124998 41.600002 -26.325001
v 21.124998 22.750002 -26.325001
v 5.524997 8.450000 -25.674984
v 17.874998 8.450000 -25.674984
v 17.874998 22.100002 -25.674984
v 5.524997 22.100002 -25.674984
v -17.875006 40.950005 -25.674984
v -5.524999 40.950005 -25.674984
v -17.875006 26.650002 -25.674984
v -5.524999 26.650002 -25.674984
v -17.875006 22.100002 -25.674984
v -5.524999 22.100002 -25.674984
v -5.524999 8.450000 -25.674984
v -17.875006 8.450000 -25.674984
v -5.524999 63.700008 -25.674984
v -5.524999 71.500000 -25.674986
v -12.675003 63.700012 -25.674986
v -8.124999 63.700012 -25.674986
v -17.225006 71.500000 -25.674984
v -15.275002 69.550003 -25.674984
v -17.225006 69.550003 -25.674984
v -15.275002 71.500000 -25.674984
v -17.225006 64.350006 -25.674984
v -17.225006 76.700005 -25.674984
v -15.275002 76.700005 -25.674984
v -12.675003 76.700005 -25.674984
v -12.675003 71.500000 -25.674984
v -12.675003 69.550003 -25.674984
v -15.275002 64.350006 -25.674984
v -12.675003 64.350006 -25.674984
v -10.074998 76.700005 -25.674984
v -8.124998 76.700005 -25.674984
v -6.174998 76.700005 -25.674984
v -6.174998 71.500000 -25.674984
v -6.174998 69.550003 -25.674984
v -6.174998 64.350006 -25.674984
v -8.124998 64.350006 -25.674984
v -10.074998 64.350006 -25.674984
v -8.124998 69.550003 -25.674984
v -10.074998 69.550003 -25.674984
v -8.124998 71.500000 -25.674984
v -10.074998 71.500000 -25.674984
v -25.674984 27.300001 -5.524995
v -25.674986 27.300001 -17.874998
v -25.674986 40.950005 -17.874998
v -25.674984 40.950005 -5.524995
v -25.674984 46.150002 -5.524995
v -25.674986 46.150002 -17.874998
v -25.674986 59.800003 -17.874998
v -25.674984 59.800003 -5.524995
v -25.674984 77.350006 -10.724996
v -25.674984 72.150002 -8.124995
v -25.674984 77.350006 -8.124995
v -25.674984 72.150002 -10.724996
v -25.674986 77.350006 -15.275001
v -25.674986 72.150002 -13.325001
v -25.674986 77.350006 -13.325001
v -25.674986 72.150002 -15.275001
v -25.674986 70.200005 -13.325001
v -25.674984 70.200005 -10.724996
v -25.674984 70.200005 -8.124995
v -25.674984 72.150002 -6.174995
v -25.674984 70.200005 -6.174995
v -25.674984 65.000008 -8.124995
v -25.674984 65.000008 -10.724996
v -25.674986 70.200005 -15.275001
v -25.674986 65.000008 -15.275001
v -25.674986 65.000008 -13.325001
v -25.674986 70.200005 -17.224998
v -25.674986 72.150002 -17.224998
v -25.674986 78.000000 -10.724996
v -25.674988 78.000000 -15.275001
v -25.674986 77.350006 -17.224998
v -25.674986 78.000000 -17.874998
v -25.674988 72.150002 -17.874998
v -25.674986 65.000008 -17.224998
v -25.674986 64.350006 -17.874998
v -25.674984 65.000008 -6.174995
v -25.674986 72.150002 -5.524995
v -25.674984 77.350006 -6.174995
v -25.674984 78.000000 -5.524995
v -25.674982 40.950005 17.875006
v -25.674984 40.950005 5.525000
v -25.674982 26.650002 17.875006
v -25.674984 26.650002 5.525000
v -25.674982 22.100002 17.875006
v -25.674984 22.100002 5.525000
v -25.674984 8.450000 5.525000
v -25.674982 8.450000 17.875006
v 25.674984 27.300001 5.524998
v 26.324999 26.650002 18.525000
v 26.324999 26.650002 4.874998
v 25.674984 27.300001 17.875000
v 26.324999 41.600002 18.525000
v 25.674984 40.950005 17.875000
v 25.674984 40.950005 5.524998
v 26.324999 41.600002 4.874998
v 25.674984 46.150002 5.524998
v 26.324999 45.500004 18.525000
v 26.324999 45.500004 4.874998
v 25.674984 46.150002 17.875000
v 26.324999 60.450005 18.525000
v 25.674984 59.800003 17.875000
v 25.674984 59.800003 5.524998
v 26.324999 60.450005 4.874998
v 25.674984 77.350006 10.724998
v 25.674984 72.150002 8.124997
v 25.674984 77.350006 8.124997
v 25.674984 72.150002 10.724998
v 25.674984 77.350006 15.275002
v 25.674984 72.150002 13.325003
v 25.674984 77.350006 13.325003
v 25.674984 72.150002 15.275002
v 25.674984 70.200005 13.325003
v 25.674984 70.200005 10.724998
v 25.674984 70.200005 8.124997
v 25.674984 72.150002 6.174997
v 25.674984 70.200005 6.174997
v 25.674984 65.000008 8.124997
v 25.674984 65.000008 10.724998
v 25.674984 70.200005 15.275002
v 25.674984 65.000008 13.325003
v 25.674984 70.200005 17.225000
v 25.674984 72.150002 17.225000
v 25.674984 65.000008 15.275002
v 25.674986 64.350006 15.275002
v 25.674986 64.350006 10.724998
v 25.674984 65.000008 6.174997
v 25.674984 64.350006 5.524998
v 25.674986 72.150002 5.524998
v 25.674984 77.350006 6.174997
v 25.674984 78.000000 5.524998
v 25.674986 78.000000 10.724998
v 25.674986 78.000000 15.275002
v 25.674984 77.350006 17.225000
v 25.674984 78.000000 17.875000
v 25.674986 72.150002 17.875000
v 25.674984 65.000008 17.225000
v 25.674984 64.350006 17.875000
v 26.324999 4.550000 0.325000
v 26.325001 22.750002 0.325000
v 26.324999 22.750002 4.874998
v 26.325001 41.600002 0.325000
v 26.324999 59.800003 0.325000
v 26.324999 63.700005 4.874998
v 26.324999 63.700005 18.525000
v 26.324999 22.750002 18.525000
v 26.324999 78.650002 4.874998
v 26.324999 82.549995 0.325000
v 26.324999 82.549995 21.125000
v 26.324999 78.650002 18.525000
v 26.325001 60.450005 21.125000
v 26.325001 41.600002 21.125000
v 26.325001 22.750002 21.125000
v 26.324999 7.800000 18.525000
v 26.324999 4.550000 21.125000
v 26.324999 7.800000 4.874998
v 25.674984 8.450000 5.524998
v 25.674984 8.450000 17.875000
v 25.674984 22.100002 17.875000
v 25.674984 22.100002 5.524998
v 25.674984 40.950005 -17.875004
v 26.324999 41.600002 -4.874998
v 25.674984 40.950005 -5.524998
v 26.324999 41.600002 -18.525003
v 25.674984 26.650002 -17.875004
v 26.324999 26.000002 -18.525003
v 25.674984 26.650002 -5.524998
v 26.324999 26.000002 -4.874998
v 26.324999 22.750002 -4.874998
v 26.324999 22.750002 -18.525003
v 26.325001 22.750002 -21.125004
v 26.324999 7.800000 -18.525003
v 26.324999 4.550000 -21.125004
v 26.324999 7.800000 -4.874998
v 26.324999 4.550000 -2.275000
v 26.325001 22.750002 -2.275000
v 26.325001 41.600002 -2.275000
v 26.324999 44.850002 -4.874998
v 26.324999 59.800003 -4.874998
v 26.324999 59.800003 -2.275000
v 26.324999 63.050007 -4.874998
v 26.324999 78.000000 -4.874998
v 26.324999 82.549995 -2.275000
v 26.324999 82.549995 -21.125004
v 26.324999 78.000000 -18.525003
v 26.324999 63.050007 -18.525003
v 26.324999 59.800003 -18.525003
v 26.324999 44.850002 -18.525003
v 26.325001 59.800003 -21.125004
v 26.325001 41.600002 -21.125004
v 25.674984 22.100002 -17.875004
v 25.674984 22.100002 -5.524998
v 25.674984 8.450000 -5.524998
v 25.674984 8.450000 -17.875004
v 25.674986 71.500000 -5.524998
v 25.674984 63.700008 -17.875004
v 25.674984 64.350006 -10.074997
v 25.674984 69.550003 -8.124997
v 25.674984 64.350006 -8.124997
v 25.674984 69.550003 -10.074997
v 25.674984 71.500000 -8.124997
v 25.674984 69.550003 -6.174997
v 25.674984 71.500000 -6.174997
v 25.674984 64.350006 -15.275002
v 25.674984 69.550003 -12.675002
v 25.674984 64.350006 -12.675002
v 25.674984 69.550003 -15.275002
v 25.674984 71.500000 -12.675002
v 25.674984 71.500000 -10.074997
v 25.674984 76.700005 -8.124997
v 25.674984 76.700005 -10.074997
v 25.674984 71.500000 -17.225004
v 25.674984 69.550003 -17.225004
v 25.674984 71.500000 -15.275002
v 25.674984 76.700005 -12.675002
v 25.674984 76.700005 -15.275002
v 25.674984 64.350006 -17.225004
v 25.674986 71.500000 -17.875004
v 25.674984 76.700005 -17.225004
v 25.674984 77.350006 -17.875004
v 25.674984 76.700005 -6.174997
v 25.674984 64.350006 -6.174997
v 25.674984 59.150005 -17.875004
v 25.674984 59.150005 -5.524998
v 25.674984 45.500004 -17.875004
v 25.674984 45.500004 -5.524998
v 26.974957 22.750002 -2.275000
v 26.974957 4.550000 -2.275000
v 26.974957 41.600002 -2.275000
v 26.974957 59.800003 -2.275000
v 26.974957 82.549995 -2.275000
v 26.974957 22.750002 0.325000
v 26.974957 4.550000 0.325000
v 26.974957 41.600002 0.325000
v 26.974957 59.800003 0.325000
v 26.974957 82.549995 0.325000
v -4.550000 100.750000 -4.550000
v 4.550000 101.399994 -4.550000
v 4.550000 100.750000 -4.550000
v -4.550000 101.399994 -4.550000
v -3.900000 101.399994 -3.900000
v 3.900000 102.049995 -3.900000
v 3.900000 101.399994 -3.900000
v -3.900000 102.049995 -3.900000
v -2.600000 102.049995 -2.600000
v 2.600000 102.699997 -2.600000
v 2.600000 102.049995 -2.600000
v -2.600000 102.699997 -2.600000
v -1.300000 102.699997 -1.300000
v 1.300000 103.349991 -1.300000
v 1.300000 102.699997 -1.300000
v -1.300000 103.349991 -1.300000
v -1.300000 103.349991 1.300000
v 1.300000 103.349991 1.300000
v -1.300000 102.699997 1.300000
v 1.300000 102.699997 1.300000
v 2.600000 102.699997 2.600000
v -2.600000 102.699997 2.600000
v 2.600000 102.049995 2.600000
v -2.600000 102.049995 2.600000
v -3.900000 102.049995 3.900000
v 3.900000 102.049995 3.900000
v -3.900000 101.399994 3.900000
v 3.900000 101.399994 3.900000
v 4.550000 101.399994 4.550000
v -4.550000 101.399994 4.550000
v 4.550000 100.750000 4.550000
v -4.550000 100.750000 4.550000
v -25.674986 71.500000 5.525000
v -25.674984 77.350006 5.525000
v -25.674982 63.700008 17.875006
v -25.674984 64.350006 10.074999
v -25.674984 69.550003 8.125000
v -25.674984 64.350006 8.125000
v -25.674984 69.550003 10.074999
v -25.674984 71.500000 8.125000
v -25.674984 69.550003 6.175000
v -25.674984 71.500000 6.175000
v -25.674982 64.350006 15.275004
v -25.674982 69.550003 12.675004
v -25.674982 64.350006 12.675004
v -25.674982 69.550003 15.275004
v -25.674982 71.500000 12.675004
v -25.674984 71.500000 10.074999
v -25.674984 76.700005 8.125000
v -25.674984 76.700005 10.074999
v -25.674982 71.500000 17.225006
v -25.674982 69.550003 17.225006
v -25.674982 71.500000 15.275004
v -25.674982 76.700005 12.675004
v -25.674982 76.700005 15.275004
v -25.674982 64.350006 17.225006
v -25.674984 71.500000 17.875006
v -25.674982 76.700005 17.225006
v -25.674982 77.350006 17.875006
v -25.674984 77.350006 12.675004
v -25.674984 77.350006 8.125000
v -25.674984 76.700005 6.175000
v -25.674984 64.350006 6.175000
vn 0.9054 -0.3002 -0.3002
vn 0.7071 -0.7071 -0.0000
vn 0.9239 -0.3827 -0.0000
vn 0.3002 -0.3002 -0.9054
vn -0.1101 -0.1101 -0.9878
vn -0.3002 -0.3002 -0.9054
vn 0.1101 -0.1101 -0.9878
vn 0.3002 0.3002 -0.9054
vn 0.1101 0.1101 -0.9878
vn -0.3002 0.3002 -0.9054
vn -0.1101 0.1101 -0.9878
vn -0.0000 -0.0000 -1.0000
vn -0.7071 -0.0000 -0.7071
vn 0.7071 -0.0000 -0.7071
vn -0.5774 -0.5774 -0.5774
vn 0.5774 0.5774 -0.5774
vn 0.5774 -0.5774 -0.5774
vn -0.5774 0.5774 -0.5774
vn -0.0000 1.0000 -0.0000
vn 0.5774 0.5774 0.5774
vn -0.5774 0.5774 0.5774
vn 0.5774 -0.5774 0.5774
vn -0.5774 -0.5774 0.5774
vn -0.9054 0.3002 0.3002
vn -0.9878 -0.1101 0.1101
vn -0.9878 0.1101 0.1101
vn -0.9054 -0.3002 0.3002
vn -0.9054 0.3002 -0.3002
vn -0.9054 -0.3002 -0.3002
vn -0.9878 -0.1101 -0.1101
vn -0.9878 0.1101 -0.1101
vn -0.7071 -0.0000 0.7071
vn -1.0000 -0.0000 -0.0000
vn -0.9999 0.0102 -0.0000
vn -0.9239 0.3827 -0.0000
vn 0.2903 0.9119 -0.2903
vn 0.7071 -0.0000 0.7071
vn -0.2903 0.9119 -0.2903
vn 0.2903 0.9119 0.2903
vn -0.2903 0.9119 0.2903
vn -0.5936 0.5434 -0.5936
vn -0.5936 0.5434 0.5936
vn 0.5936 0.5434 -0.5936
vn 0.5936 0.5434 0.5936
vn 0.3015 0.9045 0.3015
vn -0.3015 0.9045 0.3015
vn 0.5774 0.5774 0.5773
vn -0.0000 0.7071 0.7071
vn 0.5773 0.5774 -0.5774
vn -0.7071 0.7071 -0.0000
vn -0.7071 -0.7071 -0.0000
vn -0.0000 -0.0000 1.0000
vn -0.8944 0.4472 -0.0000
vn -0.5773 0.5774 0.5774
vn -0.0000 0.7071 -0.7071
vn 0.7071 0.7071 -0.0000
vn -0.5773 0.5774 -0.5774
vn 1.0000 -0.0000 -0.0000
vn 0.8944 0.4472 -0.0000
vn 0.9239 0.3827 -0.0000
vn 0.9054 0.3002 -0.3002
vn -0.0000 -0.3827 -0.9239
vn 0.3827 -0.0000 -0.9239
vn -0.3827 -0.0000 -0.9239
vn -0.0000 0.3827 -0.9239
vn -0.9239 -0.3827 -0.0000
vn -0.9239 -0.0000 0.3827
vn -0.9239 -0.0000 -0.3827
vn 0.9054 0.3002 0.3002
vn 0.9878 0.1101 -0.1101
vn 0.9878 0.1101 0.1101
vn 0.9878 -0.1101 -0.1101
vn 0.9054 -0.3002 0.3002
vn 0.9878 -0.1101 0.1101
vn 0.9239 -0.0000 0.3827
vn 0.9239 -0.0000 -0.3827
vn 0.5773 -0.5774 -0.5774
vn -0.3015 0.9045 -0.3015
vn 0.3015 0.9045 -0.3015
vn -0.5774 0.5773 -0.5773
vn 0.5774 0.5773 0.5773
vn 0.5773 0.5774 0.5774
vn -0.5774 0.5774 0.5773
vt 0.183594 0.453125
vt 0.191406 0.453125
vt 0.205078 0.453125
vt 0.220703 0.343750
vt 0.181641 0.347656
vt 0.183594 0.343750
vt 0.222656 0.347656
vt 0.220703 0.261719
vt 0.222656 0.257812
vt 0.183594 0.261719
vt 0.181641 0.257812
vt 0.222656 0.367188
vt 0.181641 0.367188
vt 0.181641 0.457031
vt 0.230469 0.484375
vt 0.173823 0.484375
vt 0.222656 0.457031
vt 0.230469 0.347656
vt 0.230469 0.238281
vt 0.222656 0.238281
vt 0.222656 0.144531
vt 0.230469 0.125000
vt 0.181641 0.238281
vt 0.173823 0.015625
vt 0.181641 0.125000
vt 0.173823 0.125000
vt 0.181641 0.035156
vt 0.230469 0.015625
vt 0.222656 0.035156
vt 0.222656 0.125000
vt 0.181641 0.144531
vt 0.173823 0.238281
vt 0.173823 0.347656
vt 0.173828 0.125000
vt 0.173828 0.015625
vt 0.173828 0.238281
vt 0.173828 0.347656
vt 0.173828 0.484375
vt 0.166016 0.125000
vt 0.166016 0.015625
vt 0.166016 0.238281
vt 0.166016 0.347656
vt 0.166016 0.484375
vt 0.166021 0.484375
vt 0.166021 0.347656
vt 0.166021 0.238281
vt 0.166021 0.125000
vt 0.166021 0.015625
vt 0.242188 0.984375
vt 0.423828 0.957031
vt 0.423828 0.984375
vt 0.242188 0.957031
vt 0.406250 0.921875
vt 0.423828 0.593750
vt 0.406250 0.628906
vt 0.242188 0.593750
vt 0.259766 0.628906
vt 0.259766 0.921875
vt 0.437500 0.957031
vt 0.437500 0.593750
vt 0.423828 0.566406
vt 0.242188 0.566406
vt 0.228516 0.593750
vt 0.228516 0.957031
vt 0.113281 0.039062
vt 0.111328 0.125000
vt 0.111328 0.035156
vt 0.113281 0.121094
vt 0.150391 0.039062
vt 0.150391 0.121094
vt 0.152344 0.125000
vt 0.152344 0.035156
vt 0.150391 0.375000
vt 0.134766 0.375000
vt 0.121094 0.375000
vt 0.253906 0.046875
vt 0.250000 0.015625
vt 0.250000 0.046875
vt 0.253906 0.015625
vt 0.392578 0.214844
vt 0.417969 0.164062
vt 0.417969 0.214844
vt 0.392578 0.164062
vt 0.326172 0.347656
vt 0.326172 0.031250
vt 0.484375 0.347656
vt 0.484375 0.031250
vt 0.484375 0.015625
vt 0.326172 0.015625
vt 0.492188 0.347656
vt 0.492188 0.031250
vt 0.326172 0.363281
vt 0.484375 0.363281
vt 0.318359 0.031250
vt 0.318359 0.347656
vt 0.324219 0.312500
vt 0.326172 0.343750
vt 0.326172 0.312500
vt 0.324219 0.347656
vt 0.341797 0.347656
vt 0.341797 0.343750
vt 0.205078 0.371094
vt 0.191406 0.371094
vt 0.183594 0.371094
vt 0.011719 0.015625
vt 0.007812 0.519531
vt 0.011719 0.519531
vt 0.007812 0.015625
vt 0.025391 0.519531
vt 0.025391 0.015625
vt 0.015625 0.015625
vt 0.009766 0.519531
vt 0.015625 0.519531
vt 0.009766 0.015625
vt 0.021484 0.519531
vt 0.021484 0.015625
vt 0.103516 0.015625
vt 0.103516 0.125000
vt 0.111328 0.148438
vt 0.152344 0.148438
vt 0.152344 0.238281
vt 0.152344 0.261719
vt 0.152344 0.351562
vt 0.152344 0.371094
vt 0.152344 0.460938
vt 0.103516 0.484375
vt 0.111328 0.371094
vt 0.111328 0.351562
vt 0.111328 0.261719
vt 0.111328 0.238281
vt 0.111328 0.460938
vt 0.103516 0.351562
vt 0.103516 0.238281
vt 0.326172 0.035156
vt 0.341797 0.031250
vt 0.341797 0.035156
vt 0.324219 0.031250
vt 0.324219 0.066406
vt 0.326172 0.066406
vt 0.220703 0.453125
vt 0.220703 0.417969
vt 0.220703 0.371094
vt 0.150391 0.152344
vt 0.113281 0.152344
vt 0.113281 0.234375
vt 0.150391 0.234375
vt 0.150391 0.265625
vt 0.113281 0.265625
vt 0.113281 0.347656
vt 0.150391 0.347656
vt 0.134766 0.453125
vt 0.142578 0.421875
vt 0.142578 0.453125
vt 0.134766 0.421875
vt 0.121094 0.453125
vt 0.126953 0.421875
vt 0.126953 0.453125
vt 0.121094 0.421875
vt 0.126953 0.410156
vt 0.134766 0.410156
vt 0.142578 0.410156
vt 0.148438 0.421875
vt 0.148438 0.410156
vt 0.142578 0.378906
vt 0.134766 0.378906
vt 0.121094 0.410156
vt 0.121094 0.378906
vt 0.126953 0.378906
vt 0.115234 0.410156
vt 0.115234 0.421875
vt 0.134766 0.457031
vt 0.121094 0.457031
vt 0.115234 0.453125
vt 0.113281 0.457031
vt 0.113281 0.421875
vt 0.115234 0.378906
vt 0.113281 0.375000
vt 0.148438 0.378906
vt 0.150391 0.421875
vt 0.148438 0.453125
vt 0.150391 0.457031
vt 0.220703 0.234375
vt 0.183594 0.234375
vt 0.220703 0.148438
vt 0.183594 0.148438
vt 0.220703 0.121094
vt 0.183594 0.121094
vt 0.183594 0.039062
vt 0.220703 0.039062
vt 0.183594 0.417969
vt 0.218750 0.417969
vt 0.212891 0.406250
vt 0.218750 0.406250
vt 0.212891 0.417969
vt 0.218750 0.375000
vt 0.218750 0.449219
vt 0.212891 0.449219
vt 0.205078 0.449219
vt 0.205078 0.417969
vt 0.205078 0.406250
vt 0.212891 0.375000
vt 0.205078 0.375000
vt 0.197266 0.449219
vt 0.191406 0.449219
vt 0.185547 0.449219
vt 0.185547 0.417969
vt 0.185547 0.406250
vt 0.185547 0.375000
vt 0.191406 0.375000
vt 0.197266 0.375000
vt 0.191406 0.406250
vt 0.197266 0.406250
vt 0.191406 0.417969
vt 0.197266 0.417969
vt 0.265625 0.148438
vt 0.238281 0.152344
vt 0.238281 0.148438
vt 0.265625 0.152344
vt 0.263672 0.152344
vt 0.240234 0.156250
vt 0.240234 0.152344
vt 0.263672 0.156250
vt 0.259766 0.156250
vt 0.244141 0.160156
vt 0.244141 0.156250
vt 0.259766 0.160156
vt 0.255859 0.160156
vt 0.248047 0.164062
vt 0.248047 0.160156
vt 0.255859 0.164062
vt 0.255859 0.113281
vt 0.248047 0.097656
vt 0.255859 0.097656
vt 0.248047 0.113281
vt 0.259766 0.089844
vt 0.259766 0.121094
vt 0.244141 0.089844
vt 0.244141 0.121094
vt 0.240234 0.128906
vt 0.240234 0.082031
vt 0.263672 0.128906
vt 0.263672 0.082031
vt 0.265625 0.078125
vt 0.265625 0.132812
vt 0.238281 0.078125
vt 0.238281 0.132812
vt 0.265625 0.128906
vt 0.238281 0.128906
s 1
usemtl box
f 145/49/4 146/50/5 147/51/6
f 148/52/7 149/53/8 150/54/9
f 148/52/7 151/55/10 149/53/8
f 152/56/11 151/55/10 148/52/7
f 152/56/11 153/57/12 151/55/10
f 154/58/13 148/52/7 150/54/9
f 154/58/13 152/56/11 148/52/7
f 154/58/13 153/57/12 152/56/11
f 154/58/13 155/59/14 153/57/12
f 150/54/9 155/59/14 154/58/13
f 150/54/9 149/53/8 155/59/14
f 149/53/8 156/60/12 157/61/14
f 149/53/8 151/55/10 156/60/12
f 158/62/8 159/63/15 160/64/16
f 158/62/8 161/65/10 159/63/15
f 156/60/12 159/63/15 161/65/10
f 156/60/12 162/66/15 159/63/15
f 151/55/10 162/66/15 156/60/12
f 153/57/12 162/66/15 151/55/10
f 153/57/12 163/67/15 162/66/15
f 164/68/10 163/67/15 153/57/12
f 165/69/12 163/67/15 164/68/10
f 165/69/12 166/70/15 163/67/15
f 167/71/8 153/57/12 155/59/14
f 167/71/8 164/68/10 153/57/12
f 168/72/16 169/73/8 170/74/16
f 168/72/16 171/75/14 169/73/8
f 172/76/15 171/75/14 168/72/16
f 172/76/15 173/77/12 171/75/14
f 173/77/12 172/76/15 166/70/15
f 173/77/12 166/70/15 174/78/10
f 174/78/10 166/70/15 165/69/12
f 169/73/8 174/78/10 165/69/12
f 169/73/8 165/69/12 175/79/14
f 170/74/16 169/73/8 175/79/14
f 170/74/16 175/79/14 167/71/8
f 170/74/16 167/71/8 176/80/16
f 176/80/16 167/71/8 155/59/14
f 176/80/16 155/59/14 149/53/8
f 176/80/16 149/53/8 177/81/16
f 177/81/16 149/53/8 157/61/14
f 177/81/16 157/61/14 158/62/8
f 177/81/16 158/62/8 160/64/16
f 168/72/16 178/82/16 179/83/16
f 168/72/16 170/74/16 178/82/16
f 170/74/16 180/84/16 178/82/16
f 170/74/16 176/80/16 180/84/16
f 176/80/16 181/85/16 180/84/16
f 176/80/16 177/81/16 181/85/16
f 177/81/16 182/86/16 181/85/16
f 177/81/16 160/64/16 182/86/16
f 179/83/16 183/87/17 184/88/17
f 179/83/16 178/82/16 183/87/17
f 178/82/16 185/89/17 183/87/17
f 178/82/16 180/84/16 185/89/17
f 180/84/16 186/90/17 185/89/17
f 180/84/16 181/85/16 186/90/17
f 181/85/16 187/91/17 186/90/17
f 181/85/16 182/86/16 187/91/17
f 188/92/17 186/90/17 187/91/17
f 188/92/17 189/93/17 186/90/17
f 189/93/17 185/89/17 186/90/17
f 189/93/17 190/94/17 185/89/17
f 190/94/17 183/87/17 185/89/17
f 190/94/17 191/95/17 183/87/17
f 191/95/17 184/88/17 183/87/17
f 191/95/17 192/96/17 184/88/17
f 193/97/18 194/98/19 195/99/20
f 193/97/18 196/100/21 194/98/19
f 197/101/22 198/102/23 194/98/19
f 197/101/22 199/103/22 198/102/23
f 199/103/22 200/104/24 198/102/23
f 199/103/22 201/105/22 200/104/24
f 201/105/22 196/100/21 200/104/24
f 201/105/22 202/106/22 196/100/21
f 202/106/22 194/98/19 196/100/21
f 202/106/22 197/101/22 194/98/19
f 195/107/20 198/102/23 203/108/25
f 195/107/20 194/98/19 198/102/23
f 203/109/25 200/104/24 204/110/26
f 203/109/25 198/102/23 200/104/24
f 204/111/26 196/100/21 193/112/18
f 204/111/26 200/104/24 196/100/21
f 193/98/18 203/104/25 204/102/26
f 193/98/18 195/100/20 203/104/25
f 205/113/27 206/114/28 207/115/29
f 205/113/27 208/116/30 206/114/28
f 209/117/31 208/116/30 205/113/27
f 209/117/31 210/118/32 208/116/30
f 208/116/30 211/119/33 206/114/28
f 208/116/30 210/118/32 211/119/33
f 210/118/32 212/120/34 211/119/33
f 210/118/32 209/117/31 212/120/34
f 213/52/32 214/53/28 215/54/30
f 213/52/32 216/55/33 214/53/28
f 217/56/31 216/55/33 213/52/32
f 217/56/31 218/57/34 216/55/33
f 219/58/27 213/52/32 215/54/30
f 219/58/27 217/56/31 213/52/32
f 219/58/27 218/57/34 217/56/31
f 219/58/27 220/59/29 218/57/34
f 215/54/30 220/59/29 219/58/27
f 215/54/30 214/53/28 220/59/29
f 214/53/28 221/60/34 222/61/29
f 214/53/28 216/55/33 221/60/34
f 223/74/35 224/71/28 225/80/35
f 225/80/35 224/71/28 220/59/29
f 225/80/35 220/59/29 214/53/28
f 225/80/35 214/53/28 226/81/35
f 226/81/35 214/53/28 222/61/29
f 226/81/35 222/61/29 227/62/28
f 226/81/35 227/62/28 228/64/35
f 227/62/28 229/63/36 228/64/35
f 224/71/28 218/57/34 220/59/29
f 224/71/28 230/68/33 218/57/34
f 227/62/28 231/65/33 229/63/36
f 221/60/34 229/63/36 231/65/33
f 221/60/34 232/66/36 229/63/36
f 216/55/33 232/66/36 221/60/34
f 218/57/34 232/66/36 216/55/33
f 218/57/34 233/67/36 232/66/36
f 230/68/33 233/67/36 218/57/34
f 234/69/34 233/67/36 230/68/33
f 234/69/34 235/70/36 233/67/36
f 236/78/33 235/70/36 234/69/34
f 237/77/34 235/70/36 236/78/33
f 237/77/34 238/76/36 235/70/36
f 238/76/36 237/77/34 239/75/29
f 238/76/36 239/75/29 240/72/35
f 240/72/35 239/75/29 241/73/28
f 240/72/35 241/73/28 223/74/35
f 223/74/35 241/73/28 242/79/29
f 223/74/35 242/79/29 224/71/28
f 241/73/28 234/69/34 242/79/29
f 241/73/28 236/78/33 234/69/34
f 243/121/31 244/122/37 245/123/38
f 240/72/35 246/82/35 247/83/35
f 240/72/35 223/74/35 246/82/35
f 223/74/35 248/84/35 246/82/35
f 223/74/35 225/80/35 248/84/35
f 225/80/35 249/85/35 248/84/35
f 225/80/35 226/81/35 249/85/35
f 226/81/35 250/86/35 249/85/35
f 226/81/35 228/64/35 250/86/35
f 247/83/35 251/87/16 252/88/16
f 247/83/35 246/82/35 251/87/16
f 246/82/35 253/89/16 251/87/16
f 246/82/35 248/84/35 253/89/16
f 248/84/35 254/90/16 253/89/16
f 248/84/35 249/85/35 254/90/16
f 249/85/35 255/91/16 254/90/16
f 249/85/35 250/86/35 255/91/16
f 256/92/16 254/90/16 255/91/16
f 256/92/16 257/93/16 254/90/16
f 257/93/16 253/89/16 254/90/16
f 257/93/16 258/94/16 253/89/16
f 258/94/16 251/87/16 253/89/16
f 258/94/16 259/95/16 251/87/16
f 259/95/16 252/88/16 251/87/16
f 259/95/16 260/96/16 252/88/16
f 261/124/16 262/125/35 263/126/35
f 261/124/16 264/127/16 262/125/35
f 265/125/39 261/124/16 266/126/17
f 265/125/39 264/127/16 261/124/16
f 267/127/40 266/126/17 268/124/40
f 267/127/40 265/125/39 266/126/17
f 269/124/35 270/125/40 271/127/35
f 269/124/35 272/126/40 270/125/40
f 273/124/17 272/125/40 274/127/17
f 273/124/17 270/126/40 272/125/40
f 275/125/41 273/124/17 274/127/17
f 275/125/41 276/126/16 273/124/17
f 269/127/35 276/126/16 275/125/41
f 269/127/35 271/124/35 276/126/16
f 277/124/17 278/125/16 279/127/17
f 277/124/17 280/126/16 278/125/16
f 281/124/35 280/125/16 282/127/35
f 281/124/35 278/126/16 280/125/16
f 283/125/42 281/124/35 282/127/35
f 283/125/42 284/126/40 281/124/35
f 277/127/17 284/126/40 283/125/42
f 277/127/17 279/124/17 284/126/40
f 285/124/16 286/125/17 287/126/17
f 285/124/16 288/127/16 286/125/17
f 289/124/40 287/125/17 286/126/17
f 289/124/40 290/127/40 287/125/17
f 291/125/43 289/124/40 292/126/35
f 291/125/43 290/127/40 289/124/40
f 285/127/16 292/126/35 288/124/16
f 285/127/16 291/125/43 292/126/35
f 275/128/41 283/129/42 265/130/39
f 275/128/41 291/131/43 283/129/42
f 293/132/44 291/131/43 275/128/41
f 293/132/44 294/133/45 291/131/43
f 295/134/46 275/128/41 265/130/39
f 295/134/46 293/132/44 275/128/41
f 296/135/47 265/130/39 283/129/42
f 296/135/47 295/134/46 265/130/39
f 294/133/45 283/129/42 291/131/43
f 294/133/45 296/135/47 283/129/42
f 297/136/48 294/133/45 298/137/49
f 297/136/48 296/135/47 294/133/45
f 299/138/17 296/135/47 297/139/48
f 299/138/17 295/134/46 296/135/47
f 300/140/16 295/134/46 299/141/17
f 300/140/16 293/132/44 295/134/46
f 298/142/49 293/132/44 300/143/16
f 298/142/49 294/133/45 293/132/44
f 301/144/50 302/145/22 303/146/51
f 301/144/50 304/147/52 302/145/22
f 302/145/22 304/147/52 305/148/21
f 302/145/22 305/148/21 306/149/53
f 307/150/38 308/151/54 309/152/27
f 310/153/55 301/154/50 303/155/51
f 310/153/55 311/156/40 301/154/50
f 311/156/40 304/157/52 301/154/50
f 311/156/40 312/158/17 304/157/52
f 312/158/17 305/154/21 304/157/52
f 312/158/17 313/156/16 305/154/21
f 313/156/16 306/155/53 305/154/21
f 313/156/16 314/153/36 306/155/53
f 315/159/36 316/160/56 317/161/36
f 315/159/36 318/162/36 316/160/56
f 318/162/36 319/154/57 316/160/56
f 318/162/36 320/156/35 319/154/57
f 320/156/35 321/157/50 319/154/57
f 320/156/35 322/158/40 321/157/50
f 322/158/40 323/154/19 321/157/50
f 322/158/40 324/156/17 323/154/19
f 324/156/17 325/163/58 323/154/19
f 324/156/17 326/164/15 325/163/58
f 327/145/22 328/149/59 329/148/19
f 327/145/22 329/148/19 330/147/60
f 331/144/24 327/145/22 330/147/60
f 331/144/24 332/146/51 327/145/22
f 260/96/16 259/95/16 211/119/33
f 260/96/16 211/119/33 212/120/34
f 207/115/29 260/96/16 212/120/34
f 207/115/29 333/165/36 260/96/16
f 207/115/29 334/166/36 333/165/36
f 207/115/29 206/114/28 334/166/36
f 206/114/28 335/167/29 334/166/36
f 211/119/33 335/167/29 206/114/28
f 211/119/33 336/168/34 335/167/29
f 211/119/33 259/95/16 336/168/34
f 259/95/16 337/169/33 336/168/34
f 259/95/16 258/94/16 337/169/33
f 337/169/33 258/94/16 338/170/34
f 258/94/16 339/171/33 338/170/34
f 258/94/16 257/93/16 339/171/33
f 257/93/16 340/172/34 339/171/33
f 257/93/16 341/173/33 340/172/34
f 257/93/16 256/92/16 341/173/33
f 342/174/36 341/173/33 256/92/16
f 339/171/33 343/175/29 344/176/28
f 339/171/33 340/172/34 343/175/29
f 337/169/33 345/177/29 346/178/28
f 337/169/33 338/170/34 345/177/29
f 342/174/36 347/179/28 341/173/33
f 343/175/29 347/179/28 342/174/36
f 343/175/29 342/174/36 348/180/36
f 344/176/28 343/175/29 348/180/36
f 345/177/29 344/176/28 348/180/36
f 345/177/29 348/180/36 349/181/36
f 346/178/28 345/177/29 349/181/36
f 335/167/29 346/178/28 349/181/36
f 335/167/29 349/181/36 334/166/36
f 350/153/55 331/154/24 351/156/35
f 350/153/55 332/155/51 331/154/24
f 351/156/35 330/157/60 352/158/16
f 351/156/35 331/154/24 330/157/60
f 352/158/16 329/154/19 353/156/17
f 352/158/16 330/157/60 329/154/19
f 353/156/17 328/155/59 354/153/61
f 353/156/17 329/154/19 328/155/59
f 298/182/49 355/183/23 356/184/62
f 298/182/49 357/185/24 355/183/23
f 298/182/49 358/186/21 357/185/24
f 298/182/49 359/187/58 358/186/21
f 360/162/61 355/154/23 361/156/40
f 360/162/61 356/160/62 355/154/23
f 362/159/61 356/160/62 360/162/61
f 362/159/61 363/161/61 356/160/62
f 364/150/63 365/151/5 366/152/64
f 361/156/40 357/157/24 367/158/35
f 361/156/40 355/154/23 357/157/24
f 367/158/35 358/154/21 368/156/16
f 367/158/35 357/157/24 358/154/21
f 368/156/16 359/163/58 369/164/15
f 368/156/16 358/154/21 359/163/58
f 161/65/10 158/62/8 370/49/9
f 161/65/10 370/49/9 371/50/65
f 371/50/65 372/51/65 161/65/10
f 372/51/65 373/188/7 161/65/10
f 161/65/10 373/188/7 374/189/66
f 161/65/10 374/189/66 375/190/11
f 375/190/11 156/60/12 161/65/10
f 297/182/48 323/186/19 325/187/58
f 297/182/48 321/185/50 323/186/19
f 297/182/48 319/183/57 321/185/50
f 297/182/48 316/184/56 319/183/57
f 376/191/11 377/167/14 378/168/12
f 376/191/11 379/192/13 377/167/14
f 379/192/13 380/178/8 377/167/14
f 379/192/13 381/193/9 380/178/8
f 376/191/11 381/193/9 379/192/13
f 376/191/11 382/194/7 381/193/9
f 381/193/9 383/169/10 380/178/8
f 381/193/9 382/194/7 383/169/10
f 382/194/7 378/168/12 383/169/10
f 382/194/7 376/191/11 378/168/12
f 384/195/11 385/177/14 386/170/12
f 384/195/11 387/196/13 385/177/14
f 387/196/13 388/176/8 385/177/14
f 387/196/13 389/197/9 388/176/8
f 384/195/11 389/197/9 387/196/13
f 384/195/11 390/198/7 389/197/9
f 389/197/9 391/171/10 388/176/8
f 389/197/9 390/198/7 391/171/10
f 390/198/7 386/170/12 391/171/10
f 390/198/7 384/195/11 386/170/12
f 392/199/15 393/200/15 394/201/15
f 392/199/15 395/202/15 393/200/15
f 396/203/15 397/204/15 398/205/15
f 396/203/15 399/206/15 397/204/15
f 400/207/15 397/204/15 399/206/15
f 395/202/15 397/204/15 400/207/15
f 395/202/15 400/207/15 401/208/15
f 393/200/15 395/202/15 401/208/15
f 393/200/15 401/208/15 402/209/15
f 403/210/15 393/200/15 402/209/15
f 403/210/15 402/209/15 404/211/15
f 401/208/15 405/212/15 402/209/15
f 401/208/15 406/213/15 405/212/15
f 407/214/15 408/215/15 409/216/15
f 407/214/15 409/216/15 400/207/15
f 400/207/15 399/206/15 407/214/15
f 399/206/15 410/217/15 407/214/15
f 399/206/15 411/218/15 410/217/15
f 398/205/15 412/219/65 413/220/65
f 398/205/15 413/220/65 396/203/15
f 414/221/15 396/203/15 413/220/65
f 414/221/15 413/220/65 415/222/9
f 411/218/15 414/221/15 415/222/9
f 411/218/15 415/222/9 416/223/67
f 411/218/15 416/223/67 410/217/15
f 417/224/15 410/217/15 416/223/67
f 417/224/15 416/223/67 418/225/13
f 408/215/15 417/224/15 418/225/13
f 408/215/15 418/225/13 419/123/68
f 419/123/68 409/216/15 408/215/15
f 406/213/15 409/216/15 419/123/68
f 406/213/15 419/123/68 420/122/68
f 420/122/68 405/212/15 406/213/15
f 421/226/15 405/212/15 420/122/68
f 421/226/15 420/122/68 422/121/11
f 404/211/15 421/226/15 422/121/11
f 404/211/15 422/121/11 423/227/66
f 423/227/66 403/210/15 404/211/15
f 424/228/15 403/210/15 423/227/66
f 424/228/15 423/227/66 425/229/7
f 394/201/15 424/228/15 425/229/7
f 394/201/15 425/229/7 412/219/65
f 394/201/15 412/219/65 392/199/15
f 398/205/15 392/199/15 412/219/65
f 383/169/10 385/177/14 380/178/8
f 383/169/10 386/170/12 385/177/14
f 426/115/14 427/165/15 192/96/17
f 426/115/14 192/96/17 428/120/12
f 192/96/17 429/119/10 428/120/12
f 192/96/17 191/95/17 429/119/10
f 429/119/10 191/95/17 378/168/12
f 191/95/17 383/169/10 378/168/12
f 191/95/17 190/94/17 383/169/10
f 383/169/10 190/94/17 386/170/12
f 190/94/17 391/171/10 386/170/12
f 190/94/17 189/93/17 391/171/10
f 429/119/10 377/167/14 430/114/8
f 429/119/10 378/168/12 377/167/14
f 431/175/14 432/174/15 433/180/15
f 431/175/14 434/179/8 432/174/15
f 432/174/15 434/179/8 435/173/10
f 432/174/15 435/173/10 188/92/17
f 189/93/17 188/92/17 435/173/10
f 189/93/17 435/173/10 436/172/12
f 189/93/17 436/172/12 391/171/10
f 391/171/10 436/172/12 431/175/14
f 391/171/10 431/175/14 388/176/8
f 388/176/8 431/175/14 433/180/15
f 385/177/14 388/176/8 433/180/15
f 385/177/14 433/180/15 437/181/15
f 380/178/8 385/177/14 437/181/15
f 377/167/14 380/178/8 437/181/15
f 377/167/14 437/181/15 438/166/15
f 430/114/8 377/167/14 438/166/15
f 426/115/14 430/114/8 438/166/15
f 426/115/14 438/166/15 427/165/15
f 422/121/11 436/172/12 435/173/10
f 435/173/10 423/227/66 422/121/11
f 435/173/10 425/229/7 423/227/66
f 439/117/11 426/115/14 428/120/12
f 439/117/11 440/113/13 426/115/14
f 440/113/13 430/114/8 426/115/14
f 440/113/13 441/116/9 430/114/8
f 439/117/11 441/116/9 440/113/13
f 439/117/11 442/118/7 441/116/9
f 441/116/9 429/119/10 430/114/8
f 441/116/9 442/118/7 429/119/10
f 442/118/7 428/120/12 429/119/10
f 442/118/7 439/117/11 428/120/12
f 443/230/7 167/71/8 444/231/9
f 443/230/7 164/68/10 167/71/8
f 445/232/11 164/68/10 443/230/7
f 445/232/11 165/69/12 164/68/10
f 446/233/13 443/230/7 444/231/9
f 446/233/13 445/232/11 443/230/7
f 446/233/13 165/69/12 445/232/11
f 446/233/13 175/79/14 165/69/12
f 444/231/9 175/79/14 446/233/13
f 444/231/9 167/71/8 175/79/14
f 447/234/7 169/73/8 448/235/9
f 447/234/7 174/78/10 169/73/8
f 448/235/9 171/75/14 449/236/13
f 448/235/9 169/73/8 171/75/14
f 449/236/13 447/234/7 448/235/9
f 449/236/13 450/237/11 447/234/7
f 449/236/13 173/77/12 450/237/11
f 449/236/13 171/75/14 173/77/12
f 450/237/11 174/78/10 447/234/7
f 450/237/11 173/77/12 174/78/10
f 158/62/8 157/61/14 451/152/13
f 451/152/13 452/238/67 158/62/8
f 452/238/67 370/49/9 158/62/8
f 412/219/65 425/229/7 435/173/10
f 413/220/65 412/219/65 435/173/10
f 435/173/10 415/222/9 413/220/65
f 435/173/10 434/179/8 415/222/9
f 156/60/12 375/190/11 453/150/68
f 156/60/12 453/150/68 454/151/68
f 454/151/68 157/61/14 156/60/12
f 454/151/68 451/152/13 157/61/14
f 455/239/15 456/240/15 457/241/15
f 455/239/15 458/242/15 456/240/15
f 457/241/15 459/243/15 375/190/11
f 457/241/15 375/190/11 374/189/66
f 374/189/66 455/239/15 457/241/15
f 460/244/15 455/239/15 374/189/66
f 460/244/15 374/189/66 373/188/7
f 461/245/15 460/244/15 373/188/7
f 461/245/15 373/188/7 372/51/65
f 461/245/15 372/51/65 462/246/15
f 458/242/15 461/245/15 462/246/15
f 458/242/15 462/246/15 463/247/15
f 463/247/15 456/240/15 458/242/15
f 463/247/15 464/248/15 456/240/15
f 465/249/15 456/240/15 464/248/15
f 465/249/15 464/248/15 466/250/15
f 467/251/15 462/246/15 372/51/65
f 467/251/15 372/51/65 371/50/65
f 467/251/15 371/50/65 468/252/15
f 469/253/15 468/252/15 371/50/65
f 469/253/15 371/50/65 370/49/9
f 470/254/15 469/253/15 370/49/9
f 470/254/15 370/49/9 452/238/67
f 470/254/15 452/238/67 471/255/15
f 472/256/15 471/255/15 452/238/67
f 472/256/15 452/238/67 451/152/13
f 473/257/15 472/256/15 451/152/13
f 473/257/15 451/152/13 454/151/68
f 454/151/68 474/258/15 473/257/15
f 466/250/15 474/258/15 454/151/68
f 466/250/15 454/151/68 453/150/68
f 453/150/68 465/249/15 466/250/15
f 459/243/15 465/249/15 453/150/68
f 459/243/15 453/150/68 375/190/11
f 474/258/15 475/259/15 473/257/15
f 474/258/15 476/260/15 475/259/15
f 477/261/15 475/259/15 476/260/15
f 477/261/15 471/255/15 475/259/15
f 477/261/15 470/254/15 471/255/15
f 478/262/15 467/251/15 468/252/15
f 478/262/15 468/252/15 477/261/15
f 477/261/15 476/260/15 478/262/15
f 463/247/15 478/262/15 476/260/15
f 463/247/15 476/260/15 464/248/15
f 479/191/31 335/167/29 336/168/34
f 479/191/31 480/192/27 335/167/29
f 480/192/27 346/178/28 335/167/29
f 480/192/27 481/193/30 346/178/28
f 479/191/31 481/193/30 480/192/27
f 479/191/31 482/194/32 481/193/30
f 481/193/30 337/169/33 346/178/28
f 481/193/30 482/194/32 337/169/33
f 482/194/32 336/168/34 337/169/33
f 482/194/32 479/191/31 336/168/34
f 483/195/31 345/177/29 338/170/34
f 483/195/31 484/196/27 345/177/29
f 484/196/27 344/176/28 345/177/29
f 484/196/27 485/197/30 344/176/28
f 483/195/31 485/197/30 484/196/27
f 483/195/31 486/198/32 485/197/30
f 485/197/30 339/171/33 344/176/28
f 485/197/30 486/198/32 339/171/33
f 486/198/32 338/170/34 339/171/33
f 486/198/32 483/195/31 338/170/34
f 487/199/36 488/200/36 489/201/36
f 487/199/36 490/202/36 488/200/36
f 491/203/36 492/204/36 493/205/36
f 491/203/36 494/206/36 492/204/36
f 495/207/36 492/204/36 494/206/36
f 490/202/36 492/204/36 495/207/36
f 490/202/36 495/207/36 496/208/36
f 488/200/36 490/202/36 496/208/36
f 488/200/36 496/208/36 497/209/36
f 498/210/36 488/200/36 497/209/36
f 498/210/36 497/209/36 499/211/36
f 496/208/36 500/212/36 497/209/36
f 496/208/36 501/213/36 500/212/36
f 502/214/36 503/215/36 504/216/36
f 502/214/36 504/216/36 495/207/36
f 495/207/36 494/206/36 502/214/36
f 494/206/36 505/217/36 502/214/36
f 494/206/36 506/218/36 505/217/36
f 493/205/36 507/219/69 508/220/69
f 493/205/36 508/220/69 491/203/36
f 509/221/36 491/203/36 508/220/69
f 509/221/36 508/220/69 510/222/30
f 506/218/36 509/221/36 510/222/30
f 506/218/36 510/222/30 511/223/70
f 506/218/36 511/223/70 505/217/36
f 512/224/36 505/217/36 511/223/70
f 512/224/36 511/223/70 513/225/27
f 503/215/36 512/224/36 513/225/27
f 503/215/36 513/225/27 245/123/38
f 245/123/38 504/216/36 503/215/36
f 501/213/36 504/216/36 245/123/38
f 501/213/36 245/123/38 244/122/37
f 244/122/37 500/212/36 501/213/36
f 514/226/36 500/212/36 244/122/37
f 514/226/36 244/122/37 243/121/31
f 499/211/36 514/226/36 243/121/31
f 499/211/36 243/121/31 515/227/71
f 515/227/71 498/210/36 499/211/36
f 516/228/36 498/210/36 515/227/71
f 516/228/36 515/227/71 517/229/32
f 489/201/36 516/228/36 517/229/32
f 489/201/36 517/229/32 507/219/69
f 489/201/36 507/219/69 487/199/36
f 493/205/36 487/199/36 507/219/69
f 209/117/31 207/115/29 212/120/34
f 209/117/31 205/113/27 207/115/29
f 518/230/32 224/71/28 519/231/30
f 518/230/32 230/68/33 224/71/28
f 520/232/31 230/68/33 518/230/32
f 520/232/31 234/69/34 230/68/33
f 521/233/27 518/230/32 519/231/30
f 521/233/27 520/232/31 518/230/32
f 521/233/27 234/69/34 520/232/31
f 521/233/27 242/79/29 234/69/34
f 519/231/30 242/79/29 521/233/27
f 519/231/30 224/71/28 242/79/29
f 522/234/32 241/73/28 523/235/30
f 522/234/32 236/78/33 241/73/28
f 523/235/30 239/75/29 524/236/27
f 523/235/30 241/73/28 239/75/29
f 524/236/27 522/234/32 523/235/30
f 524/236/27 525/237/31 522/234/32
f 524/236/27 237/77/34 525/237/31
f 524/236/27 239/75/29 237/77/34
f 525/237/31 236/78/33 522/234/32
f 525/237/31 237/77/34 236/78/33
f 526/191/72 527/167/73 528/168/74
f 526/191/72 529/192/64 527/167/73
f 529/192/64 530/178/75 527/167/73
f 529/192/64 531/193/4 530/178/75
f 526/191/72 531/193/4 529/192/64
f 526/191/72 532/194/76 531/193/4
f 531/193/4 533/169/77 530/178/75
f 531/193/4 532/194/76 533/169/77
f 532/194/76 528/168/74 533/169/77
f 532/194/76 526/191/72 528/168/74
f 534/195/72 535/177/73 536/170/74
f 534/195/72 537/196/64 535/177/73
f 537/196/64 538/176/75 535/177/73
f 537/196/64 539/197/4 538/176/75
f 534/195/72 539/197/4 537/196/64
f 534/195/72 540/198/76 539/197/4
f 539/197/4 541/171/77 538/176/75
f 539/197/4 540/198/76 541/171/77
f 540/198/76 536/170/74 541/171/77
f 540/198/76 534/195/72 536/170/74
f 542/199/61 543/200/61 544/201/61
f 542/199/61 545/202/61 543/200/61
f 546/203/61 547/204/61 548/205/61
f 546/203/61 549/206/61 547/204/61
f 550/207/61 547/204/61 549/206/61
f 545/202/61 547/204/61 550/207/61
f 545/202/61 550/207/61 551/208/61
f 543/200/61 545/202/61 551/208/61
f 543/200/61 551/208/61 552/209/61
f 553/210/61 543/200/61 552/209/61
f 553/210/61 552/209/61 554/211/61
f 551/208/61 555/212/61 552/209/61
f 551/208/61 556/213/61 555/212/61
f 557/214/61 558/216/61 550/207/61
f 550/207/61 549/206/61 557/214/61
f 549/206/61 559/217/61 557/214/61
f 549/206/61 560/218/61 559/217/61
f 557/214/61 561/215/61 558/216/61
f 562/123/63 558/216/61 561/215/61
f 556/213/61 558/216/61 562/123/63
f 556/213/61 562/123/63 563/122/63
f 563/122/63 555/212/61 556/213/61
f 564/226/61 555/212/61 563/122/63
f 564/226/61 563/122/63 565/121/72
f 554/211/61 564/226/61 565/121/72
f 554/211/61 565/121/72 566/227/78
f 566/227/78 553/210/61 554/211/61
f 567/228/61 553/210/61 566/227/78
f 567/228/61 566/227/78 568/229/76
f 544/201/61 567/228/61 568/229/76
f 544/201/61 568/229/76 569/219/6
f 544/201/61 569/219/6 542/199/61
f 548/205/61 542/199/61 569/219/6
f 548/205/61 569/219/6 570/220/6
f 548/205/61 570/220/6 546/203/61
f 571/221/61 546/203/61 570/220/6
f 571/221/61 570/220/6 572/222/4
f 560/218/61 571/221/61 572/222/4
f 560/218/61 572/222/4 573/223/79
f 560/218/61 573/223/79 559/217/61
f 574/224/61 559/217/61 573/223/79
f 574/224/61 573/223/79 575/225/64
f 561/215/61 574/224/61 575/225/64
f 561/215/61 575/225/64 562/123/63
f 243/121/31 340/172/34 341/173/33
f 341/173/33 515/227/71 243/121/31
f 341/173/33 517/229/32 515/227/71
f 533/169/77 535/177/73 530/178/75
f 533/169/77 536/170/74 535/177/73
f 576/96/40 577/95/40 578/119/77
f 578/119/77 577/95/40 528/168/74
f 577/95/40 533/169/77 528/168/74
f 577/95/40 579/94/40 533/169/77
f 533/169/77 579/94/40 536/170/74
f 579/94/40 541/171/77 536/170/74
f 579/94/40 580/93/40 541/171/77
f 580/93/40 581/172/74 541/171/77
f 541/171/77 581/172/74 582/175/73
f 541/171/77 582/175/73 538/176/75
f 578/119/77 527/167/73 583/114/75
f 578/119/77 528/168/74 527/167/73
f 580/93/40 584/173/77 581/172/74
f 580/93/40 585/92/40 584/173/77
f 586/174/61 584/173/77 585/92/40
f 586/174/61 587/179/75 584/173/77
f 582/175/73 587/179/75 586/174/61
f 582/175/73 586/174/61 588/180/61
f 538/176/75 582/175/73 588/180/61
f 535/177/73 538/176/75 588/180/61
f 535/177/73 588/180/61 589/181/61
f 530/178/75 535/177/73 589/181/61
f 527/167/73 530/178/75 589/181/61
f 527/167/73 589/181/61 590/166/61
f 583/114/75 527/167/73 590/166/61
f 591/115/73 583/114/75 590/166/61
f 591/115/73 590/166/61 592/165/61
f 591/115/73 592/165/61 576/96/40
f 591/115/73 576/96/40 593/120/74
f 576/96/40 578/119/77 593/120/74
f 507/219/69 517/229/32 341/173/33
f 508/220/69 507/219/69 341/173/33
f 341/173/33 510/222/30 508/220/69
f 341/173/33 347/179/28 510/222/30
f 594/117/72 591/115/73 593/120/74
f 594/117/72 595/113/64 591/115/73
f 595/113/64 583/114/75 591/115/73
f 595/113/64 596/116/4 583/114/75
f 594/117/72 596/116/4 595/113/64
f 594/117/72 597/118/76 596/116/4
f 596/116/4 578/119/77 583/114/75
f 596/116/4 597/118/76 578/119/77
f 597/118/76 593/120/74 578/119/77
f 597/118/76 594/117/72 593/120/74
f 598/230/76 599/71/75 600/231/4
f 598/230/76 601/68/77 599/71/75
f 602/232/72 601/68/77 598/230/76
f 602/232/72 603/69/74 601/68/77
f 604/233/64 598/230/76 600/231/4
f 604/233/64 602/232/72 598/230/76
f 604/233/64 603/69/74 602/232/72
f 604/233/64 605/79/73 603/69/74
f 600/231/4 605/79/73 604/233/64
f 600/231/4 599/71/75 605/79/73
f 606/73/75 603/69/74 605/79/73
f 606/73/75 607/78/77 603/69/74
f 607/78/77 608/70/61 603/69/74
f 609/77/74 608/70/61 607/78/77
f 609/77/74 610/76/61 608/70/61
f 610/76/61 609/77/74 611/75/73
f 610/76/61 611/75/73 612/72/17
f 612/72/17 611/75/73 606/73/75
f 612/72/17 606/73/75 613/74/17
f 613/74/17 606/73/75 605/79/73
f 613/74/17 605/79/73 599/71/75
f 613/74/17 599/71/75 614/80/17
f 614/80/17 599/71/75 615/59/73
f 614/80/17 615/59/73 616/53/75
f 614/80/17 616/53/75 617/81/17
f 617/81/17 616/53/75 618/61/73
f 617/81/17 618/61/73 619/62/75
f 617/81/17 619/62/75 620/64/17
f 619/62/75 621/63/61 620/64/17
f 619/62/75 622/65/77 621/63/61
f 616/53/75 623/60/74 618/61/73
f 616/53/75 624/55/77 623/60/74
f 599/71/75 625/57/74 615/59/73
f 599/71/75 601/68/77 625/57/74
f 623/60/74 621/63/61 622/65/77
f 623/60/74 626/66/61 621/63/61
f 624/55/77 626/66/61 623/60/74
f 625/57/74 626/66/61 624/55/77
f 625/57/74 627/67/61 626/66/61
f 601/68/77 627/67/61 625/57/74
f 603/69/74 627/67/61 601/68/77
f 603/69/74 608/70/61 627/67/61
f 628/234/76 606/73/75 629/235/4
f 628/234/76 607/78/77 606/73/75
f 629/235/4 611/75/73 630/236/64
f 629/235/4 606/73/75 611/75/73
f 630/236/64 628/234/76 629/235/4
f 630/236/64 631/237/72 628/234/76
f 630/236/64 609/77/74 631/237/72
f 630/236/64 611/75/73 609/77/74
f 631/237/72 607/78/77 628/234/76
f 631/237/72 609/77/74 607/78/77
f 619/62/75 618/61/73 366/152/64
f 366/152/64 632/238/79 619/62/75
f 632/238/79 145/49/4 619/62/75
f 245/123/38 513/225/27 343/175/29
f 343/175/29 243/121/31 245/123/38
f 343/175/29 340/172/34 243/121/31
f 623/60/74 633/190/72 364/150/63
f 364/150/63 366/152/64 623/60/74
f 366/152/64 618/61/73 623/60/74
f 511/223/70 510/222/30 347/179/28
f 347/179/28 513/225/27 511/223/70
f 347/179/28 343/175/29 513/225/27
f 634/258/61 635/259/61 636/257/61
f 634/258/61 637/260/61 635/259/61
f 638/261/61 635/259/61 637/260/61
f 638/261/61 639/255/61 635/259/61
f 638/261/61 640/254/61 639/255/61
f 641/249/61 642/248/61 643/250/61
f 641/249/61 644/240/61 642/248/61
f 645/247/61 642/248/61 644/240/61
f 645/247/61 637/260/61 642/248/61
f 645/247/61 646/262/61 637/260/61
f 638/261/61 637/260/61 646/262/61
f 646/262/61 647/252/61 638/261/61
f 646/262/61 648/251/61 647/252/61
f 649/239/61 644/240/61 650/241/61
f 649/239/61 651/242/61 644/240/61
f 645/247/61 644/240/61 651/242/61
f 651/242/61 652/246/61 645/247/61
f 651/242/61 653/245/61 652/246/61
f 643/250/61 365/151/5 364/150/63
f 364/150/63 641/249/61 643/250/61
f 654/243/61 641/249/61 364/150/63
f 654/243/61 364/150/63 633/190/72
f 650/241/61 654/243/61 633/190/72
f 650/241/61 633/190/72 655/189/78
f 655/189/78 649/239/61 650/241/61
f 656/244/61 649/239/61 655/189/78
f 656/244/61 655/189/78 657/188/76
f 653/245/61 656/244/61 657/188/76
f 653/245/61 657/188/76 147/51/6
f 653/245/61 147/51/6 652/246/61
f 648/251/61 652/246/61 147/51/6
f 648/251/61 147/51/6 146/50/5
f 648/251/61 146/50/5 647/252/61
f 658/253/61 647/252/61 146/50/5
f 658/253/61 146/50/5 145/49/4
f 640/254/61 658/253/61 145/49/4
f 640/254/61 145/49/4 632/238/79
f 640/254/61 632/238/79 639/255/61
f 659/256/61 639/255/61 632/238/79
f 659/256/61 632/238/79 366/152/64
f 636/257/61 659/256/61 366/152/64
f 636/257/61 366/152/64 365/151/5
f 365/151/5 634/258/61 636/257/61
f 643/250/61 634/258/61 365/151/5
f 660/52/76 616/53/75 661/54/4
f 660/52/76 624/55/77 616/53/75
f 662/56/72 624/55/77 660/52/76
f 662/56/72 625/57/74 624/55/77
f 663/58/64 660/52/76 661/54/4
f 663/58/64 662/56/72 660/52/76
f 663/58/64 625/57/74 662/56/72
f 663/58/64 615/59/73 625/57/74
f 661/54/4 615/59/73 663/58/64
f 661/54/4 616/53/75 615/59/73
f 612/72/17 664/82/17 665/83/17
f 612/72/17 613/74/17 664/82/17
f 613/74/17 666/84/17 664/82/17
f 613/74/17 614/80/17 666/84/17
f 614/80/17 667/85/17 666/84/17
f 614/80/17 617/81/17 667/85/17
f 617/81/17 668/86/17 667/85/17
f 617/81/17 620/64/17 668/86/17
f 665/83/17 669/87/40 670/88/40
f 665/83/17 664/82/17 669/87/40
f 664/82/17 671/89/40 669/87/40
f 664/82/17 666/84/17 671/89/40
f 666/84/17 672/90/40 671/89/40
f 666/84/17 667/85/17 672/90/40
f 667/85/17 673/91/40 672/90/40
f 667/85/17 668/86/17 673/91/40
f 585/92/40 672/90/40 673/91/40
f 585/92/40 580/93/40 672/90/40
f 580/93/40 671/89/40 672/90/40
f 580/93/40 579/94/40 671/89/40
f 579/94/40 669/87/40 671/89/40
f 579/94/40 577/95/40 669/87/40
f 577/95/40 670/88/40 669/87/40
f 577/95/40 576/96/40 670/88/40
f 674/263/18 675/264/19 676/265/80
f 674/263/18 677/266/60 675/264/19
f 678/267/81 679/268/19 680/269/82
f 678/267/81 681/270/83 679/268/19
f 682/271/81 683/272/19 684/273/82
f 682/271/81 685/274/83 683/272/19
f 686/275/81 687/276/19 688/277/82
f 686/275/81 689/278/21 687/276/19
f 687/279/19 690/280/24 691/281/23
f 687/279/19 689/282/21 690/280/24
f 692/275/49 689/276/21 686/277/81
f 692/275/49 690/278/24 689/276/21
f 693/275/48 690/276/24 692/277/49
f 693/275/48 691/278/23 690/276/24
f 688/275/82 691/276/23 693/277/48
f 688/275/82 687/278/19 691/276/23
f 688/279/82 694/283/84 683/284/19
f 688/279/82 693/281/48 694/283/84
f 693/281/48 695/285/24 694/283/84
f 693/281/48 692/280/49 695/285/24
f 692/280/49 685/286/83 695/285/24
f 692/280/49 686/282/81 685/286/83
f 686/282/81 683/284/19 685/286/83
f 686/282/81 688/279/82 683/284/19
f 684/271/82 694/272/84 696/273/48
f 684/271/82 683/274/19 694/272/84
f 696/271/48 695/272/24 697/273/49
f 696/271/48 694/274/84 695/272/24
f 697/271/49 685/272/83 682/273/81
f 697/271/49 695/274/24 685/272/83
f 697/285/49 681/287/83 698/288/24
f 697/285/49 682/286/81 681/287/83
f 682/286/81 679/289/19 681/287/83
f 682/286/81 684/284/82 679/289/19
f 684/284/82 699/290/84 679/289/19
f 684/284/82 696/283/48 699/290/84
f 696/283/48 698/288/24 699/290/84
f 696/283/48 697/285/49 698/288/24
f 700/267/49 681/268/83 678/269/81
f 700/267/49 698/270/24 681/268/83
f 701/267/48 698/268/24 700/269/49
f 701/267/48 699/270/84 698/268/24
f 680/267/82 699/268/84 701/269/48
f 680/267/82 679/270/19 699/268/84
f 680/289/82 702/291/85 675/292/19
f 680/289/82 701/290/48 702/291/85
f 701/290/48 703/293/86 702/291/85
f 701/290/48 700/288/49 703/293/86
f 700/288/49 677/294/60 703/293/86
f 700/288/49 678/287/81 677/294/60
f 678/287/81 675/292/19 677/294/60
f 678/287/81 680/289/82 675/292/19
f 676/263/80 702/264/85 704/265/25
f 676/263/80 675/266/19 702/264/85
f 704/263/25 703/264/86 705/265/26
f 704/263/25 702/266/85 703/264/86
f 705/263/26 677/264/60 674/265/18
f 705/263/26 703/266/86 677/264/60
f 674/294/18 704/295/25 705/296/26
f 674/294/18 676/292/80 704/295/25
f 267/124/40 263/125/35 262/126/35
f 267/124/40 268/127/40 263/125/35
f 227/62/28 222/61/29 309/152/27
f 309/152/27 706/238/70 227/62/28
f 706/238/70 707/49/30 227/62/28
f 565/121/72 581/172/74 584/173/77
f 584/173/77 566/227/78 565/121/72
f 584/173/77 568/229/76 566/227/78
f 221/60/34 708/190/31 307/150/38
f 307/150/38 309/152/27 221/60/34
f 309/152/27 222/61/29 221/60/34
f 569/219/6 568/229/76 584/173/77
f 570/220/6 569/219/6 584/173/77
f 584/173/77 572/222/4 570/220/6
f 584/173/77 587/179/75 572/222/4
f 709/258/36 710/259/36 711/257/36
f 709/258/36 712/260/36 710/259/36
f 713/261/36 710/259/36 712/260/36
f 713/261/36 714/255/36 710/259/36
f 713/261/36 715/254/36 714/255/36
f 716/249/36 717/248/36 718/250/36
f 716/249/36 719/240/36 717/248/36
f 720/247/36 717/248/36 719/240/36
f 720/247/36 712/260/36 717/248/36
f 720/247/36 721/262/36 712/260/36
f 713/261/36 712/260/36 721/262/36
f 721/262/36 722/252/36 713/261/36
f 721/262/36 723/251/36 722/252/36
f 724/239/36 719/240/36 725/241/36
f 724/239/36 726/242/36 719/240/36
f 720/247/36 719/240/36 726/242/36
f 726/242/36 727/246/36 720/247/36
f 726/242/36 728/245/36 727/246/36
f 718/250/36 308/151/54 307/150/38
f 307/150/38 716/249/36 718/250/36
f 729/243/36 716/249/36 307/150/38
f 729/243/36 307/150/38 708/190/31
f 725/241/36 729/243/36 708/190/31
f 725/241/36 708/190/31 730/189/71
f 730/189/71 724/239/36 725/241/36
f 731/244/36 724/239/36 730/189/71
f 731/244/36 730/189/71 732/188/32
f 728/245/36 731/244/36 732/188/32
f 728/245/36 732/188/32 733/51/69
f 728/245/36 733/51/69 727/246/36
f 723/251/36 727/246/36 733/51/69
f 723/251/36 733/51/69 734/50/69
f 723/251/36 734/50/69 722/252/36
f 735/253/36 722/252/36 734/50/69
f 735/253/36 734/50/69 707/49/30
f 715/254/36 735/253/36 707/49/30
f 715/254/36 707/49/30 706/238/70
f 715/254/36 706/238/70 714/255/36
f 736/256/36 714/255/36 706/238/70
f 736/256/36 706/238/70 309/152/27
f 711/257/36 736/256/36 309/152/27
f 711/257/36 309/152/27 308/151/54
f 308/151/54 709/258/36 711/257/36
f 718/250/36 709/258/36 308/151/54
f 708/190/31 221/60/34 231/65/33
f 231/65/33 730/189/71 708/190/31
f 231/65/33 732/188/32 730/189/71
f 562/123/63 575/225/64 582/175/73
f 563/122/63 562/123/63 582/175/73
f 582/175/73 565/121/72 563/122/63
f 582/175/73 581/172/74 565/121/72
f 733/51/69 732/188/32 231/65/33
f 734/50/69 733/51/69 231/65/33
f 231/65/33 707/49/30 734/50/69
f 231/65/33 227/62/28 707/49/30
f 573/223/79 572/222/4 587/179/75
f 587/179/75 575/225/64 573/223/79
f 587/179/75 582/175/73 575/225/64
f 416/223/67 415/222/9 434/179/8
f 434/179/8 418/225/13 416/223/67
f 434/179/8 431/175/14 418/225/13
f 147/51/6 657/188/76 622/65/77
f 622/65/77 145/49/4 147/51/6
f 622/65/77 619/62/75 145/49/4
f 419/123/68 418/225/13 431/175/14
f 420/122/68 419/123/68 431/175/14
f 431/175/14 422/121/11 420/122/68
f 431/175/14 436/172/12 422/121/11
f 633/190/72 623/60/74 622/65/77
f 622/65/77 655/189/78 633/190/72
f 622/65/77 657/188/76 655/189/78
o lamp
v 2.600000 100.750000 -2.600000
v -2.600000 100.750000 -2.600000
v 2.600000 100.750000 2.600000
v -2.600000 100.750000 2.600000
v -2.600000 97.499992 2.600000
v 2.600000 97.499992 2.600000
v 1.950000 97.499992 -1.950000
v 1.950000 97.499992 1.950000
v -1.950000 97.499992 1.950000
v -2.600000 97.499992 -2.600000
v -1.950000 97.499992 -1.950000
v 2.600000 97.499992 -2.600000
v -1.950000 94.899994 -1.950000
v 1.950000 94.899994 -1.950000
v -1.950000 94.899994 1.950000
v 1.950000 94.899994 1.950000
vn -0.5774 -0.5774 0.5774
vn 0.7071 -0.0000 0.7071
vn -0.7071 -0.0000 0.7071
vn 0.5774 -0.5773 0.5773
vn 0.3015 -0.9045 -0.3015
vn 0.3015 -0.9045 0.3015
vn -0.3015 -0.9045 0.3015
vn -0.5774 -0.5773 -0.5773
vn -0.3015 -0.9045 -0.3015
vn 0.5774 -0.5774 -0.5774
vn -0.7071 -0.0000 -0.7071
vn 0.7071 -0.0000 -0.7071
vt 0.000000 0.000000
vt 1.000000 0.000000
vt 0.875000 0.000000
vt 0.125000 0.000000
vt 1.000000 1.000000
vt 0.000000 1.000000
s 1
usemtl red
f 741/297/87 739/298/88 740/297/89
f 741/297/87 742/298/90 739/298/88
f 743/299/91 742/298/90 744/299/92
f 744/299/92 742/298/90 741/297/87
f 744/299/92 741/297/87 745/300/93
f 745/300/93 741/297/87 746/297/94
f 745/300/93 746/297/94 747/300/95
f 747/300/95 746/297/94 748/298/96
f 747/300/95 748/298/96 743/299/91
f 743/299/91 748/298/96 742/298/90
f 746/297/94 740/297/89 738/297/97
f 746/297/94 741/297/87 740/297/89
f 748/301/96 738/302/97 737/301/98
f 748/301/96 746/302/94 738/302/97
f 743/299/91 749/300/97 747/300/95
f 743/299/91 750/299/98 749/300/97
f 747/300/95 751/300/89 745/300/93
f 747/300/95 749/300/97 751/300/89
f 745/300/93 752/299/88 744/299/92
f 745/300/93 751/300/89 752/299/88
f 744/299/92 750/299/98 743/299/91
f 744/299/92 752/299/88 750/299/98
f 742/298/90 737/298/98 739/298/88
f 742/298/90 748/298/96 737/298/98
o mainsign
v -23.724998 83.850006 28.925003
v -23.724998 86.450005 28.925003
v 23.725002 86.450005 28.924999
v -28.924997 86.450005 23.725002
v -28.924997 83.850006 23.725002
v -28.925001 83.850006 -23.724995
v -28.925001 86.450005 -23.724995
v -23.725004 86.450005 -28.924997
v -23.725004 83.850006 -28.924997
v 23.724997 83.850006 -28.925005
v 23.724997 86.450005 -28.925005
v 28.924997 86.450005 -23.724998
v 28.924997 83.850006 -23.724998
v 28.925001 83.850006 23.724998
v 28.925001 86.450005 23.724998
v 23.725002 83.850006 28.924999
vn -0.0000 -0.0000 1.0000
vn 1.0000 -0.0000 -0.0000
vn -0.0000 -0.0000 -1.0000
vn -1.0000 -0.0000 -0.0000
vt 1.000000 0.000000
vt 0.000000 1.000000
vt 0.000000 0.000000
vt 1.000000 1.000000
s 1
usemtl ppcb
f 768/303/99 754/304/99 753/305/99
f 768/303/99 755/306/99 754/304/99
f 765/303/100 767/304/100 766/305/100
f 765/303/100 764/306/100 767/304/100
f 761/303/101 763/304/101 762/305/101
f 761/303/101 760/306/101 763/304/101
f 757/303/102 759/304/102 758/305/102
f 757/303/102 756/306/102 759/304/102
o boxsign
v -23.724998 86.450005 29.575003
v -23.724998 83.850006 28.925003
v -23.724998 86.450005 28.925003
v -23.724998 83.850006 29.575003
v -29.575001 86.450005 -23.724995
v -29.574997 86.450005 23.725002
v -29.574999 88.400002 29.575003
v -29.574999 82.550011 29.575003
v -29.574997 83.850006 23.725002
v -29.575005 82.550011 -29.574999
v -29.575001 83.850006 -23.724995
v -29.575005 88.400002 -29.574999
v 29.575001 86.450005 23.724998
v 29.574997 86.450005 -23.724998
v 29.574999 88.400002 -29.575003
v 29.574999 82.550011 -29.575003
v 29.574997 83.850006 -23.724998
v 29.575003 82.550011 29.574999
v 29.575001 83.850006 23.724998
v 29.575003 88.400002 29.574999
v 26.974998 88.400002 -21.125002
v 21.124994 88.400002 21.124998
v 26.974998 88.400002 21.124996
v 21.124994 88.400002 -21.125000
v -21.125000 88.400002 21.124998
v -21.125000 88.400002 -21.125000
v -26.975006 88.400002 21.125000
v -26.975006 88.400002 -21.124998
v -26.975008 88.400002 -26.975002
v -21.125002 88.400002 -26.975004
v 21.124992 88.400002 -26.975004
v 26.974997 88.400002 -26.975006
v 26.975000 88.400002 26.975000
v 21.124996 88.400002 26.975002
v -21.124998 88.400002 26.975002
v -26.975004 88.400002 26.975004
v 23.725002 86.450005 29.574999
v 23.725002 86.450005 28.924999
v -28.924997 86.450005 23.725002
v -28.924997 83.850006 23.725002
v -28.925001 83.850006 -23.724995
v -28.925001 86.450005 -23.724995
v -23.725004 83.850006 -29.574997
v -23.725004 86.450005 -28.924997
v -23.725004 83.850006 -28.924997
v -23.725004 86.450005 -29.574997
v 23.724997 83.850006 -29.575005
v 23.724997 83.850006 -28.925005
v 23.724997 86.450005 -29.575005
v 23.724997 86.450005 -28.925005
v 28.924997 86.450005 -23.724998
v 28.924997 83.850006 -23.724998
v 28.925001 83.850006 23.724998
v 28.925001 86.450005 23.724998
v 23.725002 83.850006 29.574999
v 23.725002 83.850006 28.924999
v 24.375002 82.550011 24.374998
v 24.375000 82.550011 -24.375002
v -24.375002 82.550011 -24.374998
v -24.374998 82.550011 24.375002
vn 0.3015 -0.3015 0.9045
vn 0.7071 0.7071 -0.0000
vn 0.7071 -0.7071 -0.0000
vn 0.3015 0.3015 0.9045
vn -0.9045 -0.3015 0.3015
vn -0.9045 -0.3015 -0.3015
vn -0.5774 0.5774 0.5773
vn -0.5774 -0.5774 0.5773
vn -0.9045 0.3015 -0.3015
vn -0.5774 -0.5774 -0.5774
vn -0.9045 0.3015 0.3015
vn -0.5774 0.5774 -0.5774
vn 0.9045 -0.3015 -0.3015
vn 0.9045 -0.3015 0.3015
vn 0.5774 0.5774 -0.5773
vn 0.5774 -0.5774 -0.5773
vn 0.9045 0.3015 0.3015
vn 0.5774 -0.5774 0.5774
vn 0.9045 0.3015 -0.3015
vn 0.5773 0.5774 0.5774
vn -0.0000 1.0000 -0.0000
vn -0.3015 -0.3015 0.9045
vn -0.7071 -0.7071 -0.0000
vn -0.0000 -0.7071 -0.7071
vn -0.0000 0.7071 -0.7071
vn -0.0000 0.7071 0.7071
vn -0.0000 -0.7071 0.7071
vn 0.3015 0.3015 -0.9045
vn 0.3015 -0.3015 -0.9045
vn -0.3015 0.3015 -0.9045
vn -0.7071 0.7071 -0.0000
vn -0.3015 -0.3015 -0.9045
vn -0.3015 0.3015 0.9045
vn -0.0000 -1.0000 -0.0000
vt 0.351562 0.402344
vt 0.351562 0.386719
vt 0.458984 0.402344
vt 0.476562 0.414062
vt 0.476562 0.378906
vt 0.458984 0.386719
vt 0.333984 0.378906
vt 0.333984 0.414062
vt 0.191406 0.894531
vt 0.173828 0.648438
vt 0.191406 0.648438
vt 0.173828 0.894531
vt 0.050781 0.648438
vt 0.050781 0.894531
vt 0.033203 0.648438
vt 0.033203 0.894531
vt 0.023438 0.593750
vt 0.023438 0.949219
vt 0.033203 0.929688
vt 0.050781 0.929688
vt 0.201172 0.949219
vt 0.173828 0.929688
vt 0.191406 0.929688
vt 0.201172 0.593750
vt 0.191406 0.613281
vt 0.173828 0.613281
vt 0.050781 0.613281
vt 0.033203 0.613281
vt 0.185547 0.625000
vt 0.185547 0.917969
vt 0.039062 0.917969
vt 0.039062 0.625000
s 1
usemtl box
f 769/307/103 770/308/104 771/307/105
f 769/307/103 772/308/106 770/308/104
f 773/307/107 774/309/108 775/310/109
f 774/309/108 776/311/110 775/310/109
f 774/309/108 777/312/111 776/311/110
f 777/312/111 778/313/112 776/311/110
f 777/312/111 779/308/113 778/313/112
f 779/308/113 780/314/114 778/313/112
f 779/308/113 773/307/107 780/314/114
f 773/307/107 775/310/109 780/314/114
f 781/307/115 782/309/116 783/310/117
f 782/309/116 784/311/118 783/310/117
f 782/309/116 785/312/119 784/311/118
f 785/312/119 786/313/120 784/311/118
f 785/312/119 787/308/121 786/313/120
f 787/308/121 788/314/122 786/313/120
f 787/308/121 781/307/115 788/314/122
f 781/307/115 783/310/117 788/314/122
f 789/315/123 790/316/123 791/317/123
f 789/315/123 792/318/123 790/316/123
f 792/318/123 793/319/123 790/316/123
f 792/318/123 794/320/123 793/319/123
f 794/320/123 795/321/123 793/319/123
f 794/320/123 796/322/123 795/321/123
f 796/322/123 775/323/109 795/321/123
f 796/322/123 780/324/114 775/323/109
f 797/325/123 780/324/114 796/322/123
f 780/324/114 797/325/123 798/326/123
f 783/327/117 780/324/114 798/326/123
f 783/327/117 798/326/123 799/328/123
f 783/327/117 799/328/123 800/329/123
f 783/327/117 800/329/123 789/315/123
f 783/327/117 789/315/123 791/317/123
f 783/327/117 791/317/123 788/330/122
f 788/330/122 791/317/123 801/331/123
f 801/331/123 802/332/123 788/330/122
f 799/328/123 794/320/123 792/318/123
f 799/328/123 798/326/123 794/320/123
f 802/332/123 775/323/109 788/330/122
f 802/332/123 803/333/123 775/323/109
f 803/333/123 804/334/123 775/323/109
f 795/321/123 775/323/109 804/334/123
f 790/316/123 803/333/123 802/332/123
f 790/316/123 793/319/123 803/333/123
f 805/309/124 771/307/105 806/309/125
f 805/309/124 769/307/103 771/307/105
f 777/312/111 807/309/126 808/312/127
f 777/312/111 774/309/108 807/309/126
f 779/308/113 808/312/127 809/308/128
f 779/308/113 777/312/111 808/312/127
f 773/307/107 809/308/128 810/307/129
f 773/307/107 779/308/113 809/308/128
f 774/309/108 810/307/129 807/309/126
f 774/309/108 773/307/107 810/307/129
f 811/312/130 812/309/105 813/312/104
f 811/312/130 814/309/131 812/309/105
f 815/308/132 813/312/104 816/308/133
f 815/308/132 811/312/130 813/312/104
f 817/307/134 816/308/133 818/307/125
f 817/307/134 815/308/132 816/308/133
f 814/309/131 818/307/125 812/309/105
f 814/309/131 817/307/134 818/307/125
f 785/312/119 819/309/129 820/312/128
f 785/312/119 782/309/116 819/309/129
f 787/308/121 820/312/128 821/308/127
f 787/308/121 785/312/119 820/312/128
f 781/307/115 821/308/127 822/307/126
f 781/307/115 787/308/121 821/308/127
f 782/309/116 822/307/126 819/309/129
f 782/309/116 781/307/115 822/307/126
f 823/312/135 806/309/125 824/312/133
f 823/312/135 805/309/124 806/309/125
f 772/308/106 824/312/133 770/308/104
f 772/308/106 823/312/135 824/312/133
f 825/335/136 784/327/118 786/330/120
f 825/335/136 826/336/136 784/327/118
f 826/336/136 778/324/112 784/327/118
f 826/336/136 827/337/136 778/324/112
f 827/337/136 776/323/110 778/324/112
f 827/337/136 828/338/136 776/323/110
f 828/338/136 786/330/120 776/323/110
f 828/338/136 825/335/136 786/330/120
f 814/309/131 778/311/112 780/310/114
f 814/309/131 811/312/130 778/311/112
f 811/312/130 784/313/118 778/311/112
f 811/312/130 815/308/132 784/313/118
f 815/308/132 783/314/117 784/313/118
f 815/308/132 817/307/134 783/314/117
f 817/307/134 780/310/114 783/314/117
f 817/307/134 814/309/131 780/310/114
f 769/307/103 788/310/122 775/314/109
f 769/307/103 805/309/124 788/310/122
f 805/309/124 786/311/120 788/310/122
f 805/309/124 823/312/135 786/311/120
f 823/312/135 776/313/110 786/311/120
f 823/312/135 772/308/106 776/313/110
f 772/308/106 775/314/109 776/313/110
f 772/308/106 769/307/103 775/314/109
o doorsign
v -17.225006 59.150005 26.239985
v -6.175000 59.150005 26.239985
v -6.175000 46.800003 26.239985
v -17.225006 46.800003 26.239985
vn -0.0000 -0.0000 1.0000
vt 1.000000 0.000000
vt 0.000000 1.000000
vt 0.000000 0.000000
vt 1.000000 1.000000
s 1
usemtl instructionsign
f 831/339/137 829/340/137 832/341/137
f 831/339/137 830/342/137 829/340/137
o doors
v -5.525002 22.100004 25.674986
v -4.875000 7.800000 26.325001
v -4.875000 22.750002 26.325001
v -5.525002 8.450000 25.674986
v 0.325001 57.850006 27.624958
v 0.975000 57.850006 27.624958
v 0.975000 57.200012 27.624958
v 0.975000 50.700012 27.624958
v 1.625000 57.200012 27.624958
v 1.625000 50.700012 27.624958
v 0.325001 50.050011 27.624960
v 0.975000 50.050011 27.624960
v -0.325001 82.549995 26.325001
v -0.325001 59.800003 26.975000
v -0.325001 82.549995 26.975000
v -0.325001 59.800003 26.325001
v -0.325001 82.549995 24.375000
v -0.325001 41.600006 26.975002
v -0.325001 4.550000 26.325001
v -0.325001 22.750000 24.375002
v -0.325001 4.550000 24.375000
v -0.325001 22.750002 26.325003
v -0.325001 4.550000 26.975000
v -0.325001 22.750002 26.975002
v -0.325001 41.600006 26.325003
v -0.325001 59.800003 24.375000
v -0.325001 41.600006 24.375002
v 2.275000 82.549995 24.375000
v 2.275000 59.800003 24.375000
v 21.125004 82.549995 24.375000
v 21.125004 59.800003 24.375002
v 2.275000 41.600006 24.375002
v 2.275000 22.750000 24.375002
v 2.275000 4.550000 24.375000
v 21.125004 22.750000 24.375002
v 21.125004 4.550000 24.375000
v 21.125004 41.600006 24.375002
v 0.325001 50.050011 27.624960
v 0.975000 50.050011 27.624960
v 0.975000 50.700012 27.624958
v 0.975000 57.200012 27.624958
v 0.975000 57.850006 27.624958
v 0.325001 57.850006 27.624958
v -4.875004 56.550011 26.974955
v -5.525002 56.550011 26.974955
v -5.525002 55.900009 26.974957
v -5.525002 50.050011 26.974958
v -6.175003 55.900009 26.974957
v -6.175003 50.050011 26.974958
v -4.875004 49.400009 26.974957
v -5.525002 49.400009 26.974957
v -5.525002 55.900009 26.974957
v -5.525002 56.550011 26.974955
v -4.875004 56.550011 26.974955
v -4.875004 49.400009 26.974957
v -5.525002 49.400009 26.974957
v -5.525002 50.050011 26.974958
v -0.325003 82.549995 26.325001
v -21.125004 82.549995 24.375000
v -21.125006 82.549995 26.325001
v -0.325003 82.549995 24.375000
v 5.525000 40.950005 25.674986
v 4.875000 26.000002 26.325001
v 5.525000 26.650003 25.674986
v 4.875000 41.600002 26.325001
v 2.275000 4.550000 26.325001
v 2.275000 22.750002 26.975002
v 2.275000 4.550000 26.975000
v 2.275000 22.750002 26.325003
v 2.275000 41.600006 26.975002
v 2.275000 41.600006 26.325003
v 2.275000 59.800003 26.975000
v 2.275000 59.800003 26.325001
v 2.275000 82.549995 26.975000
v 2.275000 82.549995 26.325001
v 0.975000 57.850006 26.974957
v 0.325001 57.850006 26.974957
v 0.975000 57.850006 26.974957
v 0.325001 57.850006 27.624958
v 0.975000 57.850006 27.624958
v 0.975000 57.200012 26.974957
v 0.975000 57.850006 27.624958
v 0.975000 57.200012 26.974957
v 0.975000 57.200012 27.624958
v 1.625000 57.200012 26.974957
v 1.625000 57.200012 26.974957
v 0.975000 57.200012 27.624958
v 1.625000 57.200012 27.624958
v 0.975000 50.700012 26.974957
v 0.975000 50.050011 26.974958
v 1.625000 50.700012 26.974957
v 0.975000 50.700012 26.974957
v 1.625000 50.700012 27.624958
v 1.625000 50.700012 26.974957
v 0.325001 50.050011 26.974958
v 0.325001 50.050011 26.974958
v 0.975000 50.050011 27.624960
v 0.325001 50.050011 27.624960
v -21.125004 61.100002 24.375000
v -0.325003 61.100002 24.375000
v -21.125004 41.600002 24.375002
v -0.325003 41.600002 24.375002
v -21.125004 22.750000 24.375002
v -0.325003 22.750000 24.375002
v -21.125004 4.550000 24.375000
v -0.325003 4.550000 24.375000
v -4.875000 60.450005 25.674986
v -18.525005 60.450005 26.324986
v -4.875000 60.450005 26.324986
v -18.525005 60.450005 25.674986
v -4.875000 45.500004 25.674986
v -4.875000 45.500004 26.324986
v -6.175000 59.150005 26.324986
v -17.225006 59.150005 25.739985
v -6.175000 59.150005 25.739985
v -17.225006 59.150005 26.324986
v -6.175000 46.800003 26.324986
v -6.175000 46.800003 25.739985
v -17.225006 46.800003 26.324986
v -17.225006 46.800003 25.739985
v -18.525005 45.500004 26.324986
v -18.525005 45.500004 25.674986
v -5.525002 56.550007 26.324957
v -4.875004 56.550007 26.324957
v -5.525002 55.900009 26.324957
v -6.175003 55.900009 26.324957
v -5.525002 50.050011 26.324957
v -6.175003 50.050011 26.324957
v -5.525002 49.400005 26.324957
v -4.875004 49.400005 26.324957
v -5.525002 56.550007 26.324957
v -4.875004 56.550011 26.974955
v -4.875004 56.550007 26.324957
v -5.525002 56.550011 26.974955
v -5.525002 55.900009 26.324957
v -5.525002 55.900009 26.974957
v -5.525002 50.050011 26.324957
v -6.175003 50.050011 26.974958
v -6.175003 50.050011 26.324957
v 21.125004 4.550000 26.325001
v 18.525003 63.050007 26.325001
v 17.875004 63.700008 25.674986
v 12.675003 63.700012 25.674988
v 4.875000 63.050007 26.325001
v 8.124998 63.700012 25.674988
v 5.525000 63.700008 25.674986
v 5.525000 71.499992 25.674988
v 4.875000 78.000000 26.325001
v 5.525000 77.350006 25.674986
v 5.525000 8.450000 25.674986
v 18.525003 7.800000 26.325001
v 17.875004 8.450000 25.674986
v 4.875000 7.800000 26.325001
v 5.525000 22.100004 25.674986
v 4.875000 22.750002 26.325001
v 17.875004 22.100004 25.674986
v 18.525003 22.750002 26.325001
v 17.875004 71.499992 25.674988
v 18.525003 78.000000 26.325001
v 17.875004 77.350006 25.674986
v 17.225004 71.499992 25.674986
v 15.275003 69.549995 25.674986
v 17.225004 69.549995 25.674986
v 15.275003 71.499992 25.674986
v 17.225004 64.350006 25.674986
v 17.225004 76.700005 25.674986
v 15.275003 76.700005 25.674986
v 12.675003 77.350006 25.674988
v 12.675003 76.700005 25.674986
v 12.675003 71.499992 25.674986
v 12.675003 69.549995 25.674986
v 15.275003 64.350006 25.674986
v 12.675003 64.350006 25.674986
v 10.074998 69.549995 25.674986
v 10.074998 71.499992 25.674986
v 10.074998 64.350006 25.674986
v 8.124998 69.549995 25.674986
v 8.124998 64.350006 25.674986
v 8.124998 71.499992 25.674986
v 8.124998 76.700005 25.674986
v 10.074998 76.700005 25.674986
v 6.174997 69.549995 25.674986
v 6.174997 71.499992 25.674986
v 8.124998 77.350006 25.674988
v 6.174997 76.700005 25.674986
v 6.174997 64.350006 25.674986
v 21.125004 82.549995 26.325001
v 18.525003 44.850002 26.325001
v 21.125004 59.800003 26.325003
v 18.525003 59.800003 26.325001
v 21.125004 41.600006 26.325003
v 18.525003 41.600002 26.325001
v 18.525003 26.000002 26.325001
v 21.125004 22.750002 26.325003
v 4.875000 44.850002 26.325001
v 4.875000 59.800003 26.325001
v 17.875004 59.150005 25.674986
v 5.525000 59.150005 25.674986
v 5.525000 45.500004 25.674986
v 17.875004 45.500004 25.674986
v 17.875004 40.950005 25.674986
v 17.875004 26.650003 25.674986
v 1.625000 47.450005 26.974958
v 0.325003 47.450005 27.624958
v 1.625000 47.450005 27.624958
v 0.325003 47.450005 26.974958
v 1.625000 46.150009 26.974958
v 1.625000 46.150009 27.624958
v 0.325003 46.150009 27.624958
v 0.325003 46.150009 26.974958
v -4.875004 49.400005 26.324957
v -5.525002 49.400009 26.974957
v -5.525002 49.400005 26.324957
v -21.125006 4.550000 26.325001
v -0.325003 4.550000 26.325001
v -15.275005 77.350006 25.674986
v -13.325006 72.149994 25.674986
v -13.325006 77.350006 25.674986
v -15.275005 72.149994 25.674986
v -17.225006 72.149994 25.674986
v -17.225006 70.199997 25.674986
v -15.275005 70.199997 25.674986
v -13.325006 70.199997 25.674986
v -13.325006 65.000008 25.674986
v -15.275005 65.000008 25.674986
v -10.725000 72.149994 25.674986
v -10.725000 70.199997 25.674986
v -8.125000 72.149994 25.674986
v -10.725000 77.350006 25.674986
v -8.125000 77.350006 25.674986
v -10.725000 78.000000 25.674988
v -15.275005 78.000000 25.674988
v -17.225006 77.350006 25.674986
v -17.875006 78.000000 25.674986
v -17.875006 72.149994 25.674988
v -17.225006 65.000008 25.674986
v -17.875006 64.350006 25.674986
v -6.175000 72.149994 25.674986
v -8.125000 70.199997 25.674986
v -6.175000 70.199997 25.674986
v -8.125000 65.000008 25.674986
v -10.725000 65.000008 25.674986
v -15.275005 64.350006 25.674988
v -10.725000 64.350006 25.674988
v -6.175000 65.000008 25.674986
v -5.525002 64.350006 25.674986
v -5.525002 72.149994 25.674988
v -6.175000 77.350006 25.674986
v -5.525002 78.000000 25.674986
v -18.525005 63.700005 26.325001
v -4.875000 63.700005 26.325001
v -18.525005 78.650002 26.325001
v -4.875000 78.650002 26.325001
v -0.325003 61.100002 26.325001
v -4.225000 61.100002 26.325001
v -19.175005 61.100002 26.325001
v -0.325003 41.600002 26.325003
v -4.225000 44.850002 26.325001
v -4.875000 41.600002 26.325001
v -19.175005 44.850002 26.325001
v -18.525005 41.600002 26.325001
v -0.325003 22.750002 26.325003
v -4.875000 26.650003 26.325001
v -18.525005 7.800000 26.325001
v -21.125006 22.750002 26.325003
v -18.525005 22.750002 26.325001
v -18.525005 26.650003 26.325001
v -21.125006 41.600002 26.325003
v -21.125006 61.100002 26.325003
v -5.525002 27.300001 25.674986
v -17.875006 27.300001 25.674986
v -17.875006 40.950005 25.674986
v -5.525002 40.950005 25.674986
v -17.875006 8.450000 25.674986
v -17.875006 22.100004 25.674986
vn -0.3002 -0.3002 0.9054
vn -0.1101 0.1101 0.9878
vn -0.1101 -0.1101 0.9878
vn -0.3002 0.3002 0.9054
vn -0.0000 -0.0000 -1.0000
vn -0.0000 -1.0000 -0.0000
vn -0.7071 0.7071 -0.0000
vn -0.7071 -0.0000 0.7071
vn -0.5774 0.5774 0.5774
vn -1.0000 -0.0000 -0.0000
vn -0.5774 0.5774 -0.5774
vn -0.7071 -0.7071 -0.0000
vn -0.7071 -0.0000 -0.7071
vn -0.5774 -0.5774 -0.5774
vn -0.5773 -0.5774 0.5774
vn -0.0000 0.7071 -0.7071
vn 0.5774 0.5774 -0.5774
vn 0.7071 -0.0000 -0.7071
vn -0.0000 -0.7071 -0.7071
vn 0.5774 -0.5774 -0.5774
vn -0.0000 0.7071 0.7071
vn -0.0000 -0.0000 1.0000
vn 0.8944 -0.0000 0.4472
vn -0.0000 -0.7071 0.7071
vn -0.0000 -0.8944 0.4472
vn -0.0000 1.0000 -0.0000
vn 0.3015 -0.3015 -0.9045
vn 0.5774 0.5773 0.5774
vn -0.5774 0.5773 -0.5774
vn -0.5774 0.5774 0.5773
vn 0.3002 -0.3002 0.9054
vn 0.1101 0.1101 0.9878
vn 0.3002 0.3002 0.9054
vn 0.1101 -0.1101 0.9878
vn 0.3015 -0.9045 0.3015
vn 0.7071 -0.0000 0.7071
vn 0.5774 -0.5774 0.5774
vn 0.5773 0.5774 0.5774
vn 0.3015 0.9045 0.3015
vn 0.0051 0.9063 0.4226
vn 0.7071 0.7071 -0.0000
vn 1.0000 -0.0000 -0.0000
vn 0.7071 -0.7071 -0.0000
vn 0.0171 0.8802 0.4744
vn 0.0163 0.0163 0.9997
vn -0.5773 0.5774 0.5773
vn -0.0163 0.0163 0.9997
vn 0.0163 -0.0163 0.9997
vn 0.5774 -0.5774 0.5773
vn -0.3015 -0.3015 0.9045
vn 0.3015 -0.3015 0.9045
vn -0.3015 0.3015 0.9045
vn 0.3015 0.3015 0.9045
vn -0.5774 -0.5773 0.5774
vn -0.0163 -0.0163 0.9997
vn -0.0994 0.9002 0.4239
vn -0.0000 0.3827 0.9239
vn 0.3827 -0.0000 0.9239
vn -0.3827 -0.0000 0.9239
vn -0.0000 -0.3827 0.9239
vn 0.5774 0.5774 0.5774
vn -0.5774 -0.5774 0.5774
vt 0.080078 0.121094
vt 0.082031 0.035156
vt 0.082031 0.125000
vt 0.080078 0.039062
vt 0.238281 0.062499
vt 0.240234 0.062499
vt 0.240234 0.058593
vt 0.240234 0.019532
vt 0.242188 0.058593
vt 0.242188 0.019532
vt 0.238281 0.015626
vt 0.240234 0.015626
vt 0.166016 0.484374
vt 0.166021 0.347656
vt 0.166021 0.484374
vt 0.166016 0.347656
vt 0.166021 0.238281
vt 0.166016 0.015626
vt 0.166016 0.125000
vt 0.166016 0.015625
vt 0.166021 0.015625
vt 0.166021 0.125000
vt 0.166016 0.238281
vt 0.173828 0.484374
vt 0.173828 0.347656
vt 0.230468 0.484374
vt 0.230468 0.347656
vt 0.173828 0.238281
vt 0.173828 0.125000
vt 0.173828 0.015625
vt 0.230468 0.125000
vt 0.230468 0.015625
vt 0.230468 0.238281
vt 0.095703 0.484375
vt 0.033208 0.484365
vt 0.033203 0.484375
vt 0.095698 0.484365
vt 0.183594 0.234375
vt 0.181641 0.144531
vt 0.183594 0.148438
vt 0.181641 0.238281
vt 0.173828 0.015626
vt 0.173828 0.484373
vt 0.166016 0.484375
vt 0.103516 0.355469
vt 0.103516 0.484375
vt 0.166016 0.355469
vt 0.103516 0.238281
vt 0.103516 0.125000
vt 0.103516 0.015625
vt 0.082031 0.351561
vt 0.041016 0.351561
vt 0.082031 0.261720
vt 0.078130 0.343760
vt 0.044917 0.343760
vt 0.078130 0.269521
vt 0.044917 0.269521
vt 0.041016 0.261720
vt 0.283203 0.300781
vt 0.238281 0.203125
vt 0.238281 0.300781
vt 0.283203 0.203125
vt 0.222656 0.367188
vt 0.220703 0.371094
vt 0.205078 0.371094
vt 0.181641 0.367188
vt 0.191406 0.371094
vt 0.183594 0.371094
vt 0.183594 0.417969
vt 0.181641 0.457031
vt 0.183594 0.453125
vt 0.183594 0.039062
vt 0.222656 0.035156
vt 0.220703 0.039062
vt 0.181641 0.035156
vt 0.183594 0.121094
vt 0.181641 0.125000
vt 0.220703 0.121094
vt 0.222656 0.125000
vt 0.220703 0.417969
vt 0.222656 0.457031
vt 0.220703 0.453125
vt 0.218750 0.417969
vt 0.212891 0.406250
vt 0.218750 0.406250
vt 0.212891 0.417969
vt 0.218750 0.375000
vt 0.218750 0.449219
vt 0.212891 0.449219
vt 0.205078 0.453125
vt 0.205078 0.449219
vt 0.205078 0.417969
vt 0.205078 0.406250
vt 0.212891 0.375000
vt 0.205078 0.375000
vt 0.197266 0.406250
vt 0.197266 0.417969
vt 0.197266 0.375000
vt 0.191406 0.406250
vt 0.191406 0.375000
vt 0.191406 0.417969
vt 0.191406 0.449219
vt 0.197266 0.449219
vt 0.185547 0.406250
vt 0.185547 0.417969
vt 0.191406 0.453125
vt 0.185547 0.449219
vt 0.185547 0.375000
vt 0.222656 0.257812
vt 0.222656 0.347656
vt 0.222656 0.238281
vt 0.222656 0.144531
vt 0.181641 0.257812
vt 0.181641 0.347656
vt 0.220703 0.343750
vt 0.183594 0.343750
vt 0.183594 0.261719
vt 0.220703 0.261719
vt 0.220703 0.234375
vt 0.220703 0.148438
vt 0.239746 0.181641
vt 0.240723 0.182617
vt 0.239746 0.182617
vt 0.240723 0.181641
vt 0.239258 0.184570
vt 0.239746 0.184570
vt 0.239258 0.182617
vt 0.240723 0.184570
vt 0.240723 0.185547
vt 0.239746 0.185547
vt 0.241211 0.182617
vt 0.241211 0.184570
vt 0.033203 0.015625
vt 0.095698 0.015626
vt 0.095703 0.015625
vt 0.033208 0.015626
vt 0.050781 0.453125
vt 0.056641 0.421875
vt 0.056641 0.453125
vt 0.050781 0.421875
vt 0.044922 0.421875
vt 0.044922 0.410156
vt 0.050781 0.410156
vt 0.056641 0.410156
vt 0.056641 0.378906
vt 0.050781 0.378906
vt 0.064453 0.421875
vt 0.064453 0.410156
vt 0.072266 0.421875
vt 0.064453 0.453125
vt 0.072266 0.453125
vt 0.064453 0.457031
vt 0.050781 0.457031
vt 0.044922 0.453125
vt 0.042969 0.457031
vt 0.042969 0.421875
vt 0.044922 0.378906
vt 0.042969 0.375000
vt 0.078125 0.421875
vt 0.072266 0.410156
vt 0.078125 0.410156
vt 0.072266 0.378906
vt 0.064453 0.378906
vt 0.050781 0.375000
vt 0.064453 0.375000
vt 0.078125 0.378906
vt 0.080078 0.375000
vt 0.080078 0.421875
vt 0.078125 0.453125
vt 0.080078 0.457031
vt 0.041016 0.371094
vt 0.082031 0.371094
vt 0.041016 0.460938
vt 0.082031 0.460938
vt 0.095703 0.355469
vt 0.083984 0.355469
vt 0.039062 0.355469
vt 0.095703 0.238281
vt 0.083984 0.257812
vt 0.082031 0.238281
vt 0.039062 0.257812
vt 0.041016 0.238281
vt 0.095703 0.125000
vt 0.082031 0.148438
vt 0.041016 0.035156
vt 0.033203 0.125000
vt 0.041016 0.125000
vt 0.041016 0.148438
vt 0.033203 0.238281
vt 0.033203 0.355469
vt 0.033208 0.355469
vt 0.033208 0.238281
vt 0.033208 0.125000
vt 0.041016 0.351562
vt 0.082031 0.351562
vt 0.041016 0.261719
vt 0.082031 0.261719
vt 0.080078 0.152344
vt 0.044922 0.152344
vt 0.044922 0.234375
vt 0.080078 0.234375
vt 0.044922 0.039062
vt 0.044922 0.121094
vt 0.095698 0.355469
vt 0.095698 0.238281
vt 0.095698 0.125000
s 1
usemtl box
f 833/343/138 834/344/139 835/345/140
f 833/343/138 836/346/141 834/344/139
f 837/347/142 838/348/142 839/349/142
f 840/350/142 841/351/143 842/352/143
f 840/350/142 839/349/142 841/351/143
f 839/349/142 840/350/142 843/353/142
f 843/353/142 837/347/142 839/349/142
f 840/350/142 844/354/142 843/353/142
f 845/355/144 846/356/145 847/357/146
f 848/358/147 845/355/144 849/355/148
f 845/355/144 848/358/147 846/356/145
f 848/358/147 850/359/145 846/356/145
f 851/360/149 852/361/150 853/362/151
f 851/360/149 854/361/147 852/361/150
f 854/361/147 851/360/149 855/363/152
f 854/361/147 855/363/152 856/364/145
f 857/365/147 854/361/147 856/364/145
f 857/365/147 856/364/145 850/359/145
f 848/358/147 857/365/147 850/359/145
f 857/365/147 848/358/147 858/358/150
f 848/358/147 849/355/148 858/358/150
f 854/361/147 859/365/150 852/361/150
f 854/361/147 857/365/147 859/365/150
f 857/365/147 858/358/150 859/365/150
f 860/366/153 858/358/150 849/355/148
f 861/367/142 862/368/154 863/369/155
f 861/367/142 860/366/153 862/368/154
f 860/366/153 861/367/142 858/358/150
f 861/367/142 859/365/150 858/358/150
f 861/367/142 864/370/142 859/365/150
f 864/370/142 852/361/150 859/365/150
f 864/370/142 865/371/142 852/361/150
f 865/371/142 853/362/151 852/361/150
f 865/371/142 866/372/156 853/362/151
f 866/372/156 865/371/142 867/373/155
f 866/372/156 867/373/155 868/374/157
f 863/369/155 864/370/142 861/367/142
f 863/369/155 869/375/155 864/370/142
f 865/371/142 864/370/142 869/375/155
f 865/371/142 869/375/155 867/373/155
f 870/353/158 871/354/158 872/350/159
f 872/350/159 842/352/143 841/351/143
f 872/350/159 841/351/143 839/349/142
f 870/353/158 872/350/159 839/349/142
f 839/349/142 837/347/142 870/353/158
f 873/349/160 874/348/161 875/347/162
f 876/347/159 877/348/159 878/349/159
f 879/350/159 880/351/159 881/352/163
f 879/350/159 878/349/159 880/351/159
f 878/349/159 879/350/159 882/353/159
f 882/353/159 876/347/159 878/349/159
f 879/350/159 883/354/159 882/353/159
f 884/349/164 885/348/155 886/347/156
f 887/353/142 888/354/153 889/350/142
f 887/353/142 889/350/142 886/347/156
f 889/350/142 884/349/164 886/347/156
f 889/350/142 880/351/159 884/349/164
f 889/350/142 881/352/163 880/351/159
f 890/376/165 891/377/166 892/378/167
f 890/376/165 893/379/154 891/377/166
f 894/380/168 895/381/169 896/382/170
f 894/380/168 897/383/171 895/381/169
f 898/384/172 899/371/173 900/372/174
f 898/384/172 901/371/173 899/371/173
f 901/371/173 902/370/173 899/371/173
f 901/371/173 903/370/173 902/370/173
f 903/370/173 904/367/173 902/370/173
f 903/370/173 905/367/173 904/367/173
f 905/367/173 906/366/175 904/367/173
f 905/367/173 907/385/176 906/366/175
f 900/372/174 856/364/145 855/363/152
f 900/372/174 899/371/173 856/364/145
f 899/371/173 850/359/145 856/364/145
f 899/371/173 902/370/173 850/359/145
f 902/370/173 846/356/145 850/359/145
f 902/370/173 904/367/173 846/356/145
f 904/367/173 847/357/146 846/356/145
f 904/367/173 906/366/175 847/357/146
f 908/348/143 875/347/162 909/347/177
f 908/348/143 874/348/161 875/347/162
f 910/348/163 911/347/163 912/348/178
f 910/348/163 909/347/177 911/347/163
f 912/348/178 913/349/179 910/348/163
f 912/348/178 873/349/160 913/349/179
f 914/348/147 915/349/147 916/349/149
f 914/348/147 910/348/163 915/349/147
f 917/351/143 916/349/149 915/349/147
f 917/351/143 841/351/143 916/349/149
f 918/351/163 919/349/163 920/351/163
f 918/351/163 915/349/147 919/349/163
f 871/354/158 921/350/180 872/350/159
f 871/354/158 922/354/181 921/350/180
f 921/350/180 842/352/143 872/350/159
f 921/350/180 923/352/143 842/352/143
f 924/350/144 925/352/163 926/352/163
f 924/350/144 872/350/159 925/352/163
f 871/354/158 924/350/144 922/354/181
f 871/354/158 872/350/159 924/350/144
f 927/353/163 871/354/158 922/354/181
f 927/353/163 870/353/158 871/354/158
f 928/353/143 929/354/143 930/353/143
f 928/353/143 922/354/181 929/354/143
f 893/386/154 931/387/150 891/388/166
f 893/386/154 932/389/155 931/387/150
f 932/389/155 933/390/150 931/387/150
f 932/389/155 934/365/155 933/390/150
f 934/365/155 935/391/150 933/390/150
f 934/365/155 936/361/155 935/391/150
f 936/361/155 937/392/151 935/391/150
f 936/361/155 938/362/157 937/392/151
f 939/393/182 940/394/183 941/393/165
f 939/393/182 942/394/184 940/394/183
f 943/395/185 941/393/165 944/395/186
f 943/395/185 939/393/182 941/393/165
f 945/396/187 946/397/180 947/396/149
f 945/396/187 948/397/188 946/397/180
f 949/398/189 947/396/149 950/398/144
f 949/398/189 945/396/187 947/396/149
f 951/399/190 950/398/144 952/399/178
f 951/399/190 949/398/189 950/398/144
f 948/397/188 952/399/178 946/397/180
f 948/397/188 951/399/190 952/399/178
f 951/399/190 940/394/183 953/400/191
f 951/399/190 948/397/188 940/394/183
f 948/397/188 941/393/165 940/394/183
f 948/397/188 945/396/187 941/393/165
f 945/396/187 944/395/186 941/393/165
f 945/396/187 949/398/189 944/395/186
f 949/398/189 953/400/191 944/395/186
f 949/398/189 951/399/190 953/400/191
f 954/400/192 944/395/186 953/400/191
f 954/400/192 943/395/185 944/395/186
f 942/394/184 953/400/191 940/394/183
f 942/394/184 954/400/192 953/400/191
f 954/401/192 939/402/182 943/403/185
f 954/401/192 942/404/184 939/402/182
f 955/348/180 886/347/156 885/348/155
f 955/348/180 956/347/143 886/347/156
f 885/348/155 957/349/180 955/348/180
f 885/348/155 884/349/164 957/349/180
f 958/351/193 884/349/164 880/351/159
f 958/351/193 957/349/180 884/349/164
f 959/350/178 881/352/163 889/350/142
f 959/350/178 960/352/163 881/352/163
f 888/354/153 959/350/178 889/350/142
f 888/354/153 961/354/163 959/350/178
f 962/353/163 888/354/153 887/353/142
f 962/353/163 961/354/163 888/354/153
f 963/348/144 964/347/163 965/347/163
f 963/348/144 885/348/155 964/347/163
f 966/348/147 967/349/144 968/349/144
f 966/348/147 963/348/144 967/349/144
f 958/351/193 968/349/144 967/349/144
f 958/351/193 880/351/159 968/349/144
f 969/350/149 970/352/143 971/352/143
f 969/350/149 889/350/142 970/352/143
f 888/354/153 969/350/149 961/354/163
f 888/354/153 889/350/142 969/350/149
f 851/360/149 900/372/174 855/363/152
f 851/360/149 898/384/172 900/372/174
f 898/384/172 868/374/157 972/374/174
f 898/384/172 866/372/156 868/374/157
f 866/372/156 898/384/172 851/360/149
f 866/372/156 851/360/149 853/362/151
f 973/405/139 974/406/141 975/407/194
f 973/405/139 975/407/194 976/408/169
f 975/407/194 977/409/194 976/408/169
f 977/409/194 978/410/170 976/408/169
f 976/408/169 978/410/170 979/411/195
f 980/412/171 976/408/169 979/411/195
f 979/411/195 981/413/168 980/412/171
f 982/414/170 983/415/139 984/416/141
f 982/414/170 985/417/169 983/415/139
f 986/418/168 985/417/169 982/414/170
f 986/418/168 987/419/171 985/417/169
f 982/414/170 988/420/138 986/418/168
f 982/414/170 984/416/141 988/420/138
f 988/420/138 987/419/171 986/418/168
f 988/420/138 989/421/140 987/419/171
f 984/416/141 989/421/140 988/420/138
f 984/416/141 983/415/139 989/421/140
f 974/406/141 973/405/139 990/422/196
f 973/405/139 991/423/140 990/422/196
f 991/423/140 992/424/138 990/422/196
f 993/425/159 994/426/159 995/427/159
f 993/425/159 996/428/159 994/426/159
f 995/427/159 997/429/159 974/406/141
f 995/427/159 974/406/141 990/422/196
f 990/422/196 993/425/159 995/427/159
f 998/430/159 993/425/159 990/422/196
f 998/430/159 990/422/196 992/424/138
f 999/431/159 998/430/159 992/424/138
f 999/431/159 992/424/138 1000/432/197
f 999/431/159 1000/432/197 1001/433/159
f 996/428/159 999/431/159 1001/433/159
f 996/428/159 1001/433/159 1002/434/159
f 1002/434/159 994/426/159 996/428/159
f 1002/434/159 1003/435/159 994/426/159
f 1004/436/159 994/426/159 1003/435/159
f 1004/436/159 1003/435/159 1005/437/159
f 1002/434/159 1006/438/159 1003/435/159
f 1002/434/159 1007/439/159 1006/438/159
f 1008/440/159 1009/441/159 1010/442/159
f 1008/440/159 1006/438/159 1009/441/159
f 1011/443/159 1009/441/159 1006/438/159
f 1011/443/159 1006/438/159 1007/439/159
f 1007/439/159 1012/444/159 1011/443/159
f 1007/439/159 1013/445/159 1012/444/159
f 1011/443/159 1014/446/159 1009/441/159
f 1011/443/159 1015/447/159 1014/446/159
f 1013/445/159 1001/433/159 1000/432/197
f 1013/445/159 1000/432/197 1016/448/197
f 1013/445/159 1016/448/197 1012/444/159
f 1017/449/159 1012/444/159 1016/448/197
f 1017/449/159 1016/448/197 981/413/168
f 1015/447/159 1017/449/159 981/413/168
f 1015/447/159 981/413/168 979/411/195
f 1015/447/159 979/411/195 1014/446/159
f 1018/450/159 1014/446/159 979/411/195
f 1018/450/159 979/411/195 978/410/170
f 1010/442/159 1018/450/159 978/410/170
f 1010/442/159 978/410/170 977/409/194
f 977/409/194 1008/440/159 1010/442/159
f 1005/437/159 1008/440/159 977/409/194
f 1005/437/159 977/409/194 975/407/194
f 975/407/194 1004/436/159 1005/437/159
f 997/429/159 1004/436/159 975/407/194
f 997/429/159 975/407/194 974/406/141
f 907/385/176 847/357/146 906/366/175
f 907/385/176 845/355/144 847/357/146
f 907/385/176 849/355/148 845/355/144
f 907/385/176 860/366/153 849/355/148
f 1019/368/198 860/366/153 907/385/176
f 1019/368/198 862/368/154 860/366/153
f 1020/451/139 1021/369/173 1022/452/140
f 1020/451/139 1023/375/173 1021/369/173
f 1024/453/140 1023/375/173 1020/451/139
f 1025/454/139 1023/375/173 1024/453/140
f 1025/454/139 1026/373/173 1023/375/173
f 989/421/140 1026/373/173 1025/454/139
f 983/415/139 1026/373/173 989/421/140
f 983/415/139 972/374/174 1026/373/173
f 972/374/174 983/415/139 985/417/169
f 972/374/174 985/417/169 898/384/172
f 898/384/172 985/417/169 987/419/171
f 898/384/172 987/419/171 901/371/173
f 901/371/173 987/419/171 895/381/169
f 901/371/173 895/381/169 897/383/171
f 901/371/173 897/383/171 903/370/173
f 903/370/173 897/383/171 1027/455/169
f 903/370/173 1027/455/169 1028/456/171
f 903/370/173 1028/456/171 905/367/173
f 987/419/171 1025/454/139 895/381/169
f 987/419/171 989/421/140 1025/454/139
f 897/383/171 1020/451/139 1027/455/169
f 897/383/171 1024/453/140 1020/451/139
f 905/367/173 1028/456/171 976/408/169
f 905/367/173 976/408/169 980/412/171
f 905/367/173 980/412/171 907/385/176
f 980/412/171 1019/368/198 907/385/176
f 980/412/171 991/423/140 1019/368/198
f 973/405/139 1019/368/198 991/423/140
f 973/405/139 1021/369/173 1019/368/198
f 1022/452/140 1021/369/173 973/405/139
f 1028/456/171 1022/452/140 973/405/139
f 1028/456/171 973/405/139 976/408/169
f 980/412/171 981/413/168 1016/448/197
f 1016/448/197 1000/432/197 980/412/171
f 991/423/140 980/412/171 1000/432/197
f 1000/432/197 992/424/138 991/423/140
f 1029/457/138 1028/456/171 1030/458/168
f 1029/457/138 1022/452/140 1028/456/171
f 1030/458/168 1027/455/169 1031/459/170
f 1030/458/168 1028/456/171 1027/455/169
f 1031/459/170 1029/457/138 1030/458/168
f 1031/459/170 1032/460/141 1029/457/138
f 1031/459/170 1020/451/139 1032/460/141
f 1031/459/170 1027/455/169 1020/451/139
f 1032/460/141 1022/452/140 1029/457/138
f 1032/460/141 1020/451/139 1022/452/140
f 1033/461/138 897/383/171 894/380/168
f 1033/461/138 1024/453/140 897/383/171
f 1034/462/141 1024/453/140 1033/461/138
f 1034/462/141 1025/454/139 1024/453/140
f 896/382/170 1033/461/138 894/380/168
f 896/382/170 1034/462/141 1033/461/138
f 896/382/170 1025/454/139 1034/462/141
f 896/382/170 895/381/169 1025/454/139
f 1019/368/198 863/369/155 862/368/154
f 1019/368/198 1021/369/173 863/369/155
f 1021/369/173 869/375/155 863/369/155
f 1021/369/173 1023/375/173 869/375/155
f 1023/375/173 867/373/155 869/375/155
f 1023/375/173 1026/373/173 867/373/155
f 1026/373/173 868/374/157 867/373/155
f 1026/373/173 972/374/174 868/374/157
f 1035/463/178 1036/464/146 1037/465/198
f 1035/463/178 1038/466/144 1036/464/146
f 1039/467/180 1037/465/198 1040/468/174
f 1039/467/180 1035/469/178 1037/465/198
f 1040/468/174 1036/464/146 1041/470/199
f 1040/468/174 1037/465/198 1036/464/146
f 1042/471/149 1040/468/174 1041/470/199
f 1042/471/149 1039/472/180 1040/468/174
f 1041/470/199 1038/473/144 1042/474/149
f 1041/470/199 1036/464/146 1038/473/144
f 1043/353/143 1044/354/143 1045/354/143
f 1043/353/143 887/353/142 1044/354/143
f 1046/475/191 938/476/157 1047/477/174
f 1046/475/191 937/478/151 938/476/157
f 1048/479/159 1049/480/159 1050/481/159
f 1048/479/159 1051/482/159 1049/480/159
f 1051/482/159 1052/483/159 1053/484/159
f 1051/482/159 1053/484/159 1054/485/159
f 1055/486/159 1051/482/159 1054/485/159
f 1054/485/159 1056/487/159 1055/486/159
f 1054/485/159 1057/488/159 1056/487/159
f 1055/486/159 1049/480/159 1051/482/159
f 1058/489/159 1049/480/159 1055/486/159
f 1058/489/159 1055/486/159 1059/490/159
f 1060/491/159 1058/489/159 1059/490/159
f 1061/492/159 1058/489/159 1060/491/159
f 1061/492/159 1060/491/159 1062/493/159
f 1062/493/159 1063/494/197 1061/492/159
f 1050/481/159 1061/492/159 1063/494/197
f 1050/481/159 1063/494/197 1064/495/197
f 1050/481/159 1064/495/197 1048/479/159
f 1065/496/159 1048/479/159 1064/495/197
f 1065/496/159 1064/495/197 1066/497/168
f 1052/483/159 1065/496/159 1066/497/168
f 1052/483/159 1066/497/168 1067/498/195
f 1052/483/159 1067/498/195 1053/484/159
f 1068/499/159 1053/484/159 1067/498/195
f 1068/499/159 1067/498/195 1069/500/170
f 1057/488/159 1068/499/159 1069/500/170
f 1070/501/159 1071/502/159 1072/503/159
f 1070/501/159 1060/491/159 1071/502/159
f 1060/491/159 1059/490/159 1071/502/159
f 1059/490/159 1073/504/159 1071/502/159
f 1059/490/159 1074/505/159 1073/504/159
f 1057/488/159 1069/500/170 1075/506/194
f 1075/506/194 1056/487/159 1057/488/159
f 1074/505/159 1056/487/159 1075/506/194
f 1074/505/159 1075/506/194 1076/507/194
f 1076/507/194 1073/504/159 1074/505/159
f 1077/508/159 1073/504/159 1076/507/194
f 1077/508/159 1076/507/194 1078/509/141
f 1072/503/159 1077/508/159 1078/509/141
f 1072/503/159 1078/509/141 1079/510/196
f 1079/510/196 1070/501/159 1072/503/159
f 1080/511/159 1070/501/159 1079/510/196
f 1080/511/159 1079/510/196 1081/512/138
f 1062/493/159 1080/511/159 1081/512/138
f 1062/493/159 1081/512/138 1063/494/197
f 1075/506/194 1069/500/170 1082/513/169
f 1076/507/194 1075/506/194 1082/513/169
f 1082/513/169 1083/514/139 1076/507/194
f 1083/514/139 1078/509/141 1076/507/194
f 1082/513/169 1084/515/171 892/378/167
f 892/378/167 1084/515/171 1085/516/140
f 892/378/167 1085/516/140 890/376/165
f 1086/517/173 890/376/165 1085/516/140
f 1086/517/173 1085/516/140 1083/514/139
f 1086/517/173 1083/514/139 1087/518/140
f 1087/518/140 1083/514/139 1082/513/169
f 1087/518/140 1082/513/169 1088/519/171
f 1089/520/173 1087/518/140 1090/521/139
f 1089/520/173 1086/517/173 1087/518/140
f 1091/522/140 1092/523/169 1093/524/171
f 1091/522/140 1090/521/139 1092/523/169
f 1091/522/140 1089/520/173 1090/521/139
f 1094/525/173 1089/520/173 1091/522/140
f 1094/525/173 1091/522/140 1095/526/139
f 835/345/140 1094/525/173 1095/526/139
f 1047/477/174 1094/525/173 835/345/140
f 1047/477/174 835/345/140 834/344/139
f 1096/527/169 1047/477/174 834/344/139
f 1096/527/169 1046/475/191 1047/477/174
f 1096/527/169 1097/528/145 1046/475/191
f 1096/527/169 1098/529/171 1097/528/145
f 1098/529/171 1099/530/169 1097/528/145
f 1099/530/169 1100/531/145 1097/528/145
f 1099/530/169 1093/524/171 1100/531/145
f 1093/524/171 1092/523/169 1100/531/145
f 1092/523/169 1101/532/145 1100/531/145
f 1092/523/169 1088/519/171 1101/532/145
f 1088/519/171 1082/513/169 1101/532/145
f 1082/513/169 892/378/167 1101/532/145
f 835/345/140 1099/530/169 1098/529/171
f 835/345/140 1095/526/139 1099/530/169
f 891/377/166 1101/532/145 892/378/167
f 891/377/166 931/533/150 1101/532/145
f 931/533/150 1100/531/145 1101/532/145
f 931/533/150 933/534/150 1100/531/145
f 933/534/150 1097/528/145 1100/531/145
f 933/534/150 935/535/150 1097/528/145
f 935/535/150 1046/475/191 1097/528/145
f 935/535/150 937/478/151 1046/475/191
f 1067/498/195 1066/497/168 1084/515/171
f 1084/515/171 1082/513/169 1067/498/195
f 1082/513/169 1069/500/170 1067/498/195
f 1078/509/141 1083/514/139 1079/510/196
f 1083/514/139 1085/516/140 1079/510/196
f 1085/516/140 1081/512/138 1079/510/196
f 942/536/184 1087/518/140 1088/519/171
f 942/536/184 939/537/182 1087/518/140
f 954/538/192 1088/519/171 1092/523/169
f 954/538/192 942/536/184 1088/519/171
f 943/539/185 1092/523/169 1090/521/139
f 943/539/185 954/538/192 1092/523/169
f 939/537/182 1090/521/139 1087/518/140
f 939/537/182 943/539/185 1090/521/139
f 1102/540/141 1099/530/169 1095/526/139
f 1102/540/141 1103/541/170 1099/530/169
f 1103/541/170 1093/524/171 1099/530/169
f 1103/541/170 1104/542/168 1093/524/171
f 1102/540/141 1104/542/168 1103/541/170
f 1102/540/141 1105/543/138 1104/542/168
f 1104/542/168 1091/522/140 1093/524/171
f 1104/542/168 1105/543/138 1091/522/140
f 1105/543/138 1095/526/139 1091/522/140
f 1105/543/138 1102/540/141 1095/526/139
f 836/346/141 1096/527/169 834/344/139
f 836/346/141 1106/544/170 1096/527/169
f 1106/544/170 1098/529/171 1096/527/169
f 1106/544/170 1107/545/168 1098/529/171
f 836/346/141 1107/545/168 1106/544/170
f 836/346/141 833/343/138 1107/545/168
f 1107/545/168 835/345/140 1098/529/171
f 1107/545/168 833/343/138 835/345/140
f 890/376/165 932/546/155 893/379/154
f 890/376/165 1086/517/173 932/546/155
f 1086/517/173 934/547/155 932/546/155
f 1086/517/173 1089/520/173 934/547/155
f 1089/520/173 936/548/155 934/547/155
f 1089/520/173 1094/525/173 936/548/155
f 1094/525/173 938/476/157 936/548/155
f 1094/525/173 1047/477/174 938/476/157
f 1063/494/197 1081/512/138 1085/516/140
f 1085/516/140 1084/515/171 1063/494/197
f 1064/495/197 1063/494/197 1084/515/171
f 1084/515/171 1066/497/168 1064/495/197
o windowsdoors
v 17.225004 71.499992 25.674986
v 15.275003 69.549995 25.674986
v 17.225004 69.549995 25.674986
v 15.275003 71.499992 25.674986
v 17.225004 64.350006 25.674986
v 17.225004 76.700005 25.674986
v 15.275003 76.700005 25.674986
v 12.675003 76.700005 25.674986
v 12.675003 71.499992 25.674986
v 12.675003 69.549995 25.674986
v 15.275003 64.350006 25.674986
v 12.675003 64.350006 25.674986
v 10.074998 69.549995 25.674986
v 10.074998 71.499992 25.674986
v 10.074998 64.350006 25.674986
v 8.124998 69.549995 25.674986
v 8.124998 64.350006 25.674986
v 8.124998 71.499992 25.674986
v 8.124998 76.700005 25.674986
v 10.074998 76.700005 25.674986
v 6.174997 69.549995 25.674986
v 6.174997 71.499992 25.674986
v 6.174997 76.700005 25.674986
v 6.174997 64.350006 25.674986
v -15.275005 77.350006 25.674986
v -13.325006 72.149994 25.674986
v -13.325006 77.350006 25.674986
v -15.275005 72.149994 25.674986
v -17.225006 72.149994 25.674986
v -17.225006 70.199997 25.674986
v -15.275005 70.199997 25.674986
v -13.325006 70.199997 25.674986
v -13.325006 65.000008 25.674986
v -15.275005 65.000008 25.674986
v -10.725000 72.149994 25.674986
v -10.725000 70.199997 25.674986
v -8.125000 72.149994 25.674986
v -10.725000 77.350006 25.674986
v -8.125000 77.350006 25.674986
v -17.225006 77.350006 25.674986
v -17.225006 65.000008 25.674986
v -6.175000 72.149994 25.674986
v -8.125000 70.199997 25.674986
v -6.175000 70.199997 25.674986
v -8.125000 65.000008 25.674986
v -10.725000 65.000008 25.674986
v -6.175000 65.000008 25.674986
v -6.175000 77.350006 25.674986
vn -0.0000 -0.0000 1.0000
vt 0.078125 0.378906
vt 0.072266 0.410156
vt 0.072266 0.378906
vt 0.078125 0.410156
vt 0.064453 0.378906
vt 0.056641 0.410156
vt 0.056641 0.378906
vt 0.064453 0.410156
vt 0.050781 0.421875
vt 0.044922 0.453125
vt 0.044922 0.421875
vt 0.050781 0.453125
vt 0.078125 0.421875
vt 0.072266 0.449219
vt 0.072266 0.421875
vt 0.078125 0.449219
vt 0.056641 0.453125
vt 0.064453 0.421875
vt 0.064453 0.453125
vt 0.056641 0.421875
vt 0.050781 0.378906
vt 0.044922 0.410156
vt 0.044922 0.378906
vt 0.050781 0.410156
vt 0.185547 0.417969
vt 0.191406 0.449219
vt 0.185547 0.449219
vt 0.191406 0.417969
vt 0.197266 0.417969
vt 0.205078 0.449219
vt 0.197266 0.449219
vt 0.205078 0.417969
vt 0.185547 0.375000
vt 0.191406 0.406250
vt 0.185547 0.406250
vt 0.191406 0.375000
vt 0.205078 0.375000
vt 0.197266 0.406250
vt 0.197266 0.375000
vt 0.205078 0.406250
vt 0.212891 0.375000
vt 0.218750 0.406250
vt 0.212891 0.406250
vt 0.218750 0.375000
vt 0.212891 0.417969
vt 0.218750 0.449219
vt 0.212891 0.449219
vt 0.218750 0.417969
s 1
usemtl window
f 1154/549/200 1150/550/200 1152/551/200
f 1154/549/200 1151/552/200 1150/550/200
f 1153/553/200 1139/554/200 1140/555/200
f 1153/553/200 1143/556/200 1139/554/200
f 1135/557/200 1147/558/200 1136/559/200
f 1135/557/200 1132/560/200 1147/558/200
f 1149/561/200 1146/562/200 1144/563/200
f 1149/561/200 1155/564/200 1146/562/200
f 1134/565/200 1142/566/200 1145/567/200
f 1134/565/200 1133/568/200 1142/566/200
f 1141/569/200 1137/570/200 1148/571/200
f 1141/569/200 1138/572/200 1137/570/200
f 1129/573/200 1126/574/200 1130/575/200
f 1129/573/200 1125/576/200 1126/574/200
f 1121/577/200 1115/578/200 1127/579/200
f 1121/577/200 1116/580/200 1115/578/200
f 1131/581/200 1123/582/200 1128/583/200
f 1131/581/200 1124/584/200 1123/582/200
f 1119/585/200 1120/586/200 1122/587/200
f 1119/585/200 1117/588/200 1120/586/200
f 1118/589/200 1110/590/200 1109/591/200
f 1118/589/200 1112/592/200 1110/590/200
f 1111/593/200 1113/594/200 1114/595/200
f 1111/593/200 1108/596/200 1113/594/200
