# Blender 3.6.5
# www.blender.org
mtllib spaceshiprenderfix.mtl
o tardis
v 25.201200 -12.758197 -47.266926
v -24.872499 -12.758203 -49.995525
v 25.201200 -12.758197 -49.995525
v -24.872499 -12.758203 -47.266926
v -32.462067 27.864109 -47.362125
v -7.835204 27.864115 -47.362125
v -32.462067 3.841897 -47.362125
v 13.255597 27.864115 -47.362125
v 31.512016 27.864120 -47.362125
v 31.512018 3.841903 -47.362125
v -24.872499 3.945297 -49.995525
v -24.872501 27.089508 -49.995625
v -24.872501 27.089508 -47.266926
v 25.201199 27.089520 -47.266926
v 25.201200 3.945303 -49.995525
v 25.201199 27.089520 -49.995625
v -24.554899 -13.739503 -45.861225
v -24.554901 24.944704 43.958870
v -24.554899 -13.739507 43.958076
v -24.554901 24.944708 -45.861225
v -32.462067 -13.739507 45.483475
v 31.512018 3.841999 45.483475
v -32.462067 3.841993 45.483475
v 31.512018 -13.739501 45.483475
v 24.531498 24.944719 -45.861225
v 24.531500 -13.739501 43.959274
v 24.531498 24.944715 43.958076
v 24.531500 -13.739497 -45.861225
v 31.512016 27.864117 45.483475
v 31.512018 -13.739497 -47.362125
v -32.462067 -13.739503 -47.362125
v -7.835201 20.497625 -47.362125
v 13.255597 20.497623 45.483475
v -7.835201 20.497622 45.483475
v 13.255597 20.497627 -47.362125
v -32.462067 27.864105 45.483475
v 13.255597 27.864111 45.483475
v -7.835204 27.864111 45.483475
v -32.462067 20.497622 -47.362125
v -32.462067 20.497618 45.483475
v 31.512018 20.497629 -47.362125
v 31.512018 20.497625 45.483475
v -37.880222 -1.326361 25.776474
v -39.360985 -0.796560 25.776474
v -37.128590 -1.248075 25.776474
v -39.954559 -0.201566 25.776474
v -35.660347 -0.324024 25.776474
v -36.428391 -0.971506 25.776474
v -35.123516 0.812251 25.776474
v -40.277802 0.444345 25.776474
v -35.128380 1.793646 25.776474
v -43.327969 11.439961 25.776474
v -43.312935 12.213019 25.776474
v -38.254349 12.919420 25.776474
v -42.970215 13.160142 25.776474
v -42.156826 14.005548 25.776474
v -38.702526 13.572562 25.776474
v -40.222664 14.403878 25.776474
v -39.351715 14.099228 25.776474
v -41.143757 14.404989 25.776474
v 35.090412 -0.679891 -4.432808
v 39.339043 0.411006 -5.249607
v 39.240303 0.142892 -4.432808
v 34.432964 0.147580 -5.249607
v 34.457321 0.100025 -4.432808
v 38.997253 -0.243919 -5.249607
v 40.933960 14.163926 3.170540
v 39.966358 14.443348 3.170540
v 38.690777 -0.579559 3.170540
v 37.936115 -1.105061 3.170540
v 38.327782 -0.876546 2.353741
v 41.741158 13.565934 3.170540
v 37.647732 -1.199487 2.353741
v 36.953556 -1.326349 3.170540
v 41.776585 13.525925 2.353741
v 42.348270 12.465584 3.170540
v 36.903011 -1.328047 2.353741
v 35.958145 -1.191189 3.170540
v 42.333778 12.493453 2.353741
v 35.907833 -1.173198 2.353741
v 35.090412 -0.679891 3.170540
v 42.401302 11.439972 3.170540
v 42.409157 11.470408 2.353741
v 35.052414 -0.646538 2.353741
v 39.339043 0.411006 2.353741
v 39.240303 0.142892 3.170540
v 38.997253 -0.243919 2.353741
v 34.457321 0.100025 3.170540
v 34.432964 0.147580 2.353741
v 37.015553 4.374827 3.624687
v 39.859375 -0.992604 -5.624561
v 36.847225 4.396092 -5.624561
v 38.143017 4.032857 3.624687
v 37.650661 4.218281 -5.624561
v 39.186356 -1.963100 -5.624561
v 38.892578 -2.238976 3.624687
v 38.088917 -2.747140 3.624687
v 38.406647 3.874005 -5.624561
v 38.348866 -2.614554 -5.624561
v 39.186352 3.256726 3.624687
v 37.201397 -3.054354 3.624687
v 37.594330 -2.942961 -5.624561
v 39.235138 3.204774 -5.624561
v 36.021343 -3.102592 3.624687
v 36.780392 -3.108787 -5.624561
v 39.802227 2.387837 3.624687
v 40.098335 1.611770 3.624687
v 39.944206 2.114761 -5.624561
v 35.836323 -3.070704 -5.624561
v 34.884136 -2.783814 3.624687
v 40.233791 0.682424 3.624687
v 40.228584 0.848157 -5.624561
v 34.819649 -2.753468 -5.624561
v 40.087967 -0.372501 3.624687
v 40.151714 -0.087858 -5.624561
v 33.991703 -2.202711 3.624687
v 34.036430 -2.235202 -5.624561
v 33.291119 -1.405906 3.624687
v 39.665249 -1.345717 3.624687
v 33.460278 -1.636806 -5.624561
v -34.237457 -1.448230 3.606213
v -40.747135 -1.042395 -5.643040
v -40.931206 -0.668770 3.606209
v -34.428108 -1.689872 -5.643040
v -35.049088 -2.310857 3.606213
v -41.160461 0.611192 3.606216
v -41.050728 -0.257428 -5.643040
v -35.963074 -2.849709 3.606213
v -35.102112 -2.351981 -5.643040
v -40.956169 1.893044 3.606216
v -41.146988 1.039316 -5.643040
v -36.139500 -2.923594 -5.643040
v -37.113167 -3.118209 3.606213
v -40.786026 2.286265 -5.643036
v -37.541386 -3.131644 -5.643040
v -42.394840 9.562005 30.897217
v -42.958820 10.065011 30.897217
v -43.599167 11.674946 30.897217
v -41.712212 9.244603 30.897217
v -40.966473 9.122077 30.897217
v -43.523739 12.426880 30.897217
v -39.891201 9.310175 30.897217
v -38.969742 9.965178 30.897217
v -36.245190 23.849245 30.897217
v -31.899649 20.815342 30.897217
v -43.272110 13.083032 30.897217
v -34.904888 24.653982 30.897217
v -31.653887 21.495317 30.897217
v -35.743153 24.276066 30.897217
v -31.839682 23.134123 30.897217
v -33.980984 24.697575 30.897217
v -32.236141 23.782021 30.897217
v -33.094040 24.454411 30.897217
v -34.183121 24.716272 29.075882
v -35.258640 24.549732 29.075882
v -31.610840 21.777964 29.075882
v -33.279335 24.530510 29.075882
v -31.647903 22.532747 29.075882
v -32.565632 24.095085 29.075882
v -31.956589 23.398937 29.075882
v -40.933769 9.116938 29.075882
v -38.954056 9.988895 29.075882
v -43.385498 10.745105 29.075882
v -42.832573 9.906452 29.075882
v -41.920841 9.309137 29.075882
v 34.208012 1.826910 2.353741
v 37.355064 12.973696 2.353741
v 37.808392 13.607370 2.353741
v 39.513462 14.442368 2.353741
v 38.470833 14.124537 2.353741
v 40.757774 14.261776 2.353741
v -43.611591 11.726540 29.075882
v -43.380322 12.897986 29.075882
v -36.161102 23.941591 29.075882
v -31.838627 20.922819 29.075874
v 39.136795 14.364593 3.170540
v 38.425053 14.099240 3.170540
v 37.775860 13.572575 3.170540
v 37.327679 12.919431 3.170540
v 34.201714 1.793658 3.170540
v 34.174778 1.066775 3.170540
v -39.785839 9.356516 29.075882
v 34.169910 1.117100 2.353741
v 32.888687 -0.599457 -5.624561
v 32.684387 0.611164 3.624687
v 32.848946 -0.436995 3.624687
v 32.848946 1.730614 -5.624561
v 33.085499 2.328073 3.624687
v 32.805130 1.554471 3.624687
v 32.684387 0.682460 -5.624561
v 33.991692 3.496321 -5.624561
v 34.122395 3.604451 3.624687
v 33.291111 2.699515 -5.624561
v 33.539295 3.023799 3.624687
v 35.902630 4.374828 -5.624561
v 36.070950 4.396092 3.624687
v 34.884144 4.077439 -5.624561
v 35.036404 4.143327 3.624687
v 37.193405 6.460600 -4.060242
v 38.411671 5.641048 1.965782
v 37.157719 6.479282 1.966053
v 35.392185 7.333983 -4.058666
v 35.200703 7.402907 1.967117
v 33.244827 7.878325 -4.058746
v 33.120018 7.898090 1.967140
v 31.377691 8.043489 -4.059307
v 31.375448 8.036779 1.966660
v 41.733196 1.649081 -4.061218
v 42.232826 0.496475 1.968502
v 41.291283 2.408451 1.966778
v 40.532158 3.523769 -4.059868
v 40.470592 3.602829 1.966640
v 39.568680 4.623799 -4.059940
v 39.506523 4.685536 1.966492
v 38.459244 5.604983 -4.059845
v 42.951084 -3.265179 -4.059498
v 42.911743 -4.514709 1.968647
v 42.600056 -0.739531 -4.058151
v 42.837742 -1.985799 1.967602
v 40.470673 -10.655004 -4.058243
v 41.644733 -8.874686 -4.058247
v 40.592533 -10.534087 1.964939
v 41.881481 -8.361506 1.965660
v 42.652191 -6.152710 -4.058918
v 42.491673 -6.683526 1.966251
v 34.247364 -14.714823 1.967232
v 34.408253 -14.677039 -4.054272
v 35.816082 -14.195113 -4.057850
v 35.325108 -14.386408 1.963284
v 37.206158 -13.503660 -4.057575
v 36.605110 -13.832269 1.967655
v 38.413452 -12.692015 -4.057911
v 37.874966 -13.081994 1.968151
v 39.449799 -11.793464 -4.061859
v 39.034546 -12.180092 1.968311
v 29.478106 -14.949272 -4.058399
v 27.804939 -14.512363 1.967232
v 27.804939 -14.512363 -4.058849
v 29.660978 -14.977962 1.967022
v 31.681053 -15.078896 -4.058563
v 32.822365 -14.986643 -4.058849
v 32.723064 -15.022781 1.955822
v 33.539135 -14.873117 -4.058849
v 33.539135 -14.873117 1.967232
v 31.544460 -10.927204 1.255329
v 31.550556 -12.133840 -3.347450
v 31.550491 -12.131215 1.255283
v 31.554377 -12.930269 -3.345848
v 31.554379 -12.930263 1.254223
v 31.558594 -13.679238 -3.353027
v 31.558928 -13.679551 1.260387
v 31.533615 -8.750780 -3.348473
v 31.527794 -7.585505 1.261135
v 31.543060 -10.621327 -3.349625
v 31.538322 -9.683327 1.257828
v 31.490761 -0.157796 1.259495
v 31.524372 -6.903332 -3.350075
v 31.483133 1.366415 -3.346497
v 31.483130 1.366395 1.254875
v 31.490761 -0.157761 -3.351116
v 31.473764 3.258227 -3.349388
v 31.473724 3.258073 1.257755
v -31.620008 22.417385 30.897217
v -39.689632 11.071550 34.733963
v -42.041962 11.349267 34.733963
v -41.667309 10.932565 34.733963
v -40.158363 10.760448 34.733963
v -41.210228 10.699118 34.733963
v -40.653469 10.628466 34.733963
v -41.958508 13.031560 34.733963
v -42.211529 12.480478 34.733963
v -42.247082 11.920340 34.733963
v -41.288689 13.539148 34.733963
v -39.711010 13.195683 34.733963
v -40.402657 13.585553 34.733963
v -41.655174 10.919493 25.298950
v -41.102791 10.666929 25.298950
v -42.056782 11.374331 25.298950
v -42.266541 12.043589 25.298950
v -40.542912 10.643873 25.298950
v -40.055725 10.808256 25.298950
v -39.584869 11.190391 25.298950
v -39.631199 13.100757 25.298950
v -39.332794 12.571786 25.298950
v -39.281265 11.873020 25.298950
v -36.384815 -0.945867 34.196625
v -37.082439 -1.236334 34.196625
v -37.829689 -1.328060 34.196625
v -38.574398 -1.199502 34.196625
v -39.254452 -0.876559 34.196625
v -39.923923 -0.243931 34.196625
v -35.627525 -0.281899 34.196625
v -35.134678 1.826895 34.196625
v -35.113232 0.865528 34.196625
v -38.357361 13.133428 34.196625
v -40.265705 0.410986 34.196625
v -39.245953 14.050637 34.196625
v -43.335819 11.470389 34.196625
v -41.191250 14.387143 34.196625
v -43.260441 12.493436 34.196625
v -42.134678 14.027862 34.196625
v -42.846699 13.320882 34.196625
v -40.356247 14.428026 34.196625
v -39.284668 11.808415 34.733963
v -39.341991 12.600086 34.733963
v -35.660347 -0.324027 33.379822
v -36.428383 -0.971505 33.379822
v -40.277798 0.444334 33.379822
v -35.123516 0.812249 33.379822
v -37.128593 -1.248078 33.379822
v -39.360985 -0.796562 33.379822
v -37.880226 -1.326362 33.379822
v -39.954559 -0.201569 33.379822
v -38.701561 -1.159784 33.379822
v -43.322041 12.127943 33.379822
v -43.086613 12.934655 33.379822
v -38.324471 13.077870 33.379822
v -43.327965 11.439953 33.379822
v -42.485844 13.741179 33.379822
v -39.890930 14.336357 33.379822
v -39.006176 13.860600 33.379822
v -40.810722 14.434378 33.379822
v -41.630413 14.269862 33.379822
v -40.070614 13.448527 25.298950
v -40.653473 13.617390 25.298950
v -42.128841 12.730112 25.298950
v -41.744358 13.259607 25.298950
v -41.210236 13.546739 25.298950
v -36.384819 -0.945866 26.593277
v -37.082443 -1.236333 26.593277
v -37.829685 -1.328059 26.593277
v -38.574398 -1.199499 26.593277
v -39.254452 -0.876556 26.593277
v -39.923923 -0.243928 26.593277
v -35.627522 -0.281897 26.593277
v -35.134678 1.826898 26.593277
v -35.113232 0.865531 26.593277
v -38.281742 12.973695 26.593277
v -40.265709 0.410995 26.593277
v -42.846699 13.320890 26.593277
v -43.260441 12.493443 26.593277
v -43.335823 11.470395 26.593277
v -40.524189 14.442619 26.593277
v -38.909786 13.794189 26.593277
v -39.704559 14.256716 26.593277
v -42.201077 13.975613 26.593277
v -41.354946 14.349396 26.593277
v -35.128380 1.793645 33.379822
v -41.153915 0.965908 34.571579
v -40.816372 2.221745 34.571579
v -40.085735 3.294625 34.571579
v -39.025181 4.047076 34.571579
v -38.008507 4.364314 34.571579
v -41.078377 -0.087874 34.571579
v -39.853134 -2.202722 34.571579
v -37.064434 4.402395 34.571579
v -40.414165 -1.590156 34.571579
v -40.831585 -0.880946 34.571579
v -35.007141 3.577982 34.571579
v -36.029316 4.169543 34.571579
v -34.357296 2.883698 34.571579
v -33.939896 2.174490 34.571579
v -37.119812 -3.108803 34.571579
v -33.645283 1.155263 34.571579
v -38.960693 -2.783828 34.571579
v -37.942242 -3.081215 34.571579
v -36.185417 -2.932149 34.571579
v -35.138222 -2.386066 34.571579
v -34.465942 -1.730171 34.571579
v -33.671242 -0.025549 34.571579
v -34.012138 -1.034420 34.571579
v -34.428066 -1.689836 25.322327
v -35.195862 -2.427941 25.322327
v -36.253189 -2.954166 25.322327
v -34.311024 2.836707 25.322327
v -38.694073 -2.888175 25.322327
v -37.541374 -3.131653 25.322327
v -35.049072 3.604450 25.322327
v -33.784794 1.779393 25.322327
v -33.939892 -0.880885 25.322327
v -33.626438 0.853648 25.322327
v -33.668243 0.023997 25.322327
v -36.997631 4.396083 25.322327
v -35.963070 4.143317 25.322327
v -38.960701 4.077422 25.322327
v -37.942223 4.374815 25.322327
v -39.853157 3.496302 25.322327
v -41.150776 0.919239 25.322327
v -40.553722 2.699512 25.322327
v -40.957249 1.838304 25.322327
v -41.089481 -0.029680 25.322327
v -40.858231 -0.819369 25.322327
v -39.732525 -2.318599 25.322327
v -40.448963 -1.542262 25.322327
v -38.701561 -1.159782 25.776474
v -43.115459 10.260778 -31.126514
v -42.399498 9.552512 -31.126514
v -43.272121 13.083043 -31.126514
v -38.969749 9.965196 -31.126514
v -43.546284 12.344347 -31.126514
v -43.563000 11.252892 -31.126514
v -41.384911 9.156901 -31.126514
v -40.379395 9.172690 -31.126514
v -39.600304 9.475951 -31.126514
v -31.822454 20.956894 -31.126514
v -35.451283 24.442238 -31.126509
v -36.149021 23.961180 -31.126509
v -31.770683 22.985371 -31.126509
v -31.587885 21.997568 -31.126507
v -32.185665 23.713442 -31.126509
v -32.805359 24.277674 -31.126509
v -34.736336 24.678177 -31.126509
v -33.731842 24.672665 -31.126509
v -32.014118 23.465769 -32.947845
v -33.279339 24.530529 -32.947845
v -32.498241 24.042362 -32.947845
v -31.617411 21.782793 -32.947849
v -31.801346 20.993647 -32.947849
v -31.650007 22.615498 -32.947845
v -36.161098 23.941624 -32.947845
v -43.395691 10.742230 -32.947857
v -42.767891 9.851243 -32.947857
v -40.933773 9.116957 -32.947857
v -41.920853 9.309159 -32.947857
v -39.013332 9.920895 -32.947857
v -39.865440 9.328170 -32.947857
v -43.593372 11.640241 -32.947857
v -43.261909 13.097952 -32.947857
v -43.535557 12.393723 -32.947857
v -40.653484 10.628485 -27.289782
v -41.165466 10.688103 -27.289782
v -41.671070 10.926868 -27.289782
v -42.256332 11.966519 -27.289782
v -39.266087 12.043732 -27.289782
v -39.482548 11.328821 -27.289782
v -42.174160 12.615673 -27.289782
v -40.027538 10.817101 -27.289782
v -41.864872 13.137774 -27.289782
v -40.777306 13.621298 -27.289782
v -41.369598 13.489374 -27.289782
v -39.423325 12.822570 -27.289782
v -40.050228 13.450156 -27.289782
v -42.063511 11.391550 -27.289782
v -35.558189 24.386959 -32.947845
v -34.769493 24.677084 -32.947845
v -34.020241 24.698593 -32.947845
v -39.621384 11.160756 -36.724785
v -39.838505 13.292395 -36.724785
v -39.489346 12.913239 -36.724785
v -39.293701 12.388733 -36.724785
v -39.307396 11.733590 -36.724785
v -40.285240 13.543363 -36.724785
v -41.029633 13.605277 -36.724785
v -40.825291 10.613413 -36.724785
v -40.053623 10.802763 -36.724785
v -41.744370 13.259620 -36.724785
v -42.150085 12.688343 -36.724785
v -41.536079 10.843400 -36.724785
v -42.013184 11.291180 -36.724785
v -42.259178 11.996608 -36.724785
v -37.829697 -1.328041 -27.827112
v -36.752937 -1.148674 -27.827112
v -38.574402 -1.199482 -27.827112
v -39.466850 -0.740768 -27.827112
v -35.857246 -0.530440 -27.827112
v -35.288891 0.301006 -27.827112
v -35.076111 1.513579 -27.827112
v -40.178516 0.178127 -27.827112
v -38.318817 13.054350 -27.827112
v -43.221607 12.572730 -27.827112
v -39.943829 14.340933 -27.827112
v -43.359653 11.639998 -27.827112
v -40.946236 14.438439 -27.827112
v -42.855156 13.324140 -27.827112
v -42.059185 14.067235 -27.827112
v -39.040779 13.900871 -27.827112
v -38.619652 -1.184670 -28.643915
v -35.230614 0.495125 -28.643915
v -40.252995 0.370262 -28.643915
v -39.296207 -0.848031 -28.643915
v -36.428368 -0.971476 -28.643915
v -37.128597 -1.248057 -28.643915
v -37.880238 -1.326343 -28.643915
v -42.220497 13.944400 -28.643915
v -42.824337 13.366364 -28.643915
v -41.391304 14.354537 -28.643915
v -40.474895 14.430676 -28.643915
v -43.289406 12.381677 -28.643915
v -38.324482 13.077903 -28.643915
v -43.327969 11.439972 -28.643915
v -35.073051 1.470374 -28.643915
v -39.006187 13.860620 -28.643915
v -39.735836 14.272856 -28.643915
v -38.247883 -1.289835 -35.430462
v -37.242264 -1.282221 -35.430462
v -35.215797 0.540390 -35.430462
v -35.076111 1.513582 -35.430462
v -36.236324 -0.862529 -35.430462
v -35.538754 -0.139694 -35.430462
v -41.598034 14.276893 -35.430454
v -42.259068 13.916505 -35.430454
v -42.855156 13.324142 -35.430454
v -43.221607 12.572729 -35.430454
v -43.359653 11.640004 -35.430454
v -40.775986 14.439914 -35.430454
v -39.699886 14.277449 -35.430454
v -38.854687 13.725399 -35.430454
v -38.318813 13.054337 -35.430454
v -40.111816 0.024590 -35.430462
v -39.259201 -0.885999 -35.430462
v -35.230614 0.495128 -36.247269
v -38.942520 -1.075116 -36.247269
v -36.647190 -1.103183 -36.247269
v -37.796997 -1.333444 -36.247269
v -40.197529 0.219066 -36.247269
v -39.734909 -0.459465 -36.247269
v -43.327969 11.439977 -36.247261
v -35.073051 1.470378 -36.247269
v -43.289406 12.381678 -36.247261
v -42.824337 13.366365 -36.247261
v -42.013134 14.094339 -36.247261
v -41.060680 14.413624 -36.247261
v -40.138180 14.393024 -36.247261
v -39.061375 13.924626 -36.247261
v -38.288376 12.998785 -36.247261
v -38.518314 -2.954151 -27.452158
v -39.575645 -2.427926 -27.452158
v -40.343441 -1.689816 -27.452152
v -40.831593 -0.880926 -27.452152
v -41.103245 0.023918 -27.452152
v -41.145084 0.853490 -27.452152
v -37.421387 4.421518 -27.452152
v -38.350735 4.286055 -27.452152
v -36.366432 4.275690 -27.452152
v -33.636475 1.034889 -27.452152
v -33.889217 2.069448 -27.452152
v -35.290714 3.795106 -27.452152
v -34.428070 2.983450 -27.452152
v -33.646843 0.204372 -27.452152
v -33.862988 -0.709567 -27.452158
v -37.230137 -3.131637 -27.452158
v -34.386955 -1.636813 -27.452158
v -36.077427 -2.888156 -27.452158
v -35.138199 -2.386027 -27.452158
v -41.014637 1.666129 -27.452152
v -40.534046 2.741858 -27.452152
v -39.808437 3.528807 -27.452152
v -39.126835 3.989929 -27.452152
v -40.384560 -1.636808 -36.701408
v -41.152016 0.798656 -36.701405
v -39.633312 -2.386027 -36.701408
v -35.290718 -2.501475 -36.701408
v -37.778305 -3.114408 -36.701408
v -36.481541 -3.018156 -36.701408
v -38.799213 -2.842793 -36.701408
v -38.062119 4.350574 -36.701401
v -37.113163 4.411834 -36.701401
v -36.194183 4.218288 -36.701401
v -34.428078 -1.689825 -36.701408
v -38.960705 4.077442 -36.701401
v -39.853168 3.496317 -36.701401
v -40.414173 2.883775 -36.701401
v -40.931206 1.962403 -36.701401
v -34.386948 2.930438 -36.701405
v -35.229748 3.753676 -36.701401
v -33.862988 2.003201 -36.701408
v -33.630157 0.968096 -36.701408
v -33.684597 -0.095511 -36.701408
v -33.991787 -0.982966 -36.701408
v -40.858242 -0.819334 -36.701408
v -41.089489 -0.029647 -36.701408
v -32.868858 24.338169 -0.068138
v -31.637171 22.586767 -0.068138
v -32.084675 23.578835 -0.068138
v -35.063427 24.599752 -0.068138
v -35.743153 24.276077 -0.068138
v -31.653883 21.495354 -0.068138
v -34.066120 24.720167 -0.068138
v -36.245209 23.849236 -0.068138
v -31.899645 20.815369 -0.068138
v -43.353680 12.945490 -0.068146
v -39.085117 9.834958 -0.068146
v -39.977596 9.294335 -0.068146
v -40.965343 9.111566 -0.068146
v -43.603935 11.926802 -0.068146
v -43.462257 10.931164 -0.068146
v -42.027802 9.354677 -0.068146
v -42.912117 9.990158 -0.068146
v -33.130596 24.456003 -1.889484
v -33.848408 24.683462 -1.889484
v -32.432285 23.988432 -1.889484
v -31.885759 23.247007 -1.889484
v -31.629595 22.449131 -1.889484
v -35.964024 24.136877 -1.889484
v -39.134789 9.790880 -1.889484
v -43.576069 12.143435 -1.889484
v -43.341446 12.966446 -1.889484
v -43.271137 10.518752 -1.889484
v -43.561279 11.307500 -1.889484
v -42.824173 9.912905 -1.889484
v -40.025059 9.276928 -1.889484
v -42.001320 9.336683 -1.889484
v -40.933773 9.116947 -1.889484
v -42.268559 12.107654 3.768597
v -42.068260 11.388057 3.768597
v -39.264065 12.137814 3.768597
v -42.082600 12.831731 3.768597
v -41.237015 13.538044 3.768597
v -40.683193 13.619266 3.768597
v -41.690350 13.295424 3.768597
v -40.010849 13.423472 3.768597
v -39.449936 12.861924 3.768597
v -39.950832 10.870296 3.768597
v -41.165569 10.683055 3.768597
v -40.512527 10.641788 3.768597
v -41.667301 10.932569 3.768597
v -39.454182 11.367176 3.768597
v -39.774906 10.979490 -5.666416
v -42.082600 11.414144 -5.666416
v -42.271950 12.185816 -5.666416
v -40.542385 10.637061 -5.666416
v -41.690342 10.950443 -5.666416
v -41.193539 10.691183 -5.666416
v -39.264065 12.108068 -5.666416
v -39.379887 11.560457 -5.666416
v -42.041965 12.896595 -5.666416
v -40.606018 13.616856 -5.666416
v -41.667309 13.313300 -5.666416
v -41.210224 13.546752 -5.666416
v -39.947014 13.380077 -5.666416
v -39.435204 12.835130 -5.666416
v -36.384815 -0.945855 3.231255
v -37.242264 -1.282233 3.231255
v -38.082382 -1.305998 3.231255
v -38.810894 -1.116212 3.231255
v -39.521744 -0.672312 3.231255
v -35.627522 -0.281888 3.231255
v -35.134678 1.826903 3.231258
v -35.113232 0.865539 3.231255
v -38.281738 12.973701 3.231258
v -40.146053 0.101196 3.231258
v -39.704556 14.256721 3.231258
v -38.909775 13.794188 3.231258
v -40.439713 14.431783 3.231258
v -42.855156 13.324134 3.231258
v -41.442657 14.339729 3.231258
v -42.259064 13.916497 3.231258
v -43.221607 12.572717 3.231258
v -43.359653 11.639990 3.231258
v -40.277798 0.444349 2.414455
v -35.660343 -0.324015 2.414455
v -36.428387 -0.971497 2.414455
v -37.128582 -1.248065 2.414455
v -39.360981 -0.796554 2.414455
v -37.880234 -1.326353 2.414455
v -39.954559 -0.201559 2.414455
v -38.701561 -1.159774 2.414455
v -31.642698 21.526550 -1.889484
v -31.914528 20.788084 -1.889484
v -43.327969 11.439960 2.414459
v -43.289406 12.381666 2.414459
v -35.128376 1.793651 2.414455
v -35.123516 0.812259 2.414455
v -42.824337 13.366356 2.414459
v -38.254349 12.919427 2.414459
v -42.220482 13.944401 2.414459
v -38.702518 13.572564 2.414459
v -41.391308 14.354526 2.414459
v -40.219578 14.414015 2.414459
v -39.282215 14.052918 2.414459
v -35.802994 -0.467971 -4.372089
v -37.913223 -1.329550 -4.372089
v -36.384792 -0.945839 -4.372089
v -37.082443 -1.236321 -4.372089
v -38.810890 -1.116211 -4.372089
v -39.521744 -0.672310 -4.372089
v -35.288891 0.300998 -4.372089
v -35.076111 1.513571 -4.372089
v -41.442654 14.339732 -4.372082
v -42.259060 13.916502 -4.372089
v -42.855156 13.324132 -4.372089
v -40.356243 14.428037 -4.372089
v -43.221607 12.572721 -4.372089
v -38.735054 13.607364 -4.372089
v -43.359653 11.639992 -4.372089
v -39.397499 14.124532 -4.372089
v -38.281746 12.973718 -4.372089
v -40.146053 0.101199 -4.372089
v -35.230614 0.495115 -5.188892
v -36.428371 -0.971484 -5.188892
v -38.701561 -1.159772 -5.188892
v -40.277798 0.444351 -5.188892
v -37.128593 -1.248064 -5.188892
v -37.880238 -1.326351 -5.188892
v -39.360981 -0.796552 -5.188892
v -39.954559 -0.201556 -5.188892
v -38.194984 12.766191 -5.188889
v -43.327969 11.439960 -5.188889
v -35.073051 1.470366 -5.188892
v -43.289406 12.381668 -5.188889
v -41.391304 14.354529 -5.188881
v -40.304363 14.421369 -5.188881
v -42.824337 13.366355 -5.188885
v -42.220478 13.944405 -5.188881
v -38.536938 13.380327 -5.188889
v -39.275597 14.061192 -5.188889
v -39.853134 -2.202715 3.606213
v -40.414150 -1.590173 3.606213
v -39.173538 -2.666665 3.606213
v -38.289951 -3.018174 3.606213
v -38.799263 4.136395 3.606216
v -33.619503 0.798811 3.606213
v -34.095127 2.496511 3.606216
v -33.746525 1.611838 3.606213
v -34.661530 3.245624 3.606216
v -38.008537 4.364320 3.606216
v -35.294903 3.783065 3.606216
v -36.027325 4.158205 3.606216
v -36.947990 4.396208 3.606216
v -33.720772 -0.257388 3.606213
v -38.694096 -2.888158 -5.643040
v -34.868023 3.451942 -5.643036
v -40.316921 -1.731826 -5.643040
v -35.644691 3.989931 -5.643036
v -33.681988 1.323099 -5.643040
v -34.322510 2.835820 -5.643040
v -33.913265 2.112949 -5.643040
v -39.476589 3.783079 -5.643036
v -37.823521 4.396212 -5.643036
v -38.744183 4.158206 -5.643036
v -36.643459 4.347979 -5.643036
v -33.619503 0.494801 -5.643040
v -33.840324 -0.668810 -5.643040
v -40.190872 3.164559 -5.643036
v 31.019068 23.368818 -32.915565
v 32.321331 24.523909 -32.915565
v 31.548216 24.016052 -32.915565
v 33.477055 24.725418 -32.915565
v 34.608673 24.415642 -32.915565
v 30.679712 21.828362 -32.915565
v 30.730436 22.579481 -32.915565
v 35.318546 23.849237 -32.915565
v 30.895802 20.956856 -32.915569
v 42.466404 12.874356 -32.915569
v 38.043076 9.965198 -32.915569
v 41.923904 9.932944 -32.915569
v 42.399754 10.625683 -32.915569
v 42.684128 11.587996 -32.915569
v 38.673622 9.475955 -32.915569
v 40.292652 9.142095 -32.915569
v 39.452724 9.172686 -32.915569
v 41.101139 9.354684 -32.915569
v 34.408066 24.511503 -31.094225
v 32.756470 24.651339 -31.094225
v 33.509937 24.709188 -31.094225
v 31.756563 24.213634 -31.094225
v 30.838303 21.066175 -31.094227
v 30.993595 23.323130 -31.094225
v 30.671829 22.281708 -31.094225
v 40.007103 9.116952 -31.094227
v 41.074657 9.336690 -31.094227
v 38.027386 9.988914 -31.094227
v 42.080929 10.090605 -31.094227
v 42.598473 11.142895 -31.094227
v 42.453651 12.898011 -31.094227
v 42.665710 11.976143 -31.094227
v 35.234455 23.941591 -31.094225
v 38.859173 9.356531 -31.094227
v 39.404617 10.691192 -36.752308
v 40.667503 10.872169 -36.752308
v 40.008762 10.634539 -36.752308
v 38.568073 11.335059 -36.752308
v 40.310356 13.538047 -36.752308
v 39.662144 13.619124 -36.752308
v 41.180901 12.791384 -36.752308
v 40.763683 13.295433 -36.752308
v 41.336533 12.060646 -36.752308
v 41.141586 11.388053 -36.752308
v 38.415329 12.600115 -36.752308
v 38.349873 11.902897 -36.752308
v 38.848228 13.266384 -36.752308
v 38.907845 10.950431 -36.752308
v 41.155926 11.414136 -27.317301
v 41.325668 11.996762 -27.317301
v 40.618080 10.830422 -27.317301
v 39.850636 10.624590 -27.317301
v 39.255291 10.744952 -27.317301
v 38.684994 11.151109 -27.317301
v 38.406132 12.571805 -27.317301
v 38.762970 13.174322 -27.317301
v 38.354603 11.873033 -27.317301
v 34.432964 0.147582 -36.214973
v 35.052414 -0.646537 -36.214973
v 38.997253 -0.243917 -36.214973
v 38.327782 -0.876544 -36.214973
v 36.903011 -1.328045 -36.214973
v 35.907833 -1.173197 -36.214973
v 37.647732 -1.199485 -36.214973
v 41.776585 13.525926 -36.214973
v 42.333778 12.493454 -36.214973
v 42.409157 11.470409 -36.214973
v 37.808392 13.607371 -36.214973
v 39.513462 14.442369 -36.214973
v 38.470833 14.124538 -36.214973
v 40.757774 14.261777 -36.214973
v 35.090412 -0.679890 -35.398178
v 35.958145 -1.191187 -35.398178
v 34.174778 1.066777 -35.398178
v 34.457321 0.100026 -35.398178
v 34.201714 1.793660 -35.398178
v 42.401302 11.439973 -35.398178
v 42.348270 12.465585 -35.398178
v 37.327679 12.919432 -35.398178
v 41.741158 13.565935 -35.398178
v 40.933960 14.163927 -35.398178
v 37.775860 13.572576 -35.398178
v 39.136795 14.364594 -35.398178
v 38.425053 14.099241 -35.398178
v 39.966358 14.443349 -35.398178
v 39.240303 0.142894 -35.398178
v 38.690777 -0.579557 -35.398178
v 36.953556 -1.326347 -35.398178
v 37.936115 -1.105060 -35.398178
v 34.432964 0.147581 -28.611626
v 35.052414 -0.646537 -28.611626
v 38.997253 -0.243918 -28.611626
v 38.327782 -0.876545 -28.611626
v 36.903011 -1.328046 -28.611626
v 35.907833 -1.173197 -28.611626
v 37.647732 -1.199486 -28.611626
v 41.776585 13.525926 -28.611626
v 42.333778 12.493454 -28.611626
v 42.409157 11.470409 -28.611626
v 37.808392 13.607371 -28.611626
v 39.513462 14.442369 -28.611626
v 38.470833 14.124538 -28.611626
v 40.757774 14.261777 -28.611626
v 35.090412 -0.679890 -27.794825
v 34.457321 0.100026 -27.794825
v 35.958145 -1.191187 -27.794825
v 42.401302 11.439973 -27.794825
v 42.348270 12.465585 -27.794825
v 34.201714 1.793659 -27.794825
v 34.174778 1.066777 -27.794825
v 41.741158 13.565935 -27.794825
v 40.933960 14.163927 -27.794825
v 37.775860 13.572576 -27.794825
v 37.327679 12.919431 -27.794825
v 39.136795 14.364594 -27.794825
v 38.425053 14.099241 -27.794825
v 39.966358 14.443349 -27.794825
v 39.773457 13.623732 -27.317301
v 39.231674 13.485411 -27.317301
v 41.216141 12.737088 -27.317301
v 40.591515 13.431172 -27.317301
v 39.339043 0.411008 -36.214973
v 37.355064 12.973697 -36.214973
v 34.208012 1.826912 -36.214973
v 34.169910 1.117101 -36.214973
v 39.339043 0.411007 -28.611626
v 37.355064 12.973697 -28.611626
v 34.208012 1.826911 -28.611626
v 34.169910 1.117101 -28.611626
v 38.690777 -0.579558 -27.794825
v 36.953556 -1.326348 -27.794825
v 39.240303 0.142893 -27.794825
v 37.936115 -1.105060 -27.794825
v 35.836323 -3.070702 -36.589928
v 33.991692 3.496323 -36.589928
v 32.684387 0.682461 -36.589928
v 39.186356 -1.963099 -36.589928
v 40.151714 -0.087856 -36.589928
v 39.859375 -0.992603 -36.589928
v 38.348866 -2.614553 -36.589928
v 39.235138 3.204775 -36.589928
v 39.944206 2.114762 -36.589928
v 40.228584 0.848158 -36.589928
v 34.884144 4.077441 -36.589928
v 35.902630 4.374830 -36.589928
v 38.406647 3.874007 -36.589928
v 37.650661 4.218282 -36.589928
v 36.847225 4.396094 -36.589928
v 33.291111 2.699517 -36.589928
v 32.848946 1.730615 -36.589928
v 34.819649 -2.753467 -36.589928
v 33.460278 -1.636805 -36.589928
v 32.888687 -0.599455 -36.589928
v 34.036430 -2.235200 -36.589928
v 37.594330 -2.942959 -36.589928
v 36.780392 -3.108785 -36.589928
v 39.665249 -1.345716 -27.340679
v 39.186352 3.256727 -27.340679
v 40.098335 1.611772 -27.340679
v 39.802227 2.387839 -27.340679
v 38.143017 4.032858 -27.340679
v 35.036404 4.143328 -27.340679
v 33.991703 -2.202710 -27.340679
v 32.848946 -0.436994 -27.340679
v 33.291119 -1.405905 -27.340679
v 32.684387 0.611165 -27.340679
v 34.884136 -2.783813 -27.340679
v 38.088917 -2.747139 -27.340679
v 38.892578 -2.238974 -27.340679
v 36.021343 -3.102591 -27.340679
v 37.201397 -3.054353 -27.340679
v 40.233791 0.682425 -27.340679
v 40.087967 -0.372499 -27.340679
v 33.539295 3.023801 -27.340679
v 33.085499 2.328075 -27.340679
v 32.805130 1.554473 -27.340679
v 34.122395 3.604453 -27.340679
v 36.070950 4.396094 -27.340679
v 37.015553 4.374829 -27.340679
v 41.923904 9.932941 29.108170
v 38.043076 9.965195 29.108170
v 38.673622 9.475952 29.108170
v 40.292652 9.142092 29.108170
v 39.452724 9.172683 29.108170
v 41.101139 9.354681 29.108170
v 31.019068 23.368814 29.108170
v 32.321331 24.523905 29.108170
v 31.548216 24.016048 29.108170
v 33.477055 24.725414 29.108170
v 34.608673 24.415638 29.108170
v 30.679712 21.828358 29.108170
v 30.730436 22.579477 29.108170
v 35.318546 23.849234 29.108170
v 30.895802 20.956852 29.108170
v 42.466404 12.874353 29.108170
v 42.399754 10.625680 29.108170
v 42.684128 11.587994 29.108170
v 34.408066 24.511499 30.929504
v 33.509937 24.709185 30.929504
v 32.756470 24.651335 30.929504
v 31.756563 24.213631 30.929504
v 30.838303 21.066172 30.929504
v 30.993595 23.323126 30.929504
v 30.671829 22.281704 30.929504
v 40.007103 9.116949 30.929504
v 41.074657 9.336687 30.929504
v 38.027386 9.988912 30.929504
v 42.080929 10.090602 30.929504
v 42.598473 11.142892 30.929504
v 42.453651 12.898008 30.929504
v 42.665710 11.976140 30.929504
v 35.234455 23.941587 30.929504
v 38.859173 9.356528 30.929504
v 39.404617 10.691190 25.271439
v 40.667503 10.872168 25.271439
v 40.008762 10.634537 25.271439
v 38.568073 11.335057 25.271439
v 40.310356 13.538045 25.271439
v 39.662144 13.619123 25.271439
v 41.180901 12.791382 25.271439
v 40.763683 13.295431 25.271439
v 41.336533 12.060644 25.271439
v 41.141586 11.388051 25.271439
v 38.907845 10.950429 25.271439
v 38.415329 12.600113 25.271439
v 38.349873 11.902895 25.271439
v 38.848228 13.266382 25.271439
v 40.618080 10.830420 34.706436
v 39.850636 10.624587 34.706436
v 39.255291 10.744949 34.706436
v 38.684994 11.151106 34.706436
v 38.406132 12.571802 34.706436
v 38.762970 13.174319 34.706436
v 38.354603 11.873030 34.706436
v 34.432964 0.147579 25.808762
v 35.052414 -0.646539 25.808762
v 38.997253 -0.243920 25.808762
v 38.327782 -0.876547 25.808762
v 36.903011 -1.328048 25.808762
v 35.907833 -1.173199 25.808762
v 37.647732 -1.199488 25.808762
v 41.776585 13.525923 25.808762
v 42.333778 12.493452 25.808762
v 42.409157 11.470407 25.808762
v 37.808392 13.607369 25.808762
v 39.513462 14.442367 25.808762
v 38.470833 14.124537 25.808762
v 40.757774 14.261775 25.808762
v 35.090412 -0.679892 26.625565
v 34.457321 0.100024 26.625565
v 35.958145 -1.191190 26.625565
v 42.401302 11.439971 26.625565
v 42.348270 12.465582 26.625565
v 34.201714 1.793657 26.625565
v 34.174778 1.066774 26.625565
v 41.741158 13.565932 26.625565
v 40.933960 14.163924 26.625565
v 37.775860 13.572573 26.625565
v 37.327679 12.919428 26.625565
v 39.136795 14.364591 26.625565
v 38.425053 14.099238 26.625565
v 39.966358 14.443346 26.625565
v 41.155926 11.414133 34.706436
v 41.325668 11.996759 34.706436
v 41.216141 12.737085 34.706436
v 39.773457 13.623729 34.706436
v 39.231674 13.485408 34.706436
v 40.591515 13.431170 34.706436
v 39.339043 0.411005 25.808762
v 37.355064 12.973695 25.808762
v 34.208012 1.826909 25.808762
v 34.169910 1.117099 25.808762
v 37.936115 -1.105062 26.625565
v 36.953556 -1.326350 26.625565
v 38.690777 -0.579560 26.625565
v 39.240303 0.142891 26.625565
v 34.432964 0.147579 33.412109
v 35.052414 -0.646540 33.412109
v 38.997253 -0.243920 33.412109
v 38.327782 -0.876547 33.412109
v 36.903011 -1.328048 33.412109
v 35.907833 -1.173200 33.412109
v 37.647732 -1.199489 33.412109
v 41.776585 13.525922 33.412109
v 42.333778 12.493451 33.412109
v 42.409157 11.470407 33.412109
v 37.808392 13.607368 33.412109
v 39.513462 14.442366 33.412109
v 38.470833 14.124536 33.412109
v 40.757774 14.261774 33.412109
v 35.090412 -0.679893 34.228912
v 34.457321 0.100023 34.228912
v 35.958145 -1.191190 34.228912
v 42.401302 11.439971 34.228912
v 42.348270 12.465582 34.228912
v 34.201714 1.793656 34.228912
v 34.174778 1.066774 34.228912
v 41.741158 13.565932 34.228912
v 40.933960 14.163924 34.228912
v 37.775860 13.572573 34.228912
v 37.327679 12.919428 34.228912
v 39.136795 14.364591 34.228912
v 38.425053 14.099238 34.228912
v 39.966358 14.443346 34.228912
v 39.339043 0.411005 33.412109
v 37.355064 12.973694 33.412109
v 34.208012 1.826909 33.412109
v 34.169910 1.117098 33.412109
v 37.936115 -1.105063 34.228912
v 36.953556 -1.326350 34.228912
v 38.690777 -0.579560 34.228912
v 39.240303 0.142891 34.228912
v 39.859375 -0.992605 25.433807
v 39.186356 -1.963101 25.433807
v 40.151714 -0.087859 25.433807
v 33.991692 3.496320 25.433807
v 39.235138 3.204772 25.433807
v 39.944206 2.114759 25.433807
v 40.228584 0.848155 25.433807
v 38.406647 3.874004 25.433807
v 34.884144 4.077438 25.433807
v 35.902630 4.374827 25.433807
v 37.650661 4.218279 25.433807
v 36.847225 4.396091 25.433807
v 32.684387 0.682459 25.433807
v 35.836323 -3.070705 25.433807
v 36.780392 -3.108788 25.433807
v 37.594330 -2.942962 25.433807
v 38.348866 -2.614556 25.433807
v 34.819649 -2.753469 25.433807
v 33.460278 -1.636808 25.433807
v 32.888687 -0.599458 25.433807
v 34.036430 -2.235203 25.433807
v 32.848946 1.730612 25.433807
v 33.291111 2.699514 25.433807
v 38.088917 -2.747141 34.683044
v 34.884136 -2.783816 34.683044
v 38.892578 -2.238977 34.683044
v 39.665249 -1.345719 34.683044
v 39.186352 3.256724 34.683044
v 40.098335 1.611769 34.683044
v 39.802227 2.387836 34.683044
v 38.143017 4.032856 34.683044
v 35.036404 4.143325 34.683044
v 33.991703 -2.202713 34.683044
v 32.848946 -0.436996 34.683044
v 33.291119 -1.405908 34.683044
v 32.684387 0.611163 34.683044
v 32.805130 1.554470 34.683044
v 33.539295 3.023798 34.683044
v 34.122395 3.604450 34.683044
v 33.085499 2.328072 34.683044
v 36.070950 4.396091 34.683044
v 37.015553 4.374826 34.683044
v 40.233791 0.682423 34.683044
v 40.087967 -0.372502 34.683044
v 41.923904 9.932943 -1.950203
v 38.043076 9.965197 -1.950203
v 38.673622 9.475954 -1.950203
v 40.292652 9.142094 -1.950203
v 39.452724 9.172685 -1.950203
v 41.101139 9.354683 -1.950203
v 31.019068 23.368816 -1.950203
v 32.321331 24.523907 -1.950203
v 31.548216 24.016050 -1.950203
v 33.477055 24.725416 -1.950203
v 34.608673 24.415640 -1.950203
v 30.679712 21.828360 -1.950203
v 30.730436 22.579479 -1.950203
v 35.318546 23.849236 -1.950203
v 30.895802 20.956854 -1.950203
v 42.466404 12.874355 -1.950203
v 42.399754 10.625682 -1.950203
v 42.684128 11.587996 -1.950203
v 34.408066 24.511501 -0.128864
v 33.509937 24.709187 -0.128864
v 32.756470 24.651337 -0.128864
v 31.756563 24.213633 -0.128864
v 30.838303 21.066174 -0.128864
v 30.993595 23.323128 -0.128864
v 30.671829 22.281706 -0.128864
v 40.007103 9.116951 -0.128864
v 41.074657 9.336689 -0.128864
v 38.027386 9.988914 -0.128864
v 42.080929 10.090604 -0.128864
v 42.598473 11.142894 -0.128864
v 42.453651 12.898010 -0.128864
v 42.665710 11.976142 -0.128864
v 35.234455 23.941589 -0.128864
v 38.859173 9.356530 -0.128864
v 39.404617 10.691191 -5.786942
v 40.667503 10.872169 -5.786942
v 40.008762 10.634538 -5.786942
v 38.568073 11.335058 -5.786942
v 40.310356 13.538046 -5.786942
v 39.662144 13.619123 -5.786942
v 41.180901 12.791383 -5.786942
v 40.763683 13.295432 -5.786942
v 41.336533 12.060645 -5.786942
v 41.141586 11.388052 -5.786942
v 38.907845 10.950430 -5.786942
v 38.415329 12.600114 -5.786942
v 38.349873 11.902896 -5.786942
v 38.848228 13.266383 -5.786942
v 40.618080 10.830421 3.648064
v 39.850636 10.624589 3.648064
v 39.255291 10.744951 3.648064
v 38.684994 11.151108 3.648064
v 38.406132 12.571804 3.648064
v 38.762970 13.174321 3.648064
v 38.354603 11.873032 3.648064
v 35.052414 -0.646538 -5.249607
v 38.327782 -0.876546 -5.249607
v 36.903011 -1.328047 -5.249607
v 35.907833 -1.173198 -5.249607
v 37.647732 -1.199487 -5.249607
v 41.776585 13.525925 -5.249607
v 42.333778 12.493453 -5.249607
v 42.409157 11.470408 -5.249607
v 37.808392 13.607370 -5.249607
v 39.513462 14.442368 -5.249607
v 38.470833 14.124537 -5.249607
v 40.757774 14.261776 -5.249607
v 35.958145 -1.191188 -4.432808
v 42.401302 11.439972 -4.432808
v 42.348270 12.465584 -4.432808
v 34.201714 1.793658 -4.432808
v 34.174778 1.066776 -4.432808
v 41.741158 13.565934 -4.432808
v 40.933960 14.163926 -4.432808
v 37.775860 13.572575 -4.432808
v 37.327679 12.919431 -4.432808
v 39.136795 14.364593 -4.432808
v 38.425053 14.099240 -4.432808
v 39.966358 14.443348 -4.432808
v 41.155926 11.414135 3.648064
v 41.325668 11.996761 3.648064
v 41.216141 12.737087 3.648064
v 39.773457 13.623731 3.648064
v 39.231674 13.485410 3.648064
v 40.591515 13.431171 3.648064
v 37.355064 12.973696 -5.249607
v 34.208012 1.826911 -5.249607
v 34.169910 1.117100 -5.249607
v 37.936115 -1.105061 -4.432808
v 36.953556 -1.326349 -4.432808
v 38.690777 -0.579559 -4.432808
v -43.402668 10.773444 30.897217
v -39.900455 -0.267264 -28.643915
v -35.660343 -0.324001 -28.643915
v -35.660343 -0.323998 -36.247269
v -38.120060 6.460616 -29.016487
v -36.318821 7.334001 -29.018063
v -34.171516 7.878328 -29.017982
v -32.304356 8.043494 -29.017424
v -32.409782 1.369851 -29.730013
v -41.458817 3.523786 -29.016861
v -40.495354 4.623804 -29.016790
v -32.400436 3.255106 -29.727747
v -39.385918 5.604988 -29.016882
v -32.417431 -0.157741 -29.725613
v -43.877754 -3.265243 -29.017494
v -43.526730 -0.739536 -29.018578
v -42.659870 1.649076 -29.015511
v -41.397335 -10.655008 -29.018494
v -42.571396 -8.874692 -29.018484
v -43.579254 -6.151019 -29.018890
v -32.471134 -10.927226 -29.729780
v -36.742752 -14.195111 -29.018888
v -32.464993 -9.683336 -29.727283
v -38.132847 -13.503649 -29.019159
v -39.340111 -12.692020 -29.018827
v -32.454468 -7.585560 -29.723970
v -40.376495 -11.793430 -29.014877
v -28.731609 -14.512360 -29.017887
v -32.485264 -13.679233 -29.723709
v -30.404791 -14.949270 -29.018337
v -32.607735 -15.078892 -29.018173
v -33.749035 -14.986640 -29.017887
v -34.465805 -14.873113 -29.017887
v -32.481045 -12.930269 -29.730885
v -32.477142 -12.129982 -29.730082
v -35.334923 -14.677036 -29.022467
v -38.801624 -13.081997 -35.044876
v -32.471130 -10.927208 -34.332066
v -37.531773 -13.832268 -35.044380
v -32.477161 -12.131211 -34.332020
v -36.251762 -14.386406 -35.040005
v -35.174030 -14.714816 -35.043957
v -32.481049 -12.930256 -34.330959
v -34.465805 -14.873109 -35.043957
v -32.485600 -13.679541 -34.337124
v -33.649734 -15.022776 -35.032547
v -30.587660 -14.977955 -35.043747
v -28.731609 -14.512356 -35.043957
v -43.418365 -6.683449 -35.042976
v -42.808144 -8.361526 -35.042381
v -41.519196 -10.534095 -35.041664
v -32.464993 -9.683326 -34.334560
v -39.961208 -12.180095 -35.045033
v -43.159496 0.496491 -35.045219
v -43.764412 -1.985759 -35.044327
v -32.454468 -7.585512 -34.337872
v -43.838421 -4.514702 -35.045372
v -39.338345 5.641057 -35.042500
v -32.409779 1.369833 -34.331825
v -40.433186 4.685553 -35.043205
v -32.417431 -0.157697 -34.336227
v -41.397259 3.602846 -35.043354
v -42.217968 2.408443 -35.043491
v -35.660343 -0.324003 -5.188892
v -39.532085 -2.451746 -5.643040
v -38.120037 6.460615 2.041893
v -36.318836 7.333984 2.040314
v -34.171501 7.878319 2.040398
v -32.304359 8.043485 2.040955
v -32.409801 1.366413 1.328148
v -41.458820 3.523767 2.041519
v -40.495354 4.623789 2.041592
v -32.400433 3.258218 1.331043
v -39.385906 5.604981 2.041496
v -32.302116 8.036787 -35.043373
v -32.400398 3.254958 -34.334080
v -34.046700 7.898097 -35.043854
v -36.127361 7.402919 -35.043835
v -38.084370 6.479304 -35.042770
v -39.532078 3.745363 3.606216
v -40.316921 3.025443 3.606216
v -32.417431 -0.157822 1.332767
v -43.877750 -3.265185 2.041142
v -43.526722 -0.739540 2.039795
v -42.659863 1.649071 2.042870
v -41.397327 -10.655021 2.039886
v -42.571396 -8.874699 2.039890
v -43.578857 -6.152719 2.040562
v -32.469730 -10.621304 1.331268
v -36.742775 -14.195108 2.039490
v -38.132812 -13.503673 2.039215
v -32.460285 -8.750785 1.330120
v -39.340115 -12.692021 2.039551
v -40.376472 -11.793458 2.043503
v -32.451038 -6.903398 1.331722
v -28.731609 -14.512368 2.040489
v -32.485298 -13.676942 1.332882
v -30.404783 -14.949278 2.040043
v -32.607719 -15.078899 2.040203
v -33.749031 -14.986649 2.040489
v -34.465801 -14.873121 2.040489
v -32.481045 -12.930255 1.327488
v -32.477222 -12.133817 1.329090
v -35.334934 -14.677040 2.035912
v -38.801624 -13.082004 -3.986507
v -32.471130 -10.927216 -3.273689
v -37.531754 -13.832286 -3.986015
v -32.477158 -12.131220 -3.273643
v -36.251774 -14.386415 -3.981644
v -35.174030 -14.714828 -3.985592
v -32.481045 -12.930268 -3.272583
v -34.465805 -14.873121 -3.985592
v -32.485600 -13.679552 -3.278748
v -33.649738 -15.022787 -3.974182
v -30.587656 -14.977966 -3.985382
v -28.731609 -14.512368 -3.985592
v -43.418335 -6.683540 -3.984604
v -42.808147 -8.361509 -3.984013
v -41.519192 -10.534101 -3.983292
v -32.464993 -9.683346 -3.276180
v -39.961197 -12.180111 -3.986660
v -43.159489 0.496477 -3.986851
v -43.764408 -1.985802 -3.985954
v -32.454464 -7.585506 -3.279488
v -43.838409 -4.514711 -3.987000
v -39.338322 5.641059 -3.984131
v -32.409779 1.369843 -3.273441
v -40.433182 4.685541 -3.984840
v -32.417431 -0.157706 -3.277847
v -41.397247 3.602841 -3.984985
v -42.217941 2.408464 -3.985126
v 33.677841 19.038315 -30.722931
v 32.590050 18.614145 -30.716572
v 31.325182 18.433304 -30.716146
v 35.069500 20.150894 -30.715075
v 31.359459 20.503111 -31.021378
v 34.361214 19.494675 -30.716078
v 31.364637 21.540941 -31.019402
v 36.291424 23.306322 -30.716339
v 36.140594 22.221058 -30.716805
v 35.768108 21.194647 -30.715488
v 35.225540 26.481853 -30.716766
v 35.730087 25.716755 -30.716764
v 36.163170 24.546339 -30.716938
v 31.388845 26.373713 -31.018932
v 33.457912 27.910648 -30.715179
v 31.382675 25.162828 -31.019928
v 34.554993 27.196535 -30.714073
v 29.490192 27.827154 -30.716505
v 31.395802 27.781109 -31.019909
v 30.205433 28.283876 -30.717503
v 31.889763 28.364456 -30.719648
v 31.393543 27.297127 -31.020729
v 32.394421 28.270159 -30.724230
v 34.377415 27.341867 -33.307743
v 31.393570 27.298712 -33.002167
v 33.235573 28.010780 -33.307556
v 32.342247 28.277569 -33.300056
v 31.395948 27.781452 -33.002228
v 31.929560 28.347298 -33.304253
v 30.889910 28.375896 -33.305882
v 30.082359 28.226387 -33.306000
v 29.490192 27.827154 -33.306000
v 36.182316 24.460640 -33.305897
v 35.831833 25.496210 -33.305321
v 35.277912 26.429888 -33.305012
v 31.388847 26.373707 -33.003578
v 35.982765 21.689833 -33.306541
v 31.382675 25.162817 -33.002583
v 36.287003 23.058502 -33.306530
v 31.364637 21.540955 -33.003113
v 34.550648 19.636667 -33.308308
v 35.406078 20.583492 -33.306061
v 31.359444 20.503178 -33.001129
v 31.319452 18.438026 -33.305580
v 32.515385 18.594978 -33.305946
v 33.627392 19.010725 -33.297318
v 37.193409 6.460599 -35.025604
v 35.392185 7.333984 -35.024025
v 33.244827 7.878326 -35.024109
v 31.377691 8.043489 -35.024666
v 31.483133 1.366411 -34.311863
v 40.532158 3.523768 -35.025230
v 39.568684 4.623799 -35.025299
v 31.473764 3.258226 -34.314754
v 38.459248 5.604983 -35.025208
v 31.490761 -0.157769 -34.316483
v 42.951084 -3.265178 -35.024860
v 42.600056 -0.739530 -35.023514
v 41.733196 1.649082 -35.026581
v 40.470673 -10.655002 -35.023605
v 41.644733 -8.874685 -35.023609
v 42.652191 -6.152709 -35.024281
v 31.543060 -10.621324 -34.314991
v 35.816086 -14.195112 -35.023212
v 37.206158 -13.503658 -35.022938
v 31.533615 -8.750774 -34.313839
v 38.413452 -12.692014 -35.023273
v 39.449799 -11.793461 -35.027222
v 31.524372 -6.903322 -34.315441
v 27.804939 -14.512362 -35.024212
v 31.558594 -13.679237 -34.318394
v 29.478106 -14.949271 -35.023762
v 31.681053 -15.078895 -35.023926
v 32.822365 -14.986642 -35.024212
v 33.539135 -14.873116 -35.024212
v 31.554377 -12.930267 -34.311214
v 31.550556 -12.133837 -34.312817
v 34.408253 -14.677037 -35.019634
v 37.874954 -13.081999 -28.997211
v 31.544460 -10.927217 -29.710033
v 36.605103 -13.832273 -28.997707
v 31.550491 -12.131223 -29.710077
v 35.325100 -14.386410 -29.002081
v 34.247364 -14.714822 -28.998131
v 31.554379 -12.930268 -29.711138
v 33.539135 -14.873116 -28.998131
v 31.558928 -13.679551 -29.704975
v 32.723064 -15.022781 -29.009542
v 29.660978 -14.977961 -28.998341
v 27.804939 -14.512362 -28.998131
v 42.491669 -6.683527 -28.999111
v 41.881481 -8.361508 -28.999706
v 40.592529 -10.534089 -29.000423
v 31.538322 -9.683347 -29.707535
v 39.034538 -12.180098 -28.997055
v 42.232826 0.496477 -28.996862
v 42.837742 -1.985797 -28.997761
v 31.527794 -7.585540 -29.704227
v 42.911743 -4.514708 -28.996716
v 31.483130 1.366427 -29.710489
v 38.411659 5.641057 -28.999580
v 39.506516 4.685544 -28.998873
v 31.490759 -0.157744 -29.705870
v 40.470589 3.602837 -28.998724
v 41.291279 2.408458 -28.998587
v 33.677834 19.038307 31.300804
v 32.590050 18.614141 31.307167
v 31.325182 18.433300 31.307594
v 35.069496 20.150887 31.308662
v 31.359459 20.503090 31.002365
v 34.361198 19.494661 31.307663
v 31.364637 21.540890 31.004341
v 36.291424 23.306318 31.307396
v 36.140594 22.221052 31.306931
v 35.768108 21.194639 31.308250
v 35.225544 26.481846 31.306969
v 35.730087 25.716751 31.306969
v 36.163170 24.546335 31.306801
v 31.388845 26.373703 31.004807
v 33.457916 27.910643 31.308556
v 31.382675 25.162830 31.003815
v 34.554993 27.196531 31.309662
v -32.302116 8.036777 -3.985008
v -32.400398 3.254952 -3.275696
v -34.046680 7.898089 -3.985489
v -36.127373 7.402906 -3.985466
v -38.084415 6.479264 -3.984402
v 31.375448 8.036780 -28.998705
v 31.473724 3.258088 -29.707609
v 33.120018 7.898092 -28.998224
v 35.200703 7.402909 -28.998245
v 37.157707 6.479290 -28.999310
v 29.490192 27.827150 31.307228
v 31.395802 27.781103 31.003830
v 30.205433 28.283873 31.306236
v 31.889771 28.364452 31.304085
v 31.393543 27.297117 31.003006
v 32.394428 28.270153 31.299507
v 34.377399 27.341875 28.715996
v 31.393570 27.298740 29.021561
v 33.235550 28.010786 28.716187
v 32.342224 28.277571 28.723686
v 31.395947 27.781450 29.021500
v 31.929546 28.347296 28.719490
v 30.889910 28.375893 28.717857
v 30.082359 28.226383 28.717735
v 29.490192 27.827150 28.717735
v 36.182316 24.460640 28.717842
v 35.831829 25.496216 28.718414
v 35.277905 26.429892 28.718727
v 31.388847 26.373775 29.020149
v 35.982761 21.689823 28.717194
v 31.382677 25.162973 29.021149
v 36.287003 23.058498 28.717209
v 31.364637 21.540791 29.020622
v 34.550629 19.636648 28.715431
v 35.406075 20.583479 28.717674
v 31.359444 20.503111 29.022598
v 31.319452 18.438023 28.718163
v 32.515385 18.594975 28.717796
v 33.627369 19.010710 28.726425
v 36.021343 -3.102594 34.683044
v 37.201397 -3.054356 34.683044
v 32.723057 -15.022784 33.014191
v 29.660978 -14.977963 33.025391
v 27.804939 -14.512365 33.025604
v 37.874969 -13.081991 33.026520
v 31.544460 -10.927224 32.313705
v 36.605099 -13.832275 33.026024
v 31.550491 -12.131249 32.313660
v 35.325081 -14.386420 33.021652
v 34.247364 -14.714825 33.025604
v 31.554379 -12.930286 32.312599
v 33.539135 -14.873119 33.025604
v 31.558928 -13.679555 32.318764
v 42.491673 -6.683526 33.024620
v 41.881481 -8.361512 33.024025
v 40.592529 -10.534091 33.023308
v 31.538322 -9.683347 32.316200
v 39.034534 -12.180103 33.026680
v 42.232826 0.496472 33.026871
v 42.837742 -1.985801 33.025970
v 31.527794 -7.585526 32.319511
v 42.911743 -4.514710 33.027016
v 38.411659 5.641057 33.024155
v 31.483110 1.369782 32.313461
v 39.506527 4.685531 33.024857
v 31.490761 -0.157832 32.317863
v 40.470596 3.602823 33.025009
v 41.291286 2.408445 33.025146
v 31.375448 8.036777 33.025024
v 31.473728 3.254968 32.315720
v 33.120018 7.898089 33.025505
v 35.200703 7.402906 33.025482
v 37.157692 6.479297 33.024422
v 37.193394 6.460606 26.998138
v 35.392185 7.333982 26.999718
v 33.244827 7.878324 26.999634
v 31.377691 8.043487 26.999077
v 41.733192 1.649083 26.997162
v 40.532150 3.523775 26.998512
v 39.568672 4.623806 26.998444
v 38.459232 5.604992 26.998535
v 42.951084 -3.265181 26.998886
v 42.600056 -0.739531 27.000229
v 40.470665 -10.655014 27.000137
v 41.644730 -8.874690 27.000137
v 42.652191 -6.152713 26.999466
v 34.408241 -14.677043 27.004112
v 35.816071 -14.195121 27.000534
v 37.206142 -13.503669 27.000809
v 38.413441 -12.692025 27.000473
v 39.449791 -11.793471 26.996521
v 29.478106 -14.949274 26.999985
v 27.804939 -14.512365 26.999527
v 31.681053 -15.078897 26.999817
v 32.822365 -14.986645 26.999527
v 33.539135 -14.873119 26.999527
v 31.550556 -12.133853 27.710922
v 31.554377 -12.930280 27.712524
v 31.558594 -13.679242 27.705353
v 31.533615 -8.750818 27.709900
v 31.543060 -10.621350 27.708748
v 31.524372 -6.903396 27.708298
v 31.483133 1.366454 27.711876
v 31.490761 -0.157694 27.707260
v 31.473764 3.258245 27.708984
v 33.457909 27.910648 0.250187
v 31.388847 26.373722 -0.053570
v 32.620445 28.210152 0.246891
v 32.246979 28.294405 0.248859
v 31.393543 27.297129 -0.055367
v 31.889761 28.364454 0.245716
v 31.395802 27.781107 -0.054546
v 30.205433 28.283875 0.247864
v 29.490192 27.827152 0.248859
v 35.730087 25.716753 0.248604
v 35.225536 26.481855 0.248600
v 31.382675 25.162851 -0.054565
v 34.554989 27.196535 0.251293
v 36.140594 22.221056 0.248562
v 31.364605 21.534878 -0.053761
v 36.291424 23.306320 0.249027
v 36.163170 24.546337 0.248428
v 34.361206 19.494669 0.249290
v 35.069496 20.150890 0.250294
v 35.768108 21.194643 0.249878
v 31.929556 28.347296 -2.338894
v 30.889910 28.375895 -2.340523
v 30.082359 28.226385 -2.340637
v 29.490192 27.827152 -2.340637
v 34.377411 27.341867 -2.342384
v 31.393570 27.298717 -2.036812
v 33.235565 28.010780 -2.342197
v 32.342243 28.277569 -2.334698
v 31.395947 27.781450 -2.036873
v 36.182316 24.460640 -2.340538
v 35.831833 25.496210 -2.339962
v 35.277908 26.429886 -2.339653
v 31.388847 26.373722 -2.038219
v 35.982761 21.689829 -2.341183
v 31.382675 25.162851 -2.037224
v 36.287003 23.058500 -2.341171
v 31.364637 21.540915 -2.037754
v 34.550644 19.636662 -2.342945
v 35.406078 20.583488 -2.340702
v 31.359444 20.503160 -2.035770
v 31.319452 18.438025 -2.340221
v 32.515385 18.594976 -2.340588
v 33.627388 19.010721 -2.331955
v 33.677837 19.038313 0.242435
v 32.590050 18.614143 0.248795
v 31.325182 18.433302 0.249222
v 31.359461 20.504446 -0.056190
v -32.409782 1.369855 32.293732
v -41.458813 3.523768 33.006882
v -40.495342 4.623791 33.006950
v -32.400433 3.255100 32.295998
v -39.385895 5.604981 33.006859
v -38.120056 6.460593 33.007256
v -36.318855 7.333968 33.005676
v -34.171490 7.878312 33.005760
v -32.304359 8.043474 33.006317
v -41.397327 -10.655029 33.005257
v -42.571400 -8.874702 33.005257
v -43.578857 -6.152727 33.005928
v -32.417427 -0.157705 32.298134
v -43.877750 -3.265194 33.006508
v -43.526722 -0.739546 33.005165
v -42.659863 1.649067 33.008232
v -32.469727 -10.621361 32.296646
v -36.742741 -14.195132 33.004860
v -38.132805 -13.503684 33.004585
v -32.460285 -8.750828 32.295494
v -39.340103 -12.692039 33.004921
v -40.376472 -11.793469 33.008873
v -32.451038 -6.903410 32.297096
v -28.731606 -14.512378 33.005859
v -32.485291 -13.676958 32.298256
v -30.404793 -14.949288 33.005409
v -32.607719 -15.078909 33.005577
v -33.749031 -14.986658 33.005859
v -34.465801 -14.873131 33.005859
v -32.481045 -12.930289 32.292870
v -32.477222 -12.133863 32.294472
v -35.334911 -14.677054 33.001282
v -33.649734 -15.022797 26.991196
v -30.587660 -14.977977 26.979996
v -28.731606 -14.512378 26.979774
v -38.801628 -13.082012 26.978867
v -32.471096 -10.924547 27.692055
v -37.531765 -13.832290 26.979362
v -32.477222 -12.133851 27.691193
v -36.251770 -14.386426 26.983734
v -35.174030 -14.714836 26.979774
v -32.481045 -12.930281 27.692795
v -34.465801 -14.873131 26.979774
v -32.485592 -13.679564 27.686630
v -43.418335 -6.683550 26.980766
v -42.808147 -8.361523 26.981354
v -41.519188 -10.534116 26.982079
v -32.464989 -9.683353 27.689194
v -39.961201 -12.180117 26.978706
v -43.159489 0.496466 26.978516
v -43.764408 -1.985811 26.979416
v -32.454460 -7.585588 27.685883
v -43.838409 -4.514723 26.978371
v -39.338345 5.641031 26.981232
v -32.409779 1.369773 27.691925
v -40.433189 4.685524 26.980530
v -32.417427 -0.157844 27.687523
v -41.397259 3.602818 26.980377
v -42.217953 2.408435 26.980240
v -32.302116 8.036767 26.980362
v -32.400394 3.254916 27.689674
v -34.046688 7.898078 26.979881
v -36.127357 7.402899 26.979904
v -38.084396 6.479263 26.980965
v -34.852821 24.665956 -1.889484
v -35.009102 19.281073 28.694641
v -33.682072 18.638065 28.698257
v -32.244843 18.446806 28.697960
v -35.996140 20.150850 28.696732
v -32.286125 20.504440 29.003204
v -32.291267 21.534840 29.000778
v -37.218090 23.306305 28.697998
v -37.067265 22.221062 28.698463
v -36.694763 21.194607 28.697144
v -36.152195 26.481848 28.698425
v -36.656738 25.716770 28.698425
v -37.089840 24.546310 28.698593
v -32.315517 26.373720 29.000587
v -34.384583 27.910631 28.696838
v -32.309341 25.162865 29.001579
v -35.481667 27.196516 28.695732
v -30.416861 27.827141 28.698158
v -32.322468 27.781097 29.001564
v -31.132105 28.283861 28.699158
v -32.816429 28.364443 28.701309
v -32.320210 27.297119 29.002380
v -33.321083 28.270145 28.705887
v -35.304077 27.341852 31.289413
v -32.320240 27.298683 30.983826
v -34.162239 28.010761 31.289223
v -33.268921 28.277548 31.281723
v -32.322617 27.781433 30.983887
v -32.856232 28.347279 31.285919
v -31.816586 28.375879 31.287544
v -31.009029 28.226368 31.287659
v -30.416861 27.827137 31.287659
v -37.108990 24.460600 31.287567
v -36.758495 25.496202 31.286987
v -36.204582 26.429855 31.286674
v -32.315517 26.373672 30.985229
v -36.909416 21.689793 31.288208
v -32.309341 25.162764 30.984238
v -37.213669 23.058458 31.288193
v -32.291302 21.540974 30.984764
v -35.477322 19.636658 31.289970
v -36.332760 20.583498 31.287727
v -32.286110 20.503176 30.982780
v -32.253616 18.420502 31.287094
v -33.887684 18.722084 31.287613
v -34.728626 19.118984 31.287155
v -34.604504 19.038315 -33.319145
v -33.516731 18.614155 -33.325504
v -32.251854 18.433310 -33.325928
v -35.996143 20.150869 -33.327003
v -32.286133 20.503109 -33.020699
v -35.287857 19.494659 -33.325996
v -32.291309 21.540934 -33.022675
v -37.218094 23.306309 -33.325729
v -37.067272 22.221073 -33.325264
v -36.694771 21.194624 -33.326584
v -32.315517 26.373722 -33.023140
v -34.384586 27.910652 -33.326893
v -32.309349 25.162848 -33.022148
v -35.481667 27.196541 -33.327995
v -36.152187 26.481884 -33.325302
v -36.656754 25.716780 -33.325310
v -37.089848 24.546329 -33.325134
v -30.416868 27.827160 -33.325569
v -32.322510 27.780220 -33.021446
v -31.132109 28.283880 -33.324570
v -32.816433 28.364462 -33.322422
v -33.173653 28.294411 -33.325569
v -32.320244 27.298719 -33.021736
v -33.547127 28.210155 -33.323601
v -35.477314 19.636665 -30.733776
v -32.291279 21.534918 -31.038689
v -34.728603 19.118988 -30.736591
v -32.286118 20.504532 -31.041124
v -33.887711 18.722109 -30.736134
v -32.253620 18.420521 -30.736658
v -36.893539 25.209890 -30.735886
v -37.201187 23.843294 -30.735472
v -32.309349 25.162836 -31.039490
v -37.169392 22.756525 -30.735920
v -36.909435 21.689840 -30.735537
v -36.332767 20.583519 -30.736015
v -32.320244 27.298716 -31.039902
v -35.304100 27.341864 -30.734327
v -32.315517 26.373692 -31.038494
v -36.204597 26.429869 -30.737064
v -35.996159 20.150877 -2.268639
v -32.286129 20.504440 -1.962158
v -35.009113 19.281088 -2.270725
v -33.682079 18.638075 -2.267105
v -32.244850 18.446815 -2.267399
v -30.416868 27.827160 -30.736078
v -31.009033 28.226391 -30.736078
v -31.816578 28.375900 -30.736193
v -32.856236 28.347301 -30.737818
v -33.268921 28.277573 -30.742014
v -32.322620 27.781458 -31.039841
v -34.162239 28.010790 -30.734516
v -32.291275 21.534899 -1.964584
v -37.218090 23.306322 -2.267368
v -37.067261 22.221054 -2.266903
v -36.694767 21.194613 -2.268223
v -36.152164 26.481903 -2.266941
v -36.656750 25.716772 -2.266945
v -37.089832 24.546354 -2.266769
v -32.315517 26.373722 -1.964775
v -34.384571 27.910648 -2.268528
v -32.309345 25.162842 -1.963783
v -35.481644 27.196547 -2.269634
v -30.416864 27.827150 -2.267204
v -32.322472 27.781103 -1.963799
v -31.063992 28.255068 -2.266399
v -32.063793 28.381329 -2.267078
v -32.981106 28.334171 -2.257034
v -32.320213 27.297119 -1.962982
v -33.547119 28.210146 -2.265236
v -35.304073 27.341873 0.324036
v -32.320240 27.298712 0.018463
v -34.162228 28.010782 0.323845
v -33.268913 28.277565 0.316349
v -32.322620 27.781448 0.018524
v -32.856224 28.347292 0.320545
v -31.816595 28.375893 0.322174
v -31.009029 28.226381 0.322289
v -30.416864 27.827150 0.322289
v -37.108978 24.460661 0.322189
v -36.758492 25.496233 0.321613
v -36.204582 26.429878 0.321304
v -32.315521 26.373718 0.019871
v -36.909428 21.689819 0.322834
v -32.309345 25.162853 0.018875
v -37.213669 23.058500 0.322823
v -32.291306 21.540913 0.019405
v -35.477283 19.636635 0.324596
v -36.332752 20.583492 0.322353
v -32.286110 20.503159 0.017422
v -32.253620 18.420511 0.321716
v -33.887695 18.722095 0.322243
v -34.728588 19.118973 0.321781
v 23.388544 -15.880377 -43.779236
v 20.726902 -14.881014 -43.779282
v 21.107042 -14.476608 -43.779282
v 21.662086 -14.235913 -43.779282
v 22.307384 -14.235175 -43.779388
v 22.936861 -14.552325 -43.779282
v 23.224297 -14.896206 -43.779282
v 21.083017 -14.494067 42.622398
v 20.723789 -14.887631 42.622398
v 22.329710 -21.648939 -45.252972
v 21.107042 -14.476613 39.928818
v 21.726347 -14.206297 42.622368
v 22.417231 -21.690470 43.954712
v 21.662086 -14.235917 39.928818
v 21.623362 -21.657097 43.954712
v 20.541706 -23.995903 -43.779346
v 23.379015 -24.057247 -43.779179
v 20.607025 -15.772947 -43.779282
v 22.734488 -24.785543 -43.779327
v 22.052130 -24.982267 -43.779282
v 21.262569 -24.825891 -43.779247
v 23.406328 -23.987719 -41.085831
v 22.814421 -24.733974 -41.085751
v 21.033709 -24.682354 -41.085838
v 20.558201 -15.882617 -41.085735
v 23.441290 -16.075233 -41.085712
v 20.523115 -23.872345 -41.085785
v 23.281898 -15.594146 -41.085712
v 23.182661 -14.799685 -41.085552
v 22.509277 -14.299451 -41.085709
v 21.723528 -14.207910 -41.085758
v 21.083019 -14.494062 -41.085709
v 20.723789 -14.887628 -41.085709
v 20.184732 -23.991079 -45.252972
v 22.840273 -25.150599 -45.252972
v 20.965052 -25.046156 -45.252972
v 20.494656 -24.614286 -45.252972
v 21.765402 -25.348598 -45.252975
v 20.441662 -22.416677 -45.252972
v 21.249350 -21.767544 -45.252975
v 20.129099 -23.238773 -45.252972
v 23.359455 -22.227482 -45.252979
v 23.780313 -23.045462 -45.252972
v 23.804548 -23.798735 -45.252972
v 23.535824 -24.499058 -45.252975
v 21.992517 -24.995316 -41.085754
v 23.795383 -23.064621 43.954704
v 23.230738 -22.093384 43.954712
v 21.528238 -25.297525 43.954712
v 20.820398 -24.952528 43.954712
v 20.661554 -22.150333 43.954712
v 20.113874 -23.212818 43.954704
v 20.257742 -24.219831 43.954712
v 23.735233 -24.127571 43.954712
v 23.056662 -25.021145 43.954712
v 22.222836 -25.327316 43.954712
v 20.541706 -23.995907 39.928757
v 23.379015 -24.057251 39.928925
v 20.607025 -15.772951 39.928818
v 20.726902 -14.881018 39.928818
v 22.463224 -14.261950 39.928902
v 23.388544 -15.880381 39.928864
v 23.211151 -14.845134 39.928741
v 22.052130 -24.982271 39.928818
v 22.734488 -24.785547 39.928772
v 21.262569 -24.825895 39.928856
v 21.033709 -24.682358 42.622276
v 20.523115 -23.872349 42.622322
v 23.406328 -23.987722 42.622284
v 21.992517 -24.995319 42.622353
v 22.814421 -24.733978 42.622360
v 23.281898 -15.594150 42.622398
v 23.176334 -14.781441 42.622452
v 20.558201 -15.882621 42.622375
v 22.509277 -14.299455 42.622398
v 23.441290 -16.075237 42.622398
v -26.060760 -16.277699 -47.297958
v -26.060760 -13.584820 46.107475
v -26.060760 -13.584816 -47.297958
v -26.060760 -16.277700 46.107475
v 26.119314 -13.584820 46.107475
v 26.119314 -13.584816 -47.297958
v 26.119314 -16.277700 46.107475
v 26.119314 -16.277699 -47.297958
vn 0.7071 -0.7071 -0.0000
vn -0.5774 -0.5774 -0.5774
vn 0.5774 -0.5774 -0.5774
vn -0.7071 -0.7071 -0.0000
vn -0.5774 0.5774 -0.5774
vn -0.0000 0.7071 -0.7071
vn -0.7071 -0.0000 -0.7071
vn 0.5774 0.5774 -0.5774
vn 0.7071 -0.0000 -0.7071
vn -0.5774 0.5773 -0.5774
vn -0.7071 0.7071 -0.0000
vn 0.7071 0.7071 -0.0000
vn 0.5773 0.5773 -0.5774
vn 0.3015 -0.9045 0.3015
vn 0.3015 -0.9045 -0.3015
vn 0.7071 -0.0000 0.7071
vn -0.5774 -0.5774 0.5774
vn -0.7071 -0.0000 0.7071
vn 0.5774 -0.5774 0.5773
vn -0.3015 -0.9045 -0.3015
vn -0.3015 -0.9045 0.3015
vn 0.5773 0.5774 0.5774
vn -0.5773 -0.5774 -0.5773
vn -0.0000 -1.0000 -0.0000
vn -0.5774 0.5774 0.5774
vn -0.0000 0.7071 0.7071
vn 0.1741 -0.7130 -0.6792
vn -0.0345 -0.7353 -0.6769
vn 0.3775 -0.6348 -0.6743
vn -0.6003 -0.4301 -0.6743
vn -0.2535 -0.6905 -0.6775
vn -0.4446 -0.5839 -0.6793
vn -0.6795 -0.2594 -0.6863
vn 0.5911 -0.4578 -0.6641
vn 0.7315 -0.1643 -0.6618
vn 0.7268 0.1030 -0.6791
vn -0.7292 -0.0947 -0.6777
vn 0.6735 0.3094 -0.6713
vn -0.7266 0.1223 -0.6761
vn -0.6306 0.3980 -0.6663
vn -0.4167 0.6188 -0.6659
vn 0.3585 0.6451 -0.6748
vn 0.5464 0.4897 -0.6795
vn 0.1264 0.7238 -0.6783
vn -0.1388 0.7269 -0.6726
vn -0.4953 -0.5519 -0.6709
vn -0.6591 -0.3478 0.6668
vn -0.6674 -0.3316 -0.6668
vn -0.4830 -0.5626 0.6709
vn 0.6842 -0.2524 -0.6843
vn 0.6647 -0.3257 0.6724
vn 0.5875 -0.4451 -0.6758
vn 0.5066 -0.5301 0.6799
vn 0.2891 0.6925 -0.6609
vn 0.0726 0.7427 0.6656
vn 0.3467 0.6553 0.6711
vn 0.4160 -0.6053 -0.6786
vn 0.2976 -0.6785 0.6716
vn 0.5585 0.5014 0.6608
vn 0.5673 0.4915 -0.6608
vn 0.2120 -0.7013 -0.6806
vn 0.0279 -0.7385 0.6737
vn 0.0056 -0.7390 -0.6737
vn 0.7228 0.2049 0.6600
vn 0.7153 0.2129 -0.6656
vn -0.2423 -0.7047 0.6668
vn -0.2595 -0.6986 -0.6668
vn 0.7383 -0.0755 -0.6703
vn 0.7335 -0.0844 0.6744
vn 0.0714 0.7281 -0.6817
vn -0.0794 0.7293 0.6795
vn 0.1155 0.7252 0.6788
vn 0.6599 -0.3261 -0.6769
vn 0.6238 -0.3922 0.6761
vn 0.5350 -0.5066 -0.6761
vn 0.2304 0.6909 -0.6852
vn 0.4800 -0.5581 0.6769
vn 0.3337 0.6615 0.6716
vn 0.3856 0.6229 -0.6807
vn 0.3734 -0.6299 -0.6810
vn 0.3167 -0.6582 0.6830
vn 0.5285 0.5158 0.6742
vn 0.5480 0.4951 -0.6742
vn 0.2195 -0.6945 -0.6852
vn 0.1372 -0.7232 0.6769
vn 0.0585 -0.7290 -0.6820
vn 0.6459 0.3457 0.6807
vn 0.6834 0.2883 -0.6707
vn -0.0861 -0.7332 0.6746
vn -0.1255 -0.7229 -0.6795
vn 0.7059 0.1833 0.6842
vn 0.7354 0.0506 -0.6758
vn -0.3046 -0.6719 0.6751
vn -0.3161 -0.6647 -0.6769
vn 0.7354 0.0028 0.6776
vn 0.7164 -0.1429 -0.6829
vn -0.4805 -0.5558 0.6784
vn -0.4670 -0.5612 -0.6834
vn 0.7070 -0.1980 0.6789
vn -0.5901 -0.4357 -0.6796
vn -0.6179 -0.4003 0.6767
vn -0.6965 -0.2514 0.6721
vn -0.7180 -0.1619 -0.6770
vn -0.6497 -0.3269 -0.6864
vn 0.4589 -0.5750 0.6773
vn 0.5803 -0.4500 -0.6788
vn 0.6183 -0.4078 0.6718
vn 0.4391 -0.5892 -0.6783
vn -0.7394 -0.0073 0.6732
vn 0.2748 -0.6844 0.6754
vn 0.2379 -0.7026 -0.6706
vn -0.7374 0.0766 -0.6711
vn -0.6998 0.2446 0.6711
vn 0.0537 -0.7359 0.6750
vn -0.0227 -0.7410 -0.6711
vn -0.6676 0.3140 -0.6750
vn -0.7135 0.1670 0.6805
vn -0.7362 -0.0444 0.6754
vn -0.6452 0.3360 0.6861
vn 0.5383 -0.5130 0.6686
vn -0.5667 -0.4689 0.6775
vn 0.2867 -0.6919 0.6627
vn -0.4030 -0.6137 0.6789
vn -0.2123 -0.7021 0.6797
vn 0.0024 -0.7402 0.6724
vn -0.3953 0.6169 0.6805
vn -0.5560 0.4840 0.6757
vn 0.6519 -0.3288 0.6833
vn -0.1696 0.7209 0.6719
vn 0.7336 0.1041 0.6716
vn 0.7217 -0.1418 0.6775
vn 0.6725 0.2929 0.6796
vn 0.5516 0.4904 0.6747
vn 0.0817 0.7312 0.6772
vn 0.3318 0.6641 0.6700
vn -0.2724 0.6932 -0.6673
vn 0.0211 0.7383 -0.6741
vn -0.5305 0.5190 -0.6703
vn 0.6437 0.3702 -0.6698
vn 0.7215 0.1476 -0.6765
vn 0.7316 -0.0762 -0.6775
vn 0.2693 0.6876 -0.6743
vn 0.4719 0.5626 -0.6788
vn 0.5436 -0.5036 -0.6715
vn 0.3128 -0.6804 -0.6628
vn -0.6816 -0.2936 -0.6702
vn 0.0052 -0.7441 -0.6681
vn -0.5297 -0.5229 -0.6678
vn -0.2763 -0.6875 -0.6715
vn -0.7198 0.1211 -0.6835
vn -0.7341 -0.0762 -0.6747
vn -0.6660 0.3227 -0.6726
vn -0.3460 0.6534 -0.6733
vn -0.5305 0.5091 -0.6777
vn -0.0639 0.7391 -0.6705
vn -0.7450 -0.0166 -0.6669
vn -0.6850 0.2841 -0.6708
vn 0.6721 -0.3024 -0.6759
vn -0.6735 0.3094 0.6713
vn -0.3677 0.6409 0.6738
vn -0.1743 0.7119 0.6803
vn -0.5405 0.4984 0.6778
vn -0.7221 0.1137 0.6824
vn -0.7330 -0.0915 0.6740
vn -0.7013 -0.2402 -0.6712
vn -0.7363 -0.0110 0.6766
vn -0.7387 -0.0010 -0.6741
vn -0.7042 -0.2104 0.6781
vn -0.7035 0.2110 -0.6787
vn -0.6537 0.3258 0.6830
vn -0.6178 0.4003 -0.6768
vn -0.7094 0.1715 0.6837
vn -0.4805 0.5555 -0.6787
vn -0.4481 0.5795 0.6807
vn -0.3075 0.6693 -0.6764
vn -0.5649 0.4599 0.6851
vn -0.1119 0.7250 -0.6796
vn -0.2774 0.6823 0.6764
vn 0.3377 0.5903 -0.7331
vn 0.4137 0.5491 0.7262
vn 0.4171 0.5466 -0.7261
vn 0.3339 0.5927 0.7329
vn 0.2325 0.6427 -0.7300
vn 0.2237 0.6456 0.7302
vn 0.1116 0.6651 -0.7384
vn 0.1039 0.6657 0.7390
vn -0.5539 0.5608 -0.6154
vn -0.5566 0.5578 0.6157
vn 0.6309 0.3141 -0.7095
vn 0.5999 0.3549 0.7171
vn 0.6626 0.2417 0.7089
vn 0.5541 0.4214 -0.7179
vn 0.5447 0.4301 0.7200
vn 0.4888 0.4879 -0.7232
vn 0.4850 0.4915 0.7234
vn 0.7084 0.0135 -0.7056
vn 0.7048 -0.0591 0.7070
vn 0.6902 -0.1636 -0.7049
vn 0.6991 0.0958 0.7086
vn 0.6841 0.1699 -0.7093
vn 0.5486 -0.4273 -0.7186
vn 0.5605 -0.4253 0.7106
vn 0.4824 -0.4910 -0.7254
vn 0.6297 -0.3205 -0.7076
vn 0.6361 -0.2986 0.7115
vn 0.6742 -0.1916 0.7132
vn 0.1603 -0.6199 -0.7681
vn 0.2179 -0.6263 0.7485
vn 0.1493 -0.6142 0.7749
vn 0.2468 -0.6210 -0.7439
vn 0.3009 -0.6068 0.7357
vn 0.3377 -0.5849 -0.7375
vn 0.3823 -0.5649 0.7312
vn 0.4111 -0.5482 -0.7284
vn 0.4615 -0.5154 0.7221
vn -0.0764 -0.5816 -0.8099
vn -0.8103 0.0201 0.5857
vn -0.8111 0.0234 -0.5844
vn -0.0594 -0.5834 0.8100
vn 0.0041 -0.5504 -0.8349
vn 0.0322 -0.5720 0.8196
vn 0.0593 -0.5414 -0.8387
vn 0.0933 -0.5887 -0.8029
vn 0.0945 -0.5867 0.8043
vn -0.7466 0.0061 -0.6652
vn -0.7730 0.0055 0.6343
vn -0.7576 0.0016 0.6527
vn -0.7676 0.0064 -0.6409
vn -0.7932 0.0095 -0.6089
vn -0.7969 0.0071 0.6041
vn -0.4761 0.4932 0.7281
vn -0.4764 0.4909 -0.7295
vn -0.7370 0.0005 -0.6759
vn -0.7323 0.0022 0.6809
vn -0.7310 -0.0004 -0.6824
vn -0.7430 0.0025 0.6693
vn -0.7308 -0.0061 0.6826
vn -0.7307 -0.0063 -0.6827
vn -0.7370 -0.0070 0.6759
vn -0.7369 -0.0070 -0.6760
vn -0.7476 -0.0446 -0.6627
vn -0.7476 -0.0446 0.6626
vn -0.7395 -0.1053 0.6648
vn -0.6400 -0.3826 0.6663
vn 0.7168 0.2321 0.6576
vn -0.4534 -0.5896 0.6684
vn 0.7431 -0.1617 0.6493
vn 0.0501 -0.7435 0.6669
vn 0.5538 -0.5101 0.6581
vn 0.3037 -0.6744 0.6730
vn -0.2189 -0.7086 0.6708
vn -0.7205 0.1815 0.6693
vn -0.2611 0.7150 0.6485
vn -0.5878 0.4710 0.6578
vn 0.5228 0.5439 0.6564
vn 0.1734 0.7389 0.6511
vn 0.1055 -0.7358 -0.6689
vn -0.1736 -0.7247 -0.6669
vn 0.5970 -0.4573 -0.6591
vn -0.4459 -0.6007 -0.6636
vn -0.7535 -0.0402 -0.6562
vn -0.6515 -0.3678 -0.6636
vn 0.3579 -0.6503 -0.6700
vn 0.7183 0.2168 -0.6611
vn 0.3414 0.6618 -0.6674
vn 0.5667 0.4840 -0.6668
vn 0.7433 -0.1286 -0.6565
vn 0.1879 -0.7095 0.6792
vn 0.3912 -0.6270 0.6737
vn -0.0171 -0.7357 0.6771
vn -0.4155 -0.6078 0.6767
vn -0.2174 -0.6997 0.6806
vn 0.7245 0.1114 0.6802
vn -0.5898 -0.4449 0.6739
vn 0.6029 -0.4432 0.6634
vn 0.7348 -0.1453 0.6625
vn 0.6507 0.3724 0.6618
vn -0.7343 -0.0805 0.6740
vn -0.6777 -0.2666 0.6853
vn 0.4020 0.6312 0.6633
vn -0.1458 0.7178 0.6809
vn -0.4040 0.6270 0.6661
vn -0.7149 0.1956 0.6714
vn -0.5952 0.4309 0.6782
vn 0.0938 0.7326 0.6742
vn -0.2535 -0.6905 -0.6774
vn -0.7270 0.0964 -0.6798
vn -0.6601 0.3300 -0.6748
vn 0.6644 0.3511 -0.6598
vn -0.7278 -0.0984 -0.6787
vn -0.5039 0.5402 -0.6739
vn 0.2196 0.7120 -0.6669
vn 0.4738 0.5693 -0.6719
vn -0.2647 0.6899 -0.6738
vn -0.0367 0.7312 -0.6812
vn -0.6854 0.3001 -0.6635
vn -0.4932 0.5649 -0.6615
vn 0.0572 0.7447 -0.6650
vn -0.2259 0.7082 -0.6689
vn 0.7244 0.1106 0.6805
vn 0.7348 -0.1453 0.6626
vn 0.6635 0.3286 0.6721
vn -0.7351 -0.0795 0.6733
vn -0.7166 0.1989 0.6685
vn -0.4311 0.6092 0.6656
vn -0.5900 0.4441 0.6743
vn 0.2646 0.6836 0.6801
vn 0.4914 0.5555 0.6708
vn 0.0398 0.7371 0.6746
vn -0.1999 0.7080 0.6773
vn 0.7269 0.1038 -0.6789
vn -0.7370 0.0698 0.6723
vn -0.5290 0.5197 0.6709
vn -0.6723 0.3081 0.6731
vn -0.7183 -0.1356 0.6824
vn -0.4748 -0.5584 0.6803
vn -0.3273 0.6621 0.6742
vn 0.4588 0.5769 0.6758
vn -0.1251 0.7232 0.6792
vn 0.0663 0.7310 0.6792
vn -0.6684 -0.2960 0.6824
vn -0.5861 -0.4340 0.6842
vn 0.2688 0.6871 0.6750
vn 0.6723 0.2902 0.6810
vn 0.5843 0.4375 0.6835
vn 0.7263 -0.1278 0.6754
vn 0.7309 0.0950 0.6758
vn 0.2414 -0.6963 0.6759
vn -0.1161 -0.7229 0.6812
vn 0.0566 -0.7273 0.6840
vn -0.3073 -0.6691 0.6767
vn 0.4326 -0.5967 0.6759
vn 0.5639 -0.4637 0.6834
vn 0.6592 -0.3202 0.6804
vn 0.4556 0.5769 -0.6780
vn 0.6024 0.4252 -0.6755
vn 0.2779 0.6827 -0.6758
vn 0.6997 0.2283 -0.6770
vn -0.7331 0.0522 -0.6781
vn 0.4250 -0.6032 -0.6749
vn -0.2557 -0.6902 -0.6769
vn 0.2186 -0.7063 -0.6733
vn -0.0264 -0.7403 -0.6717
vn 0.6699 -0.2968 -0.6805
vn 0.5732 -0.4582 -0.6793
vn 0.7215 -0.1243 -0.6812
vn 0.7284 0.0426 -0.6838
vn 0.0795 0.7297 -0.6792
vn -0.1121 0.7253 -0.6792
vn -0.4800 0.5558 -0.6787
vn -0.3076 0.6696 -0.6760
vn -0.6150 0.4025 -0.6780
vn -0.6929 0.2312 -0.6829
vn -0.4560 -0.5820 -0.6733
vn -0.5905 -0.4308 -0.6824
vn -0.7191 -0.1268 -0.6833
vn -0.6733 -0.2847 -0.6824
vn 0.5472 -0.5001 0.6711
vn -0.6515 0.3299 0.6831
vn -0.7299 -0.1486 0.6673
vn -0.6053 -0.4222 0.6748
vn -0.7252 0.1396 0.6742
vn -0.4046 -0.6219 0.6705
vn -0.1304 -0.7283 0.6728
vn 0.1426 -0.7244 0.6745
vn 0.3656 -0.6362 0.6794
vn 0.6829 -0.2901 0.6705
vn -0.5344 0.5191 0.6671
vn -0.3262 0.6585 0.6782
vn -0.1140 0.7305 0.6733
vn 0.6902 0.2558 0.6769
vn 0.7432 -0.0190 0.6688
vn 0.5743 0.4589 0.6779
vn 0.3991 0.6186 0.6768
vn 0.1452 0.7291 0.6689
vn 0.4830 0.5540 -0.6781
vn 0.6240 0.3847 -0.6801
vn 0.2810 0.6813 -0.6759
vn 0.7296 -0.0769 -0.6796
vn 0.6852 -0.2889 -0.6686
vn 0.7219 0.1630 -0.6725
vn -0.5400 0.5089 -0.6704
vn 0.5345 -0.5156 -0.6697
vn -0.6478 0.3338 -0.6848
vn -0.6779 -0.2997 -0.6713
vn -0.7324 -0.0453 -0.6794
vn 0.0004 -0.7399 -0.6728
vn -0.5118 -0.5341 -0.6729
vn -0.2741 -0.6867 -0.6733
vn 0.2928 -0.6827 -0.6695
vn -0.7181 0.1637 -0.6764
vn -0.4560 -0.5936 0.6631
vn -0.2037 -0.7107 0.6734
vn 0.0666 -0.7439 0.6649
vn -0.7475 -0.0747 0.6600
vn -0.3030 0.6812 0.6665
vn 0.7523 -0.0355 0.6578
vn 0.3751 -0.6512 0.6597
vn 0.6419 -0.3990 0.6548
vn -0.5503 0.5062 0.6641
vn -0.7069 0.2422 0.6646
vn 0.0046 0.7499 0.6616
vn 0.3692 0.6624 0.6518
vn 0.6704 0.3594 0.6491
vn -0.6496 -0.3642 0.6674
vn -0.3495 0.6464 -0.6783
vn -0.1347 0.7289 -0.6712
vn 0.0620 0.7310 -0.6796
vn 0.7269 -0.1941 -0.6587
vn 0.5732 -0.4745 -0.6681
vn 0.6347 0.3909 -0.6666
vn 0.2193 0.7153 -0.6635
vn 0.4593 0.5788 -0.6738
vn 0.7333 0.1245 -0.6684
vn -0.4873 0.5757 -0.6566
vn -0.1381 0.7439 -0.6539
vn 0.3379 -0.6703 -0.6607
vn -0.0272 -0.7580 -0.6516
vn -0.7512 -0.0676 -0.6566
vn -0.6960 0.2832 -0.6599
vn -0.3809 -0.6451 -0.6623
vn -0.6318 -0.4099 -0.6579
vn -0.4708 -0.5799 0.6649
vn -0.2329 -0.6988 0.6763
vn -0.0084 -0.7366 0.6763
vn 0.7494 0.0429 0.6607
vn -0.6636 -0.3249 0.6739
vn 0.2788 -0.6909 0.6671
vn 0.6928 -0.2770 0.6658
vn 0.5188 -0.5235 0.6758
vn 0.6606 0.3491 0.6646
vn -0.7444 -0.0469 0.6660
vn -0.6040 0.4362 0.6670
vn -0.6988 0.2347 0.6758
vn 0.2006 0.7080 0.6771
vn -0.0770 0.7379 0.6705
vn -0.3886 0.6360 0.6666
vn 0.4598 0.5877 0.6658
vn 0.7073 -0.2163 -0.6731
vn 0.5806 -0.4646 -0.6687
vn 0.7506 0.0337 -0.6599
vn -0.6823 -0.2643 -0.6817
vn 0.3828 -0.6287 -0.6768
vn -0.0324 -0.7352 -0.6771
vn -0.4096 -0.6113 -0.6772
vn -0.2418 -0.6960 -0.6761
vn 0.1630 -0.7152 -0.6796
vn -0.2042 0.7162 -0.6673
vn -0.5996 0.4422 -0.6670
vn -0.4371 0.5933 -0.6759
vn 0.0533 0.7318 -0.6794
vn 0.6615 0.3580 -0.6590
vn -0.7228 0.1815 -0.6668
vn -0.7304 -0.1022 -0.6753
vn 0.4703 0.5685 -0.6750
vn 0.2648 0.6874 -0.6762
vn -0.4213 -0.6111 0.6702
vn -0.1377 -0.7300 0.6694
vn 0.7462 0.0536 0.6636
vn 0.7055 -0.2125 0.6761
vn 0.6109 -0.4096 0.6775
vn 0.4290 -0.6112 0.6651
vn 0.1452 -0.7284 0.6696
vn -0.0196 0.7360 0.6767
vn -0.2476 0.6925 0.6776
vn 0.2688 0.6990 0.6627
vn -0.4470 0.5825 0.6789
vn -0.7445 -0.0473 0.6660
vn -0.6084 0.4257 0.6698
vn 0.6602 0.3528 0.6631
vn 0.5163 0.5304 0.6724
vn -0.6530 -0.3629 0.6647
vn 0.6999 -0.2303 -0.6762
vn 0.5769 -0.4700 -0.6680
vn 0.7473 0.0402 -0.6632
vn -0.6796 -0.2948 -0.6717
vn 0.3105 -0.6805 -0.6637
vn -0.0084 -0.7409 -0.6716
vn -0.3182 -0.6759 -0.6648
vn -0.5395 -0.5052 -0.6735
vn 0.6666 0.3424 -0.6621
vn -0.7305 -0.1027 -0.6752
vn -0.5979 0.4404 -0.6698
vn 0.1481 0.7257 -0.6719
vn -0.3746 0.6401 -0.6707
vn -0.1097 0.7274 -0.6774
vn 0.4560 0.5945 -0.6623
vn -0.4251 -0.6028 0.6752
vn -0.2186 -0.7056 0.6740
vn -0.5735 -0.4581 0.6792
vn -0.7213 -0.1246 0.6813
vn -0.6701 -0.2971 0.6802
vn -0.7280 0.0399 0.6845
vn -0.6168 0.4074 0.6735
vn -0.1837 0.7059 0.6841
vn 0.7241 -0.0884 0.6840
vn 0.2027 0.7069 0.6777
vn 0.4106 0.6163 0.6720
vn -0.0030 0.7352 0.6778
vn 0.6826 0.2776 0.6760
vn 0.7283 0.0830 0.6802
vn 0.5749 0.4594 0.6771
vn 0.0267 -0.7398 0.6723
vn 0.5844 -0.4452 0.6784
vn 0.6845 -0.2684 0.6778
vn 0.2521 -0.6904 0.6780
vn 0.4388 -0.5916 0.6764
vn -0.7032 0.2084 0.6797
vn -0.3378 0.6481 0.6825
vn -0.4766 0.5545 0.6822
vn -0.0692 -0.7362 -0.6732
vn -0.4410 -0.5892 -0.6770
vn -0.5816 -0.4476 -0.6792
vn -0.7326 0.0407 -0.6794
vn 0.1774 -0.7178 -0.6732
vn 0.4079 -0.6186 -0.6715
vn -0.2723 -0.6789 -0.6818
vn -0.3108 0.6666 -0.6775
vn -0.1308 0.7186 -0.6831
vn 0.2362 0.6926 -0.6816
vn 0.0527 0.7325 -0.6787
vn -0.4746 0.5588 -0.6800
vn 0.7320 0.0628 -0.6784
vn 0.5688 -0.4637 -0.6793
vn -0.6944 0.2528 -0.6737
vn -0.5913 0.4293 -0.6827
vn 0.4246 0.6058 -0.6728
vn 0.5833 0.4487 -0.6771
vn 0.6876 0.2649 -0.6760
vn 0.7218 -0.1402 -0.6778
vn 0.6588 -0.3134 -0.6840
vn -0.7172 -0.1309 -0.6845
vn -0.6730 -0.2882 -0.6812
vn 0.6048 0.4240 0.6741
vn 0.3814 0.6423 0.6648
vn 0.7325 0.1476 0.6646
vn -0.2148 0.7078 0.6729
vn -0.3917 0.6209 0.6790
vn 0.7274 -0.1346 0.6729
vn 0.6545 -0.3264 0.6820
vn 0.0709 0.7420 0.6666
vn -0.5645 0.4805 0.6712
vn -0.6775 0.2969 0.6730
vn 0.5243 -0.5381 0.6600
vn -0.0155 -0.7466 0.6651
vn 0.2639 -0.6938 0.6701
vn -0.7399 0.0392 0.6716
vn -0.3083 -0.6790 0.6663
vn -0.6987 -0.2437 0.6726
vn -0.5480 -0.5058 0.6663
vn 0.1161 0.7307 -0.6728
vn 0.3096 0.6674 -0.6773
vn 0.5107 0.5324 -0.6751
vn -0.1713 0.7253 -0.6668
vn -0.4885 0.5706 -0.6601
vn 0.6558 0.3349 -0.6765
vn 0.7307 0.1033 -0.6748
vn 0.7299 -0.1336 -0.6704
vn 0.6523 -0.3292 -0.6827
vn -0.6705 0.3069 -0.6755
vn 0.5145 -0.5469 -0.6605
vn -0.7285 0.0988 -0.6779
vn -0.6447 -0.3491 -0.6800
vn -0.7249 -0.1348 -0.6755
vn -0.5126 -0.5324 -0.6736
vn -0.2986 -0.6858 -0.6638
vn -0.0091 -0.7437 -0.6684
vn 0.2525 -0.6976 -0.6706
vn -0.7566 -0.0080 0.6539
vn -0.6602 -0.3578 0.6604
vn -0.4543 -0.5912 0.6664
vn 0.7544 0.0035 0.6564
vn 0.3848 0.6495 0.6558
vn -0.2323 0.7046 0.6705
vn -0.6668 0.3447 0.6607
vn 0.0512 0.7472 0.6627
vn -0.4681 0.5790 0.6675
vn 0.6583 0.3750 0.6527
vn -0.1936 -0.7210 0.6654
vn 0.1220 -0.7416 0.6597
vn 0.4112 -0.6232 0.6653
vn 0.6606 -0.3714 0.6524
vn -0.4658 -0.5822 -0.6664
vn -0.6696 -0.3416 -0.6595
vn 0.4860 -0.5825 -0.6515
vn -0.7585 0.0274 -0.6511
vn 0.1265 -0.7446 -0.6555
vn -0.2077 -0.7170 -0.6654
vn -0.6481 0.3737 -0.6636
vn 0.4132 0.6289 -0.6586
vn 0.7506 0.0075 -0.6607
vn 0.6867 -0.2904 -0.6664
vn -0.4532 0.5897 -0.6685
vn 0.0858 0.7466 -0.6597
vn -0.2153 0.7109 -0.6696
vn 0.6669 0.3579 -0.6536
vn 0.1507 -0.7244 0.6727
vn 0.3858 -0.6323 0.6718
vn -0.0873 -0.7274 0.6807
vn -0.4856 -0.5531 0.6770
vn -0.2904 -0.6749 0.6784
vn -0.6592 -0.3373 0.6720
vn 0.7244 0.1105 0.6805
vn -0.7444 -0.0468 0.6661
vn 0.4905 0.5555 0.6714
vn 0.2714 0.6818 0.6793
vn 0.0431 0.7368 0.6748
vn -0.2111 0.7137 0.6679
vn -0.4346 0.5949 0.6762
vn -0.5959 -0.4346 -0.6754
vn -0.6890 -0.2452 -0.6820
vn 0.3751 -0.6382 -0.6723
vn 0.1832 -0.7101 -0.6799
vn -0.0341 -0.7346 -0.6776
vn -0.2533 -0.6897 -0.6784
vn -0.4368 -0.5881 -0.6807
vn -0.7304 -0.1021 -0.6754
vn -0.6012 0.4353 -0.6702
vn 0.3713 0.6342 -0.6782
vn 0.5480 0.4872 -0.6800
vn 0.1165 0.7337 -0.6695
vn -0.1904 0.7198 -0.6676
vn -0.4228 0.6035 -0.6760
vn 0.1846 -0.7113 0.6783
vn 0.3865 -0.6296 0.6740
vn -0.0432 -0.7395 0.6718
vn -0.2843 -0.6791 0.6767
vn 0.7491 0.0416 0.6611
vn 0.6935 -0.2751 0.6659
vn 0.5336 -0.5061 0.6776
vn -0.2077 0.7155 0.6670
vn 0.3391 0.6581 0.6722
vn 0.0824 0.7398 0.6677
vn -0.6987 0.2347 0.6758
vn 0.5276 0.5105 0.6791
vn 0.6639 0.3190 0.6764
vn 0.5778 -0.4694 -0.6677
vn 0.7504 0.0324 -0.6602
vn -0.0326 -0.7356 -0.6767
vn -0.2511 -0.6925 -0.6763
vn 0.1726 -0.7143 -0.6783
vn 0.6844 0.2657 -0.6790
vn -0.1904 0.7207 -0.6666
vn 0.1015 0.7373 -0.6679
vn 0.3819 0.6380 -0.6686
vn 0.5789 0.4522 -0.6785
vn 0.7145 -0.1837 0.6751
vn -0.4784 -0.5519 0.6830
vn -0.1695 -0.7162 0.6770
vn -0.5928 -0.4278 0.6823
vn -0.3426 -0.6439 0.6842
vn -0.5776 0.4596 0.6746
vn -0.2740 0.6755 0.6845
vn 0.7320 0.0220 0.6809
vn 0.6403 0.3595 0.6788
vn 0.7040 0.1909 0.6840
vn 0.5301 0.5010 0.6841
vn 0.4055 0.6075 0.6830
vn 0.0817 0.7308 0.6777
vn -0.1139 0.7237 0.6806
vn 0.2592 0.6817 0.6842
vn -0.2481 -0.6908 -0.6791
vn 0.3353 0.6520 -0.6800
vn 0.4857 0.5468 -0.6820
vn 0.7167 0.1306 -0.6851
vn -0.5667 -0.4683 -0.6778
vn 0.5926 0.4234 -0.6852
vn 0.6728 0.2842 -0.6831
vn -0.5482 0.4876 -0.6795
vn -0.4093 0.6068 -0.6813
vn -0.2595 0.6822 -0.6836
vn -0.0785 0.7322 -0.6765
vn 0.1412 0.7234 -0.6758
vn 0.7321 -0.0407 -0.6799
vn 0.6936 -0.2570 -0.6730
vn -0.6426 0.3724 -0.6696
vn -0.5020 0.5406 -0.6751
vn -0.7169 0.1562 -0.6795
vn -0.2734 0.6901 -0.6701
vn 0.0368 0.7442 -0.6669
vn 0.3397 0.6618 -0.6683
vn -0.6761 -0.2994 -0.6733
vn -0.7331 -0.0660 -0.6769
vn 0.5506 0.4939 -0.6729
vn 0.6918 0.2759 -0.6673
vn -0.5450 -0.5043 -0.6698
vn 0.7446 -0.0450 -0.6660
vn 0.5227 -0.5250 -0.6716
vn 0.6633 -0.3166 -0.6781
vn 0.3139 -0.6723 -0.6704
vn -0.1483 -0.7225 -0.6753
vn -0.3694 -0.6354 -0.6781
vn 0.0844 -0.7299 -0.6783
vn 0.2930 0.6836 0.6685
vn 0.0527 0.7328 0.6784
vn 0.5325 0.5172 0.6700
vn -0.1735 0.7167 0.6755
vn -0.6509 0.3619 0.6673
vn -0.6980 -0.2651 0.6652
vn -0.4490 0.5972 0.6646
vn -0.7415 0.0635 0.6679
vn -0.5440 -0.5033 0.6714
vn 0.0020 -0.7416 0.6708
vn 0.5743 -0.4789 0.6639
vn -0.3152 -0.6769 0.6651
vn 0.3066 -0.6807 0.6654
vn 0.7122 -0.1963 0.6739
vn 0.7336 0.0593 0.6770
vn 0.6825 0.2913 0.6703
vn -0.2111 -0.7144 -0.6671
vn -0.4577 -0.5852 -0.6694
vn 0.4179 -0.6270 -0.6575
vn 0.0945 -0.7435 -0.6620
vn -0.6351 -0.3844 -0.6700
vn -0.4917 0.5806 -0.6489
vn 0.2247 0.7082 -0.6693
vn -0.1065 0.7493 -0.6536
vn 0.4726 0.5762 -0.6667
vn 0.6779 0.3289 -0.6575
vn 0.7536 -0.0277 -0.6567
vn 0.6552 -0.3692 -0.6591
vn -0.7448 -0.1024 -0.6594
vn -0.7116 0.2473 -0.6576
vn 0.3938 -0.6497 0.6502
vn 0.6550 -0.3694 0.6591
vn 0.7474 -0.0518 0.6623
vn -0.2971 -0.6859 0.6642
vn 0.0233 -0.7508 0.6601
vn -0.5829 -0.4815 0.6546
vn -0.7173 0.2252 0.6594
vn -0.3003 0.6766 0.6723
vn -0.5445 0.5165 0.6608
vn -0.7431 -0.1329 0.6559
vn -0.1742 0.7119 0.6803
vn 0.5066 -0.5302 0.6799
vn 0.5673 0.4914 -0.6608
vn 0.6889 0.3237 0.6486
vn 0.3885 0.6560 0.6472
vn -0.0075 0.7526 0.6584
vn 0.6600 -0.3261 -0.6769
vn -0.7012 -0.2402 -0.6712
vn 0.0843 -0.7299 -0.6783
vn -0.1066 0.7493 -0.6536
vn 0.4727 0.5762 -0.6667
vn -0.2972 -0.6859 0.6642
vn -0.4831 -0.5626 0.6709
vn 0.6551 -0.3694 0.6591
vn 0.3166 -0.6582 0.6831
vn 0.2931 0.6836 0.6685
vn -0.2594 -0.6986 -0.6668
vn 0.3468 0.6553 0.6711
vn -0.6875 -0.2832 0.6687
vn -0.5870 -0.4482 -0.6742
vn -0.2325 0.6427 0.7300
vn -0.3377 0.5903 0.7331
vn 0.7476 -0.0445 0.6626
vn -0.1116 0.6651 0.7384
vn 0.5539 0.5608 0.6154
vn 0.7368 -0.0070 0.6760
vn -0.5541 0.4214 0.7179
vn 0.7307 -0.0062 0.6827
vn -0.4888 0.4879 0.7232
vn -0.4171 0.5466 0.7261
vn -0.7084 0.0134 0.7057
vn 0.7320 0.0016 0.6813
vn -0.6841 0.1699 0.7093
vn -0.6309 0.3141 0.7095
vn -0.6291 -0.3203 0.7082
vn -0.5500 -0.4257 0.7185
vn -0.6901 -0.1638 0.7049
vn 0.7529 0.0016 0.6582
vn -0.2470 -0.6183 0.7461
vn 0.7674 0.0071 0.6411
vn -0.3365 -0.5902 0.7338
vn 0.7411 0.0013 0.6713
vn -0.4132 -0.5445 0.7299
vn -0.4812 -0.4943 0.7239
vn 0.0764 -0.5816 0.8099
vn 0.8111 0.0234 0.5844
vn 0.4764 0.4909 0.7295
vn -0.0041 -0.5504 0.8349
vn -0.0593 -0.5414 0.8387
vn -0.0933 -0.5887 0.8029
vn 0.7929 0.0099 0.6092
vn -0.1603 -0.6199 0.7681
vn -0.3009 -0.6068 -0.7357
vn -0.3823 -0.5649 -0.7312
vn 0.7430 0.0025 -0.6693
vn 0.7576 0.0016 -0.6527
vn -0.2179 -0.6263 -0.7485
vn 0.7730 0.0055 -0.6343
vn -0.1493 -0.6142 -0.7749
vn 0.7969 0.0071 -0.6041
vn -0.0945 -0.5867 -0.8043
vn 0.4761 0.4932 -0.7281
vn -0.0322 -0.5720 -0.8196
vn 0.0594 -0.5834 -0.8100
vn 0.8103 0.0201 -0.5857
vn -0.6361 -0.2986 -0.7115
vn -0.6742 -0.1916 -0.7132
vn 0.7323 0.0022 -0.6809
vn -0.5605 -0.4253 -0.7106
vn -0.4615 -0.5154 -0.7221
vn -0.6991 0.0959 -0.7086
vn -0.6626 0.2417 -0.7089
vn 0.7308 -0.0062 -0.6826
vn -0.7048 -0.0591 -0.7070
vn 0.7369 -0.0070 -0.6759
vn -0.4137 0.5491 -0.7262
vn 0.7477 -0.0445 -0.6626
vn -0.4850 0.4915 -0.7234
vn -0.5447 0.4301 -0.7200
vn -0.5999 0.3549 -0.7171
vn -0.4206 -0.6006 -0.6799
vn 0.7476 -0.0446 0.6627
vn 0.7307 -0.0063 0.6827
vn 0.7369 -0.0070 0.6760
vn -0.1039 0.6657 -0.7390
vn 0.5566 0.5578 -0.6157
vn -0.2237 0.6456 -0.7302
vn -0.3339 0.5927 -0.7329
vn -0.4234 0.5982 0.6803
vn -0.7084 0.0135 0.7056
vn 0.7310 -0.0004 0.6824
vn -0.6297 -0.3205 0.7076
vn -0.5486 -0.4273 0.7186
vn -0.6902 -0.1636 0.7049
vn -0.3377 -0.5849 0.7375
vn -0.2468 -0.6210 0.7439
vn 0.7466 0.0061 0.6652
vn -0.4111 -0.5482 0.7284
vn 0.7370 0.0005 0.6759
vn -0.4824 -0.4910 0.7254
vn 0.0764 -0.5814 0.8100
vn 0.8111 0.0233 0.5844
vn 0.4780 0.4901 0.7289
vn -0.0041 -0.5502 0.8350
vn -0.0592 -0.5412 0.8388
vn -0.0932 -0.5887 0.8029
vn 0.7931 0.0091 0.6090
vn 0.7676 0.0064 0.6409
vn -0.6991 0.0958 -0.7086
vn 0.7477 -0.0445 -0.6625
vn 0.1739 -0.6608 0.7302
vn 0.3167 -0.6153 0.7219
vn -0.7483 0.0423 0.6620
vn -0.5383 -0.5787 0.6126
vn 0.4191 -0.5503 0.7221
vn 0.5324 -0.4583 0.7117
vn -0.7328 0.0107 0.6803
vn 0.7098 -0.0106 0.7043
vn -0.7326 -0.0031 0.6807
vn 0.6841 -0.1703 0.7092
vn 0.6289 -0.3190 0.7090
vn 0.6291 0.3203 0.7082
vn 0.5471 0.4337 0.7159
vn 0.6920 0.1618 0.7035
vn -0.7440 -0.0047 0.6682
vn 0.2844 0.6233 0.7284
vn -0.7665 -0.0171 0.6420
vn 0.4471 0.5397 0.7134
vn -0.1806 0.6371 0.7493
vn -0.7811 -0.2273 0.5815
vn -0.3853 -0.5118 0.7679
vn 0.0364 0.5704 0.8205
vn 0.1288 0.6206 0.7735
vn 0.2543 0.6331 -0.7311
vn 0.4255 0.5580 -0.7125
vn -0.7460 -0.0060 -0.6659
vn -0.7709 -0.0154 -0.6368
vn 0.1124 0.6180 -0.7781
vn -0.3965 -0.5031 -0.7680
vn 0.0512 0.5513 -0.8327
vn -0.0282 0.5728 -0.8192
vn -0.2340 0.6120 -0.7555
vn -0.7806 -0.2360 -0.5788
vn -0.7329 -0.0039 -0.6803
vn 0.6399 0.2939 -0.7100
vn 0.6961 0.1440 -0.7034
vn 0.5579 0.4318 -0.7087
vn 0.7123 -0.0507 -0.7000
vn 0.6648 -0.2440 -0.7061
vn -0.7325 0.0098 -0.6807
vn 0.4510 -0.5345 -0.7147
vn -0.7469 0.0439 -0.6634
vn 0.5785 -0.4034 -0.7089
vn 0.1654 -0.6622 -0.7309
vn -0.5431 -0.5746 -0.6123
vn 0.3137 -0.6193 -0.7198
vn 0.0364 0.5705 0.8205
vn 0.4510 -0.5346 -0.7147
vn 0.3137 -0.6193 -0.7197
vn -0.7308 -0.0062 0.6826
vn -0.7369 -0.0070 0.6759
vn -0.7477 -0.0445 0.6625
vn -0.5565 0.5578 0.6157
vn 0.2896 0.6192 0.7299
vn -0.7682 -0.0228 0.6398
vn 0.1711 0.6125 0.7717
vn 0.0965 0.5977 0.7959
vn -0.4091 -0.5043 0.7604
vn 0.0303 0.5779 0.8156
vn -0.7328 0.0106 0.6804
vn -0.7484 0.0421 0.6619
vn 0.4191 -0.5503 0.7222
vn 0.0513 0.5514 -0.8327
vn 0.2548 0.6323 -0.7317
vn 0.1115 0.6178 -0.7784
vn 0.4760 0.4932 -0.7281
vn 0.7430 0.0024 -0.6693
vn 0.7577 0.0016 -0.6526
vn 0.7728 0.0057 -0.6346
vn 0.7970 0.0069 -0.6039
vn 0.7517 0.0402 -0.6583
vn -0.1961 -0.6674 -0.7184
vn -0.3799 -0.5878 -0.7143
vn 0.5440 -0.5717 -0.6142
vn -0.5294 -0.4645 -0.7099
vn 0.7334 0.0123 -0.6797
vn -0.7098 -0.0106 -0.7043
vn 0.7326 -0.0031 -0.6807
vn -0.6841 -0.1703 -0.7092
vn -0.6289 -0.3190 -0.7090
vn -0.6291 0.3203 -0.7082
vn -0.5471 0.4337 -0.7159
vn -0.6920 0.1618 -0.7035
vn 0.7665 -0.0171 -0.6420
vn 0.7440 -0.0047 -0.6682
vn -0.2844 0.6233 -0.7284
vn -0.4471 0.5397 -0.7134
vn 0.1806 0.6371 -0.7493
vn 0.7811 -0.2273 -0.5815
vn 0.3853 -0.5118 -0.7679
vn -0.0364 0.5705 -0.8205
vn -0.1288 0.6206 -0.7735
vn -0.2543 0.6331 0.7311
vn -0.4255 0.5580 0.7125
vn 0.7460 -0.0060 0.6659
vn 0.7709 -0.0154 0.6368
vn -0.1124 0.6180 0.7781
vn 0.3965 -0.5031 0.7680
vn -0.0512 0.5513 0.8327
vn 0.0282 0.5728 0.8192
vn 0.2340 0.6120 0.7555
vn 0.7806 -0.2359 0.5788
vn -0.6961 0.1440 0.7034
vn 0.7329 -0.0039 0.6803
vn -0.6399 0.2940 0.7100
vn -0.5579 0.4318 0.7087
vn -0.7123 -0.0507 0.7000
vn -0.6648 -0.2440 0.7061
vn 0.7325 0.0098 0.6807
vn -0.4551 -0.5294 0.7159
vn 0.7476 0.0428 0.6628
vn -0.5785 -0.4034 0.7089
vn -0.2133 -0.6535 0.7263
vn 0.5293 -0.5890 0.6107
vn -0.3350 -0.5956 0.7301
vn -0.1712 -0.6605 -0.7310
vn -0.3182 -0.6131 -0.7231
vn 0.7487 0.0416 -0.6617
vn 0.5391 -0.5777 -0.6129
vn -0.4191 -0.5503 -0.7221
vn -0.5324 -0.4583 -0.7117
vn 0.7328 0.0107 -0.6803
vn -0.7084 -0.0135 -0.7057
vn -0.6837 -0.1701 -0.7096
vn -0.2897 0.6192 -0.7299
vn 0.7681 -0.0226 -0.6400
vn 0.7440 -0.0048 -0.6682
vn -0.6272 0.3221 -0.7092
vn -0.6899 0.1613 -0.7057
vn 0.1805 0.6370 -0.7494
vn 0.7812 -0.2272 -0.5815
vn 0.4107 -0.5037 -0.7600
vn -0.0303 0.5777 -0.8157
vn -0.0964 0.5977 -0.7959
vn -0.1711 0.6126 -0.7717
vn -0.4537 -0.5319 0.7150
vn 0.7325 0.0097 0.6807
vn 0.7477 0.0426 0.6627
vn -0.3399 -0.5922 0.7306
vn -0.2097 -0.6539 0.7269
vn 0.5291 -0.5891 0.6107
vn -0.5626 0.4282 0.7072
vn -0.6630 0.2575 0.7030
vn 0.7330 -0.0038 0.6803
vn -0.7060 0.0680 0.7050
vn -0.6990 -0.0960 0.7087
vn -0.6611 -0.2490 0.7078
vn -0.2548 0.6323 0.7317
vn 0.7516 0.0402 -0.6583
vn 0.3964 -0.5030 0.7680
vn 0.7806 -0.2360 0.5788
vn -0.0513 0.5514 0.8327
vn -0.1115 0.6177 0.7784
vn -0.2896 0.6192 -0.7299
vn 0.7696 -0.0285 -0.6379
vn 0.2095 0.6256 -0.7515
vn 0.7790 -0.2337 -0.5819
vn 0.4456 -0.4872 -0.7510
vn 0.0054 0.5593 -0.8289
vn -0.0409 0.6285 -0.7767
vn -0.1651 0.6141 -0.7717
vn -0.1122 0.6171 0.7788
vn -0.0475 0.5533 0.8316
vn 0.0276 0.5736 0.8187
vn 0.2309 0.6132 0.7554
vn 0.7788 -0.2369 0.5808
vn -0.6399 0.2939 0.7100
vn -0.6903 0.3281 -0.6449
vn -0.4294 0.6114 -0.6647
vn -0.7150 0.0545 -0.6970
vn -0.1543 0.7297 -0.6662
vn 0.1724 0.7296 -0.6618
vn 0.7223 0.0680 -0.6883
vn 0.4631 0.5833 -0.6673
vn 0.6931 0.3099 -0.6509
vn -0.4380 0.6055 0.6645
vn -0.6871 0.3307 0.6470
vn 0.1529 0.7491 -0.6446
vn 0.5203 0.5565 0.6477
vn 0.5485 0.5286 -0.6478
vn 0.1859 0.7249 0.6633
vn -0.1161 0.7480 0.6535
vn -0.1427 0.7346 -0.6633
vn -0.1620 0.7388 0.6542
vn 0.7195 -0.2734 -0.6385
vn -0.7216 -0.2621 -0.6407
vn 0.4033 -0.6434 -0.6507
vn 0.0345 -0.7513 -0.6591
vn -0.3784 -0.6626 -0.6463
vn 0.4322 -0.6256 0.6495
vn 0.7271 -0.2494 0.6396
vn 0.0006 -0.7607 0.6491
vn -0.4717 -0.6026 0.6436
vn -0.7311 -0.2030 0.6513
vn 0.7346 0.1111 0.6694
vn -0.7264 0.0611 0.6846
vn 0.6640 0.1484 0.7328
vn 0.6690 0.3879 0.6340
vn 0.2763 0.6997 0.6588
vn -0.1175 0.7469 0.6545
vn -0.4379 0.6056 0.6645
vn -0.6870 0.3307 0.6470
vn -0.3907 -0.6344 -0.6670
vn -0.7191 -0.1971 -0.6663
vn 0.3428 -0.6790 -0.6492
vn -0.5944 -0.4470 -0.6684
vn -0.0679 -0.7555 -0.6516
vn -0.6128 0.4453 -0.6528
vn -0.2913 0.7024 -0.6495
vn -0.7421 0.1082 -0.6615
vn 0.6232 -0.4192 -0.6602
vn 0.7265 0.1884 -0.6609
vn 0.7362 -0.1241 -0.6653
vn 0.7154 -0.2635 0.6471
vn 0.7407 0.1774 0.6480
vn -0.4756 -0.5826 0.6591
vn 0.1148 -0.7373 0.6657
vn -0.1837 -0.7247 0.6641
vn -0.5400 0.5411 0.6447
vn -0.7537 0.1270 0.6449
vn -0.6969 -0.2933 0.6544
vn 0.4521 -0.6116 0.6493
vn 0.7225 0.0696 -0.6879
vn 0.2599 0.7173 -0.6465
vn 0.6686 0.3909 -0.6326
vn 0.6644 0.1505 0.7321
vn 0.2763 0.7012 0.6572
vn 0.6665 0.3995 0.6294
vn -0.5774 0.5773 0.5773
vn -0.5773 0.5774 -0.5774
vn -0.5773 -0.5774 0.5774
vn 0.5774 0.5773 -0.5774
vn 0.5774 -0.5774 0.5774
vn 0.5773 -0.5774 -0.5774
vt 0.784300 0.308900
vt 0.762400 0.718600
vt 0.762400 0.308900
vt 0.784300 0.718600
vt 0.960000 0.013100
vt 0.960000 0.155300
vt 0.816700 0.013100
vt 0.960000 0.320600
vt 0.960000 0.420000
vt 0.816700 0.420000
vt 0.762400 0.596200
vt 0.762400 0.473800
vt 0.784300 0.473800
vt 0.784300 0.063600
vt 0.762400 0.186300
vt 0.762400 0.063600
vt 0.995200 0.793500
vt 0.817600 0.384100
vt 0.817600 0.793500
vt 0.995200 0.384100
vt 0.993900 0.036400
vt 0.634200 0.970000
vt 0.993900 0.970000
vt 0.634200 0.036400
vt 0.764700 0.204600
vt 0.621700 0.686700
vt 0.621700 0.204600
vt 0.764700 0.686700
vt 0.622700 0.000500
vt 0.809800 0.999500
vt 0.622700 0.999500
vt 0.809800 0.000500
vt 0.986300 0.974900
vt 0.971700 0.959400
vt 0.971700 0.047600
vt 0.986300 0.032400
vt 0.931300 0.959400
vt 0.916800 0.974900
vt 0.916800 0.032400
vt 0.931300 0.047600
vt 0.615900 0.077500
vt 0.808000 0.924100
vt 0.615900 0.924100
vt 0.808000 0.077500
vt 0.829300 0.024200
vt 0.829300 0.455200
vt 0.816300 0.467700
vt 0.816300 0.011700
vt 0.000000 0.000000
vt 0.954200 0.473800
vt 0.932300 0.064100
vt 0.932300 0.473800
vt 0.954200 0.064100
vt 0.995200 0.464600
vt 0.817800 0.874000
vt 0.817800 0.464600
vt 0.995200 0.874000
vt 0.710900 0.077500
vt 0.618600 0.924100
vt 0.710900 0.924100
vt 0.618600 0.077500
vt 0.948100 0.372800
vt 0.948100 0.906200
vt 0.932600 0.891700
vt 0.932600 0.387300
vt 0.808800 0.077500
vt 0.642500 0.924100
vt 0.808800 0.924100
vt 0.642500 0.077500
vt 0.995200 0.013100
vt 0.852200 0.420000
vt 0.852200 0.013100
vt 0.995200 0.420000
vt 0.656200 0.686700
vt 0.656200 0.568900
vt 0.799500 0.686700
vt 0.656200 0.373000
vt 0.656200 0.204600
vt 0.799500 0.204600
vt 0.259655 0.010781
vt 0.326032 0.023358
vt 0.192721 0.017879
vt 0.475289 0.171411
vt 0.392340 0.057906
vt 0.440475 0.104955
vt 0.489203 0.234371
vt 0.111933 0.055978
vt 0.039391 0.140090
vt 0.011990 0.222797
vt 0.486323 0.288009
vt 0.014303 0.289309
vt 0.465365 0.353823
vt 0.411223 0.425208
vt 0.321354 0.477191
vt 0.079616 0.417092
vt 0.035721 0.356786
vt 0.146176 0.465363
vt 0.225258 0.487364
vt 0.880000 0.500000
vt 0.870000 1.000000
vt 0.870000 0.500000
vt 0.880000 1.000000
vt 0.890000 0.500000
vt 0.884253 1.000000
vt 0.966569 0.500000
vt 0.970000 1.000000
vt 0.960000 1.000000
vt 0.343690 0.500000
vt 0.350001 1.000000
vt 0.340001 1.000000
vt 0.360001 0.500000
vt 0.355270 1.000000
vt 0.350001 0.500000
vt 0.396195 0.500000
vt 0.400001 1.000000
vt 0.390001 1.000000
vt 0.450001 0.500000
vt 0.440001 1.000000
vt 0.440001 0.500000
vt 0.450001 1.000000
vt 0.460001 0.500000
vt 0.455889 1.000000
vt 0.540000 0.500000
vt 0.530000 1.000000
vt 0.530000 0.500000
vt 0.540000 1.000000
vt 0.590000 0.500000
vt 0.580000 1.000000
vt 0.580000 0.500000
vt 0.590000 1.000000
vt 0.640000 0.500000
vt 0.630000 1.000000
vt 0.630000 0.500000
vt 0.640000 1.000000
vt 0.730000 0.500000
vt 0.725894 1.000000
vt 0.720000 0.500000
vt 0.744105 0.500000
vt 0.750000 1.000000
vt 0.740000 1.000000
vt 0.780000 0.500000
vt 0.770000 1.000000
vt 0.770000 0.500000
vt 0.780000 1.000000
vt 0.830000 0.500000
vt 0.820000 1.000000
vt 0.820000 0.500000
vt 0.830000 1.000000
vt 0.344116 0.500000
vt 0.380001 0.500000
vt 0.376162 1.000000
vt 0.370001 0.500000
vt 0.410001 0.500000
vt 0.405886 1.000000
vt 0.400001 0.500000
vt 0.413841 0.500000
vt 0.420001 1.000000
vt 0.410001 1.000000
vt 0.424115 0.500000
vt 0.430001 1.000000
vt 0.470001 0.500000
vt 0.465885 1.000000
vt 0.480000 0.500000
vt 0.476161 1.000000
vt 0.514732 0.500000
vt 0.520000 1.000000
vt 0.510000 1.000000
vt 0.550000 0.500000
vt 0.550000 1.000000
vt 0.560000 0.500000
vt 0.555885 1.000000
vt 0.574114 0.500000
vt 0.570000 1.000000
vt 0.620000 0.500000
vt 0.614158 1.000000
vt 0.610000 0.500000
vt 0.650000 0.500000
vt 0.650000 1.000000
vt 0.674115 0.500000
vt 0.680000 1.000000
vt 0.670000 1.000000
vt 0.700000 0.500000
vt 0.695885 1.000000
vt 0.690000 0.500000
vt 0.726569 0.500000
vt 0.730000 1.000000
vt 0.720000 1.000000
vt 0.767089 1.000000
vt 0.760000 0.500000
vt 0.782913 0.500000
vt 0.790000 1.000000
vt 0.865883 1.000000
vt 0.860000 0.500000
vt 0.884118 0.500000
vt 0.890000 1.000000
vt 0.930000 0.500000
vt 0.925270 1.000000
vt 0.920000 0.500000
vt 0.940000 0.500000
vt 0.935888 1.000000
vt 0.954111 0.500000
vt 0.950000 1.000000
vt 0.963838 0.500000
vt 0.964112 0.500000
vt 0.930000 1.000000
vt 0.940000 1.000000
vt 0.885885 1.000000
vt 0.850000 1.000000
vt 0.850000 0.500000
vt 0.860000 1.000000
vt 0.864114 0.500000
vt 0.790000 0.500000
vt 0.783430 1.000000
vt 0.736198 0.500000
vt 0.755885 1.000000
vt 0.750000 0.500000
vt 0.744730 0.500000
vt 0.968864 0.152957
vt 0.932734 0.095871
vt 0.986504 0.213316
vt 0.512254 0.226113
vt 0.800139 0.015895
vt 0.544341 0.131161
vt 0.732719 0.011570
vt 0.666899 0.025472
vt 0.607668 0.057925
vt 0.975974 0.329085
vt 0.988805 0.271453
vt 0.514211 0.292488
vt 0.934972 0.399975
vt 0.582969 0.420388
vt 0.534697 0.353835
vt 0.636177 0.460959
vt 0.700216 0.483393
vt 0.873715 0.454971
vt 0.796923 0.483463
vt 0.453217 0.372969
vt 0.388706 0.444735
vt 0.487090 0.282518
vt 0.160117 0.470497
vt 0.090078 0.428168
vt 0.046966 0.376151
vt 0.314341 0.479806
vt 0.240341 0.489218
vt 0.011652 0.228536
vt 0.039389 0.140091
vt 0.367147 0.041641
vt 0.105584 0.060015
vt 0.282171 0.014066
vt 0.185627 0.020195
vt 0.821704 0.021952
vt 0.732653 0.012520
vt 0.574823 0.088716
vt 0.646165 0.034697
vt 0.932777 0.095879
vt 0.882799 0.050794
vt 0.511651 0.225814
vt 0.526922 0.164132
vt 0.989024 0.231188
vt 0.973754 0.167005
vt 0.515285 0.294690
vt 0.985504 0.290648
vt 0.774817 0.486201
vt 0.879606 0.449732
vt 0.952322 0.375551
vt 0.582940 0.420366
vt 0.537661 0.360593
vt 0.664583 0.472264
vt 0.434967 0.100020
vt 0.481595 0.194877
vt 0.017072 0.303109
vt 0.014303 0.289309
vt 0.453283 0.372909
vt 0.375614 0.452307
vt 0.203023 0.483418
vt 0.292592 0.485259
vt 0.486323 0.288009
vt 0.079616 0.417092
vt 0.132882 0.459108
vt 0.035721 0.356786
vt 0.484197 0.206143
vt 0.011990 0.222797
vt 0.028541 0.159908
vt 0.078075 0.085260
vt 0.237389 0.012217
vt 0.150237 0.032725
vt 0.326032 0.023358
vt 0.403620 0.068071
vt 0.457154 0.129975
vt 0.308482 0.500000
vt 0.268112 1.000000
vt 0.266096 0.500000
vt 0.311492 1.000000
vt 0.340001 0.500000
vt 0.220057 0.500000
vt 0.176418 1.000000
vt 0.173580 0.500000
vt 0.223693 1.000000
vt 0.123444 0.500000
vt 0.081257 1.000000
vt 0.058397 0.500000
vt 0.126552 1.000000
vt 0.031607 1.000000
vt 0.008750 0.500000
vt 0.303421 0.500000
vt 0.251495 1.000000
vt 0.248507 0.500000
vt 0.296421 1.000000
vt 0.331257 1.000000
vt 0.203581 0.500000
vt 0.176420 1.000000
vt 0.158502 0.500000
vt 0.211255 1.000000
vt 0.113581 0.500000
vt 0.106421 1.000000
vt 0.068488 0.500000
vt 0.141252 1.000000
vt 0.023581 0.500000
vt 0.016421 1.000000
vt 0.000001 0.500000
vt 0.061513 1.000000
vt 0.916036 0.500000
vt 0.895802 1.000000
vt 0.894980 0.500000
vt 0.916590 1.000000
vt 0.943605 0.500000
vt 0.946406 1.000000
vt 0.974129 0.500000
vt 0.975871 1.000000
vt 0.999965 0.500000
vt 0.999993 1.000000
vt 0.823740 0.500000
vt 0.835829 1.000000
vt 0.806469 1.000000
vt 0.854418 0.500000
vt 0.855799 1.000000
vt 0.874570 0.500000
vt 0.875777 1.000000
vt 0.753585 0.500000
vt 0.736398 1.000000
vt 0.713580 0.500000
vt 0.771257 1.000000
vt 0.788728 0.500000
vt 0.644203 0.500000
vt 0.646546 1.000000
vt 0.623128 0.500000
vt 0.673582 0.500000
vt 0.681353 1.000000
vt 0.705958 1.000000
vt 0.542274 0.500000
vt 0.555526 1.000000
vt 0.562782 0.500000
vt 0.574746 1.000000
vt 0.584180 0.500000
vt 0.595071 1.000000
vt 0.604228 0.500000
vt 0.615315 1.000000
vt 0.473815 0.500000
vt 0.476363 1.000000
vt 0.504221 0.500000
vt 0.518594 1.000000
vt 0.520000 0.500000
vt 0.349211 0.500000
vt 0.385957 1.000000
vt 0.355921 1.000000
vt 0.386028 0.500000
vt 0.410001 0.500000
vt 0.410001 1.000000
vt 0.439811 1.000000
vt 0.439796 0.500000
vt 0.310473 0.500000
vt 0.288431 1.000000
vt 0.275793 0.500000
vt 0.329167 1.000000
vt 0.146142 1.000000
vt 0.146142 0.500000
vt 0.108128 1.000000
vt 0.108127 0.500000
vt 0.014662 0.500000
vt 0.000001 1.000000
vt 0.014675 1.000000
vt 0.985906 0.217769
vt 0.954158 0.126503
vt 0.524309 0.325859
vt 0.894391 0.060038
vt 0.519056 0.200735
vt 0.732708 0.012512
vt 0.580400 0.083686
vt 0.652962 0.031134
vt 0.821731 0.021951
vt 0.982120 0.307285
vt 0.832366 0.471286
vt 0.939189 0.393632
vt 0.583813 0.419690
vt 0.693493 0.480011
vt 0.215020 0.013975
vt 0.304362 0.017672
vt 0.063715 0.102573
vt 0.391861 0.058735
vt 0.486525 0.237589
vt 0.456573 0.130492
vt 0.136831 0.039429
vt 0.022809 0.321355
vt 0.139613 0.461586
vt 0.069473 0.406090
vt 0.015777 0.210475
vt 0.755385 0.010647
vt 0.688351 0.019053
vt 0.821730 0.021951
vt 0.932777 0.095879
vt 0.882799 0.050794
vt 0.511651 0.225814
vt 0.973754 0.167005
vt 0.608112 0.058796
vt 0.537280 0.144403
vt 0.519721 0.309779
vt 0.985504 0.290648
vt 0.989024 0.231187
vt 0.573386 0.408821
vt 0.729598 0.488542
vt 0.818567 0.477414
vt 0.952322 0.375551
vt 0.898415 0.437861
vt 0.657365 0.469930
vt 0.489203 0.234370
vt 0.111933 0.055978
vt 0.192720 0.017879
vt 0.475289 0.171411
vt 0.259655 0.010781
vt 0.326033 0.023358
vt 0.392340 0.057906
vt 0.440475 0.104955
vt 0.468864 0.347043
vt 0.427404 0.409560
vt 0.018315 0.304212
vt 0.486323 0.288009
vt 0.356203 0.463664
vt 0.120429 0.449795
vt 0.055265 0.388706
vt 0.270141 0.487792
vt 0.195689 0.483172
vt 0.468026 0.346934
vt 0.405227 0.429797
vt 0.232653 0.487480
vt 0.321732 0.478048
vt 0.755386 0.010647
vt 0.688352 0.019053
vt 0.821730 0.021951
vt 0.932777 0.095879
vt 0.882799 0.050794
vt 0.511651 0.225814
vt 0.973754 0.167005
vt 0.608112 0.058796
vt 0.515279 0.294665
vt 0.985504 0.290648
vt 0.989024 0.231188
vt 0.952322 0.375551
vt 0.825808 0.475728
vt 0.898414 0.437861
vt 0.604976 0.440472
vt 0.550218 0.379565
vt 0.671413 0.475290
vt 0.744613 0.489353
vt 0.011990 0.222797
vt 0.987776 0.270128
vt 0.920367 0.417119
vt 0.967276 0.349761
vt 0.985099 0.203227
vt 0.906716 0.069006
vt 0.853821 0.465343
vt 0.599382 0.435638
vt 0.789560 0.486122
vt 0.729595 0.488542
vt 0.968865 0.152959
vt 0.942811 0.107581
vt 0.664078 0.473111
vt 0.531134 0.347038
vt 0.557186 0.392415
vt 0.514784 0.207448
vt 0.513114 0.282197
vt 0.673967 0.023358
vt 0.785342 0.013210
vt 0.733063 0.010927
vt 0.849721 0.032737
vt 0.607662 0.057966
vt 0.564106 0.098664
vt 0.535719 0.143219
vt 0.101580 0.437856
vt 0.055267 0.388709
vt 0.159906 0.471437
vt 0.021952 0.321733
vt 0.488409 0.267275
vt 0.111293 0.055267
vt 0.333104 0.025473
vt 0.178257 0.021935
vt 0.259823 0.011559
vt 0.031133 0.152963
vt 0.062142 0.101582
vt 0.013878 0.210437
vt 0.010656 0.263171
vt 0.225343 0.488140
vt 0.285341 0.486791
vt 0.406717 0.430993
vt 0.349708 0.467245
vt 0.450631 0.379994
vt 0.477351 0.325857
vt 0.398106 0.062928
vt 0.445002 0.110656
vt 0.485773 0.206945
vt 0.470561 0.156878
vt 0.512254 0.226113
vt 0.986504 0.213315
vt 0.905271 0.070252
vt 0.821724 0.021949
vt 0.965364 0.146176
vt 0.732653 0.012520
vt 0.639566 0.038492
vt 0.569460 0.093999
vt 0.529436 0.156887
vt 0.517869 0.306378
vt 0.986446 0.284364
vt 0.964281 0.356781
vt 0.925815 0.411977
vt 0.623796 0.453060
vt 0.558733 0.391859
vt 0.692720 0.482121
vt 0.767262 0.488439
vt 0.853512 0.464458
vt 0.232746 0.488460
vt 0.166894 0.474545
vt 0.314375 0.479804
vt 0.046604 0.376844
vt 0.019210 0.309951
vt 0.096381 0.431931
vt 0.487089 0.282520
vt 0.012902 0.220586
vt 0.486686 0.214894
vt 0.366765 0.042477
vt 0.430989 0.093279
vt 0.105584 0.060015
vt 0.274779 0.012647
vt 0.185662 0.020193
vt 0.042463 0.133230
vt 0.467244 0.150288
vt 0.893679 0.060858
vt 0.814741 0.019506
vt 0.732709 0.012511
vt 0.986267 0.225336
vt 0.846880 0.468101
vt 0.512217 0.237392
vt 0.633237 0.042476
vt 0.548752 0.125077
vt 0.925191 0.411305
vt 0.975310 0.328671
vt 0.752343 0.488121
vt 0.637951 0.458702
vt 0.540674 0.359250
vt 0.958378 0.132841
vt 0.468865 0.347041
vt 0.427404 0.409559
vt 0.376829 0.453364
vt 0.021189 0.188800
vt 0.067261 0.095878
vt 0.047693 0.375613
vt 0.174138 0.475690
vt 0.101580 0.437856
vt 0.014782 0.292542
vt 0.405270 0.429749
vt 0.291968 0.483109
vt 0.137397 0.040195
vt 0.259716 0.014060
vt 0.486698 0.230092
vt 0.470498 0.339878
vt 0.373469 0.045819
vt 0.447815 0.118547
vt 0.945066 0.114459
vt 0.882799 0.050794
vt 0.821705 0.021952
vt 0.517882 0.198169
vt 0.985260 0.209284
vt 0.725259 0.013767
vt 0.565027 0.100012
vt 0.632856 0.041582
vt 0.517360 0.302349
vt 0.981484 0.305368
vt 0.898096 0.437132
vt 0.949205 0.382801
vt 0.623796 0.453060
vt 0.707743 0.484333
vt 0.811540 0.480023
vt 0.558734 0.391860
vt 0.053195 0.113668
vt 0.111991 0.055962
vt 0.018826 0.194454
vt 0.488420 0.227406
vt 0.192755 0.017900
vt 0.326033 0.023359
vt 0.435622 0.099397
vt 0.386332 0.053194
vt 0.259655 0.010781
vt 0.247594 0.488086
vt 0.394390 0.439963
vt 0.329092 0.475972
vt 0.166895 0.474527
vt 0.018336 0.304143
vt 0.457492 0.366810
vt 0.486323 0.288009
vt 0.055265 0.388706
vt 0.107660 0.442094
vt 0.931915 0.096384
vt 0.856205 0.036337
vt 0.517882 0.198169
vt 0.550799 0.117220
vt 0.595886 0.067282
vt 0.674189 0.024257
vt 0.770128 0.012242
vt 0.692756 0.482101
vt 0.767282 0.488430
vt 0.606269 0.439115
vt 0.833109 0.474526
vt 0.981484 0.305368
vt 0.898096 0.437132
vt 0.949205 0.382800
vt 0.517359 0.302348
vt 0.545025 0.373710
vt 0.981211 0.195013
vt 0.053195 0.113668
vt 0.111990 0.055962
vt 0.018826 0.194454
vt 0.485899 0.213292
vt 0.215145 0.015022
vt 0.318812 0.021493
vt 0.408921 0.073486
vt 0.464280 0.143216
vt 0.016120 0.296831
vt 0.486323 0.288009
vt 0.457492 0.366810
vt 0.394390 0.439963
vt 0.139590 0.461547
vt 0.306944 0.481208
vt 0.217782 0.486852
vt 0.060857 0.393679
vt 0.888649 0.055286
vt 0.821730 0.021951
vt 0.937859 0.101582
vt 0.986121 0.210431
vt 0.968865 0.152959
vt 0.989345 0.263160
vt 0.948663 0.382238
vt 0.811437 0.481664
vt 0.511954 0.221829
vt 0.685260 0.480494
vt 0.617854 0.448667
vt 0.752252 0.489053
vt 0.528578 0.340110
vt 0.511859 0.274654
vt 0.562141 0.398418
vt 0.740177 0.011559
vt 0.559524 0.104956
vt 0.526904 0.164095
vt 0.666895 0.025473
vt 0.607666 0.057926
vt 0.980494 0.314739
vt 0.860591 0.462340
vt 0.904243 0.433489
vt 0.274815 0.012691
vt 0.392340 0.057906
vt 0.440476 0.104956
vt 0.489219 0.259649
vt 0.192756 0.017900
vt 0.117854 0.051333
vt 0.339989 0.027826
vt 0.349721 0.467263
vt 0.293064 0.485807
vt 0.174138 0.477385
vt 0.232747 0.488460
vt 0.406717 0.430992
vt 0.011457 0.270402
vt 0.062142 0.101582
vt 0.473683 0.333051
vt 0.442811 0.392419
vt 0.113966 0.446083
vt 0.059524 0.395043
vt 0.026904 0.335905
vt 0.015616 0.202971
vt 0.033915 0.146238
vt 0.485773 0.206946
vt 0.470561 0.156879
vt 0.678271 0.478049
vt 0.774740 0.486234
vt 0.594728 0.429748
vt 0.944734 0.388707
vt 0.975974 0.329085
vt 0.534677 0.353842
vt 0.514211 0.292490
vt 0.879605 0.449733
vt 0.988805 0.271451
vt 0.983034 0.199461
vt 0.515314 0.210924
vt 0.608150 0.058745
vt 0.546958 0.123805
vt 0.946027 0.113958
vt 0.695670 0.017623
vt 0.882191 0.051334
vt 0.792314 0.015657
vt 0.363169 0.460570
vt 0.300132 0.484106
vt 0.225255 0.487364
vt 0.431918 0.403612
vt 0.480874 0.306408
vt 0.146174 0.465363
vt 0.084708 0.422741
vt 0.036322 0.356265
vt 0.013706 0.289747
vt 0.483626 0.201540
vt 0.016390 0.205117
vt 0.457154 0.129976
vt 0.347040 0.031135
vt 0.409562 0.072598
vt 0.282195 0.013114
vt 0.193057 0.018791
vt 0.105584 0.060014
vt 0.049390 0.119988
vt 0.986844 0.247544
vt 0.957524 0.133237
vt 0.894403 0.060025
vt 0.511898 0.252399
vt 0.631161 0.455660
vt 0.826029 0.476620
vt 0.959805 0.362603
vt 0.737445 0.487781
vt 0.898086 0.437094
vt 0.543600 0.366181
vt 0.814341 0.020194
vt 0.710476 0.015786
vt 0.620006 0.049404
vt 0.545533 0.131892
vt 0.398093 0.062888
vt 0.459796 0.137337
vt 0.095592 0.071365
vt 0.485887 0.259956
vt 0.215214 0.015035
vt 0.318809 0.021528
vt 0.454181 0.373468
vt 0.120397 0.449751
vt 0.011898 0.247602
vt 0.028599 0.159897
vt 0.394419 0.439983
vt 0.225260 0.486234
vt 0.321743 0.478066
vt 0.041260 0.361954
vt 0.770092 0.012245
vt 0.688351 0.019053
vt 0.843120 0.029438
vt 0.950613 0.119993
vt 0.900618 0.064361
vt 0.983369 0.202083
vt 0.511651 0.225814
vt 0.608112 0.058796
vt 0.537280 0.144403
vt 0.515279 0.294665
vt 0.981484 0.305368
vt 0.550217 0.379563
vt 0.604976 0.440471
vt 0.664118 0.473096
vt 0.752345 0.488121
vt 0.833108 0.474526
vt 0.898095 0.437132
vt 0.949205 0.382800
vt 0.475289 0.171411
vt 0.489203 0.234371
vt 0.192720 0.017879
vt 0.111932 0.055978
vt 0.039391 0.140090
vt 0.259654 0.010781
vt 0.326033 0.023359
vt 0.392340 0.057906
vt 0.440474 0.104954
vt 0.014303 0.289309
vt 0.486323 0.288009
vt 0.011990 0.222797
vt 0.394390 0.439963
vt 0.074187 0.411979
vt 0.035721 0.356786
vt 0.146492 0.464470
vt 0.247594 0.488086
vt 0.329090 0.475972
vt 0.755385 0.010647
vt 0.688348 0.019031
vt 0.828644 0.024687
vt 0.950613 0.119993
vt 0.900617 0.064361
vt 0.983369 0.202083
vt 0.517882 0.198169
vt 0.565027 0.100012
vt 0.626293 0.045024
vt 0.752344 0.488121
vt 0.833108 0.474526
vt 0.582939 0.420366
vt 0.898096 0.437132
vt 0.657364 0.469930
vt 0.949205 0.382800
vt 0.981484 0.305368
vt 0.537661 0.360593
vt 0.515279 0.294666
vt 0.053195 0.113668
vt 0.111990 0.055962
vt 0.018826 0.194454
vt 0.489203 0.234371
vt 0.192730 0.017897
vt 0.475289 0.171411
vt 0.326033 0.023359
vt 0.392340 0.057906
vt 0.259655 0.010781
vt 0.440474 0.104954
vt 0.011584 0.274896
vt 0.486323 0.288008
vt 0.457492 0.366810
vt 0.394390 0.439963
vt 0.247594 0.488086
vt 0.153066 0.468025
vt 0.329090 0.475973
vt 0.074788 0.411240
vt 0.026903 0.335903
vt 0.601581 0.062143
vt 0.551333 0.117854
vt 0.732719 0.011570
vt 0.517899 0.192757
vt 0.659887 0.028579
vt 0.906715 0.069006
vt 0.807243 0.017899
vt 0.973736 0.166978
vt 0.942810 0.107580
vt 0.989073 0.247756
vt 0.863824 0.039042
vt 0.935623 0.400602
vt 0.839993 0.472172
vt 0.510782 0.259659
vt 0.541641 0.367148
vt 0.518301 0.311439
vt 0.975290 0.328586
vt 0.576588 0.415441
vt 0.617201 0.449206
vt 0.722262 0.487469
vt 0.789562 0.486122
vt 0.663511 0.473559
vt 0.104955 0.059525
vt 0.171413 0.024711
vt 0.333105 0.025474
vt 0.259823 0.011559
vt 0.139410 0.462341
vt 0.090080 0.428169
vt 0.014193 0.293059
vt 0.487364 0.274739
vt 0.435623 0.099398
vt 0.054995 0.389341
vt 0.029439 0.343120
vt 0.465363 0.353825
vt 0.428168 0.409921
vt 0.382798 0.449207
vt 0.336467 0.473531
vt 0.277738 0.487469
vt 0.202998 0.484418
vt 0.062144 0.101579
vt 0.010782 0.240341
vt 0.026246 0.167004
vt 0.657365 0.469930
vt 0.729598 0.488542
vt 0.593282 0.430992
vt 0.811538 0.480023
vt 0.903617 0.431932
vt 0.966443 0.349258
vt 0.517868 0.306375
vt 0.549348 0.380000
vt 0.988805 0.271450
vt 0.980855 0.192568
vt 0.512254 0.226113
vt 0.926574 0.091129
vt 0.785031 0.013942
vt 0.856782 0.035719
vt 0.695671 0.017623
vt 0.569478 0.093968
vt 0.529435 0.156888
vt 0.626296 0.045021
vt 0.457538 0.366770
vt 0.406713 0.430996
vt 0.487090 0.282516
vt 0.349756 0.467278
vt 0.153096 0.468045
vt 0.021644 0.316679
vt 0.255065 0.487472
vt 0.074788 0.411239
vt 0.011634 0.228518
vt 0.105584 0.060015
vt 0.304217 0.018762
vt 0.039390 0.140091
vt 0.193112 0.018783
vt 0.398100 0.062872
vt 0.449206 0.117201
vt 0.481589 0.194842
vt 0.681157 0.021544
vt 0.601905 0.062868
vt 0.881519 0.052210
vt 0.777459 0.013476
vt 0.546970 0.123841
vt 0.595571 0.428643
vt 0.826013 0.476657
vt 0.722667 0.485283
vt 0.898095 0.437111
vt 0.962714 0.355693
vt 0.987363 0.240224
vt 0.957523 0.133235
vt 0.515060 0.215304
vt 0.524309 0.325861
vt 0.372370 0.048079
vt 0.459804 0.137395
vt 0.487758 0.229877
vt 0.157418 0.030091
vt 0.252401 0.011900
vt 0.068991 0.097201
vt 0.022809 0.321356
vt 0.152958 0.468864
vt 0.080399 0.416289
vt 0.015735 0.210551
vt 0.973754 0.167005
vt 0.932777 0.095879
vt 0.821704 0.021952
vt 0.882799 0.050794
vt 0.879606 0.449732
vt 0.952322 0.375551
vt 0.237389 0.012217
vt 0.078075 0.085260
vt 0.486323 0.288009
vt 0.292592 0.485259
vt 0.403620 0.068071
vt 0.646165 0.034697
vt 0.574823 0.088716
vt 0.511651 0.225814
vt 0.515285 0.294690
vt 0.078075 0.085260
vt 0.150237 0.032725
vt 0.014303 0.289309
vt 0.011990 0.222797
vt 0.465644 0.346107
vt 0.368202 0.454403
vt 0.240141 0.487321
vt 0.526922 0.164132
vt 0.989024 0.231188
vt 0.403620 0.068071
vt 0.510927 0.252246
vt 0.593284 0.430993
vt 0.922700 0.084706
vt 0.710440 0.013878
vt 0.770404 0.011458
vt 0.985099 0.203227
vt 0.965304 0.146167
vt 0.988723 0.262756
vt 0.925815 0.411977
vt 0.825863 0.477385
vt 0.969924 0.342667
vt 0.650279 0.467263
vt 0.714660 0.486791
vt 0.873705 0.454977
vt 0.774658 0.488140
vt 0.549369 0.379994
vt 0.520698 0.318844
vt 0.646179 0.034657
vt 0.559524 0.104957
vt 0.524710 0.171412
vt 0.595773 0.066543
vt 0.870028 0.042848
vt 0.822280 0.021450
vt 0.404112 0.067281
vt 0.453050 0.123833
vt 0.489073 0.252243
vt 0.422699 0.415294
vt 0.481665 0.311435
vt 0.462342 0.360587
vt 0.356263 0.463679
vt 0.159887 0.471420
vt 0.017395 0.307772
vt 0.093284 0.069006
vt 0.010927 0.247754
vt 0.020698 0.181156
vt 0.049369 0.120005
vt 0.297003 0.015582
vt 0.353765 0.033917
vt 0.222263 0.012531
vt 0.150279 0.032737
vt 0.480495 0.185261
vt 0.064107 0.401337
vt 0.035720 0.356784
vt 0.101579 0.437856
vt 0.285341 0.486791
vt 0.225342 0.488140
vt 0.068991 0.097201
vt 0.574823 0.088716
vt 0.511651 0.225814
vt 0.932777 0.095879
vt 0.879606 0.449732
vt 0.014303 0.289309
vt 0.988723 0.262756
vt 0.524711 0.171412
vt 0.549369 0.379994
vt 0.489073 0.252243
vt 0.453050 0.123833
vt 0.020698 0.181156
vt 0.049369 0.120005
vt 0.064107 0.401337
vt 0.035720 0.356784
vt 0.101579 0.437856
vt 0.480495 0.185261
vt 0.574823 0.088716
vt 0.822280 0.021450
vt 0.922700 0.084706
vt 0.710440 0.013878
vt 0.524711 0.171412
vt 0.870028 0.042848
vt 0.988723 0.262756
vt 0.825863 0.477385
vt 0.873705 0.454977
vt 0.650279 0.467263
vt 0.774658 0.488140
vt 0.595773 0.066543
vt 0.646179 0.034657
vt 0.549369 0.379994
vt 0.489073 0.252243
vt 0.453050 0.123833
vt 0.017395 0.307772
vt 0.422699 0.415294
vt 0.462342 0.360587
vt 0.064107 0.401337
vt 0.035720 0.356784
vt 0.159887 0.471420
vt 0.285341 0.486791
vt 0.599397 0.436478
vt 0.940081 0.396332
vt 0.560347 0.394994
vt 0.920080 0.419163
vt 0.897049 0.439525
vt 0.728119 0.487968
vt 0.870765 0.457271
vt 0.833071 0.474539
vt 0.788822 0.486723
vt 0.750053 0.489998
vt 0.962324 0.139421
vt 0.938807 0.102025
vt 0.514034 0.211398
vt 0.983179 0.195687
vt 0.989353 0.255391
vt 0.982648 0.307754
vt 0.964169 0.356995
vt 0.871046 0.042894
vt 0.842199 0.028520
vt 0.555576 0.110204
vt 0.896105 0.059743
vt 0.527434 0.161115
vt 0.917626 0.078383
vt 0.710786 0.013822
vt 0.675836 0.021746
vt 0.661367 0.026977
vt 0.756360 0.010200
vt 0.780080 0.011892
vt 0.794972 0.014251
vt 0.621402 0.047361
vt 0.812979 0.018497
vt 0.592525 0.069038
vt 0.370046 0.457697
vt 0.329104 0.475968
vt 0.228101 0.487964
vt 0.286229 0.487134
vt 0.250010 0.490000
vt 0.060346 0.394993
vt 0.438805 0.397977
vt 0.099396 0.436478
vt 0.418793 0.420450
vt 0.396069 0.440285
vt 0.487571 0.281922
vt 0.018053 0.192831
vt 0.474497 0.333174
vt 0.455840 0.373185
vt 0.061306 0.101879
vt 0.092444 0.069109
vt 0.332003 0.024569
vt 0.358562 0.036090
vt 0.039559 0.135734
vt 0.384922 0.051659
vt 0.408993 0.070377
vt 0.440627 0.105081
vt 0.467762 0.149782
vt 0.480760 0.184463
vt 0.488538 0.229565
vt 0.161387 0.026968
vt 0.175836 0.021746
vt 0.214574 0.013221
vt 0.277967 0.011732
vt 0.294972 0.014251
vt 0.121402 0.047361
vt 0.309686 0.017540
vt 0.869409 0.043426
vt 0.283452 0.500000
vt 0.331256 1.000000
vt 0.276604 1.000000
vt 0.201565 1.000000
vt 0.198397 0.500000
vt 0.123344 0.500000
vt 0.136533 1.000000
vt 0.076531 1.000000
vt 0.038344 0.500000
vt 0.015290 1.000000
vt 0.320111 0.500000
vt 0.268112 1.000000
vt 0.266095 0.500000
vt 0.322288 1.000000
vt 0.213412 1.000000
vt 0.209581 0.500000
vt 0.133438 0.500000
vt 0.091566 1.000000
vt 0.063450 0.500000
vt 0.151496 1.000000
vt 0.013581 0.500000
vt 0.036422 1.000000
vt 0.003802 1.000000
vt 0.328189 0.500000
vt 0.291593 1.000000
vt 0.258433 0.500000
vt 0.173447 0.500000
vt 0.221523 1.000000
vt 0.161564 1.000000
vt 0.106420 1.000000
vt 0.078420 0.500000
vt 0.013580 0.500000
vt 0.051607 1.000000
vt 0.005880 1.000000
vt 0.473096 0.164095
vt 0.343804 1.000000
vt 0.384733 0.500000
vt 0.380001 1.000000
vt 0.420001 0.500000
vt 0.484900 0.500000
vt 0.490000 1.000000
vt 0.480000 1.000000
vt 0.535884 1.000000
vt 0.543802 1.000000
vt 0.552913 0.500000
vt 0.560000 1.000000
vt 0.636778 1.000000
vt 0.646198 0.500000
vt 0.674732 0.500000
vt 0.710000 0.500000
vt 0.705889 1.000000
vt 0.765844 0.500000
vt 0.760000 1.000000
vt 0.775884 1.000000
vt 0.794116 0.500000
vt 0.800000 1.000000
vt 0.810000 0.500000
vt 0.805878 1.000000
vt 0.800000 0.500000
vt 0.856160 1.000000
vt 0.894117 0.500000
vt 0.900000 1.000000
vt 0.950000 0.500000
vt 0.345888 1.000000
vt 0.360001 1.000000
vt 0.424954 0.500000
vt 0.434113 0.500000
vt 0.455889 1.000000
vt 0.510000 0.500000
vt 0.506778 1.000000
vt 0.500000 0.500000
vt 0.544736 0.500000
vt 0.585268 1.000000
vt 0.664112 0.500000
vt 0.660000 1.000000
vt 0.710000 1.000000
vt 0.725895 1.000000
vt 0.744106 0.500000
vt 0.810000 1.000000
vt 0.960000 0.500000
vt 0.396313 1.000000
vt 0.390001 0.500000
vt 0.405598 1.000000
vt 0.454115 0.500000
vt 0.460001 1.000000
vt 0.486569 0.500000
vt 0.525268 1.000000
vt 0.557086 1.000000
vt 0.574119 0.500000
vt 0.635885 1.000000
vt 0.646198 0.500000
vt 0.670000 0.500000
vt 0.665887 1.000000
vt 0.660000 0.500000
vt 0.910000 1.000000
vt 0.910000 0.500000
vt 0.920000 1.000000
vt 0.345789 1.000000
vt 0.353691 0.500000
vt 0.404214 0.500000
vt 0.490000 0.500000
vt 0.600000 1.000000
vt 0.600000 0.500000
vt 0.610000 1.000000
vt 0.685787 1.000000
vt 0.680000 0.500000
vt 0.714953 0.500000
vt 0.744105 0.500000
vt 0.795886 1.000000
vt 0.814117 0.500000
vt 0.900000 0.500000
vt 0.895787 1.000000
vt 0.904109 0.500000
vt 0.944159 1.000000
vt 0.957249 0.500000
vt 0.343840 0.500000
vt 0.374116 0.500000
vt 0.370001 1.000000
vt 0.404350 1.000000
vt 0.476311 1.000000
vt 0.534115 0.500000
vt 0.595100 1.000000
vt 0.654899 0.500000
vt 0.713787 1.000000
vt 0.744105 0.500000
vt 0.814117 0.500000
vt 0.855268 1.000000
vt 0.944733 0.500000
vt 0.990000 0.500000
vt 0.985267 1.000000
vt 0.980000 0.500000
vt 0.833070 0.474539
vt 0.870765 0.457272
vt 0.727758 0.487883
vt 0.788823 0.486723
vt 0.750053 0.489998
vt 0.599513 0.436571
vt 0.940081 0.396332
vt 0.560347 0.394995
vt 0.920080 0.419163
vt 0.897049 0.439525
vt 0.989353 0.255390
vt 0.518053 0.192829
vt 0.982648 0.307754
vt 0.964169 0.356995
vt 0.962324 0.139420
vt 0.938807 0.102025
vt 0.983186 0.195723
vt 0.561307 0.101879
vt 0.842199 0.028520
vt 0.592407 0.069143
vt 0.871046 0.042894
vt 0.539559 0.135734
vt 0.896105 0.059743
vt 0.917626 0.078383
vt 0.710786 0.013822
vt 0.661367 0.026977
vt 0.756361 0.010200
vt 0.621402 0.047361
vt 0.812979 0.018497
vt 0.358562 0.036090
vt 0.384921 0.051659
vt 0.039559 0.135734
vt 0.061307 0.101879
vt 0.332003 0.024569
vt 0.092445 0.069109
vt 0.121402 0.047361
vt 0.161387 0.026968
vt 0.277967 0.011732
vt 0.214574 0.013221
vt 0.467761 0.149781
vt 0.480761 0.184464
vt 0.018053 0.192831
vt 0.440627 0.105080
vt 0.408992 0.070376
vt 0.487571 0.281922
vt 0.474497 0.333174
vt 0.060348 0.394996
vt 0.488538 0.229565
vt 0.099512 0.436571
vt 0.227741 0.487879
vt 0.418793 0.420450
vt 0.438805 0.397977
vt 0.455841 0.373185
vt 0.364117 0.500000
vt 0.383803 1.000000
vt 0.424117 0.500000
vt 0.430001 0.500000
vt 0.443803 1.000000
vt 0.724120 0.500000
vt 0.745885 1.000000
vt 0.740000 0.500000
vt 0.915881 1.000000
vt 0.353841 0.500000
vt 0.415890 1.000000
vt 0.434113 0.500000
vt 0.515885 1.000000
vt 0.534115 0.500000
vt 0.596161 1.000000
vt 0.633222 0.500000
vt 0.884183 0.500000
vt 0.970000 0.500000
vt 0.966779 1.000000
vt 0.353841 0.500000
vt 0.415889 1.000000
vt 0.515884 1.000000
vt 0.534115 0.500000
vt 0.895788 1.000000
vt 0.957249 0.500000
vt 0.386331 0.053194
vt 0.482120 0.192718
vt 0.464343 0.142287
vt 0.833071 0.474539
vt 0.870765 0.457272
vt 0.728118 0.487968
vt 0.788823 0.486723
vt 0.750053 0.489998
vt 0.560346 0.394993
vt 0.599397 0.436478
vt 0.940081 0.396332
vt 0.920080 0.419163
vt 0.897049 0.439525
vt 0.336201 0.500000
vt 0.287535 1.000000
vt 0.284972 0.500000
vt 0.335888 1.000000
vt 0.214776 0.500000
vt 0.213455 1.000000
vt 0.148437 0.500000
vt 0.101495 1.000000
vt 0.088506 0.500000
vt 0.151496 1.000000
vt 0.028398 0.500000
vt 0.056420 1.000000
vt 0.016420 1.000000
vt 0.336201 0.500000
vt 0.287534 1.000000
vt 0.284972 0.500000
vt 0.335888 1.000000
vt 0.214777 0.500000
vt 0.146606 1.000000
vt 0.163578 0.500000
vt 0.218542 1.000000
vt 0.103437 0.500000
vt 0.076556 1.000000
vt 0.038488 0.500000
vt 0.021517 1.000000
vt 0.004117 0.500000
vt 0.308502 0.500000
vt 0.281515 1.000000
vt 0.268749 0.500000
vt 0.321250 1.000000
vt 0.233584 0.500000
vt 0.191500 1.000000
vt 0.188491 0.500000
vt 0.236421 1.000000
vt 0.143584 0.500000
vt 0.096530 1.000000
vt 0.093421 0.500000
vt 0.146421 1.000000
vt 0.043582 0.500000
vt 0.012985 1.000000
vt 0.008744 0.500000
vt 0.051251 1.000000
vt 0.286230 0.487134
vt 0.250011 0.490000
vt 0.329104 0.475968
vt 0.370046 0.457697
vt 0.324175 0.500000
vt 0.251602 1.000000
vt 0.248399 0.500000
vt 0.311513 1.000000
vt 0.171647 1.000000
vt 0.168407 0.500000
vt 0.091601 1.000000
vt 0.083395 0.500000
vt 0.021292 1.000000
vt 0.014492 0.500000
vt 0.320110 0.500000
vt 0.268112 1.000000
vt 0.266096 0.500000
vt 0.322288 1.000000
vt 0.220074 0.500000
vt 0.176419 1.000000
vt 0.158435 0.500000
vt 0.223693 1.000000
vt 0.103574 0.500000
vt 0.131513 1.000000
vt 0.071562 1.000000
vt 0.058487 0.500000
vt 0.016419 1.000000
vt 0.013581 0.500000
vt 0.336201 0.500000
vt 0.284972 0.500000
vt 0.335887 1.000000
vt 0.220073 0.500000
vt 0.191502 1.000000
vt 0.173580 0.500000
vt 0.233439 1.000000
vt 0.123444 0.500000
vt 0.066582 1.000000
vt 0.063450 0.500000
vt 0.131605 1.000000
vt 0.016420 1.000000
vt 0.013581 0.500000
vt 0.886330 0.446807
vt 0.288487 0.500000
vt 0.306530 1.000000
vt 0.256423 1.000000
vt 0.331634 0.500000
vt 0.208748 0.500000
vt 0.186419 1.000000
vt 0.168484 0.500000
vt 0.221255 1.000000
vt 0.243579 0.500000
vt 0.093583 0.500000
vt 0.116418 1.000000
vt 0.076420 1.000000
vt 0.128745 0.500000
vt 0.151256 1.000000
vt 0.018508 0.500000
vt 0.031494 1.000000
vt 0.058752 0.500000
vt 0.989352 0.255391
vt 0.514034 0.211396
vt 0.982648 0.307754
vt 0.964169 0.356995
vt 0.962324 0.139420
vt 0.938807 0.102025
vt 0.983179 0.195687
vt 0.871045 0.042894
vt 0.842200 0.028520
vt 0.555575 0.110205
vt 0.896105 0.059743
vt 0.527434 0.161115
vt 0.917626 0.078383
vt 0.710786 0.013822
vt 0.661222 0.027039
vt 0.621401 0.047361
vt 0.812979 0.018497
vt 0.592525 0.069039
vt 0.358562 0.036090
vt 0.384922 0.051659
vt 0.039559 0.135734
vt 0.061307 0.101879
vt 0.332003 0.024569
vt 0.092445 0.069109
vt 0.277967 0.011732
vt 0.214574 0.013221
vt 0.467762 0.149782
vt 0.480760 0.184462
vt 0.018053 0.192831
vt 0.440627 0.105080
vt 0.408992 0.070376
vt 0.487571 0.281922
vt 0.474497 0.333174
vt 0.060348 0.394996
vt 0.488538 0.229565
vt 0.099513 0.436571
vt 0.396069 0.440285
vt 0.227751 0.487879
vt 0.418793 0.420450
vt 0.438805 0.397977
vt 0.455840 0.373185
vt 0.345885 1.000000
vt 0.416164 1.000000
vt 0.454733 0.500000
vt 0.495268 1.000000
vt 0.536198 0.500000
vt 0.555886 1.000000
vt 0.570000 0.500000
vt 0.614115 0.500000
vt 0.620000 1.000000
vt 0.644116 0.500000
vt 0.655885 1.000000
vt 0.665883 1.000000
vt 0.345048 1.000000
vt 0.414954 0.500000
vt 0.424114 0.500000
vt 0.483802 1.000000
vt 0.493805 1.000000
vt 0.526193 0.500000
vt 0.534732 0.500000
vt 0.574159 1.000000
vt 0.604116 0.500000
vt 0.623801 1.000000
vt 0.690000 1.000000
vt 0.700000 1.000000
vt 0.744109 0.500000
vt 0.763803 1.000000
vt 0.815889 1.000000
vt 0.834109 0.500000
vt 0.840000 1.000000
vt 0.895100 1.000000
vt 0.954898 0.500000
vt 0.980000 1.000000
vt 0.990000 1.000000
vt 0.811405 0.481673
vt 0.863685 0.460873
vt 0.728119 0.487968
vt 0.750355 0.489981
vt 0.897049 0.439525
vt 0.930553 0.407208
vt 0.585988 0.422234
vt 0.989353 0.255391
vt 0.518053 0.192830
vt 0.982648 0.307752
vt 0.964170 0.356992
vt 0.962325 0.139423
vt 0.938806 0.102024
vt 0.983186 0.195726
vt 0.552148 0.116136
vt 0.852980 0.033892
vt 0.607705 0.057648
vt 0.905836 0.068171
vt 0.696588 0.016396
vt 0.661327 0.026994
vt 0.777633 0.011717
vt 0.801989 0.015905
vt 0.342308 0.029039
vt 0.397247 0.061243
vt 0.052148 0.116136
vt 0.107839 0.057548
vt 0.299532 0.015270
vt 0.161377 0.026972
vt 0.279610 0.011848
vt 0.229462 0.011468
vt 0.190314 0.017540
vt 0.018053 0.192831
vt 0.467763 0.149785
vt 0.484109 0.199858
vt 0.440626 0.105080
vt 0.488428 0.267286
vt 0.474496 0.333176
vt 0.085987 0.422233
vt 0.405592 0.431973
vt 0.228100 0.487963
vt 0.446753 0.386410
vt 0.307807 0.482632
vt 0.250094 0.489995
vt 0.361208 0.462111
vt 0.713802 1.000000
vt 0.753222 0.500000
vt 0.765268 1.000000
vt 0.806195 0.500000
vt 0.840000 0.500000
vt 0.836777 1.000000
vt 0.876200 0.500000
vt 0.954471 1.000000
vt 0.884253 1.000000
vt 0.833071 0.474539
vt 0.870765 0.457271
vt 0.728119 0.487968
vt 0.788822 0.486723
vt 0.599397 0.436478
vt 0.940081 0.396332
vt 0.560347 0.394994
vt 0.920080 0.419163
vt 0.989353 0.255391
vt 0.514034 0.211398
vt 0.982648 0.307754
vt 0.964169 0.356995
vt 0.962324 0.139421
vt 0.938807 0.102025
vt 0.983179 0.195687
vt 0.871046 0.042894
vt 0.842199 0.028520
vt 0.555576 0.110205
vt 0.527434 0.161116
vt 0.917626 0.078383
vt 0.621402 0.047361
vt 0.592525 0.069038
vt 0.358562 0.036090
vt 0.384921 0.051659
vt 0.039559 0.135734
vt 0.061307 0.101879
vt 0.332003 0.024569
vt 0.092445 0.069109
vt 0.121402 0.047361
vt 0.161387 0.026968
vt 0.467762 0.149782
vt 0.480760 0.184462
vt 0.018053 0.192830
vt 0.440627 0.105080
vt 0.408993 0.070376
vt 0.474497 0.333174
vt 0.060347 0.394995
vt 0.228104 0.487964
vt 0.099397 0.436478
vt 0.396069 0.440285
vt 0.438805 0.397977
vt 0.455840 0.373185
vt 0.413841 0.500000
vt 0.514732 0.500000
vt 0.695885 1.000000
vt 0.782913 0.500000
vt 0.865883 1.000000
vt 0.728138 0.487969
vt 0.863685 0.460874
vt 0.897048 0.439526
vt 0.930553 0.407209
vt 0.585991 0.422237
vt 0.518053 0.192830
vt 0.982648 0.307752
vt 0.964170 0.356993
vt 0.962325 0.139423
vt 0.938806 0.102024
vt 0.607704 0.057648
vt 0.552148 0.116136
vt 0.852980 0.033892
vt 0.905836 0.068171
vt 0.286229 0.487134
vt 0.329104 0.475968
vt 0.370047 0.457697
vt 0.916036 0.500000
vt 0.895803 1.000000
vt 0.894980 0.500000
vt 0.916590 1.000000
vt 0.943605 0.500000
vt 0.946406 1.000000
vt 0.974129 0.500000
vt 0.975871 1.000000
vt 0.999993 1.000000
vt 0.823740 0.500000
vt 0.835829 1.000000
vt 0.854418 0.500000
vt 0.855799 1.000000
vt 0.874570 0.500000
vt 0.875777 1.000000
vt 0.753585 0.500000
vt 0.713580 0.500000
vt 0.644203 0.500000
vt 0.646546 1.000000
vt 0.623128 0.500000
vt 0.673582 0.500000
vt 0.681353 1.000000
vt 0.705958 1.000000
vt 0.542275 0.500000
vt 0.555526 1.000000
vt 0.562782 0.500000
vt 0.574745 1.000000
vt 0.584180 0.500000
vt 0.595071 1.000000
vt 0.615315 1.000000
vt 0.473815 0.500000
vt 0.476363 1.000000
vt 0.349210 0.500000
vt 0.385957 1.000000
vt 0.355921 1.000000
vt 0.386028 0.500000
vt 0.410001 0.500000
vt 0.410001 1.000000
vt 0.439692 0.500000
vt 0.439811 1.000000
vt 0.310473 0.500000
vt 0.288431 1.000000
vt 0.275794 0.500000
vt 0.329167 1.000000
vt 0.146140 1.000000
vt 0.146143 0.500000
vt 0.108127 0.500000
vt 0.108028 1.000000
vt 0.014916 1.000000
vt 0.014663 0.500000
vt 0.265945 0.500000
vt 0.322289 1.000000
vt 0.264306 1.000000
vt 0.313578 0.500000
vt 0.212082 0.500000
vt 0.204778 1.000000
vt 0.158506 0.500000
vt 0.113582 0.500000
vt 0.066559 1.000000
vt 0.063450 0.500000
vt 0.131605 1.000000
vt 0.016419 1.000000
vt 0.013581 0.500000
vt 0.921309 0.500000
vt 0.887411 1.000000
vt 0.894980 0.500000
vt 0.923149 1.000000
vt 0.958765 0.500000
vt 0.961236 1.000000
vt 0.999764 0.500000
vt 0.999937 1.000000
vt 0.823738 0.500000
vt 0.846481 1.000000
vt 0.806470 1.000000
vt 0.864018 0.500000
vt 0.753585 0.500000
vt 0.716418 1.000000
vt 0.713606 0.500000
vt 0.761517 1.000000
vt 0.788726 0.500000
vt 0.644202 0.500000
vt 0.646546 1.000000
vt 0.612774 0.500000
vt 0.673584 0.500000
vt 0.681355 1.000000
vt 0.534783 0.500000
vt 0.562983 1.000000
vt 0.533099 1.000000
vt 0.570779 0.500000
vt 0.605437 1.000000
vt 0.464235 0.500000
vt 0.486330 1.000000
vt 0.518372 0.500000
vt 0.519687 1.000000
vt 0.398628 0.500000
vt 0.344654 1.000000
vt 0.344655 0.500000
vt 0.398739 1.000000
vt 0.439804 1.000000
vt 0.439767 0.500000
vt 0.288432 0.500000
vt 0.121181 1.000000
vt 0.121180 0.500000
vt 0.014663 0.500000
vt 0.014675 1.000000
vt 0.268112 1.000000
vt 0.266096 0.500000
vt 0.223693 1.000000
vt 0.296421 1.000000
vt 0.331257 1.000000
vt 0.203581 0.500000
vt 0.068488 0.500000
vt 0.141252 1.000000
vt 0.061513 1.000000
vt 0.286229 0.487134
vt 0.329104 0.475968
vt 0.370046 0.457697
vt 0.661327 0.026994
vt 0.777633 0.011717
vt 0.801990 0.015906
vt 0.342306 0.029038
vt 0.397247 0.061243
vt 0.052151 0.116132
vt 0.107844 0.057546
vt 0.299531 0.015270
vt 0.161377 0.026972
vt 0.279610 0.011848
vt 0.467763 0.149785
vt 0.484109 0.199858
vt 0.018055 0.192821
vt 0.440626 0.105079
vt 0.488428 0.267286
vt 0.474496 0.333177
vt 0.085998 0.422243
vt 0.405591 0.431974
vt 0.228131 0.487967
vt 0.446753 0.386410
vt 0.361207 0.462111
vt 0.385885 1.000000
vt 0.402915 0.500000
vt 0.484010 1.000000
vt 0.575268 1.000000
vt 0.616197 0.500000
vt 0.966569 0.500000
vt 0.921309 0.500000
vt 0.887412 1.000000
vt 0.894981 0.500000
vt 0.923150 1.000000
vt 0.823738 0.500000
vt 0.846482 1.000000
vt 0.806471 1.000000
vt 0.864018 0.500000
vt 0.716418 1.000000
vt 0.761517 1.000000
vt 0.788726 0.500000
vt 0.644202 0.500000
vt 0.646545 1.000000
vt 0.681355 1.000000
vt 0.534784 0.500000
vt 0.562982 1.000000
vt 0.533098 1.000000
vt 0.570779 0.500000
vt 0.605436 1.000000
vt 0.518372 0.500000
vt 0.519687 1.000000
vt 0.398628 0.500000
vt 0.344658 1.000000
vt 0.344654 0.500000
vt 0.398743 1.000000
vt 0.439804 1.000000
vt 0.439767 0.500000
vt 0.288438 1.000000
vt 0.288432 0.500000
vt 0.121171 1.000000
vt 0.121177 0.500000
vt 0.014650 0.500000
vt 0.014655 1.000000
vt 0.328748 0.500000
vt 0.276551 1.000000
vt 0.273338 0.500000
vt 0.331255 1.000000
vt 0.201564 1.000000
vt 0.198396 0.500000
vt 0.126568 1.000000
vt 0.113452 0.500000
vt 0.023118 0.500000
vt 0.066422 1.000000
vt 0.013334 1.000000
vt 0.266096 0.500000
vt 0.303421 0.500000
vt 0.176420 1.000000
vt 0.277967 0.011732
vt 0.161387 0.026968
vt 0.358562 0.036090
vt 0.384922 0.051659
vt 0.039559 0.135734
vt 0.061307 0.101879
vt 0.332003 0.024569
vt 0.092445 0.069109
vt 0.121403 0.047361
vt 0.467762 0.149782
vt 0.480760 0.184463
vt 0.018053 0.192831
vt 0.440627 0.105080
vt 0.408992 0.070376
vt 0.487571 0.281922
vt 0.474497 0.333174
vt 0.060346 0.394992
vt 0.488538 0.229565
vt 0.099511 0.436570
vt 0.396069 0.440285
vt 0.227746 0.487879
vt 0.418793 0.420450
vt 0.438805 0.397977
vt 0.455840 0.373185
vt 0.370045 0.457697
vt 0.916036 0.500000
vt 0.916591 1.000000
vt 0.823740 0.500000
vt 0.806469 1.000000
vt 0.854418 0.500000
vt 0.855799 1.000000
vt 0.874570 0.500000
vt 0.875777 1.000000
vt 0.713580 0.500000
vt 0.771257 1.000000
vt 0.644203 0.500000
vt 0.646546 1.000000
vt 0.623128 0.500000
vt 0.681353 1.000000
vt 0.542274 0.500000
vt 0.555526 1.000000
vt 0.562782 0.500000
vt 0.574746 1.000000
vt 0.595071 1.000000
vt 0.604228 0.500000
vt 0.615315 1.000000
vt 0.518594 1.000000
vt 0.349211 0.500000
vt 0.385958 1.000000
vt 0.355921 1.000000
vt 0.386029 0.500000
vt 0.410001 0.500000
vt 0.410002 1.000000
vt 0.439811 1.000000
vt 0.439796 0.500000
vt 0.310473 0.500000
vt 0.288431 1.000000
vt 0.275794 0.500000
vt 0.329167 1.000000
vt 0.146143 1.000000
vt 0.146140 0.500000
vt 0.108126 0.500000
vt 0.108030 1.000000
vt 0.014918 1.000000
vt 0.014659 0.500000
vt 0.905836 0.068171
vt 0.852979 0.033892
vt 0.552149 0.116135
vt 0.607705 0.057648
vt 0.812979 0.018497
vt 0.777633 0.011717
vt 0.983186 0.195726
vt 0.962325 0.139423
vt 0.518053 0.192829
vt 0.938806 0.102024
vt 0.964170 0.356993
vt 0.586368 0.422618
vt 0.727762 0.487883
vt 0.897048 0.439525
vt 0.930553 0.407208
vt 0.279610 0.011848
vt 0.161377 0.026972
vt 0.342307 0.029039
vt 0.397247 0.061243
vt 0.052149 0.116135
vt 0.107839 0.057547
vt 0.299532 0.015270
vt 0.467763 0.149785
vt 0.484109 0.199858
vt 0.018053 0.192829
vt 0.440626 0.105080
vt 0.474496 0.333176
vt 0.085990 0.422235
vt 0.228117 0.487964
vt 0.405591 0.431973
vt 0.446753 0.386410
vt 0.361208 0.462111
vt 0.921309 0.500000
vt 0.887411 1.000000
vt 0.894980 0.500000
vt 0.923149 1.000000
vt 0.999764 0.500000
vt 0.846482 1.000000
vt 0.806470 1.000000
vt 0.864018 0.500000
vt 0.716418 1.000000
vt 0.644202 0.500000
vt 0.646546 1.000000
vt 0.612773 0.500000
vt 0.681355 1.000000
vt 0.542274 0.500000
vt 0.562983 1.000000
vt 0.533099 1.000000
vt 0.570779 0.500000
vt 0.605437 1.000000
vt 0.518372 0.500000
vt 0.519687 1.000000
vt 0.398628 0.500000
vt 0.344655 1.000000
vt 0.344655 0.500000
vt 0.398739 1.000000
vt 0.439804 1.000000
vt 0.288433 1.000000
vt 0.288433 0.500000
vt 0.121179 1.000000
vt 0.120820 0.500000
vt 0.014908 0.500000
vt 0.014664 1.000000
vt 0.265945 0.500000
vt 0.322289 1.000000
vt 0.264296 1.000000
vt 0.326668 0.500000
vt 0.178483 0.500000
vt 0.214319 1.000000
vt 0.161516 1.000000
vt 0.221626 0.500000
vt 0.123420 0.500000
vt 0.061604 1.000000
vt 0.078750 0.500000
vt 0.116419 1.000000
vt 0.033450 0.500000
vt 0.008370 1.000000
vt 0.320111 0.500000
vt 0.322289 1.000000
vt 0.220074 0.500000
vt 0.176418 1.000000
vt 0.158434 0.500000
vt 0.103574 0.500000
vt 0.126552 1.000000
vt 0.071495 1.000000
vt 0.053420 0.500000
vt 0.017808 1.000000
vt 0.006681 0.500000
vt 0.278486 0.500000
vt 0.316419 1.000000
vt 0.276421 1.000000
vt 0.323580 0.500000
vt 0.228503 0.500000
vt 0.201497 1.000000
vt 0.183583 0.500000
vt 0.241251 1.000000
vt 0.108487 0.500000
vt 0.151493 1.000000
vt 0.106421 1.000000
vt 0.148751 0.500000
vt 0.058508 0.500000
vt 0.016420 1.000000
vt 0.013583 0.500000
vt 0.061498 1.000000
vt 0.599513 0.436572
vt 0.940081 0.396332
vt 0.560349 0.394996
vt 0.920080 0.419163
vt 0.897049 0.439525
vt 0.727760 0.487883
vt 0.870765 0.457272
vt 0.833071 0.474539
vt 0.788822 0.486723
vt 0.811405 0.481673
vt 0.863685 0.460874
vt 0.353804 1.000000
vt 0.364731 0.500000
vt 0.455889 1.000000
vt 0.465891 1.000000
vt 0.474115 0.500000
vt 0.470001 1.000000
vt 0.484113 0.500000
vt 0.543808 1.000000
vt 0.584732 0.500000
vt 0.655885 1.000000
vt 0.685891 1.000000
vt 0.714113 0.500000
vt 0.744110 0.500000
vt 0.753431 1.000000
vt 0.763803 1.000000
vt 0.925892 1.000000
vt 0.935885 1.000000
vt 0.954113 0.500000
vt 0.984115 0.500000
vt 0.434113 0.500000
vt 0.455888 1.000000
vt 0.500000 1.000000
vt 0.585788 1.000000
vt 0.644213 0.500000
vt 0.725895 1.000000
vt 0.744105 0.500000
vt 0.962324 0.139421
vt 0.938807 0.102025
vt 0.514034 0.211396
vt 0.983179 0.195687
vt 0.989352 0.255391
vt 0.964169 0.356995
vt 0.871045 0.042894
vt 0.842199 0.028520
vt 0.555576 0.110204
vt 0.896105 0.059743
vt 0.527435 0.161114
vt 0.917626 0.078383
vt 0.710786 0.013822
vt 0.661223 0.027039
vt 0.621402 0.047361
vt 0.812979 0.018497
vt 0.592526 0.069038
vt 0.214574 0.013221
vt 0.161387 0.026968
vt 0.384922 0.051659
vt 0.039559 0.135734
vt 0.061250 0.101952
vt 0.332003 0.024569
vt 0.092525 0.069038
vt 0.121402 0.047361
vt 0.467762 0.149782
vt 0.480760 0.184462
vt 0.018053 0.192829
vt 0.440627 0.105080
vt 0.408992 0.070376
vt 0.474497 0.333174
vt 0.060346 0.394992
vt 0.488538 0.229565
vt 0.099511 0.436570
vt 0.396069 0.440285
vt 0.227741 0.487878
vt 0.418793 0.420450
vt 0.438805 0.397977
vt 0.455840 0.373185
vt 0.286229 0.487134
vt 0.329104 0.475968
vt 0.370046 0.457697
vt 0.895802 1.000000
vt 0.894980 0.500000
vt 0.916590 1.000000
vt 0.943605 0.500000
vt 0.946406 1.000000
vt 0.975871 1.000000
vt 0.999965 0.500000
vt 0.854418 0.500000
vt 0.855799 1.000000
vt 0.874570 0.500000
vt 0.736398 1.000000
vt 0.646546 1.000000
vt 0.555526 1.000000
vt 0.574746 1.000000
vt 0.584180 0.500000
vt 0.604228 0.500000
vt 0.473815 0.500000
vt 0.476363 1.000000
vt 0.355860 1.000000
vt 0.349211 0.500000
vt 0.386028 1.000000
vt 0.410001 0.500000
vt 0.410001 1.000000
vt 0.439692 0.500000
vt 0.439811 1.000000
vt 0.310473 0.500000
vt 0.288432 1.000000
vt 0.275794 0.500000
vt 0.146143 1.000000
vt 0.108028 0.500000
vt 0.014922 1.000000
vt 0.014909 0.500000
vt 0.108030 1.000000
vt 0.313578 0.500000
vt 0.269645 1.000000
vt 0.265945 0.500000
vt 0.326673 1.000000
vt 0.212080 0.500000
vt 0.209547 1.000000
vt 0.148438 0.500000
vt 0.111603 1.000000
vt 0.088506 0.500000
vt 0.161253 1.000000
vt 0.038507 0.500000
vt 0.012986 1.000000
vt 0.002915 0.500000
vt 0.056416 1.000000
vt 0.496778 1.000000
vt 0.533839 0.500000
vt 0.595885 1.000000
vt 0.606568 0.500000
vt 0.614115 0.500000
vt 0.644159 1.000000
vt 0.675100 1.000000
vt 0.705842 0.500000
vt 0.747084 1.000000
vt 0.762916 0.500000
vt 1.000000 0.500000
vt 0.995886 1.000000
vt 0.365842 0.500000
vt 0.403433 1.000000
vt 0.454955 0.500000
vt 0.485652 0.500000
vt 0.535887 1.000000
vt 0.595840 0.500000
vt 0.635888 1.000000
vt 0.645885 1.000000
vt 0.664115 0.500000
vt 0.714112 0.500000
vt 0.725893 1.000000
vt 0.744104 0.500000
vt 0.775100 1.000000
vt 0.834110 0.500000
vt 0.895100 1.000000
vt 0.954113 0.500000
vt 0.364953 0.500000
vt 0.392914 0.500000
vt 0.435264 1.000000
vt 0.514114 0.500000
vt 0.544738 0.500000
vt 0.555268 1.000000
vt 0.585267 1.000000
vt 0.594732 0.500000
vt 0.765414 1.000000
vt 0.815887 1.000000
vt 0.834110 0.500000
vt 0.585888 1.000000
vt 0.864114 0.500000
vt 0.595842 0.500000
vt 0.604112 0.500000
vt 0.755885 1.000000
vt 0.635268 1.000000
vt 0.666569 0.500000
vt 0.814116 0.500000
vt 0.835884 1.000000
vt 0.705267 1.000000
vt 0.714115 0.500000
vt 0.845892 1.000000
vt 0.661367 0.026976
vt 0.896105 0.059743
vt 0.871045 0.042894
vt 0.555576 0.110204
vt 0.842199 0.028520
vt 0.592526 0.069038
vt 0.812979 0.018497
vt 0.621403 0.047361
vt 0.897049 0.439525
vt 0.599398 0.436479
vt 0.728124 0.487968
vt 0.920080 0.419163
vt 0.940081 0.396332
vt 0.560349 0.394996
vt 0.964169 0.356995
vt 0.982648 0.307755
vt 0.989352 0.255391
vt 0.514034 0.211396
vt 0.983179 0.195687
vt 0.962324 0.139420
vt 0.938807 0.102025
vt 0.527435 0.161114
vt 0.917626 0.078383
vt 0.870765 0.457272
vt 0.727763 0.487883
vt 0.818803 0.478468
vt 0.883014 0.449001
vt 0.930552 0.407210
vt 0.586370 0.422619
vt 0.989353 0.255391
vt 0.518053 0.192827
vt 0.982649 0.307751
vt 0.964170 0.356994
vt 0.962324 0.139421
vt 0.938806 0.102024
vt 0.983186 0.195726
vt 0.607709 0.057648
vt 0.552149 0.116134
vt 0.852980 0.033892
vt 0.905836 0.068171
vt 0.333399 0.500000
vt 0.280208 1.000000
vt 0.276267 0.500000
vt 0.334584 1.000000
vt 0.221625 0.500000
vt 0.176550 1.000000
vt 0.178486 0.500000
vt 0.223477 1.000000
vt 0.113396 0.500000
vt 0.121493 1.000000
vt 0.071497 1.000000
vt 0.048503 0.500000
vt 0.017809 1.000000
vt 0.006683 0.500000
vt 0.696588 0.016396
vt 0.661327 0.026994
vt 0.777633 0.011717
vt 0.801989 0.015905
vt 0.342308 0.029039
vt 0.397247 0.061243
vt 0.052148 0.116137
vt 0.107841 0.057548
vt 0.299533 0.015270
vt 0.161377 0.026972
vt 0.279611 0.011848
vt 0.229462 0.011468
vt 0.484109 0.199859
vt 0.018052 0.192833
vt 0.467763 0.149785
vt 0.440627 0.105080
vt 0.488428 0.267288
vt 0.474496 0.333177
vt 0.085985 0.422231
vt 0.405592 0.431973
vt 0.228101 0.487963
vt 0.446754 0.386409
vt 0.329106 0.475967
vt 0.250367 0.489972
vt 0.370047 0.457696
vt 0.811406 0.481673
vt 0.863685 0.460874
vt 0.728124 0.487968
vt 0.750356 0.489981
vt 0.897047 0.439526
vt 0.930552 0.407210
vt 0.585989 0.422234
vt 0.518053 0.192830
vt 0.989353 0.255392
vt 0.982649 0.307752
vt 0.964170 0.356994
vt 0.607842 0.057547
vt 0.552149 0.116136
vt 0.905836 0.068171
vt 0.938805 0.102023
vt 0.962324 0.139422
vt 0.983186 0.195727
vt 0.696588 0.016396
vt 0.661196 0.027051
vt 0.777633 0.011717
vt 0.812979 0.018497
vt 0.446754 0.386409
vt 0.405591 0.431973
vt 0.086366 0.422615
vt 0.227737 0.487878
vt 0.370046 0.457697
vt 0.329107 0.475967
vt 0.440627 0.105081
vt 0.473104 0.164034
vt 0.018053 0.192830
vt 0.488538 0.229563
vt 0.487571 0.281923
vt 0.474496 0.333176
vt 0.342307 0.029038
vt 0.052147 0.116137
vt 0.107842 0.057548
vt 0.397248 0.061244
vt 0.916036 0.500000
vt 0.894980 0.500000
vt 0.916591 1.000000
vt 0.943606 0.500000
vt 0.946406 1.000000
vt 0.974129 0.500000
vt 0.975871 1.000000
vt 0.999965 0.500000
vt 0.835829 1.000000
vt 0.855799 1.000000
vt 0.875777 1.000000
vt 0.753584 0.500000
vt 0.713604 0.500000
vt 0.771257 1.000000
vt 0.788728 0.500000
vt 0.623128 0.500000
vt 0.673582 0.500000
vt 0.681352 1.000000
vt 0.705959 1.000000
vt 0.542274 0.500000
vt 0.555526 1.000000
vt 0.562782 0.500000
vt 0.584180 0.500000
vt 0.595071 1.000000
vt 0.473815 0.500000
vt 0.476363 1.000000
vt 0.504221 0.500000
vt 0.518594 1.000000
vt 0.385923 0.500000
vt 0.355921 1.000000
vt 0.355921 0.500000
vt 0.385957 1.000000
vt 0.410001 0.500000
vt 0.439796 0.500000
vt 0.329167 0.500000
vt 0.288431 1.000000
vt 0.288432 0.500000
vt 0.329167 1.000000
vt 0.146140 1.000000
vt 0.146141 0.500000
vt 0.108028 0.500000
vt 0.014922 1.000000
vt 0.014910 0.500000
vt 0.108029 1.000000
vt 0.883015 0.449001
vt 0.930552 0.407209
vt 0.586367 0.422616
vt 0.727762 0.487883
vt 0.818803 0.478468
vt 0.750053 0.489998
vt 0.229462 0.011468
vt 0.279610 0.011848
vt 0.299532 0.015270
vt 0.989353 0.255390
vt 0.518053 0.192829
vt 0.982649 0.307752
vt 0.964170 0.356994
vt 0.962324 0.139422
vt 0.938804 0.102021
vt 0.983186 0.195725
vt 0.852979 0.033892
vt 0.607708 0.057648
vt 0.552149 0.116135
vt 0.905835 0.068170
vt 0.693144 0.016963
vt 0.661327 0.026994
vt 0.741318 0.010273
vt 0.785596 0.012786
vt 0.812979 0.018497
vt 0.342307 0.029038
vt 0.397247 0.061243
vt 0.052149 0.116135
vt 0.107839 0.057547
vt 0.299532 0.015270
vt 0.161377 0.026972
vt 0.229463 0.011468
vt 0.467763 0.149784
vt 0.484109 0.199856
vt 0.018053 0.192829
vt 0.440626 0.105080
vt 0.488428 0.267286
vt 0.474496 0.333177
vt 0.085990 0.422235
vt 0.405590 0.431974
vt 0.228107 0.487964
vt 0.446754 0.386409
vt 0.329106 0.475967
vt 0.370045 0.457697
vt 0.014662 0.500000
vt 0.014673 1.000000
vt 0.108127 0.500000
vt 0.108127 1.000000
vt 0.146142 0.500000
vt 0.146141 1.000000
vt 0.275793 0.500000
vt 0.288432 1.000000
vt 0.310473 0.500000
vt 0.329167 1.000000
vt 0.349211 0.500000
vt 0.385957 1.000000
vt 0.410001 0.500000
vt 0.410001 1.000000
vt 0.555526 1.000000
vt 0.615315 1.000000
vt 0.623128 0.500000
vt 0.644203 0.500000
vt 0.673582 0.500000
vt 0.835829 1.000000
vt 0.854418 0.500000
vt 0.855799 1.000000
vt 0.916590 1.000000
vt 0.014908 0.500000
vt 0.014671 1.000000
vt 0.121179 1.000000
vt 0.120821 0.500000
vt 0.288432 0.500000
vt 0.288433 1.000000
vt 0.344655 0.500000
vt 0.398630 0.500000
vt 0.398739 1.000000
vt 0.461917 0.500000
vt 0.486330 1.000000
vt 0.494239 0.500000
vt 0.523706 0.500000
vt 0.519687 1.000000
vt 0.562982 1.000000
vt 0.570778 0.500000
vt 0.605437 1.000000
vt 0.612773 0.500000
vt 0.646546 1.000000
vt 0.644200 0.500000
vt 0.673583 0.500000
vt 0.681354 1.000000
vt 0.713605 0.500000
vt 0.716417 1.000000
vt 0.753585 0.500000
vt 0.761517 1.000000
vt 0.788726 0.500000
vt 0.806471 1.000000
vt 0.823739 0.500000
vt 0.846481 1.000000
vt 0.864019 0.500000
vt 0.887412 1.000000
vt 0.906223 0.500000
vt 0.953447 0.500000
vt 0.946404 1.000000
vt 0.999756 1.000000
vt 0.999965 0.500000
vt 0.014659 0.500000
vt 0.014925 1.000000
vt 0.121180 0.500000
vt 0.120822 1.000000
vt 0.288432 0.500000
vt 0.288432 1.000000
vt 0.344655 0.500000
vt 0.344653 1.000000
vt 0.398741 0.500000
vt 0.398741 1.000000
vt 0.439673 0.500000
vt 0.464236 0.500000
vt 0.486329 1.000000
vt 0.518372 0.500000
vt 0.519687 1.000000
vt 0.533099 1.000000
vt 0.542274 0.500000
vt 0.562982 1.000000
vt 0.570779 0.500000
vt 0.605438 1.000000
vt 0.612774 0.500000
vt 0.646546 1.000000
vt 0.644201 0.500000
vt 0.673583 0.500000
vt 0.691465 1.000000
vt 0.713606 0.500000
vt 0.736397 1.000000
vt 0.753585 0.500000
vt 0.771258 1.000000
vt 0.788726 0.500000
vt 0.806470 1.000000
vt 0.846481 1.000000
vt 0.864020 0.500000
vt 0.887411 1.000000
vt 0.894981 0.500000
vt 0.916590 1.000000
vt 0.946404 1.000000
vt 0.958765 0.500000
vt 0.999764 0.500000
vt 0.014907 0.500000
vt 0.014675 1.000000
vt 0.121183 1.000000
vt 0.120818 0.500000
vt 0.288434 0.500000
vt 0.288429 1.000000
vt 0.344656 0.500000
vt 0.344653 1.000000
vt 0.398630 0.500000
vt 0.398740 1.000000
vt 0.439804 1.000000
vt 0.439768 0.500000
vt 0.464236 0.500000
vt 0.486330 1.000000
vt 0.519687 1.000000
vt 0.534783 0.500000
vt 0.533099 1.000000
vt 0.612774 0.500000
vt 0.644202 0.500000
vt 0.673583 0.500000
vt 0.713606 0.500000
vt 0.716419 1.000000
vt 0.753585 0.500000
vt 0.761518 1.000000
vt 0.788725 0.500000
vt 0.806471 1.000000
vt 0.823738 0.500000
vt 0.864019 0.500000
vt 0.887410 1.000000
vt 0.906223 0.500000
vt 0.916589 1.000000
vt 0.953448 0.500000
vt 0.946405 1.000000
vt 0.094573 0.842219
vt 0.091412 0.845388
vt 0.095559 0.834990
vt 0.086977 0.847367
vt 0.081808 0.847274
vt 0.073075 0.834102
vt 0.076754 0.844785
vt 0.074303 0.842127
vt 0.140350 0.761776
vt 0.118430 0.760127
vt 0.140350 0.760127
vt 0.118430 0.761823
vt 0.906873 0.725966
vt 0.914022 0.000000
vt 0.915208 0.725966
vt 0.907638 0.000000
vt 0.246131 0.782048
vt 0.251121 0.760127
vt 0.250568 0.782048
vt 0.245937 0.760127
vt 0.901260 0.000000
vt 0.073506 0.767765
vt 0.095576 0.768274
vt 0.078412 0.761927
vt 0.083807 0.760238
vt 0.089997 0.761754
vt 0.042875 0.762332
vt 0.047348 0.768345
vt 0.036353 0.760285
vt 0.028933 0.762972
vt 0.024640 0.769142
vt 0.048050 0.832530
vt 0.024765 0.834078
vt 0.046752 0.836425
vt 0.045801 0.842748
vt 0.040457 0.846811
vt 0.034190 0.847375
vt 0.029031 0.845249
vt 0.026029 0.842172
vt 0.211672 0.766850
vt 0.214018 0.777165
vt 0.198131 0.760356
vt 0.213720 0.771573
vt 0.206557 0.762315
vt 0.207002 0.787819
vt 0.199046 0.789982
vt 0.190857 0.787354
vt 0.211971 0.782864
vt 0.185224 0.779940
vt 0.190924 0.762752
vt 0.184507 0.772671
vt 0.186673 0.767019
vt 0.240014 0.765001
vt 0.243888 0.772502
vt 0.242648 0.781299
vt 0.238315 0.787063
vt 0.232492 0.789668
vt 0.216130 0.768067
vt 0.225213 0.760734
vt 0.220230 0.763277
vt 0.223975 0.788903
vt 0.216699 0.782958
vt 0.214385 0.775240
vt 0.232297 0.760682
vt 0.048948 0.834102
vt 0.049378 0.767765
vt 0.071431 0.834990
vt 0.071448 0.768274
vt 0.070446 0.842219
vt 0.067285 0.845388
vt 0.062849 0.847367
vt 0.056520 0.846829
vt 0.050423 0.842431
vt 0.054284 0.761927
vt 0.059680 0.760238
vt 0.065869 0.761754
vt 0.000512 0.769142
vt 0.004805 0.762972
vt 0.023221 0.768344
vt 0.018747 0.762332
vt 0.012226 0.760285
vt 0.023922 0.832530
vt 0.022624 0.836425
vt 0.000638 0.834079
vt 0.010087 0.847379
vt 0.016330 0.846811
vt 0.021577 0.842859
vt 0.004904 0.845249
vt 0.001902 0.842172
vt 0.140350 0.768986
vt 0.118430 0.769892
vt 0.921847 0.000000
vt 0.921665 0.725966
vt 0.140350 0.835690
vt 0.118430 0.834815
vt 0.162270 0.835690
vt 0.140350 0.769892
vt 0.162270 0.768986
vt 0.140350 0.834815
vt 0.927707 0.725966
vt 0.930279 0.000000
vt 0.933350 0.725966
vt 0.118430 0.839440
vt 0.140350 0.840416
vt 0.935678 0.000000
vt 0.936259 0.725966
vt 0.293190 0.782048
vt 0.287551 0.760127
vt 0.294353 0.760127
vt 0.960932 0.725966
vt 0.959559 0.000000
vt 0.965781 0.000000
vt 0.287074 0.782048
vt 0.969442 0.725966
vt 0.971364 0.000000
vt 0.281717 0.782048
vt 0.281111 0.760127
vt 0.975938 0.725966
vt 0.976709 0.000000
vt 0.978086 0.725966
vt 0.118430 0.764539
vt 0.096510 0.760448
vt 0.118430 0.760352
vt 0.096510 0.765122
vt 0.938200 0.725966
vt 0.936721 0.000000
vt 0.941455 0.000000
vt 0.943259 0.725966
vt 0.949473 0.000000
vt 0.118430 0.830873
vt 0.096510 0.829310
vt 0.140350 0.761823
vt 0.162270 0.761776
vt 0.162270 0.760127
vt 0.263719 0.782048
vt 0.268685 0.760127
vt 0.268156 0.782048
vt 0.263525 0.760127
vt 0.273325 0.782048
vt 0.274952 0.760127
vt 0.278288 0.782048
vt 0.278725 0.760127
vt 0.184190 0.840294
vt 0.162270 0.839280
vt 0.184190 0.838875
vt 0.162270 0.833181
vt 0.184190 0.830873
vt 0.162270 0.829310
vt 0.162270 0.765122
vt 0.184190 0.764539
vt 0.949307 0.725966
vt 0.096510 0.833181
vt 0.955637 0.725966
vt 0.118430 0.839096
vt 0.096510 0.839351
vt 0.955928 0.000000
vt 0.256896 0.782048
vt 0.261137 0.760127
vt 0.261498 0.782048
vt 0.893352 0.725966
vt 0.894349 0.000000
vt 0.898314 0.725966
vt 0.257364 0.760127
vt 0.140350 0.839440
vt 0.162270 0.840416
vt 0.309707 0.782048
vt 0.304067 0.760127
vt 0.310870 0.760127
vt 0.303590 0.782048
vt 0.298234 0.782048
vt 0.297627 0.760127
vt 0.162270 0.760448
vt 0.184190 0.760352
vt 0.871187 0.760127
vt 0.893098 0.000000
vt 0.893098 0.760127
vt 0.871187 0.000000
vt 0.000000 0.760127
vt 0.424638 0.000000
vt 0.424638 0.760127
vt 0.849276 0.760127
vt 0.849276 0.000000
vt 1.000000 0.000000
vt 0.978085 0.424638
vt 0.978085 0.000000
vt 1.000000 0.424638
vt 0.978085 0.849276
vt 1.000000 0.849276
s 1
usemtl body
f 1/1/1 2/2/2 3/3/3
f 1/1/1 4/4/4 2/2/2
f 5/5/5 6/6/6 7/7/7
f 6/6/6 8/8/6 7/7/7
f 8/8/6 9/9/8 7/7/7
f 7/7/7 9/9/8 10/10/9
f 11/11/7 2/2/2 4/4/4
f 12/12/10 11/11/7 4/4/4
f 4/4/4 13/13/11 12/12/10
f 14/14/12 1/1/1 3/3/3
f 3/3/3 15/15/9 14/14/12
f 15/15/9 16/16/13 14/14/12
f 3/17/3 11/18/7 15/19/9
f 3/17/3 2/20/2 11/18/7
f 17/21/14 18/22/9 19/23/15
f 17/21/14 20/24/16 18/22/9
f 21/25/17 22/26/16 23/27/18
f 21/25/17 24/28/19 22/26/16
f 25/24/18 26/23/20 27/22/7
f 25/24/18 28/21/21 26/23/20
f 10/29/9 29/30/22 22/31/16
f 10/29/9 9/32/8 29/30/22
f 24/33/19 26/34/20 28/35/21
f 28/35/21 30/36/3 24/33/19
f 19/37/15 21/38/17 31/39/23
f 31/39/23 17/40/14 19/37/15
f 32/41/24 33/42/24 34/43/24
f 32/41/24 35/44/24 33/42/24
f 28/45/21 17/46/14 31/47/23
f 31/47/23 30/48/3 28/45/21
f 17/49/14 25/49/18 20/49/16
f 17/49/14 28/49/21 25/49/18
f 5/32/5 23/31/18 36/30/25
f 5/32/5 7/29/7 23/31/18
f 26/49/20 18/49/9 27/49/7
f 26/49/20 19/49/15 18/49/9
f 7/32/7 21/31/17 23/30/18
f 7/32/7 31/29/23 21/31/17
f 13/50/11 16/51/13 12/52/10
f 13/50/11 14/53/12 16/51/13
f 15/54/9 12/55/10 16/56/13
f 15/54/9 11/57/7 12/55/10
f 9/58/8 37/59/26 29/60/22
f 9/58/8 8/61/6 37/59/26
f 8/44/6 38/43/26 37/42/26
f 8/44/6 6/41/6 38/43/26
f 24/62/19 21/63/17 19/64/15
f 19/64/15 26/65/20 24/62/19
f 30/29/3 22/30/16 24/31/19
f 30/29/3 10/32/9 22/30/16
f 6/66/6 36/67/25 38/68/26
f 6/66/6 5/69/5 36/67/25
f 39/69/24 34/68/24 40/67/24
f 39/69/24 32/66/24 34/68/24
f 7/70/7 30/71/3 31/72/23
f 7/70/7 10/73/9 30/71/3
f 41/58/24 33/59/24 35/61/24
f 41/58/24 42/60/24 33/59/24
f 29/74/22 37/75/26 22/76/16
f 37/75/26 38/77/26 22/76/16
f 38/77/26 36/78/25 22/76/16
f 23/79/18 22/76/16 36/78/25
f 1866/2661/2 1867/2662/1072 1868/2663/1073
f 1866/2661/2 1869/2664/1074 1867/2662/1072
f 1868/2665/1073 1870/2666/22 1871/2667/1075
f 1868/2665/1073 1867/49/1072 1870/2666/22
f 1871/2668/1075 1872/2664/1076 1873/2661/1077
f 1871/2668/1075 1870/2669/22 1872/2664/1076
f 1873/2667/1077 1869/2669/1074 1866/2668/2
f 1873/2667/1077 1872/2666/1076 1869/2669/1074
f 1868/2670/1073 1873/2671/1077 1866/2672/2
f 1868/2670/1073 1871/2673/1075 1873/2671/1077
f 1870/2673/22 1869/2674/1074 1872/2671/1076
f 1870/2673/22 1867/2675/1072 1869/2674/1074
usemtl body2
f 45/80/27 43/81/28 48/82/29
f 43/81/28 46/83/30 48/82/29
f 395/84/31 46/83/30 43/81/28
f 44/85/32 46/83/30 395/84/31
f 46/83/30 50/86/33 48/82/29
f 50/86/33 47/87/34 48/82/29
f 49/88/35 47/87/34 50/86/33
f 50/86/33 51/89/36 49/88/35
f 50/86/33 52/90/37 51/89/36
f 54/91/38 51/89/36 52/90/37
f 54/91/38 52/90/37 53/92/39
f 54/91/38 55/93/40 56/94/41
f 53/92/39 55/93/40 54/91/38
f 59/95/42 57/96/43 54/91/38
f 58/97/44 59/95/42 54/91/38
f 56/94/41 58/97/44 54/91/38
f 56/94/41 60/98/45 58/97/44
f 1146/99/46 65/100/47 64/101/48
f 1146/99/46 61/102/49 65/100/47
f 62/103/50 63/104/51 66/99/52
f 66/105/52 63/106/51 1181/107/53
f 171/108/54 68/109/55 67/110/56
f 87/111/52 69/112/53 71/113/57
f 71/114/57 69/115/53 70/116/58
f 171/117/54 72/118/59 75/119/60
f 171/117/54 67/120/56 72/118/59
f 71/121/57 70/122/58 73/117/61
f 73/123/61 74/124/62 77/125/63
f 73/123/61 70/126/58 74/124/62
f 75/127/60 76/128/64 79/129/65
f 75/127/60 72/130/59 76/128/64
f 77/131/63 78/132/66 80/133/67
f 77/131/63 74/134/62 78/132/66
f 79/135/65 76/136/64 83/137/68
f 83/138/68 76/139/64 82/140/69
f 80/141/67 81/142/49 84/143/46
f 80/141/67 78/144/66 81/142/49
f 83/145/68 86/146/51 85/147/50
f 83/145/68 82/148/69 86/146/51
f 84/99/46 88/100/47 89/101/48
f 84/99/46 81/102/49 88/100/47
f 85/103/50 86/104/51 87/99/52
f 87/105/52 86/106/51 69/107/53
f 92/149/70 196/109/71 90/110/72
f 91/150/73 119/151/74 95/152/75
f 92/153/70 90/154/72 94/155/76
f 95/156/75 119/157/74 96/158/77
f 94/159/76 90/160/72 93/157/78
f 94/161/76 93/162/78 98/121/79
f 95/163/75 96/164/77 99/161/80
f 99/165/80 96/166/77 97/167/81
f 98/168/79 100/126/82 103/123/83
f 98/168/79 93/169/78 100/126/82
f 99/170/80 97/171/81 102/168/84
f 102/172/84 97/128/81 101/173/85
f 102/174/84 101/175/85 105/176/86
f 103/177/83 106/134/87 108/131/88
f 103/177/83 100/178/82 106/134/87
f 105/179/86 101/180/85 104/181/89
f 105/182/86 104/183/89 109/184/90
f 108/185/88 106/186/87 107/187/91
f 108/143/88 107/188/91 112/189/92
f 109/141/90 110/142/93 113/143/94
f 109/141/90 104/144/89 110/142/93
f 112/190/92 107/191/91 111/144/95
f 112/101/92 111/192/95 115/193/96
f 113/99/94 116/100/97 117/101/98
f 113/99/94 110/102/93 116/100/97
f 115/194/96 111/195/95 114/102/99
f 115/196/96 114/197/99 91/198/73
f 117/199/98 116/200/97 120/196/100
f 120/201/100 116/107/97 118/202/101
f 91/203/73 114/106/99 119/107/74
f 123/204/102 127/106/103 122/107/104
f 125/199/105 124/205/106 121/196/107
f 125/199/105 129/206/108 124/205/106
f 126/103/109 127/207/103 123/99/102
f 128/193/110 129/208/108 125/209/105
f 128/193/110 132/210/111 129/208/108
f 126/211/109 131/100/112 127/210/103
f 130/212/113 131/213/112 126/141/109
f 133/214/114 135/140/115 132/186/111
f 133/189/114 132/215/111 128/216/110
f 130/217/113 134/139/116 131/140/112
f 141/218/117 138/219/118 146/220/119
f 143/221/120 146/220/119 138/219/118
f 138/219/118 137/222/121 143/221/120
f 142/223/122 143/221/120 137/222/121
f 136/224/123 142/223/122 137/222/121
f 136/224/123 139/225/124 142/223/122
f 139/225/124 140/226/125 142/223/122
f 149/227/126 144/228/127 145/229/128
f 146/220/119 145/229/128 144/228/127
f 143/221/120 145/229/128 146/220/119
f 147/230/129 149/227/126 263/231/130
f 148/232/131 263/231/130 149/227/126
f 145/229/128 148/232/131 149/227/126
f 150/233/132 152/234/133 263/231/130
f 263/231/130 152/234/133 151/235/134
f 151/235/134 147/230/129 263/231/130
f 152/234/133 153/236/135 151/235/134
f 155/237/136 154/238/137 174/239/138
f 160/240/139 158/241/140 156/242/141
f 160/240/139 156/242/141 174/239/138
f 174/239/138 157/243/142 160/240/139
f 154/238/137 157/243/142 174/239/138
f 159/244/143 160/240/139 157/243/142
f 162/245/144 182/246/145 163/247/146
f 182/246/145 161/248/147 163/247/146
f 163/247/146 161/248/147 164/249/148
f 165/250/149 164/249/148 161/248/147
f 77/251/63 80/252/67 89/253/48
f 80/252/67 84/254/46 89/253/48
f 71/255/57 73/256/61 77/251/63
f 71/255/57 77/251/63 166/257/150
f 89/253/48 166/257/150 77/251/63
f 89/253/48 183/258/151 166/257/150
f 85/259/50 87/260/52 166/257/150
f 166/257/150 87/260/52 71/255/57
f 166/257/150 167/261/152 83/262/68
f 83/262/68 85/259/50 166/257/150
f 171/263/54 75/264/60 79/265/65
f 79/265/65 83/262/68 171/263/54
f 171/263/54 83/262/68 170/266/153
f 168/267/154 170/266/153 83/262/68
f 167/261/152 168/267/154 83/262/68
f 169/268/155 171/263/54 170/266/153
f 163/247/146 172/269/156 162/245/144
f 172/269/156 173/270/157 162/245/144
f 156/242/141 175/271/158 174/239/138
f 173/270/157 174/239/138 175/271/158
f 175/271/158 162/245/144 173/270/157
f 179/272/159 76/273/64 72/274/59
f 72/274/59 68/275/55 179/272/159
f 72/274/59 67/276/56 68/275/55
f 179/272/159 82/277/69 76/273/64
f 68/275/55 177/278/160 179/272/159
f 68/275/55 176/279/161 177/278/160
f 177/278/160 178/280/162 179/272/159
f 86/281/51 82/277/69 180/282/163
f 179/272/159 180/282/163 82/277/69
f 86/281/51 180/282/163 181/283/164
f 181/283/164 88/284/47 86/281/51
f 86/281/51 88/284/47 78/285/66
f 81/286/49 78/285/66 88/284/47
f 78/285/66 74/287/62 86/281/51
f 70/288/58 86/281/51 74/287/62
f 69/289/53 86/281/51 70/288/58
f 183/290/151 180/291/163 166/292/150
f 183/290/151 181/293/164 180/291/163
f 89/294/48 181/293/164 183/290/151
f 89/294/48 88/110/47 181/293/164
f 167/295/152 178/296/162 168/297/154
f 167/295/152 179/298/159 178/296/162
f 166/292/150 179/298/159 167/295/152
f 166/292/150 180/291/163 179/298/159
f 170/299/153 176/300/161 169/301/155
f 170/299/153 177/302/160 176/300/161
f 168/297/154 177/302/160 170/299/153
f 168/297/154 178/296/162 177/302/160
f 169/301/155 68/303/55 171/304/54
f 169/301/155 176/300/161 68/303/55
f 184/305/165 185/306/166 190/307/167
f 184/305/165 186/308/168 185/306/166
f 184/305/165 118/309/101 186/308/168
f 120/294/100 118/309/101 184/305/165
f 187/310/169 188/311/170 193/312/171
f 187/310/169 189/313/172 188/311/170
f 190/307/167 189/313/172 187/310/169
f 190/307/167 185/306/166 189/313/172
f 191/314/173 192/315/174 197/316/175
f 191/314/173 194/317/176 192/315/174
f 193/312/171 194/317/176 191/314/173
f 193/312/171 188/311/170 194/317/176
f 195/318/177 196/319/71 92/320/70
f 195/318/177 198/321/178 196/319/71
f 197/316/175 198/321/178 195/318/177
f 197/316/175 192/315/174 198/321/178
f 199/322/179 200/323/180 215/324/181
f 199/322/179 201/325/182 200/323/180
f 202/326/183 201/325/182 199/322/179
f 202/326/183 203/327/184 201/325/182
f 204/328/185 203/327/184 202/326/183
f 204/328/185 205/329/186 203/327/184
f 206/330/187 205/329/186 204/328/185
f 206/330/187 207/331/188 205/329/186
f 208/332/189 210/333/190 209/334/191
f 211/335/192 210/333/190 208/332/189
f 211/335/192 212/336/193 210/333/190
f 213/337/194 212/336/193 211/335/192
f 213/337/194 214/338/195 212/336/193
f 215/324/181 214/338/195 213/337/194
f 215/324/181 200/323/180 214/338/195
f 216/339/196 217/340/197 224/341/198
f 216/339/196 219/342/199 217/340/197
f 218/343/200 219/342/199 216/339/196
f 218/343/200 209/334/191 219/342/199
f 208/332/189 209/334/191 218/343/200
f 220/344/201 222/345/202 234/346/203
f 221/347/204 222/345/202 220/344/201
f 221/347/204 223/348/205 222/345/202
f 224/341/198 223/348/205 221/347/204
f 224/341/198 225/349/206 223/348/205
f 224/341/198 217/340/197 225/349/206
f 227/350/207 229/351/208 226/126/209
f 228/352/210 229/351/208 227/350/207
f 228/352/210 231/353/211 229/351/208
f 230/354/212 231/353/211 228/352/210
f 230/354/212 233/355/213 231/353/211
f 232/356/214 233/355/213 230/354/212
f 232/356/214 235/357/215 233/355/213
f 234/346/203 235/357/215 232/356/214
f 234/346/203 222/345/202 235/357/215
f 236/358/216 237/120/217 238/117/218
f 236/358/216 239/359/219 237/120/217
f 240/360/220 239/359/219 236/358/216
f 240/360/220 242/361/221 239/359/219
f 241/362/222 242/361/221 240/360/220
f 243/125/223 242/361/221 241/362/222
f 243/125/223 244/124/224 242/361/221
f 227/350/207 244/124/224 243/125/223
f 227/350/207 226/126/209 244/124/224
f 254/363/225 247/364/226 245/365/227
f 246/366/228 247/364/226 254/363/225
f 248/367/229 247/364/226 246/366/228
f 248/367/229 249/368/230 247/364/226
f 248/367/229 251/369/231 249/368/230
f 250/370/232 251/369/231 248/367/229
f 238/117/218 251/369/231 250/370/232
f 238/117/218 237/120/217 251/369/231
f 252/371/233 253/372/234 257/373/235
f 252/371/233 255/374/236 253/372/234
f 254/363/225 255/374/236 252/371/233
f 254/363/225 245/365/227 255/374/236
f 257/373/235 256/375/237 260/376/238
f 257/373/235 253/372/234 256/375/237
f 260/376/238 259/377/239 258/378/240
f 260/376/238 256/375/237 259/377/239
f 261/379/241 207/380/188 206/320/187
f 261/379/241 262/381/242 207/380/188
f 258/378/240 262/381/242 261/379/241
f 258/378/240 259/377/239 262/381/242
f 272/382/243 265/383/244 305/384/245
f 265/383/244 266/385/246 305/384/245
f 266/385/246 304/386/247 305/384/245
f 269/387/248 304/386/247 266/385/246
f 264/388/249 304/386/247 269/387/248
f 269/387/248 267/389/250 264/388/249
f 266/385/246 268/390/251 269/387/248
f 271/391/252 273/392/253 270/393/254
f 273/392/253 272/382/243 305/384/245
f 271/391/252 272/382/243 273/392/253
f 305/384/245 274/394/255 273/392/253
f 275/395/256 273/392/253 274/394/255
f 280/396/257 277/397/258 282/398/259
f 277/397/258 276/399/260 282/398/259
f 276/399/260 279/400/261 282/398/259
f 276/399/260 278/401/262 279/400/261
f 281/402/263 280/396/257 282/398/259
f 284/403/264 282/398/259 279/400/261
f 324/404/265 284/403/264 279/400/261
f 324/404/265 283/405/266 284/403/264
f 285/406/267 282/398/259 284/403/264
f 287/407/268 286/408/269 288/409/270
f 290/410/271 289/411/272 288/409/270
f 293/412/273 291/413/274 290/410/271
f 290/410/271 288/409/270 293/412/273
f 292/414/275 293/412/273 288/409/270
f 286/408/269 292/414/275 288/409/270
f 292/414/275 294/415/276 293/412/273
f 293/412/273 295/416/277 298/417/278
f 298/417/278 296/418/279 293/412/273
f 296/418/279 291/413/274 293/412/273
f 295/416/277 297/419/280 298/417/278
f 299/420/281 301/421/282 297/419/280
f 301/421/282 298/417/278 297/419/280
f 300/422/283 298/417/278 301/421/282
f 300/422/283 301/421/282 302/423/284
f 297/419/280 303/424/285 299/420/281
f 308/425/33 306/426/34 307/427/29
f 313/428/30 308/425/33 307/427/29
f 309/88/35 306/426/34 308/425/33
f 307/427/29 310/429/27 312/430/28
f 312/430/28 313/428/30 307/427/29
f 314/431/286 313/428/30 312/430/28
f 311/432/32 313/428/30 314/431/286
f 315/433/287 316/434/288 317/435/289
f 317/435/289 318/436/290 315/433/287
f 317/435/289 316/434/288 319/437/291
f 319/437/291 320/438/292 317/435/289
f 320/438/292 321/439/293 317/435/289
f 323/440/294 322/441/295 320/438/292
f 319/437/291 323/440/294 320/438/292
f 326/442/296 327/443/297 279/400/261
f 279/400/261 327/443/297 324/404/265
f 327/443/297 325/444/298 324/404/265
f 328/445/299 325/444/298 327/443/297
f 330/446/268 329/447/269 331/448/270
f 333/449/271 332/450/272 331/448/270
f 336/451/300 334/452/274 333/449/271
f 333/449/271 331/448/270 336/451/300
f 335/453/275 336/451/300 331/448/270
f 329/447/269 335/453/275 331/448/270
f 335/453/275 337/415/301 336/451/300
f 336/451/300 338/454/302 342/455/303
f 342/455/303 339/456/279 336/451/300
f 339/456/279 334/452/274 336/451/300
f 341/457/304 346/458/305 340/459/306
f 341/457/304 342/455/303 346/458/305
f 346/458/305 342/455/303 345/460/307
f 344/461/308 345/460/307 342/455/303
f 338/454/302 344/461/308 342/455/303
f 343/462/309 347/463/310 345/460/307
f 347/463/310 346/458/305 345/460/307
f 308/425/33 348/464/311 309/88/35
f 308/425/33 318/436/290 348/464/311
f 317/435/289 348/464/311 318/436/290
f 349/465/312 351/466/313 350/467/314
f 349/465/312 354/468/315 351/466/313
f 355/469/316 351/466/313 354/468/315
f 352/470/317 351/466/313 355/469/316
f 359/471/318 352/470/317 355/469/316
f 353/472/319 352/470/317 359/471/318
f 356/473/320 353/472/319 359/471/318
f 358/474/321 357/475/322 355/469/316
f 355/469/316 354/468/315 358/474/321
f 360/476/323 356/473/320 359/471/318
f 362/477/324 361/478/325 359/471/318
f 370/479/326 364/480/327 362/477/324
f 370/479/326 362/477/324 359/471/318
f 370/479/326 359/471/318 355/469/316
f 355/469/316 367/481/328 370/479/326
f 366/482/329 367/481/328 355/469/316
f 366/482/329 363/483/330 367/481/328
f 365/484/331 366/482/329 355/469/316
f 368/485/332 369/486/333 367/481/328
f 369/486/333 370/479/326 367/481/328
f 370/479/326 369/486/333 371/487/334
f 378/488/335 375/489/336 384/490/337
f 384/490/337 375/489/336 379/491/338
f 384/490/337 379/491/338 388/492/339
f 379/491/338 373/493/340 388/492/339
f 373/493/340 376/494/341 388/492/339
f 373/493/340 374/495/342 376/494/341
f 374/495/342 377/496/343 376/494/341
f 380/497/344 372/498/345 373/493/340
f 382/499/346 380/497/344 373/493/340
f 379/491/338 382/499/346 373/493/340
f 379/491/338 381/500/347 382/499/346
f 383/501/348 384/490/337 386/502/349
f 387/503/350 385/504/351 384/490/337
f 385/504/351 386/502/349 384/490/337
f 388/492/339 387/503/350 384/490/337
f 387/503/350 388/492/339 389/505/352
f 390/506/353 389/505/352 388/492/339
f 393/507/354 388/492/339 376/494/341
f 393/507/354 394/508/355 388/492/339
f 391/509/356 388/492/339 394/508/355
f 392/510/357 391/509/356 394/508/355
f 399/511/358 398/512/359 401/513/360
f 401/513/360 396/514/361 399/511/358
f 400/515/362 401/513/360 398/512/359
f 397/516/363 402/517/364 396/514/361
f 402/517/364 403/518/365 396/514/361
f 403/518/365 399/511/358 396/514/361
f 399/511/358 403/518/365 404/519/366
f 398/512/359 405/520/367 407/521/368
f 399/511/358 405/520/367 398/512/359
f 406/522/369 407/521/368 412/523/370
f 412/523/370 407/521/368 408/524/371
f 409/525/372 408/524/371 407/521/368
f 407/521/368 405/520/367 409/525/372
f 410/526/373 411/527/374 408/524/371
f 411/527/374 413/528/375 408/524/371
f 413/528/375 412/523/370 408/524/371
f 416/529/376 414/530/377 415/531/378
f 417/532/379 418/533/380 419/534/381
f 418/533/380 420/535/382 419/534/381
f 420/535/382 415/531/378 419/534/381
f 414/530/377 419/534/381 415/531/378
f 418/533/380 425/536/383 428/537/384
f 428/537/384 420/535/382 418/533/380
f 421/538/385 427/539/386 425/536/383
f 427/539/386 428/537/384 425/536/383
f 425/536/383 423/540/387 421/538/385
f 422/541/388 421/538/385 423/540/387
f 424/542/389 422/541/388 423/540/387
f 426/543/390 423/540/387 425/536/383
f 429/544/391 428/537/384 427/539/386
f 432/545/392 431/546/393 430/547/394
f 433/548/395 432/545/392 440/549/396
f 432/545/392 430/547/394 440/549/396
f 430/547/394 434/550/397 440/549/396
f 430/547/394 437/551/398 434/550/397
f 435/552/399 434/550/397 437/551/398
f 438/553/400 436/554/401 433/548/395
f 440/549/396 438/553/400 433/548/395
f 439/555/402 440/549/396 442/556/403
f 434/550/397 442/556/403 440/549/396
f 441/557/404 442/556/403 434/550/397
f 443/558/405 432/545/392 433/548/395
f 420/535/382 444/559/406 445/560/407
f 445/560/407 415/531/378 420/535/382
f 446/561/408 415/531/378 445/560/407
f 451/562/409 447/563/410 449/564/411
f 452/565/412 449/564/411 447/563/410
f 452/565/412 448/566/413 449/564/411
f 450/567/414 451/562/409 449/564/411
f 456/568/415 453/569/416 452/565/412
f 447/563/410 455/570/417 454/571/418
f 447/563/410 454/571/418 460/572/419
f 460/572/419 452/565/412 447/563/410
f 460/572/419 456/568/415 452/565/412
f 460/572/419 457/573/420 456/568/415
f 458/574/421 459/575/422 460/572/419
f 454/571/418 458/574/421 460/572/419
f 464/576/423 463/577/424 461/578/425
f 467/579/426 468/580/427 464/576/423
f 464/576/423 461/578/425 467/579/426
f 462/581/428 467/579/426 461/578/425
f 466/582/429 467/579/426 462/581/428
f 462/581/428 465/583/430 466/582/429
f 467/579/426 469/584/431 472/585/432
f 472/585/432 468/580/427 467/579/426
f 474/586/433 470/587/434 472/585/432
f 474/586/433 472/585/432 471/588/435
f 469/584/431 471/588/435 472/585/432
f 473/589/436 475/590/437 471/588/435
f 475/590/437 474/586/433 471/588/435
f 476/591/438 471/588/435 469/584/431
f 478/592/439 1184/593/440 491/594/441
f 479/595/442 491/594/441 1184/593/440
f 1184/593/440 481/596/443 479/595/442
f 483/597/444 479/595/442 481/596/443
f 480/598/445 479/595/442 483/597/444
f 483/597/444 477/599/446 480/598/445
f 482/600/447 483/597/444 481/596/443
f 486/601/448 485/602/449 484/603/450
f 485/602/449 486/601/448 487/604/451
f 485/602/449 487/604/451 489/605/452
f 489/605/452 488/606/453 485/602/449
f 489/605/452 490/607/454 488/606/453
f 489/605/452 491/594/441 490/607/454
f 479/595/442 490/607/454 491/594/441
f 487/604/451 492/608/455 489/605/452
f 493/609/456 492/608/455 487/604/451
f 510/610/457 494/611/458 497/612/459
f 496/613/460 497/612/459 499/614/461
f 499/614/461 497/612/459 498/615/462
f 494/611/458 498/615/462 497/612/459
f 495/616/463 498/615/462 494/611/458
f 505/617/464 500/618/465 506/619/466
f 500/618/465 501/620/467 506/619/466
f 501/620/467 504/621/468 506/619/466
f 502/622/469 504/621/468 501/620/467
f 502/622/469 503/623/434 504/621/468
f 508/624/470 507/625/471 506/619/466
f 508/624/470 506/619/466 504/621/468
f 497/612/459 509/626/472 510/610/457
f 504/621/468 509/626/472 497/612/459
f 497/612/459 508/624/470 504/621/468
f 511/627/473 1185/628/474 518/629/475
f 515/630/476 518/629/475 1185/628/474
f 1185/628/474 513/631/477 515/630/476
f 514/632/478 515/630/476 513/631/477
f 512/633/479 515/630/476 514/632/478
f 516/634/480 515/630/476 512/633/479
f 525/635/481 518/629/475 517/636/482
f 515/630/476 517/636/482 518/629/475
f 525/635/481 519/637/453 520/638/483
f 525/635/481 517/636/482 519/637/453
f 520/638/483 523/639/484 525/635/481
f 520/638/483 521/640/485 523/639/484
f 521/640/485 522/641/486 523/639/484
f 524/642/487 525/635/481 523/639/484
f 527/643/488 526/644/489 528/645/490
f 528/645/490 530/646/491 529/647/492
f 531/648/493 530/646/491 546/649/494
f 528/645/490 546/649/494 530/646/491
f 533/650/495 546/649/494 528/645/490
f 539/651/496 533/650/495 528/645/490
f 534/652/497 533/650/495 539/651/496
f 537/653/498 534/652/497 539/651/496
f 534/652/497 532/654/499 533/650/495
f 536/655/500 537/653/498 539/651/496
f 539/651/496 535/656/501 536/655/500
f 537/653/498 536/655/500 538/657/502
f 526/644/489 541/658/503 528/645/490
f 528/645/490 541/658/503 539/651/496
f 542/659/504 539/651/496 541/658/503
f 539/651/496 542/659/504 540/660/505
f 541/658/503 543/661/506 544/662/507
f 544/662/507 542/659/504 541/658/503
f 545/663/508 531/648/493 546/649/494
f 548/664/509 547/665/510 546/649/494
f 533/650/495 548/664/509 546/649/494
f 553/666/511 551/667/512 549/668/513
f 549/668/513 550/669/514 553/666/511
f 554/670/515 553/666/511 550/669/514
f 552/671/516 554/670/515 550/669/514
f 553/666/511 555/672/517 551/667/512
f 560/673/518 556/674/519 558/675/520
f 556/674/519 557/676/521 558/675/520
f 561/677/522 560/673/518 558/675/520
f 550/669/514 561/677/522 558/675/520
f 558/675/520 567/678/523 550/669/514
f 567/678/523 552/671/516 550/669/514
f 559/679/524 552/671/516 567/678/523
f 561/677/522 563/680/525 562/681/526
f 550/669/514 563/680/525 561/677/522
f 565/682/527 564/683/528 567/678/523
f 558/675/520 565/682/527 567/678/523
f 564/683/528 566/684/529 567/678/523
f 567/678/523 568/685/530 559/679/524
f 559/679/524 568/685/530 569/686/531
f 571/687/532 550/669/514 549/668/513
f 570/688/533 571/687/532 549/668/513
f 574/689/534 572/690/535 573/691/536
f 575/692/537 576/693/538 572/690/535
f 573/691/536 572/690/535 576/693/538
f 577/694/539 573/691/536 576/693/538
f 580/695/540 577/694/539 576/693/538
f 578/696/541 575/692/537 572/690/535
f 576/693/538 579/697/542 580/695/540
f 581/698/543 580/695/540 579/697/542
f 582/699/544 580/695/540 581/698/543
f 582/699/544 584/700/545 583/701/546
f 582/699/544 581/698/543 585/702/547
f 585/702/547 587/703/548 582/699/544
f 584/700/545 582/699/544 587/703/548
f 585/702/547 586/704/549 588/705/550
f 588/705/550 587/703/548 585/702/547
f 590/706/551 589/707/552 591/708/553
f 590/706/551 591/708/553 1651/709/554
f 594/710/555 1651/709/554 591/708/553
f 591/708/553 592/711/556 594/710/555
f 592/711/556 593/712/557 658/713/558
f 658/713/558 594/710/555 592/711/556
f 658/713/558 659/714/559 594/710/555
f 597/715/560 594/710/555 659/714/559
f 659/714/559 595/716/561 597/715/560
f 596/717/562 597/715/560 595/716/561
f 598/718/563 599/719/564 595/716/561
f 599/719/564 596/717/562 595/716/561
f 600/720/565 598/718/563 602/721/566
f 602/721/566 598/718/563 595/716/561
f 595/716/561 603/722/567 602/721/566
f 595/716/561 601/723/568 603/722/567
f 604/724/569 605/725/570 616/726/571
f 606/727/572 611/728/573 616/726/571
f 611/728/573 608/729/574 616/726/571
f 604/724/569 616/726/571 608/729/574
f 608/729/574 607/730/575 604/724/569
f 611/728/573 609/731/576 608/729/574
f 610/732/577 607/730/575 608/729/574
f 611/728/573 606/727/572 612/733/578
f 616/726/571 614/734/579 615/735/580
f 615/735/580 613/736/581 616/726/571
f 613/736/581 606/727/572 616/726/571
f 613/736/581 617/737/582 606/727/572
f 622/738/583 619/739/584 618/740/585
f 619/739/584 620/741/586 618/740/585
f 621/742/587 623/743/588 618/740/585
f 623/743/588 622/738/583 618/740/585
f 620/741/586 626/744/589 630/745/590
f 630/745/590 624/746/591 620/741/586
f 624/746/591 618/740/585 620/741/586
f 618/740/585 624/746/591 625/747/592
f 628/748/593 627/749/594 630/745/590
f 626/744/589 628/748/593 630/745/590
f 628/748/593 629/750/595 627/749/594
f 624/746/591 630/745/590 631/751/596
f 633/752/597 632/753/598 634/754/599
f 636/755/600 635/756/601 641/757/602
f 638/758/603 641/757/602 635/756/601
f 635/756/601 634/754/599 638/758/603
f 637/759/275 638/758/603 634/754/599
f 632/753/598 637/759/275 634/754/599
f 637/759/275 639/760/276 638/758/603
f 638/758/603 640/761/302 649/762/604
f 649/762/604 641/757/602 638/758/603
f 643/763/605 642/764/606 649/762/604
f 640/761/302 643/763/605 649/762/604
f 644/765/607 646/766/608 642/764/606
f 646/766/608 647/767/609 642/764/606
f 647/767/609 645/768/469 642/764/606
f 645/768/469 648/769/434 649/762/604
f 645/768/469 649/762/604 642/764/606
f 656/770/610 650/771/611 652/772/612
f 650/771/611 651/773/34 652/772/612
f 663/774/35 651/773/34 650/771/611
f 653/775/613 655/776/614 652/772/612
f 655/776/614 656/770/610 652/772/612
f 657/777/615 656/770/610 655/776/614
f 654/778/616 656/770/610 657/777/615
f 665/779/38 660/780/617 661/637/453
f 665/779/38 662/781/36 660/780/617
f 650/771/611 660/780/617 662/781/36
f 650/771/611 662/781/36 663/774/35
f 665/779/38 661/637/453 664/782/618
f 670/783/619 667/784/620 665/779/38
f 669/785/621 670/783/619 665/779/38
f 664/782/618 669/785/621 665/779/38
f 664/782/618 668/786/622 669/785/621
f 668/786/622 664/782/618 666/787/623
f 674/788/624 673/789/625 672/790/626
f 676/791/600 675/792/627 688/793/602
f 678/794/628 688/793/602 675/792/627
f 675/792/627 672/790/626 678/794/628
f 673/789/625 678/794/628 672/790/626
f 677/795/629 678/794/628 673/789/625
f 673/789/625 671/796/630 677/795/629
f 679/797/631 680/798/609 686/799/632
f 680/798/609 681/800/469 686/799/632
f 682/801/633 679/797/631 686/799/632
f 681/800/469 683/802/634 685/803/604
f 681/800/469 685/803/604 686/799/632
f 684/804/635 686/799/632 685/803/604
f 687/805/636 684/804/635 685/803/604
f 678/794/628 687/805/636 685/803/604
f 685/803/604 688/793/602 678/794/628
f 689/806/439 1245/807/637 699/808/638
f 692/809/611 699/808/638 1245/807/637
f 1245/807/637 690/810/29 692/809/611
f 696/811/610 692/809/611 690/810/29
f 694/812/639 696/811/610 690/810/29
f 691/813/640 696/811/610 694/812/639
f 693/814/641 694/812/639 690/810/29
f 695/815/616 696/811/610 691/813/640
f 697/816/642 699/808/638 698/817/617
f 692/809/611 698/817/617 699/808/638
f 697/816/642 698/817/617 700/818/453
f 703/819/618 701/820/643 702/821/644
f 703/819/618 702/821/644 697/816/642
f 697/816/642 700/818/453 703/819/618
f 701/820/643 703/819/618 704/822/623
f 706/823/645 705/824/646 697/816/642
f 702/821/644 706/823/645 697/816/642
f 125/825/105 121/826/107 133/827/114
f 121/826/107 720/828/647 133/827/114
f 133/827/114 128/829/110 125/825/105
f 707/830/648 133/827/114 720/828/647
f 710/831/649 133/827/114 707/830/648
f 123/832/102 708/833/650 707/830/648
f 126/834/109 123/832/102 707/830/648
f 707/830/648 709/835/651 710/831/649
f 707/830/648 1262/836/652 126/834/109
f 711/837/653 1262/836/652 707/830/648
f 720/828/647 711/837/653 707/830/648
f 720/828/647 712/838/654 711/837/653
f 712/838/654 713/839/655 711/837/653
f 713/839/655 712/838/654 714/840/656
f 130/841/113 126/834/109 1262/836/652
f 715/842/657 717/843/658 713/839/655
f 713/839/655 717/843/658 711/837/653
f 719/844/659 716/845/660 711/837/653
f 717/843/658 718/846/661 711/837/653
f 718/846/661 719/844/659 711/837/653
f 129/847/108 132/848/111 721/849/662
f 132/848/111 135/850/115 721/849/662
f 724/851/663 722/852/664 725/853/665
f 724/851/663 725/853/665 131/854/112
f 725/853/665 129/847/108 131/854/112
f 723/855/666 131/854/112 129/847/108
f 721/849/662 723/855/666 129/847/108
f 726/856/667 727/857/668 725/853/665
f 725/853/665 722/852/664 726/856/667
f 131/854/112 134/858/116 734/859/669
f 734/859/669 728/860/670 131/854/112
f 131/854/112 728/860/670 724/851/663
f 728/860/670 730/861/671 724/851/663
f 730/861/671 729/862/672 724/851/663
f 731/863/673 724/851/663 729/862/672
f 124/864/106 129/847/108 725/853/665
f 725/853/665 732/865/674 124/864/106
f 732/865/674 733/866/675 124/864/106
f 735/867/676 737/868/677 741/869/678
f 737/868/677 736/870/679 741/869/678
f 738/871/680 739/872/681 736/870/679
f 736/870/679 739/872/681 741/869/678
f 743/873/682 741/869/678 739/872/681
f 740/874/683 741/869/678 743/873/682
f 739/872/681 742/875/684 743/873/682
f 744/876/685 743/873/682 742/875/684
f 745/877/686 743/873/682 744/876/685
f 745/877/686 744/876/685 748/878/687
f 748/878/687 746/879/688 745/877/686
f 748/878/687 747/880/689 746/879/688
f 746/879/688 752/881/690 751/882/691
f 751/882/691 745/877/686 746/879/688
f 749/883/692 745/877/686 751/882/691
f 752/881/690 750/884/693 751/882/691
f 753/885/694 755/886/695 767/887/696
f 755/886/695 754/888/697 767/887/696
f 758/889/698 757/890/699 767/887/696
f 767/887/696 754/888/697 758/889/698
f 754/888/697 756/891/700 758/889/698
f 758/889/698 759/892/701 757/890/699
f 762/893/702 760/894/703 763/895/704
f 768/896/705 760/894/703 762/893/702
f 761/897/706 763/895/704 760/894/703
f 763/895/704 764/898/707 766/899/708
f 763/895/704 766/899/708 762/893/702
f 766/899/708 765/900/709 762/893/702
f 765/900/709 767/887/696 757/890/699
f 757/890/699 762/893/702 765/900/709
f 769/901/710 782/902/711 770/903/712
f 770/903/712 771/904/713 769/901/710
f 782/902/711 772/905/714 770/903/712
f 770/903/712 772/905/714 781/906/715
f 781/906/715 773/907/716 770/903/712
f 774/908/717 773/907/716 781/906/715
f 776/909/718 775/910/719 773/907/716
f 775/910/719 777/911/720 773/907/716
f 777/911/720 770/903/712 773/907/716
f 778/912/721 770/903/712 777/911/720
f 772/905/714 780/913/722 779/914/723
f 779/914/723 781/906/715 772/905/714
f 785/915/724 783/916/725 784/917/726
f 787/918/727 785/915/724 784/917/726
f 786/919/728 785/915/724 787/918/727
f 788/920/729 787/918/727 784/917/726
f 789/921/730 788/920/729 784/917/726
f 853/922/731 789/921/730 784/917/726
f 853/922/731 790/923/732 789/921/730
f 791/924/733 788/920/729 789/921/730
f 797/252/67 793/254/46 792/253/48
f 858/257/150 794/925/52 795/926/57
f 795/926/57 796/927/63 858/257/150
f 792/253/48 858/257/150 796/927/63
f 796/927/63 797/252/67 792/253/48
f 795/926/57 798/928/61 796/927/63
f 805/263/54 799/929/60 800/930/65
f 800/930/65 801/262/68 805/263/54
f 805/263/54 801/262/68 804/266/153
f 802/267/154 804/266/153 801/262/68
f 857/261/152 802/267/154 801/262/68
f 803/268/155 805/263/54 804/266/153
f 806/286/49 807/931/66 809/932/47
f 820/281/51 809/932/47 807/931/66
f 808/283/164 809/932/47 820/281/51
f 820/281/51 810/282/163 808/283/164
f 820/281/51 811/933/69 810/282/163
f 813/272/159 810/282/163 811/933/69
f 813/272/159 811/933/69 812/273/64
f 813/272/159 812/273/64 814/274/59
f 818/278/160 816/280/162 813/272/159
f 819/275/55 818/278/160 813/272/159
f 814/274/59 819/275/55 813/272/159
f 814/274/59 815/934/56 819/275/55
f 819/275/55 817/279/734 818/278/160
f 821/289/735 820/281/51 823/935/58
f 823/935/58 820/281/51 822/287/62
f 807/931/66 822/287/62 820/281/51
f 829/252/67 825/936/46 824/937/48
f 862/938/150 826/260/52 827/926/57
f 827/926/57 828/927/63 862/938/150
f 824/937/48 862/938/150 828/927/63
f 828/927/63 829/252/67 824/937/48
f 827/926/57 830/928/61 828/927/63
f 837/263/54 831/929/736 832/930/65
f 832/930/65 833/262/68 837/263/54
f 837/263/54 833/262/68 836/266/153
f 834/267/154 836/266/153 833/262/68
f 861/939/152 834/267/154 833/262/68
f 835/268/155 837/263/54 836/266/153
f 844/283/164 839/940/47 866/281/51
f 866/281/51 839/940/47 840/931/66
f 838/941/49 840/931/66 839/940/47
f 848/942/159 841/933/69 842/273/64
f 848/942/159 843/943/163 841/933/69
f 866/281/51 841/933/69 843/943/163
f 866/281/51 843/943/163 844/283/164
f 848/942/159 842/273/64 845/274/59
f 850/278/160 847/280/162 848/942/159
f 851/275/55 850/278/160 848/942/159
f 845/274/59 851/275/55 848/942/159
f 845/274/59 846/934/56 851/275/55
f 851/275/55 849/279/734 850/278/160
f 784/917/726 854/944/737 853/922/731
f 854/944/737 855/945/738 853/922/731
f 855/945/738 852/946/739 853/922/731
f 858/257/150 857/261/152 801/262/68
f 801/262/68 856/259/50 858/257/150
f 856/259/50 794/925/52 858/257/150
f 792/253/48 859/947/151 858/257/150
f 862/938/150 861/939/152 833/262/68
f 833/262/68 860/948/50 862/938/150
f 860/948/50 826/260/52 862/938/150
f 824/937/48 863/947/151 862/938/150
f 840/931/66 865/287/62 866/281/51
f 867/949/58 866/281/51 865/287/62
f 864/289/735 866/281/51 867/949/58
f 870/950/167 869/951/173 871/952/75
f 871/952/75 868/953/90 870/950/167
f 890/954/86 868/953/90 871/952/75
f 871/952/75 872/955/96 873/956/740
f 877/957/92 872/955/96 875/958/83
f 871/952/75 875/958/83 872/955/96
f 881/959/76 875/958/83 871/952/75
f 869/951/173 881/959/76 871/952/75
f 877/957/92 875/958/83 876/960/88
f 878/961/175 879/962/177 881/959/76
f 869/951/173 878/961/175 881/959/76
f 881/959/76 880/963/79 875/958/83
f 879/962/177 882/964/70 881/959/76
f 883/965/171 869/951/173 884/966/169
f 884/966/169 869/951/173 870/950/167
f 868/953/90 885/967/94 886/968/100
f 886/968/100 870/950/167 868/953/90
f 870/950/167 886/968/100 887/969/741
f 888/970/98 886/968/100 885/967/94
f 874/971/80 889/972/84 871/952/75
f 889/972/84 890/954/86 871/952/75
f 903/973/77 891/974/74 906/975/95
f 892/976/82 893/977/91 894/978/87
f 906/975/95 893/977/91 892/976/82
f 892/976/82 895/979/78 906/975/95
f 906/975/95 895/979/78 896/980/178
f 896/980/178 910/981/172 906/975/95
f 910/981/172 897/982/97 906/975/95
f 910/981/172 900/983/166 897/982/97
f 898/984/168 897/982/97 900/983/166
f 899/985/101 897/982/97 898/984/168
f 905/986/85 902/987/81 903/973/77
f 903/973/77 906/975/95 905/986/85
f 904/988/89 905/986/85 906/975/95
f 897/982/97 904/988/89 906/975/95
f 901/989/93 904/988/89 897/982/97
f 907/990/99 906/975/95 891/974/74
f 910/981/172 908/991/176 909/992/170
f 896/980/178 908/991/176 910/981/172
f 911/993/174 908/991/176 896/980/178
f 913/994/72 912/995/71 896/980/178
f 895/979/78 913/994/72 896/980/178
f 914/879/688 919/881/690 918/882/691
f 918/882/691 915/877/686 914/879/688
f 916/883/692 915/877/686 918/882/691
f 919/881/690 917/884/742 918/882/691
f 920/867/676 922/868/677 926/869/678
f 922/868/677 921/870/679 926/869/678
f 923/871/680 924/872/681 921/870/679
f 921/870/679 924/872/681 926/869/678
f 928/873/682 926/869/678 924/872/681
f 925/874/683 926/869/678 928/873/682
f 924/872/681 927/875/684 928/873/682
f 929/876/685 928/873/682 927/875/684
f 915/877/686 928/873/682 929/876/685
f 915/877/686 929/876/685 931/878/687
f 931/878/687 914/879/688 915/877/686
f 931/878/687 930/880/689 914/879/688
f 932/885/694 933/886/695 946/887/696
f 933/886/695 934/888/697 946/887/696
f 937/889/698 936/890/699 946/887/696
f 946/887/696 934/888/697 937/889/698
f 934/888/697 935/891/700 937/889/698
f 937/889/698 938/892/701 936/890/699
f 941/893/702 939/894/703 942/895/704
f 947/896/705 939/894/703 941/893/702
f 940/897/706 942/895/704 939/894/703
f 942/895/704 943/898/707 945/899/708
f 942/895/704 945/899/708 941/893/702
f 945/899/708 944/900/709 941/893/702
f 944/900/709 946/887/696 936/890/699
f 936/890/699 941/893/702 944/900/709
f 948/901/710 958/902/711 949/903/712
f 949/903/712 950/904/713 948/901/710
f 958/902/711 951/905/714 949/903/712
f 949/903/712 951/905/714 961/906/715
f 961/906/715 952/907/716 949/903/712
f 953/908/743 952/907/716 961/906/715
f 955/909/744 954/910/719 952/907/716
f 954/910/719 956/911/720 952/907/716
f 956/911/720 949/903/712 952/907/716
f 957/912/721 949/903/712 956/911/720
f 951/905/714 960/913/722 959/914/723
f 959/914/723 961/906/715 951/905/714
f 964/918/745 962/915/724 998/917/726
f 963/919/728 962/915/724 964/918/745
f 965/996/729 964/918/745 998/917/726
f 966/921/730 965/996/729 998/917/726
f 1001/922/731 966/921/730 998/917/726
f 1001/922/731 967/923/732 966/921/730
f 968/924/733 965/996/729 966/921/730
f 974/252/67 970/254/46 969/997/48
f 1005/998/150 971/925/52 972/999/57
f 972/999/57 973/927/63 1005/998/150
f 969/997/48 1005/998/150 973/927/63
f 973/927/63 974/252/67 969/997/48
f 972/999/57 975/928/61 973/927/63
f 982/263/54 976/1000/736 977/930/65
f 977/930/65 978/262/68 982/263/54
f 982/263/54 978/262/68 981/266/153
f 979/267/154 981/266/153 978/262/68
f 1004/261/152 979/267/154 978/262/68
f 980/268/155 982/263/54 981/266/153
f 989/283/164 984/940/47 1010/281/51
f 1010/281/51 984/940/47 985/931/66
f 983/941/746 985/931/66 984/940/47
f 993/1001/159 986/90/69 987/273/64
f 993/1001/159 988/282/163 986/90/69
f 1010/281/51 986/90/69 988/282/163
f 1010/281/51 988/282/163 989/283/164
f 993/1001/159 987/273/64 990/274/59
f 995/278/160 992/280/162 993/1001/159
f 996/275/55 995/278/160 993/1001/159
f 990/274/59 996/275/55 993/1001/159
f 990/274/59 991/934/56 996/275/55
f 996/275/55 994/279/734 995/278/160
f 962/915/724 997/916/747 998/917/726
f 998/917/726 999/944/737 1001/922/731
f 999/944/737 1002/945/738 1001/922/731
f 1002/945/738 1000/946/739 1001/922/731
f 1005/998/150 1004/261/152 978/262/68
f 978/262/68 1003/259/50 1005/998/150
f 1003/259/50 971/925/52 1005/998/150
f 969/997/48 1006/947/151 1005/998/150
f 985/931/66 1008/287/62 1010/281/51
f 1007/949/58 1010/281/51 1008/287/62
f 1009/289/735 1010/281/51 1007/949/58
f 1016/252/67 1012/254/46 1011/997/48
f 1041/998/150 1013/925/52 1014/999/57
f 1014/999/57 1015/927/63 1041/998/150
f 1011/997/48 1041/998/150 1015/927/63
f 1015/927/63 1016/252/67 1011/997/48
f 1014/999/57 1017/928/61 1015/927/63
f 1024/263/54 1018/1000/60 1019/930/65
f 1019/930/65 1020/262/68 1024/263/54
f 1024/263/54 1020/262/68 1023/266/153
f 1021/267/154 1023/266/153 1020/262/68
f 1040/261/152 1021/267/154 1020/262/68
f 1022/268/155 1024/263/54 1023/266/153
f 1031/283/164 1026/940/47 1046/281/51
f 1046/281/51 1026/940/47 1027/931/66
f 1025/941/49 1027/931/66 1026/940/47
f 1035/1001/159 1028/90/69 1029/273/64
f 1035/1001/159 1030/282/163 1028/90/69
f 1046/281/51 1028/90/69 1030/282/163
f 1046/281/51 1030/282/163 1031/283/164
f 1035/1001/159 1029/273/64 1032/274/59
f 1037/278/160 1034/280/162 1035/1001/159
f 1038/275/55 1037/278/160 1035/1001/159
f 1032/274/59 1038/275/55 1035/1001/159
f 1032/274/59 1033/934/56 1038/275/55
f 1038/275/55 1036/279/734 1037/278/160
f 1041/998/150 1040/261/152 1020/262/68
f 1020/262/68 1039/259/50 1041/998/150
f 1039/259/50 1013/925/52 1041/998/150
f 1011/997/48 1042/947/151 1041/998/150
f 1027/931/66 1044/287/62 1046/281/51
f 1043/949/58 1046/281/51 1044/287/62
f 1045/289/735 1046/281/51 1043/949/58
f 1048/952/75 1049/955/96 1047/956/73
f 1053/1002/92 1049/955/96 1051/958/83
f 1048/952/75 1051/958/83 1049/955/96
f 1057/959/76 1051/958/83 1048/952/75
f 1050/951/173 1057/959/76 1048/952/75
f 1053/1002/92 1051/958/83 1052/960/88
f 1057/959/76 1054/963/79 1051/958/83
f 1055/961/175 1056/962/177 1057/959/76
f 1050/951/173 1055/961/175 1057/959/76
f 1056/962/177 1058/964/70 1057/959/76
f 1059/950/167 1050/951/173 1048/952/75
f 1048/952/75 1060/953/90 1059/950/167
f 1061/954/86 1060/953/90 1048/952/75
f 1063/971/80 1062/972/84 1048/952/75
f 1062/972/84 1061/954/86 1048/952/75
f 1060/953/90 1064/967/94 1065/968/100
f 1065/968/100 1059/950/167 1060/953/90
f 1059/950/167 1065/968/100 1066/1003/165
f 1067/970/98 1065/968/100 1064/967/94
f 1068/966/169 1050/951/173 1059/950/167
f 1069/1004/171 1050/951/173 1068/966/169
f 1475/986/85 1070/987/748 1072/973/77
f 1072/973/77 1089/1005/95 1475/986/85
f 1474/988/89 1475/986/85 1089/1005/95
f 1079/982/97 1474/988/89 1089/1005/95
f 1071/989/93 1474/988/89 1079/982/97
f 1072/973/77 1073/1006/74 1089/1005/95
f 1074/976/82 1075/977/91 1076/978/87
f 1089/1005/95 1075/977/91 1074/976/82
f 1074/976/82 1077/979/78 1089/1005/95
f 1089/1005/95 1077/979/78 1078/980/178
f 1078/980/178 1083/981/172 1089/1005/95
f 1083/981/172 1079/982/97 1089/1005/95
f 1083/981/172 1082/983/166 1079/982/97
f 1080/1007/168 1079/982/97 1082/983/166
f 1081/1008/101 1079/982/97 1080/1007/168
f 1083/981/172 1084/1009/176 1086/1010/170
f 1078/980/178 1084/1009/176 1083/981/172
f 1085/1011/174 1084/1009/176 1078/980/178
f 1088/994/72 1087/995/71 1078/980/178
f 1077/979/78 1088/994/72 1078/980/178
f 1090/1012/99 1089/1005/95 1073/1006/74
f 1091/879/688 1096/881/690 1095/882/691
f 1095/882/691 1092/877/686 1091/879/688
f 1093/883/692 1092/877/686 1095/882/691
f 1096/881/690 1094/884/693 1095/882/691
f 1097/867/676 1099/868/677 1103/869/678
f 1099/868/677 1098/870/679 1103/869/678
f 1100/871/680 1101/872/681 1098/870/679
f 1098/870/679 1101/872/681 1103/869/678
f 1105/873/682 1103/869/678 1101/872/681
f 1102/874/683 1103/869/678 1105/873/682
f 1101/872/681 1104/875/684 1105/873/682
f 1106/876/685 1105/873/682 1104/875/684
f 1092/877/686 1105/873/682 1106/876/685
f 1092/877/686 1106/876/685 1108/878/687
f 1108/878/687 1091/879/688 1092/877/686
f 1108/878/687 1107/880/689 1091/879/688
f 1109/885/749 1110/886/695 1123/887/696
f 1110/886/695 1111/888/697 1123/887/696
f 1114/889/698 1113/890/699 1123/887/696
f 1123/887/696 1111/888/697 1114/889/698
f 1111/888/697 1112/891/700 1114/889/698
f 1114/889/698 1115/892/701 1113/890/699
f 1118/893/702 1116/894/703 1119/895/704
f 1124/896/705 1116/894/703 1118/893/702
f 1117/897/706 1119/895/704 1116/894/703
f 1119/895/704 1120/898/707 1122/899/708
f 1119/895/704 1122/899/708 1118/893/702
f 1122/899/708 1121/900/709 1118/893/702
f 1121/900/709 1123/887/696 1113/890/699
f 1113/890/699 1118/893/702 1121/900/709
f 1125/901/710 1135/902/711 1126/903/712
f 1126/903/712 1127/904/713 1125/901/710
f 1135/902/711 1128/905/714 1126/903/712
f 1126/903/712 1128/905/714 1138/906/715
f 1138/906/715 1129/907/716 1126/903/712
f 1130/908/717 1129/907/716 1138/906/715
f 1132/909/718 1131/910/719 1129/907/716
f 1131/910/719 1133/911/720 1129/907/716
f 1133/911/720 1126/903/712 1129/907/716
f 1134/912/721 1126/903/712 1133/911/720
f 1128/905/714 1137/913/722 1136/914/723
f 1136/914/723 1138/906/715 1128/905/714
f 1141/918/745 1139/915/724 1171/917/726
f 1140/919/728 1139/915/724 1141/918/745
f 1142/996/729 1141/918/745 1171/917/726
f 1143/921/730 1142/996/729 1171/917/726
f 1174/922/731 1143/921/730 1171/917/726
f 1174/922/731 1144/923/732 1143/921/730
f 1145/924/733 1142/996/729 1143/921/730
f 1149/252/750 1146/254/46 64/1013/48
f 1177/257/150 66/925/52 1147/926/57
f 1147/926/57 1148/927/63 1177/257/150
f 64/1013/48 1177/257/150 1148/927/63
f 1148/927/63 1149/252/750 64/1013/48
f 1147/926/57 1150/928/61 1148/927/63
f 1157/263/54 1151/929/60 1152/930/65
f 1152/930/65 1153/262/68 1157/263/54
f 1157/263/54 1153/262/68 1156/266/153
f 1154/267/154 1156/266/153 1153/262/68
f 1176/261/152 1154/267/154 1153/262/68
f 1155/268/155 1157/263/54 1156/266/153
f 1162/283/164 65/284/47 63/281/51
f 63/281/51 65/284/47 1158/931/66
f 61/286/49 1158/931/66 65/284/47
f 1166/272/159 1159/933/69 1160/273/64
f 1166/272/159 1161/282/163 1159/933/69
f 63/281/51 1159/933/69 1161/282/163
f 63/281/51 1161/282/163 1162/283/164
f 1166/272/159 1160/273/64 1163/274/59
f 1168/278/160 1165/280/162 1166/272/159
f 1169/275/55 1168/278/160 1166/272/159
f 1163/274/59 1169/275/55 1166/272/159
f 1163/274/59 1164/934/751 1169/275/55
f 1169/275/55 1167/279/734 1168/278/160
f 1139/915/724 1170/916/747 1171/917/726
f 1171/917/726 1172/944/737 1174/922/731
f 1172/944/737 1175/945/738 1174/922/731
f 1175/945/738 1173/946/739 1174/922/731
f 1177/257/150 1176/261/152 1153/262/68
f 1153/262/68 62/259/50 1177/257/150
f 62/259/50 66/925/52 1177/257/150
f 64/1013/48 1178/947/151 1177/257/150
f 1158/931/66 1180/287/62 63/281/51
f 1179/935/58 63/281/51 1180/287/62
f 1181/289/53 63/281/51 1179/935/58
f 102/1014/84 105/954/86 95/1015/75
f 105/954/86 109/1016/90 95/1015/75
f 95/1015/75 109/1016/90 190/950/167
f 120/968/100 190/950/167 109/1016/90
f 190/950/167 120/968/100 184/1017/165
f 99/1018/80 102/1014/84 95/1015/75
f 95/1015/75 115/955/96 91/956/73
f 112/1019/92 115/955/96 103/958/83
f 95/1015/75 103/958/83 115/955/96
f 112/1019/92 103/958/83 108/960/88
f 94/1020/76 98/1021/79 103/958/83
f 94/1020/76 103/958/83 95/1015/75
f 191/951/173 94/1020/76 95/1015/75
f 190/950/167 191/951/173 95/1015/75
f 197/1022/175 195/962/177 94/1020/76
f 191/951/173 197/1022/175 94/1020/76
f 195/962/177 92/1023/70 94/1020/76
f 117/1024/98 120/968/100 113/1025/94
f 109/1016/90 113/1025/94 120/968/100
f 193/1026/171 191/951/173 187/966/169
f 187/966/169 191/951/173 190/950/167
f 104/988/89 101/986/85 111/1027/95
f 96/973/77 119/1028/74 111/1027/95
f 96/973/77 111/1027/95 101/986/85
f 101/986/85 97/987/81 96/973/77
f 189/1029/172 116/982/97 111/1027/95
f 116/982/97 104/988/89 111/1027/95
f 110/989/93 104/988/89 116/982/97
f 100/1030/82 107/977/91 106/1031/87
f 111/1027/95 107/977/91 100/1030/82
f 189/1029/172 194/1032/176 188/1033/170
f 198/1034/178 194/1032/176 189/1029/172
f 198/1034/178 189/1029/172 111/1027/95
f 111/1027/95 93/979/78 198/1034/178
f 100/1030/82 93/979/78 111/1027/95
f 93/979/78 90/1035/72 198/1034/178
f 90/1035/72 196/995/71 198/1034/178
f 189/1029/172 185/983/166 116/982/97
f 186/984/168 116/982/97 185/983/166
f 118/985/101 116/982/97 186/984/168
f 192/1011/174 194/1032/176 198/1034/178
f 114/990/99 111/1027/95 119/1028/74
f 258/1036/240 211/1037/192 260/1038/238
f 258/1036/240 213/1039/194 211/1037/192
f 215/1040/181 213/1039/194 258/1036/240
f 215/1040/181 258/1036/240 261/1041/241
f 261/1041/241 199/1042/179 215/1040/181
f 202/1043/183 199/1042/179 261/1041/241
f 204/1044/185 202/1043/183 261/1041/241
f 206/1045/187 204/1044/185 261/1041/241
f 221/1046/204 220/1047/201 257/1048/235
f 224/1049/198 221/1046/204 257/1048/235
f 216/1050/196 224/1049/198 257/1048/235
f 260/1038/238 216/1050/196 257/1048/235
f 218/1051/200 216/1050/196 260/1038/238
f 208/1052/189 218/1051/200 260/1038/238
f 211/1037/192 208/1052/189 260/1038/238
f 230/1053/212 228/1054/210 254/1055/225
f 232/1056/214 230/1053/212 254/1055/225
f 252/1057/233 232/1056/214 254/1055/225
f 234/1058/203 232/1056/214 252/1057/233
f 220/1047/201 234/1058/203 252/1057/233
f 220/1047/201 252/1057/233 257/1048/235
f 236/1059/216 238/1060/218 250/1061/232
f 240/1062/220 236/1059/216 250/1061/232
f 241/1063/222 240/1062/220 250/1061/232
f 243/1064/223 241/1063/222 250/1061/232
f 248/1065/229 243/1064/223 250/1061/232
f 227/1066/207 243/1064/223 248/1065/229
f 227/1066/207 248/1065/229 246/1067/228
f 228/1054/210 227/1066/207 246/1067/228
f 228/1054/210 246/1067/228 254/1055/225
f 201/1068/182 203/1069/184 262/1070/242
f 203/1069/184 205/1071/186 262/1070/242
f 205/1071/186 207/1072/188 262/1070/242
f 256/1073/237 212/1074/193 259/1075/239
f 212/1074/193 214/1076/195 259/1075/239
f 214/1076/195 200/1077/180 259/1075/239
f 262/1070/242 259/1075/239 200/1077/180
f 200/1077/180 201/1068/182 262/1070/242
f 219/1078/199 256/1073/237 253/1079/234
f 219/1078/199 209/1080/191 256/1073/237
f 209/1080/191 210/1081/190 256/1073/237
f 210/1081/190 212/1074/193 256/1073/237
f 245/1082/227 247/1083/226 229/1084/208
f 229/1084/208 231/1085/211 245/1082/227
f 255/1086/236 245/1082/227 231/1085/211
f 231/1085/211 233/1087/213 255/1086/236
f 233/1087/213 235/1088/215 255/1086/236
f 235/1088/215 253/1079/234 255/1086/236
f 235/1088/215 222/1089/202 253/1079/234
f 222/1089/202 223/1090/205 253/1079/234
f 223/1090/205 225/1091/206 253/1079/234
f 225/1091/206 217/1092/197 253/1079/234
f 217/1092/197 219/1078/199 253/1079/234
f 251/1093/231 237/1094/217 239/1095/219
f 239/1095/219 242/1096/221 251/1093/231
f 242/1096/221 244/1097/224 251/1093/231
f 249/1098/230 251/1093/231 244/1097/224
f 244/1097/224 226/1099/209 249/1098/230
f 247/1083/226 249/1098/230 226/1099/209
f 226/1099/209 229/1084/208 247/1083/226
f 138/219/118 1182/1100/752 137/222/121
f 304/1101/247 282/1102/259 285/1103/267
f 264/294/249 282/1102/259 304/1101/247
f 304/1101/247 284/1104/264 305/1105/245
f 304/1101/247 285/1103/267 284/1104/264
f 274/1106/255 283/1107/266 324/1108/265
f 305/1105/245 283/1107/266 274/1106/255
f 305/1105/245 284/1104/264 283/1107/266
f 275/1109/256 324/1108/265 325/1110/298
f 274/1106/255 324/1108/265 275/1109/256
f 294/1111/276 348/1112/311 293/1113/273
f 294/1111/276 309/1114/35 348/1112/311
f 293/1113/273 317/1115/289 295/1116/277
f 293/1113/273 348/1112/311 317/1115/289
f 297/1117/280 320/1118/292 303/1119/285
f 297/1117/280 321/1120/293 320/1118/292
f 295/1116/277 321/1120/293 297/1117/280
f 295/1116/277 317/1115/289 321/1120/293
f 299/1121/281 322/1122/295 323/1123/294
f 303/1119/285 322/1122/295 299/1121/281
f 303/1119/285 320/1118/292 322/1122/295
f 435/1124/399 451/1125/409 434/1126/397
f 435/1124/399 447/110/410 451/1125/409
f 441/1127/404 450/1128/414 449/1129/411
f 434/1126/397 450/1128/414 441/1127/404
f 434/1126/397 451/1125/409 450/1128/414
f 441/1127/404 448/1130/413 442/1131/403
f 441/1127/404 449/1129/411 448/1130/413
f 439/1132/402 452/1133/412 453/1134/416
f 442/1131/403 452/1133/412 439/1132/402
f 442/1131/403 448/1130/413 452/1133/412
f 1183/1135/753 479/595/442 480/598/445
f 275/113/256 325/1136/298 273/294/253
f 273/1137/253 325/116/298 328/1138/299
f 265/1139/244 276/158/260 266/153/246
f 265/1139/244 278/157/262 276/158/260
f 273/1140/253 328/1141/299 327/1142/297
f 266/123/246 276/1143/260 268/125/251
f 273/168/253 327/1144/297 270/123/254
f 268/1145/251 276/1146/260 277/169/258
f 268/131/251 277/1147/258 269/133/248
f 270/1148/254 327/178/297 326/134/296
f 269/1149/248 277/180/258 280/181/257
f 270/1150/254 326/1151/296 271/182/252
f 271/1152/252 326/142/296 279/1153/261
f 269/141/248 280/1154/257 267/143/250
f 267/1155/250 280/1156/257 281/191/263
f 271/1157/252 279/1158/261 272/1159/243
f 267/193/250 281/1160/263 264/209/249
f 264/1161/249 281/1162/263 282/195/259
f 272/1163/243 278/206/262 265/199/244
f 272/1163/243 279/202/261 278/206/262
f 299/113/281 323/1164/294 301/294/282
f 291/111/274 311/109/32 290/113/271
f 291/111/274 313/1165/30 311/109/32
f 301/1166/282 323/160/294 319/157/291
f 290/1167/271 311/118/32 314/160/286
f 290/121/271 314/1168/286 289/117/272
f 301/1169/282 319/1170/291 302/1171/284
f 289/123/272 312/124/28 288/125/270
f 289/123/272 314/126/286 312/124/28
f 302/1172/284 319/169/291 316/126/288
f 302/127/284 316/1173/288 300/129/283
f 288/131/270 310/132/27 287/133/268
f 288/131/270 312/134/28 310/132/27
f 300/1174/283 316/181/288 315/1175/287
f 287/137/268 307/1176/29 286/1150/269
f 287/137/268 310/187/27 307/1176/29
f 300/135/283 315/1177/287 298/137/278
f 298/1178/278 315/139/287 318/140/290
f 286/147/269 306/1179/34 292/1157/275
f 286/147/269 307/146/29 306/1179/34
f 298/145/278 308/146/33 296/147/279
f 298/145/278 318/148/290 308/146/33
f 296/103/279 313/102/30 291/99/274
f 296/103/279 308/195/33 313/102/30
f 292/1180/275 309/202/35 294/1163/276
f 292/1180/275 306/107/34 309/202/35
f 443/155/405 459/1181/422 432/1182/392
f 439/153/402 453/1183/416 440/155/396
f 432/1184/392 459/1185/422 458/120/421
f 440/1186/396 453/1141/416 456/1142/415
f 440/125/396 456/1187/415 438/362/400
f 432/170/392 458/1188/421 431/168/393
f 431/1189/393 458/128/421 454/173/418
f 431/131/393 454/1190/418 430/133/394
f 438/1191/400 456/178/415 457/134/420
f 438/1192/400 457/1193/420 436/1194/401
f 430/141/394 455/142/417 437/143/398
f 430/141/394 454/144/418 455/142/417
f 436/212/401 460/144/419 433/141/395
f 436/212/401 457/191/420 460/144/419
f 437/198/398 447/1195/410 435/1196/399
f 437/198/398 455/1197/417 447/1195/410
f 433/1163/395 459/206/422 443/199/405
f 433/1163/395 460/202/419 459/206/422
f 473/113/436 486/1198/448 475/294/437
f 464/1199/423 1183/1165/753 480/109/445
f 475/1200/437 486/158/448 484/115/450
f 464/121/423 477/120/446 463/117/424
f 464/121/423 480/1185/445 477/120/446
f 475/1201/437 485/1142/449 474/163/433
f 475/1201/437 484/1141/450 485/1142/449
f 463/123/424 483/124/444 461/125/425
f 463/123/424 477/126/446 483/124/444
f 474/176/433 488/1202/453 470/1203/434
f 474/176/433 485/1204/449 488/1202/453
f 461/131/425 482/132/447 462/133/428
f 461/131/425 483/134/444 482/132/447
f 470/184/434 488/1205/453 472/1206/432
f 462/1207/428 482/187/447 481/1176/443
f 472/1208/432 488/139/453 490/140/454
f 462/1159/428 481/1209/443 465/212/430
f 465/1210/430 481/146/443 1184/1179/440
f 472/145/432 479/146/442 468/147/427
f 472/145/432 490/148/454 479/146/442
f 465/1211/430 1184/1212/440 466/103/429
f 468/1213/427 479/1195/442 1183/1162/753
f 468/1163/427 1183/1214/753 464/199/423
f 466/1215/429 1184/107/440 478/202/439
f 500/1216/465 522/109/486 521/110/485
f 510/1217/457 516/1138/480 512/1218/479
f 500/153/465 521/1219/485 501/155/467
f 510/163/457 512/1220/479 494/161/458
f 501/1201/467 520/1142/483 502/163/469
f 501/1201/467 521/1141/485 520/1142/483
f 494/1221/458 512/126/479 514/124/478
f 494/1203/458 514/1222/478 495/127/463
f 502/176/469 519/1202/453 503/1203/434
f 502/176/469 520/1204/483 519/1202/453
f 495/1223/463 514/1175/478 513/178/477
f 503/184/434 519/1205/453 504/1206/468
f 495/137/463 513/1224/477 498/1150/462
f 504/1225/468 519/139/453 517/140/482
f 498/1226/462 513/146/477 1185/1179/474
f 504/145/468 515/146/476 509/147/472
f 504/145/468 517/148/482 515/146/476
f 498/193/462 1185/1227/474 499/209/461
f 509/1228/472 515/202/476 516/206/480
f 499/1180/461 511/202/473 496/1163/460
f 499/1180/461 1185/107/474 511/202/473
f 509/1229/472 516/1230/480 510/1231/457
f 1187/1232/754 1186/1233/755 1193/1234/756
f 1188/1235/757 1187/1232/754 1193/1234/756
f 1189/1236/758 1188/1235/757 1193/1234/756
f 1190/1237/759 1191/1238/760 1195/1239/761
f 1192/1240/762 1191/1238/760 1190/1237/759
f 1194/1241/763 1192/1240/762 1190/1237/759
f 1193/1234/756 1194/1241/763 1190/1237/759
f 1193/1234/756 1186/1233/755 1194/1241/763
f 1196/1242/764 1207/1243/765 1195/1239/761
f 1197/1244/766 1196/1242/764 1195/1239/761
f 1198/1245/767 1197/1244/766 1195/1239/761
f 1191/1238/760 1198/1245/767 1195/1239/761
f 1200/1246/768 1199/1247/769 1207/1243/765
f 1201/1248/770 1200/1246/768 1207/1243/765
f 1196/1242/764 1201/1248/770 1207/1243/765
f 1202/1249/771 1203/1250/772 1216/1251/773
f 1205/1252/774 1203/1250/772 1202/1249/771
f 1204/1253/775 1205/1252/774 1202/1249/771
f 1206/1254/776 1205/1252/774 1204/1253/775
f 1208/1255/777 1206/1254/776 1204/1253/775
f 1204/1253/775 1207/1243/765 1208/1255/777
f 1199/1247/769 1208/1255/777 1207/1243/765
f 1211/1256/778 1209/1060/779 1210/1257/780
f 1212/1258/781 1211/1256/778 1210/1257/780
f 1213/1063/782 1212/1258/781 1210/1257/780
f 1214/1064/783 1213/1063/782 1210/1257/780
f 1215/1259/784 1214/1064/783 1210/1257/780
f 1217/1260/785 1214/1064/783 1215/1259/784
f 1217/1260/785 1215/1259/784 1216/1251/773
f 1203/1250/772 1217/1260/785 1216/1251/773
f 1220/1261/786 1218/1262/787 1233/1263/788
f 1233/1263/788 1219/1264/789 1220/1261/786
f 1222/1265/790 1220/1261/786 1219/1264/789
f 1219/1264/789 1221/1266/791 1222/1265/790
f 1223/1099/792 1222/1265/790 1221/1266/791
f 1221/1266/791 1224/1267/793 1223/1099/792
f 1225/1097/794 1223/1099/792 1224/1267/793
f 1224/1267/793 1226/1268/795 1225/1097/794
f 1227/1269/796 1225/1097/794 1226/1268/795
f 1228/1270/797 1227/1269/796 1226/1268/795
f 1226/1268/795 1229/1094/798 1228/1270/797
f 1231/1271/799 1230/1272/800 1237/1273/801
f 1232/1274/802 1231/1271/799 1237/1273/801
f 1234/1275/803 1232/1274/802 1237/1273/801
f 1234/1275/803 1237/1273/801 1233/1263/788
f 1218/1262/787 1234/1275/803 1233/1263/788
f 1236/1276/804 1235/1277/805 1242/1278/806
f 1236/1276/804 1242/1278/806 1237/1273/801
f 1238/1279/807 1236/1276/804 1237/1273/801
f 1230/1272/800 1238/1279/807 1237/1273/801
f 1240/1280/808 1239/1077/809 1257/1281/810
f 1241/1282/811 1239/1077/809 1240/1280/808
f 1243/1283/812 1241/1282/811 1240/1280/808
f 1242/1278/806 1243/1283/812 1240/1280/808
f 1244/1284/813 1243/1283/812 1242/1278/806
f 1235/1277/805 1244/1284/813 1242/1278/806
f 529/111/492 549/109/513 528/113/490
f 529/111/492 570/1165/533 549/109/513
f 532/1285/499 557/1218/521 556/1165/519
f 532/1182/499 556/1286/519 533/150/495
f 533/1287/495 556/160/519 560/157/518
f 528/119/490 551/160/512 527/1288/488
f 528/119/490 549/118/513 551/160/512
f 533/117/495 560/1289/518 548/119/509
f 548/125/509 561/166/522 547/362/510
f 548/125/509 560/124/518 561/166/522
f 527/123/488 555/124/517 526/125/489
f 527/123/488 551/126/512 555/124/517
f 609/1182/576 629/1138/595 608/150/574
f 609/1182/576 627/116/594 629/1138/595
f 605/1139/570 622/158/583 616/153/571
f 605/1139/570 619/157/584 622/158/583
f 608/1201/574 628/1142/593 610/163/577
f 608/1201/574 629/1141/595 628/1142/593
f 616/123/571 623/124/588 614/125/579
f 616/123/571 622/126/583 623/124/588
f 610/176/577 626/1202/589 607/1203/575
f 610/176/577 628/1204/593 626/1202/589
f 614/1194/579 621/178/587 615/177/580
f 614/1194/579 623/1175/588 621/178/587
f 607/1290/575 626/186/589 620/187/586
f 607/216/575 620/1291/586 604/1292/569
f 615/147/580 618/1179/585 613/1157/581
f 615/147/580 621/146/587 618/1179/585
f 613/198/581 618/1293/585 617/1196/582
f 604/196/569 619/1197/584 605/198/570
f 604/196/569 620/205/586 619/1197/584
f 636/1294/600 656/1165/610 654/109/616
f 646/153/608 666/115/623 647/155/609
f 646/153/608 668/158/622 666/115/623
f 636/1139/600 654/1295/616 635/153/601
f 635/1296/601 654/118/616 657/160/615
f 647/1201/609 664/1142/618 645/163/469
f 647/1201/609 666/1141/623 664/1142/618
f 635/362/601 657/1297/615 634/1169/599
f 634/1298/599 657/126/615 655/124/614
f 634/1203/599 655/1299/614 633/127/597
f 645/176/469 661/1202/453 648/1203/434
f 645/176/469 664/1204/618 661/1202/453
f 633/1300/597 655/134/614 653/132/613
f 648/184/434 661/1205/453 649/1206/604
f 633/137/597 652/1176/612 632/1150/598
f 633/137/597 653/187/613 652/1176/612
f 649/1208/604 661/139/453 660/140/617
f 632/147/598 651/1179/34 637/1157/275
f 632/147/598 652/146/612 651/1179/34
f 649/145/604 650/146/611 641/147/602
f 649/145/604 660/148/617 650/146/611
f 641/1301/602 650/195/611 656/102/610
f 637/1180/275 663/202/35 639/1163/276
f 637/1180/275 651/107/34 663/202/35
f 641/1302/602 656/1303/610 636/1180/600
f 676/1304/600 696/1165/610 695/109/616
f 679/153/631 704/115/623 680/155/609
f 679/153/631 701/158/643 704/115/623
f 676/1139/600 695/1305/616 675/153/627
f 675/1167/627 695/118/616 691/160/640
f 680/1201/609 703/1142/618 681/163/469
f 680/1201/609 704/1141/623 703/1142/618
f 675/362/627 691/1306/640 672/1169/626
f 672/1307/626 691/126/640 694/124/639
f 681/176/469 700/1202/453 683/1203/634
f 681/176/469 703/1204/618 700/1202/453
f 672/131/626 693/132/641 674/133/624
f 672/131/626 694/134/639 693/132/641
f 683/184/634 700/1205/453 685/1206/604
f 674/137/624 690/1176/29 673/1150/625
f 674/137/624 693/187/641 690/1176/29
f 685/1208/604 700/139/453 698/140/617
f 673/147/625 1245/1179/637 671/1157/630
f 673/147/625 690/146/29 1245/1179/637
f 685/145/604 692/146/611 688/147/602
f 685/145/604 698/148/617 692/146/611
f 688/1301/602 692/195/611 696/102/610
f 671/1211/630 1245/1308/637 677/103/629
f 677/1309/629 1245/107/637 689/202/439
f 688/1302/602 696/1303/610 676/1180/600
f 721/849/662 1246/1310/814 723/855/666
f 127/1311/103 131/854/112 723/855/666
f 122/1312/104 127/1311/103 723/855/666
f 1248/1313/754 1247/1314/755 1254/1315/815
f 1249/1316/757 1248/1313/754 1254/1315/815
f 1250/1317/758 1249/1316/757 1254/1315/815
f 1263/1318/816 1251/1319/817 1252/1320/760
f 1253/1321/762 1252/1320/760 1251/1319/817
f 1255/1322/763 1253/1321/762 1251/1319/817
f 1255/1322/763 1251/1319/817 1254/1315/815
f 1254/1315/815 1247/1314/755 1255/1322/763
f 466/1323/429 491/1324/441 467/1325/426
f 466/1323/429 478/1326/439 491/1324/441
f 469/1327/431 489/1328/452 476/1329/438
f 467/1325/426 489/1328/452 469/1327/431
f 467/1325/426 491/1324/441 489/1328/452
f 476/1329/438 493/1330/456 471/1331/435
f 476/1329/438 492/1332/455 493/1330/456
f 476/1329/438 489/1328/452 492/1332/455
f 473/1333/436 487/1334/451 486/1335/448
f 471/1331/435 487/1334/451 473/1333/436
f 471/1331/435 493/1330/456 487/1334/451
f 496/1336/460 518/1337/475 497/1338/459
f 496/1336/460 511/1339/473 518/1337/475
f 508/1340/470 524/1341/487 507/1342/471
f 508/1340/470 525/1343/481 524/1341/487
f 497/1338/459 525/1343/481 508/1340/470
f 497/1338/459 518/1337/475 525/1343/481
f 506/1344/466 524/1341/487 523/1345/484
f 507/1342/471 524/1341/487 506/1344/466
f 505/1346/464 522/1347/486 500/1348/465
f 505/1346/464 523/1345/484 522/1347/486
f 506/1344/466 523/1345/484 505/1346/464
f 540/1349/505 568/1350/530 539/1351/496
f 540/1349/505 569/1352/531 568/1350/530
f 542/294/504 569/1352/531 540/1349/505
f 542/294/504 559/110/524 569/1352/531
f 535/1353/501 566/1354/529 536/1355/500
f 535/1353/501 567/1356/523 566/1354/529
f 539/1351/496 567/1356/523 535/1353/501
f 539/1351/496 568/1350/530 567/1356/523
f 538/1357/502 565/1358/527 537/1359/498
f 538/1357/502 564/1360/528 565/1358/527
f 536/1355/500 564/1360/528 538/1357/502
f 536/1355/500 566/1354/529 564/1360/528
f 534/1361/497 557/1362/521 532/1363/499
f 534/1361/497 558/1364/520 557/1362/521
f 537/1359/498 558/1364/520 534/1361/497
f 537/1359/498 565/1358/527 558/1364/520
f 1258/1365/818 1256/1366/819 1257/1281/810
f 1259/1367/820 1258/1365/818 1257/1281/810
f 1260/1368/821 1259/1367/820 1257/1281/810
f 1239/1077/809 1260/1368/821 1257/1281/810
f 617/1369/582 624/1370/591 606/1371/572
f 617/1369/582 625/1372/592 624/1370/591
f 617/1369/582 618/110/585 625/1372/592
f 606/1371/572 631/1373/596 612/1374/578
f 606/1371/572 624/1370/591 631/1373/596
f 612/1374/578 630/1375/590 611/1376/573
f 612/1374/578 631/1373/596 630/1375/590
f 611/1376/573 627/1377/594 609/1378/576
f 611/1376/573 630/1375/590 627/1377/594
f 639/1379/276 662/1380/36 638/1381/603
f 639/1379/276 663/1382/35 662/1380/36
f 640/1383/302 667/1384/620 643/1385/605
f 640/1383/302 665/1386/38 667/1384/620
f 638/1381/603 665/1386/38 640/1383/302
f 638/1381/603 662/1380/36 665/1386/38
f 642/1387/606 670/1388/619 669/1389/621
f 643/1385/605 670/1388/619 642/1387/606
f 643/1385/605 667/1384/620 670/1388/619
f 644/1390/607 668/1391/622 646/1392/608
f 644/1390/607 669/1389/621 668/1391/622
f 642/1387/606 669/1389/621 644/1390/607
f 677/1393/629 699/1324/638 678/1394/628
f 677/1393/629 689/1395/439 699/1324/638
f 687/1396/636 705/1397/646 684/1398/635
f 687/1396/636 697/1399/642 705/1397/646
f 678/1394/628 697/1399/642 687/1396/636
f 678/1394/628 699/1324/638 697/1399/642
f 686/1400/632 702/1401/644 682/1402/633
f 686/1400/632 706/1403/645 702/1401/644
f 684/1398/635 706/1403/645 686/1400/632
f 684/1398/635 705/1397/646 706/1403/645
f 682/1402/633 701/1404/643 679/1405/631
f 682/1402/633 702/1401/644 701/1404/643
f 1261/1406/822 1262/836/652 711/837/653
f 720/1407/647 733/1408/675 732/1409/674
f 121/1410/107 733/1408/675 720/1407/647
f 121/1410/107 124/110/106 733/1408/675
f 714/1411/656 727/1412/668 713/1413/655
f 714/1411/656 725/1414/665 727/1412/668
f 712/1415/654 725/1414/665 714/1411/656
f 712/1415/654 732/1409/674 725/1414/665
f 720/1407/647 732/1409/674 712/1415/654
f 717/1416/658 722/1417/664 724/1418/663
f 715/1419/657 722/1417/664 717/1416/658
f 715/1419/657 726/1420/667 722/1417/664
f 713/1413/655 726/1420/667 715/1419/657
f 713/1413/655 727/1412/668 726/1420/667
f 719/1421/659 731/1422/673 729/380/672
f 718/1423/661 731/1422/673 719/1421/659
f 718/1423/661 724/1418/663 731/1422/673
f 717/1416/658 724/1418/663 718/1423/661
f 1263/1318/816 1264/1424/823 1276/1425/824
f 1265/1426/766 1264/1424/823 1263/1318/816
f 1266/1427/767 1265/1426/766 1263/1318/816
f 1252/1320/760 1266/1427/767 1263/1318/816
f 1268/1428/825 1267/1429/826 1276/1425/824
f 1269/1430/827 1268/1428/825 1276/1425/824
f 1264/1424/823 1269/1430/827 1276/1425/824
f 1272/1431/828 1271/1432/829 1270/1433/830
f 1274/1434/831 1272/1431/828 1270/1433/830
f 1273/1435/832 1274/1434/831 1270/1433/830
f 1275/1436/833 1274/1434/831 1273/1435/832
f 1267/1429/826 1275/1436/833 1273/1435/832
f 1267/1429/826 1273/1435/832 1276/1425/824
f 1279/1437/834 1277/1060/835 1278/1438/836
f 1280/1062/837 1279/1437/834 1278/1438/836
f 1281/1063/838 1280/1062/837 1278/1438/836
f 1282/1064/839 1281/1063/838 1278/1438/836
f 1282/1064/839 1278/1438/836 1283/1439/840
f 1285/1440/785 1282/1064/839 1283/1439/840
f 1285/1440/785 1283/1439/840 1284/1441/841
f 1271/1432/829 1285/1440/785 1284/1441/841
f 1271/1432/829 1284/1441/841 1270/1433/830
f 1288/1442/786 1286/1443/787 1301/1444/788
f 1301/1444/788 1287/1445/789 1288/1442/786
f 1290/1446/790 1288/1442/786 1287/1445/789
f 1287/1445/789 1289/1447/791 1290/1446/790
f 1291/1099/792 1290/1446/790 1289/1447/791
f 1289/1447/791 1292/1267/793 1291/1099/792
f 1293/1097/794 1291/1099/792 1292/1267/793
f 1292/1267/793 1294/1093/795 1293/1097/794
f 1295/1448/796 1293/1097/794 1294/1093/795
f 1296/1449/797 1295/1448/796 1294/1093/795
f 1294/1093/795 1297/1094/798 1296/1449/797
f 1299/1450/799 1298/1451/800 1305/1452/801
f 1300/1453/802 1299/1450/799 1305/1452/801
f 1302/1454/803 1300/1453/802 1305/1452/801
f 1302/1454/803 1305/1452/801 1301/1444/788
f 1286/1443/787 1302/1454/803 1301/1444/788
f 1304/1455/842 1303/1456/805 1310/1457/806
f 1304/1455/842 1310/1457/806 1305/1452/801
f 1306/1458/807 1304/1455/842 1305/1452/801
f 1298/1451/800 1306/1458/807 1305/1452/801
f 1308/1459/808 1307/1460/809 1436/1461/843
f 1309/1462/811 1307/1460/809 1308/1459/808
f 1311/1463/812 1309/1462/811 1308/1459/808
f 1310/1457/806 1311/1463/812 1308/1459/808
f 1312/1464/813 1311/1463/812 1310/1457/806
f 1303/1456/805 1312/1464/813 1310/1457/806
f 719/113/659 729/1465/672 716/294/660
f 123/111/102 723/109/666 708/113/650
f 123/111/102 122/1165/104 723/109/666
f 708/1139/650 723/1466/666 707/153/648
f 716/1288/660 730/157/671 711/1139/653
f 716/1288/660 729/160/672 730/157/671
f 707/1467/648 723/1185/666 1246/120/814
f 711/1201/653 728/1142/670 1261/163/822
f 711/1201/653 730/1141/671 728/1142/670
f 707/1171/648 1246/1468/814 709/1201/651
f 709/1469/651 1246/126/814 721/124/662
f 709/170/651 721/1470/662 710/168/649
f 1261/1471/822 734/1146/669 1262/170/652
f 1261/1471/822 728/173/670 734/1146/669
f 710/1472/649 721/1473/662 135/1204/115
f 1262/1474/652 734/178/669 134/134/116
f 710/1194/649 135/1475/115 133/177/114
f 1262/1192/652 134/1476/116 130/1194/113
f 737/113/677 756/1477/700 736/294/679
f 748/1478/687 766/157/708 764/158/707
f 736/1479/679 756/160/700 754/157/697
f 736/1201/679 754/1480/697 738/163/680
f 748/1171/687 764/1481/707 747/1201/689
f 738/1482/680 754/124/697 755/166/695
f 747/1483/689 764/126/707 763/124/704
f 747/129/689 763/1484/704 746/1471/688
f 738/1485/680 755/1204/695 753/1202/694
f 738/133/680 753/1486/694 739/174/681
f 746/182/688 761/1487/706 752/184/690
f 746/182/688 763/1488/704 761/1487/706
f 739/1489/681 753/139/694 767/140/696
f 739/143/681 767/1490/696 742/189/684
f 752/147/690 761/1491/706 750/1157/693
f 742/145/684 765/146/709 744/147/685
f 742/145/684 767/148/696 765/146/709
f 750/1492/693 761/1493/706 760/148/703
f 750/1211/693 760/1494/703 751/103/691
f 751/1495/691 760/107/703 768/202/705
f 744/1229/685 766/1496/708 748/1231/687
f 744/1229/685 765/1497/709 766/1496/708
f 1314/1498/844 1313/1499/845 1317/1500/846
f 1315/1501/847 1314/1498/844 1317/1500/846
f 1318/1502/848 1316/1503/849 1319/1504/850
f 1318/1502/848 1319/1504/850 1317/1500/846
f 1317/1500/846 1313/1499/845 1318/1502/848
f 1319/1504/850 1320/1505/851 1328/1506/852
f 1321/1507/853 1320/1505/851 1319/1504/850
f 1322/1508/854 1321/1507/853 1319/1504/850
f 1316/1503/849 1322/1508/854 1319/1504/850
f 1324/1509/855 1323/1510/856 1328/1506/852
f 1325/1511/857 1324/1509/855 1328/1506/852
f 1320/1505/851 1325/1511/857 1328/1506/852
f 1326/1512/858 1327/1513/859 1334/1514/860
f 1329/1515/861 1327/1513/859 1326/1512/858
f 1329/1515/861 1326/1512/858 1328/1506/852
f 1323/1510/856 1329/1515/861 1328/1506/852
f 1332/1516/862 1330/1060/863 1331/1517/864
f 1333/1518/865 1332/1516/862 1331/1517/864
f 1335/1519/866 1333/1518/865 1331/1517/864
f 1334/1514/860 1335/1519/866 1331/1517/864
f 1327/1513/859 1335/1519/866 1334/1514/860
f 1338/1520/867 1336/1521/868 1348/1522/869
f 1338/1520/867 1348/1522/869 1337/1523/870
f 1339/1524/871 1338/1520/867 1337/1523/870
f 1337/1523/870 1340/1525/872 1339/1524/871
f 1341/1526/873 1339/1524/871 1340/1525/872
f 1342/1527/874 1341/1526/873 1340/1525/872
f 1343/1528/875 1342/1527/874 1340/1525/872
f 1340/1525/872 1344/1094/876 1343/1528/875
f 1350/1529/877 1346/1530/878 1345/1531/879
f 1347/1532/880 1346/1530/878 1350/1529/877
f 1336/1521/868 1347/1532/880 1350/1529/877
f 1348/1522/869 1336/1521/868 1350/1529/877
f 1351/1533/881 1349/1534/882 1352/1535/883
f 1351/1533/881 1352/1535/883 1350/1529/877
f 1345/1531/879 1351/1533/881 1350/1529/877
f 1353/1536/884 1355/1537/885 1352/1535/883
f 1354/1538/886 1353/1536/884 1352/1535/883
f 1349/1534/882 1354/1538/886 1352/1535/883
f 1357/1539/887 1356/1540/888 1355/1537/885
f 1358/1541/889 1357/1539/887 1355/1537/885
f 1353/1536/884 1358/1541/889 1355/1537/885
f 771/137/713 786/1542/728 769/1150/710
f 769/1543/710 786/1153/728 787/139/727
f 775/143/719 854/1544/737 777/189/720
f 777/1545/720 854/1179/737 784/1156/726
f 769/1546/710 787/1547/727 782/145/711
f 782/1548/711 787/102/727 788/100/729
f 777/196/720 783/1197/725 778/198/721
f 777/196/720 784/205/726 783/1197/725
f 782/1180/711 788/1549/729 772/1163/714
f 805/108/54 819/109/55 815/110/56
f 794/111/52 821/112/735 795/113/57
f 795/114/57 821/115/735 823/116/58
f 805/117/54 814/118/59 799/119/60
f 805/117/54 815/120/56 814/118/59
f 795/121/57 823/122/58 798/117/61
f 798/123/61 822/124/62 796/125/63
f 798/123/61 823/126/58 822/124/62
f 799/127/60 812/128/64 800/129/65
f 799/127/60 814/130/59 812/128/64
f 796/131/63 807/132/66 797/133/67
f 796/131/63 822/134/62 807/132/66
f 800/135/65 812/136/64 801/137/68
f 801/138/68 812/139/64 811/140/69
f 797/141/67 806/142/49 793/143/46
f 797/141/67 807/144/66 806/142/49
f 801/145/68 820/146/51 856/147/50
f 801/145/68 811/148/69 820/146/51
f 793/99/46 809/100/47 792/101/48
f 793/99/46 806/102/49 809/100/47
f 856/103/50 820/104/51 794/99/52
f 794/105/52 820/106/51 821/107/735
f 837/108/54 851/109/55 846/110/56
f 826/111/52 864/112/735 827/113/57
f 827/114/57 864/115/735 867/116/58
f 837/117/54 845/118/59 831/119/736
f 837/117/54 846/120/56 845/118/59
f 827/121/57 867/122/58 830/117/61
f 830/123/61 865/124/62 828/125/63
f 830/123/61 867/126/58 865/124/62
f 831/127/736 842/128/64 832/129/65
f 831/127/736 845/130/59 842/128/64
f 828/131/63 840/132/66 829/133/67
f 828/131/63 865/134/62 840/132/66
f 832/135/65 842/136/64 833/137/68
f 833/138/68 842/139/64 841/140/69
f 829/141/67 838/142/49 825/143/46
f 829/141/67 840/144/66 838/142/49
f 833/145/68 866/146/51 860/147/50
f 833/145/68 841/148/69 866/146/51
f 825/99/46 839/100/47 824/101/48
f 825/99/46 838/102/49 839/100/47
f 860/103/50 866/1550/51 826/99/52
f 826/105/52 866/106/51 864/107/735
f 1360/1551/183 1359/1552/179 1366/1553/241
f 1361/1554/185 1360/1551/183 1366/1553/241
f 1362/1236/187 1361/1554/185 1366/1553/241
f 1363/1555/240 1364/1556/192 1368/1557/238
f 1363/1555/240 1365/1558/194 1364/1556/192
f 1367/1241/181 1365/1558/194 1363/1555/240
f 1367/1241/181 1363/1555/240 1366/1553/241
f 1366/1553/241 1359/1552/179 1367/1241/181
f 1368/1557/238 1369/1559/196 1381/1560/235
f 1370/1561/200 1369/1559/196 1368/1557/238
f 1371/1562/189 1370/1561/200 1368/1557/238
f 1364/1556/192 1371/1562/189 1368/1557/238
f 1373/1563/204 1372/1564/201 1381/1560/235
f 1374/1565/198 1373/1563/204 1381/1560/235
f 1369/1559/196 1374/1565/198 1381/1560/235
f 1377/1566/212 1376/1567/210 1375/1568/225
f 1379/1056/214 1377/1566/212 1375/1568/225
f 1378/1569/233 1379/1056/214 1375/1568/225
f 1380/1570/203 1379/1056/214 1378/1569/233
f 1372/1564/201 1380/1570/203 1378/1569/233
f 1372/1564/201 1378/1569/233 1381/1560/235
f 1384/1059/216 1382/1060/218 1383/1061/232
f 1385/1062/220 1384/1059/216 1383/1061/232
f 1386/1063/222 1385/1062/220 1383/1061/232
f 1387/1064/223 1386/1063/222 1383/1061/232
f 1388/1571/229 1387/1064/223 1383/1061/232
f 1390/1066/207 1387/1064/223 1388/1571/229
f 1390/1066/207 1388/1571/229 1389/1572/228
f 1376/1567/210 1390/1066/207 1389/1572/228
f 1376/1567/210 1389/1572/228 1375/1568/225
f 1393/1573/211 1391/1574/213 1406/1575/236
f 1406/1575/236 1392/1576/227 1393/1573/211
f 1395/1577/208 1393/1573/211 1392/1576/227
f 1392/1576/227 1394/1578/226 1395/1577/208
f 1396/1099/209 1395/1577/208 1394/1578/226
f 1394/1578/226 1397/1579/230 1396/1099/209
f 1398/1097/224 1396/1099/209 1397/1579/230
f 1397/1579/230 1399/1580/231 1398/1097/224
f 1400/1096/221 1398/1097/224 1399/1580/231
f 1401/1095/219 1400/1096/221 1399/1580/231
f 1399/1580/231 1402/1094/217 1401/1095/219
f 1404/1581/205 1403/1582/206 1410/1583/234
f 1405/1584/202 1404/1581/205 1410/1583/234
f 1407/1585/215 1405/1584/202 1410/1583/234
f 1407/1585/215 1410/1583/234 1406/1575/236
f 1391/1574/213 1407/1585/215 1406/1575/236
f 1409/1078/199 1408/1586/191 1415/1587/237
f 1409/1078/199 1415/1587/237 1410/1583/234
f 1411/1092/197 1409/1078/199 1410/1583/234
f 1403/1582/206 1411/1092/197 1410/1583/234
f 1441/1588/242 1412/1589/239 1413/1590/180
f 1414/1462/195 1413/1590/180 1412/1589/239
f 1416/1591/193 1414/1462/195 1412/1589/239
f 1415/1587/237 1416/1591/193 1412/1589/239
f 1417/1592/190 1416/1591/193 1415/1587/237
f 1408/1586/191 1417/1592/190 1415/1587/237
f 882/149/70 912/109/71 913/110/72
f 873/150/740 891/151/74 871/152/75
f 882/153/70 913/154/72 881/155/76
f 871/1593/75 891/157/74 903/158/77
f 881/159/76 913/160/72 895/157/78
f 881/161/76 895/162/78 880/121/79
f 871/163/75 903/164/77 874/161/80
f 874/1594/80 903/166/77 902/167/81
f 880/168/79 892/126/82 875/123/83
f 880/168/79 895/169/78 892/126/82
f 874/170/80 902/171/81 889/168/84
f 889/172/84 902/128/81 905/173/85
f 889/174/84 905/175/85 890/176/86
f 875/177/83 894/134/87 876/131/88
f 875/177/83 892/178/82 894/134/87
f 890/179/86 905/180/85 904/181/89
f 890/182/86 904/1595/89 868/184/90
f 876/185/88 894/186/87 893/187/91
f 876/143/88 893/188/91 877/189/92
f 868/141/90 901/142/93 885/143/94
f 868/141/90 904/144/89 901/142/93
f 877/1596/92 893/191/91 906/144/95
f 877/101/92 906/1597/95 872/193/96
f 885/99/94 897/100/97 888/101/98
f 885/99/94 901/102/93 897/100/97
f 872/194/96 906/195/95 907/102/99
f 872/196/96 907/197/99 873/198/740
f 888/199/98 897/200/97 886/196/100
f 886/201/100 897/107/97 899/202/101
f 873/203/740 907/106/99 891/107/74
f 922/113/677 935/1477/700 921/294/679
f 931/1478/687 945/157/708 943/158/707
f 921/1479/679 935/160/700 934/157/697
f 921/1201/679 934/1480/697 923/163/680
f 931/1171/687 943/1481/707 930/1201/689
f 923/1482/680 934/124/697 933/166/695
f 930/1483/689 943/126/707 942/124/704
f 930/129/689 942/1484/704 914/1471/688
f 923/1485/680 933/1204/695 932/1202/694
f 923/133/680 932/1486/694 924/174/681
f 914/182/688 940/1487/706 919/184/690
f 914/182/688 942/1488/704 940/1487/706
f 924/1489/681 932/139/694 946/140/696
f 924/143/681 946/1490/696 927/189/684
f 919/147/690 940/1491/706 917/1157/742
f 927/145/684 944/146/709 929/147/685
f 927/145/684 946/148/696 944/146/709
f 917/1492/742 940/1493/706 939/148/703
f 917/1211/742 939/1494/703 918/103/691
f 918/1495/691 939/107/703 947/202/705
f 929/1229/685 945/1496/708 931/1231/687
f 929/1229/685 944/1497/709 945/1496/708
f 1422/1598/846 1419/1498/844 1418/1599/845
f 1420/1501/847 1419/1498/844 1422/1598/846
f 1423/1600/848 1421/1601/849 1424/1602/850
f 1422/1598/846 1423/1600/848 1424/1602/850
f 1418/1599/845 1423/1600/848 1422/1598/846
f 1425/1505/851 1433/1603/852 1424/1602/850
f 1426/1604/853 1425/1505/851 1424/1602/850
f 1427/1605/854 1426/1604/853 1424/1602/850
f 1421/1601/849 1427/1605/854 1424/1602/850
f 1429/1606/855 1428/1607/856 1433/1603/852
f 1430/1511/857 1429/1606/855 1433/1603/852
f 1425/1505/851 1430/1511/857 1433/1603/852
f 1449/1608/860 1431/1609/858 1432/1610/859
f 1434/1611/861 1432/1610/859 1431/1609/858
f 1433/1603/852 1434/1611/861 1431/1609/858
f 1428/1607/856 1434/1611/861 1433/1603/852
f 1437/1612/818 1435/1366/819 1436/1461/843
f 1438/1613/820 1437/1612/818 1436/1461/843
f 1439/1614/821 1438/1613/820 1436/1461/843
f 1307/1460/809 1439/1614/821 1436/1461/843
f 1247/1615/755 1307/1616/809 1255/1617/763
f 1247/1615/755 1439/1618/821 1307/1616/809
f 1248/1619/754 1439/1618/821 1247/1615/755
f 1248/1619/754 1438/1620/820 1439/1618/821
f 1249/1621/757 1438/1620/820 1248/1619/754
f 1249/1621/757 1437/1622/818 1438/1620/820
f 1250/330/758 1437/1622/818 1249/1621/757
f 1250/330/758 1435/1623/819 1437/1622/818
f 1266/1624/767 1312/1625/813 1303/334/805
f 1252/1626/760 1312/1625/813 1266/1624/767
f 1252/1626/760 1311/1627/812 1312/1625/813
f 1253/1628/762 1311/1627/812 1252/1626/760
f 1253/1628/762 1309/1629/811 1311/1627/812
f 1255/1617/763 1309/1629/811 1253/1628/762
f 1255/1617/763 1307/1616/809 1309/1629/811
f 1264/1630/823 1306/340/807 1269/1631/827
f 1264/1630/823 1304/342/842 1306/340/807
f 1265/343/766 1304/342/842 1264/1630/823
f 1265/343/766 1303/334/805 1304/342/842
f 1266/1624/767 1303/334/805 1265/343/766
f 1267/1632/826 1300/1633/802 1275/1634/833
f 1268/1635/825 1300/1633/802 1267/1632/826
f 1268/1635/825 1299/1636/799 1300/1633/802
f 1269/1631/827 1299/1636/799 1268/1635/825
f 1269/1631/827 1298/1637/800 1299/1636/799
f 1269/1631/827 1306/340/807 1298/1637/800
f 1285/1638/785 1290/1639/790 1291/126/792
f 1271/1640/829 1290/1639/790 1285/1638/785
f 1271/1640/829 1288/1641/786 1290/1639/790
f 1272/1642/828 1288/1641/786 1271/1640/829
f 1272/1642/828 1286/1643/787 1288/1641/786
f 1274/356/831 1286/1643/787 1272/1642/828
f 1274/356/831 1302/1644/803 1286/1643/787
f 1275/1634/833 1302/1644/803 1274/356/831
f 1275/1634/833 1300/1633/802 1302/1644/803
f 1279/1645/834 1297/120/798 1277/117/835
f 1279/1645/834 1296/1646/797 1297/120/798
f 1280/360/837 1296/1646/797 1279/1645/834
f 1280/360/837 1295/361/796 1296/1646/797
f 1281/362/838 1295/361/796 1280/360/837
f 1282/125/839 1295/361/796 1281/362/838
f 1282/125/839 1293/124/794 1295/361/796
f 1285/1638/785 1293/124/794 1282/125/839
f 1285/1638/785 1291/126/792 1293/124/794
f 1270/1647/830 1289/1648/791 1287/1649/789
f 1284/1650/841 1289/1648/791 1270/1647/830
f 1283/1651/840 1289/1648/791 1284/1650/841
f 1283/1651/840 1292/1652/793 1289/1648/791
f 1278/1653/836 1292/1652/793 1283/1651/840
f 1278/1653/836 1294/1654/795 1292/1652/793
f 1277/117/835 1294/1654/795 1278/1653/836
f 1277/117/835 1297/120/798 1294/1654/795
f 1273/1655/832 1305/1656/801 1276/1657/824
f 1273/1655/832 1301/1658/788 1305/1656/801
f 1270/1647/830 1301/1658/788 1273/1655/832
f 1270/1647/830 1287/1649/789 1301/1658/788
f 1276/1657/824 1310/1659/806 1263/1660/816
f 1276/1657/824 1305/1656/801 1310/1659/806
f 1251/1661/817 1308/1662/808 1436/1663/843
f 1263/1660/816 1308/1662/808 1251/1661/817
f 1263/1660/816 1310/1659/806 1308/1662/808
f 1254/1664/815 1435/380/819 1250/320/758
f 1254/1664/815 1436/1663/843 1435/380/819
f 1251/1661/817 1436/1663/843 1254/1664/815
f 745/1665/686 768/1666/705 762/1667/702
f 749/1668/692 768/1666/705 745/1665/686
f 751/294/691 768/1666/705 749/1668/692
f 743/1669/682 757/1670/699 740/1671/683
f 745/1665/686 757/1670/699 743/1669/682
f 745/1665/686 762/1667/702 757/1670/699
f 741/1672/678 758/1673/698 735/1674/676
f 741/1672/678 759/1675/701 758/1673/698
f 740/1671/683 759/1675/701 741/1672/678
f 740/1671/683 757/1670/699 759/1675/701
f 735/1674/676 756/1676/700 737/1677/677
f 735/1674/676 758/1673/698 756/1676/700
f 1313/1678/845 1353/1679/884 1318/1680/848
f 1313/1678/845 1358/1681/889 1353/1679/884
f 1314/1682/844 1358/1681/889 1313/1678/845
f 1314/1682/844 1357/1683/887 1358/1681/889
f 1315/1684/847 1357/1683/887 1314/1682/844
f 1315/1684/847 1356/1685/888 1357/1683/887
f 1322/1686/854 1354/1687/886 1349/1688/882
f 1316/1689/849 1354/1687/886 1322/1686/854
f 1316/1689/849 1353/1679/884 1354/1687/886
f 1318/1680/848 1353/1679/884 1316/1689/849
f 1320/1690/851 1345/1691/879 1325/1692/857
f 1320/1690/851 1351/1693/881 1345/1691/879
f 1321/1694/853 1351/1693/881 1320/1690/851
f 1321/1694/853 1349/1688/882 1351/1693/881
f 1322/1686/854 1349/1688/882 1321/1694/853
f 1323/1695/856 1347/1696/880 1329/1697/861
f 1324/1698/855 1347/1696/880 1323/1695/856
f 1324/1698/855 1346/1699/878 1347/1696/880
f 1325/1692/857 1346/1699/878 1324/1698/855
f 1325/1692/857 1345/1691/879 1346/1699/878
f 1335/1700/866 1338/1701/867 1339/1702/871
f 1327/1703/859 1338/1701/867 1335/1700/866
f 1327/1703/859 1336/1704/868 1338/1701/867
f 1329/1697/861 1336/1704/868 1327/1703/859
f 1329/1697/861 1347/1696/880 1336/1704/868
f 1332/1705/862 1344/120/876 1330/117/863
f 1332/1705/862 1343/1185/875 1344/120/876
f 1332/1705/862 1342/1706/874 1343/1185/875
f 1333/1707/865 1342/1706/874 1332/1705/862
f 1333/1707/865 1341/1708/873 1342/1706/874
f 1335/1700/866 1341/1708/873 1333/1707/865
f 1335/1700/866 1339/1702/871 1341/1708/873
f 1334/1709/860 1348/1710/869 1326/1711/858
f 1334/1709/860 1337/1712/870 1348/1710/869
f 1334/1709/860 1340/1713/872 1337/1712/870
f 1331/1714/864 1340/1713/872 1334/1709/860
f 1330/117/863 1340/1713/872 1331/1714/864
f 1330/117/863 1344/120/876 1340/1713/872
f 1326/1711/858 1350/372/877 1328/1715/852
f 1326/1711/858 1348/1710/869 1350/372/877
f 1328/1715/852 1352/1716/883 1319/1717/850
f 1328/1715/852 1350/372/877 1352/1716/883
f 1317/1718/846 1356/380/888 1315/320/847
f 1317/1718/846 1355/1719/885 1356/380/888
f 1319/1717/850 1355/1719/885 1317/1718/846
f 1319/1717/850 1352/1716/883 1355/1719/885
f 859/290/151 810/291/163 858/292/150
f 859/290/151 808/293/164 810/291/163
f 792/294/48 808/293/164 859/290/151
f 792/294/48 809/110/47 808/293/164
f 857/295/152 816/296/162 802/297/154
f 857/295/152 813/298/159 816/296/162
f 858/292/150 813/298/159 857/295/152
f 858/292/150 810/291/163 813/298/159
f 804/299/153 817/300/734 803/301/155
f 804/299/153 818/302/160 817/300/734
f 802/297/154 818/302/160 804/299/153
f 802/297/154 816/296/162 818/302/160
f 803/301/155 819/303/55 805/304/54
f 803/301/155 817/300/734 819/303/55
f 863/290/151 843/1720/163 862/1721/150
f 863/290/151 844/293/164 843/1720/163
f 824/294/48 844/293/164 863/290/151
f 824/294/48 839/110/47 844/293/164
f 861/295/152 847/296/162 834/297/154
f 861/295/152 848/1722/159 847/296/162
f 862/1721/150 848/1722/159 861/295/152
f 862/1721/150 843/1720/163 848/1722/159
f 836/299/153 849/300/734 835/301/155
f 836/299/153 850/302/160 849/300/734
f 834/297/154 850/302/160 836/299/153
f 834/297/154 847/296/162 850/302/160
f 835/301/155 851/303/55 837/304/54
f 835/301/155 849/300/734 851/303/55
f 887/305/741 900/306/166 870/307/167
f 887/305/741 898/1723/168 900/306/166
f 887/305/741 899/1724/101 898/1723/168
f 886/294/100 899/1724/101 887/305/741
f 884/1725/169 909/311/170 883/312/171
f 884/1725/169 910/313/172 909/311/170
f 870/307/167 910/313/172 884/1725/169
f 870/307/167 900/306/166 910/313/172
f 869/314/173 911/315/174 878/1726/175
f 869/314/173 908/1727/176 911/315/174
f 883/312/171 908/1727/176 869/314/173
f 883/312/171 909/311/170 908/1727/176
f 879/318/177 912/319/71 882/320/70
f 879/318/177 896/1728/178 912/319/71
f 878/1726/175 896/1728/178 879/318/177
f 878/1726/175 911/315/174 896/1728/178
f 1442/1729/186 1440/1072/188 1441/1588/242
f 1443/1730/184 1442/1729/186 1441/1588/242
f 1444/1731/182 1443/1730/184 1441/1588/242
f 1413/1590/180 1444/1731/182 1441/1588/242
f 915/1665/686 947/1666/705 941/1667/702
f 916/1668/692 947/1666/705 915/1665/686
f 918/294/691 947/1666/705 916/1668/692
f 928/1669/682 936/1670/699 925/1671/683
f 915/1665/686 936/1670/699 928/1669/682
f 915/1665/686 941/1667/702 936/1670/699
f 926/1672/678 937/1673/698 920/1674/676
f 926/1672/678 938/1675/701 937/1673/698
f 925/1671/683 938/1675/701 926/1672/678
f 925/1671/683 936/1670/699 938/1675/701
f 920/1674/676 935/1676/700 922/1677/677
f 920/1674/676 937/1673/698 935/1676/700
f 1447/1516/862 1445/1060/863 1446/1732/864
f 1448/1733/890 1447/1516/862 1446/1732/864
f 1450/1734/866 1448/1733/890 1446/1732/864
f 1446/1732/864 1449/1608/860 1450/1734/866
f 1432/1610/859 1450/1734/866 1449/1608/860
f 1453/1735/867 1451/1736/868 1463/1737/869
f 1463/1737/869 1452/1738/870 1453/1735/867
f 1454/1739/871 1453/1735/867 1452/1738/870
f 1455/1740/872 1454/1739/871 1452/1738/870
f 1456/1741/873 1454/1739/871 1455/1740/872
f 1457/1527/874 1456/1741/873 1455/1740/872
f 1458/1528/875 1457/1527/874 1455/1740/872
f 1455/1740/872 1459/1094/876 1458/1528/875
f 1461/1742/878 1460/1743/879 1465/1744/877
f 1462/1745/880 1461/1742/878 1465/1744/877
f 1451/1736/868 1462/1745/880 1465/1744/877
f 1463/1737/869 1451/1736/868 1465/1744/877
f 1466/1746/881 1464/1747/882 1467/1748/883
f 1465/1744/877 1466/1746/881 1467/1748/883
f 1460/1743/879 1466/1746/881 1465/1744/877
f 1468/1749/891 1470/1750/885 1467/1748/883
f 1469/1751/886 1468/1749/891 1467/1748/883
f 1464/1747/882 1469/1751/886 1467/1748/883
f 1472/1539/887 1471/1540/888 1470/1750/885
f 1473/1752/892 1472/1539/887 1470/1750/885
f 1468/1749/891 1473/1752/892 1470/1750/885
f 953/1182/743 1000/1753/739 952/150/716
f 952/1754/716 1000/158/739 1002/115/738
f 957/1139/721 962/158/724 949/153/712
f 957/1139/721 997/157/747 962/158/724
f 952/1201/716 1002/1755/738 955/163/744
f 949/129/712 962/1756/724 950/1471/713
f 955/176/744 999/1202/737 954/1203/719
f 955/176/744 1002/1204/738 999/1202/737
f 950/1757/713 962/1473/724 963/1204/728
f 950/137/713 963/1542/728 948/1150/710
f 948/1543/710 963/1153/728 964/139/745
f 954/143/719 999/1544/737 956/189/720
f 956/1545/720 999/1179/737 998/1156/726
f 948/1546/710 964/1547/745 958/145/711
f 958/1548/711 964/102/745 965/100/729
f 956/196/720 997/1197/747 957/198/721
f 956/196/720 998/205/726 997/1197/747
f 958/1180/711 965/1549/729 951/1163/714
f 982/108/54 996/109/55 991/110/56
f 971/111/52 1009/112/735 972/113/57
f 972/114/57 1009/115/735 1007/116/58
f 982/117/54 990/118/59 976/119/736
f 982/117/54 991/120/56 990/118/59
f 972/121/57 1007/122/58 975/117/61
f 975/123/61 1008/124/62 973/125/63
f 975/123/61 1007/126/58 1008/124/62
f 976/127/736 987/128/64 977/129/65
f 976/127/736 990/130/59 987/128/64
f 973/131/63 985/132/66 974/133/67
f 973/131/63 1008/134/62 985/132/66
f 977/135/65 987/136/64 978/137/68
f 978/138/68 987/139/64 986/140/69
f 974/141/67 983/142/746 970/143/46
f 974/141/67 985/144/66 983/142/746
f 978/145/68 1010/146/51 1003/147/50
f 978/145/68 986/148/69 1010/146/51
f 970/99/46 984/100/47 969/101/48
f 970/99/46 983/102/746 984/100/47
f 1003/103/50 1010/1550/51 971/99/52
f 971/1758/52 1010/106/51 1009/107/735
f 1024/108/54 1038/109/55 1033/110/56
f 1013/111/52 1045/112/735 1014/113/57
f 1014/114/57 1045/115/735 1043/116/58
f 1024/117/54 1032/118/59 1018/119/60
f 1024/117/54 1033/120/56 1032/118/59
f 1014/121/57 1043/122/58 1017/117/61
f 1017/123/61 1044/124/62 1015/125/63
f 1017/123/61 1043/126/58 1044/124/62
f 1018/127/60 1029/128/64 1019/129/65
f 1018/127/60 1032/130/59 1029/128/64
f 1015/131/63 1027/132/66 1016/133/67
f 1015/131/63 1044/134/62 1027/132/66
f 1019/135/65 1029/136/64 1020/137/68
f 1020/138/68 1029/139/64 1028/140/69
f 1016/141/67 1025/142/49 1012/143/46
f 1016/141/67 1027/144/66 1025/142/49
f 1020/145/68 1046/146/51 1039/147/50
f 1020/145/68 1028/148/69 1046/146/51
f 1012/99/46 1026/100/47 1011/101/48
f 1012/99/46 1025/102/49 1026/100/47
f 1039/103/50 1046/1550/51 1013/99/52
f 1013/1758/52 1046/106/51 1045/107/735
f 1418/1759/845 1468/1760/891 1423/1761/848
f 1418/1759/845 1473/1762/892 1468/1760/891
f 1419/1682/844 1473/1762/892 1418/1759/845
f 1419/1682/844 1472/1683/887 1473/1762/892
f 1420/1684/847 1472/1683/887 1419/1682/844
f 1420/1684/847 1471/1685/888 1472/1683/887
f 1427/1763/854 1469/1764/886 1464/1765/882
f 1421/1766/849 1469/1764/886 1427/1763/854
f 1421/1766/849 1468/1760/891 1469/1764/886
f 1423/1761/848 1468/1760/891 1421/1766/849
f 1425/1690/851 1460/1767/879 1430/1692/857
f 1425/1690/851 1466/1768/881 1460/1767/879
f 1426/1769/853 1466/1768/881 1425/1690/851
f 1426/1769/853 1464/1765/882 1466/1768/881
f 1427/1763/854 1464/1765/882 1426/1769/853
f 1428/1770/856 1462/1771/880 1434/1697/861
f 1429/1698/855 1462/1771/880 1428/1770/856
f 1429/1698/855 1461/1772/878 1462/1771/880
f 1430/1692/857 1461/1772/878 1429/1698/855
f 1430/1692/857 1460/1767/879 1461/1772/878
f 1450/1773/866 1453/1774/867 1454/1775/871
f 1432/1776/859 1453/1774/867 1450/1773/866
f 1432/1776/859 1451/1777/868 1453/1774/867
f 1434/1697/861 1451/1777/868 1432/1776/859
f 1434/1697/861 1462/1771/880 1451/1777/868
f 1447/1705/862 1459/120/876 1445/117/863
f 1447/1705/862 1458/1185/875 1459/120/876
f 1447/1705/862 1457/1706/874 1458/1185/875
f 1448/1778/890 1457/1706/874 1447/1705/862
f 1448/1778/890 1456/1779/873 1457/1706/874
f 1450/1773/866 1456/1779/873 1448/1778/890
f 1450/1773/866 1454/1775/871 1456/1779/873
f 1449/1780/860 1463/1781/869 1431/1782/858
f 1449/1780/860 1452/1783/870 1463/1781/869
f 1449/1780/860 1455/1784/872 1452/1783/870
f 1446/1785/864 1455/1784/872 1449/1780/860
f 1445/117/863 1455/1784/872 1446/1785/864
f 1445/117/863 1459/120/876 1455/1784/872
f 1431/1782/858 1465/1786/877 1433/1787/852
f 1431/1782/858 1463/1781/869 1465/1786/877
f 1433/1787/852 1467/1788/883 1424/1789/850
f 1433/1787/852 1465/1786/877 1467/1788/883
f 1422/1790/846 1471/380/888 1420/320/847
f 1422/1790/846 1470/1791/885 1471/380/888
f 1424/1789/850 1470/1791/885 1422/1790/846
f 1424/1789/850 1467/1788/883 1470/1791/885
f 951/1792/714 968/1793/733 960/1794/722
f 951/1792/714 965/1795/729 968/1793/733
f 960/1794/722 966/1796/730 959/1797/723
f 960/1794/722 968/1793/733 966/1796/730
f 959/1797/723 967/1798/732 961/1799/715
f 959/1797/723 966/1796/730 967/1798/732
f 953/1800/743 1001/1801/731 1000/1802/739
f 961/1799/715 1001/1801/731 953/1800/743
f 961/1799/715 967/1798/732 1001/1801/731
f 1042/290/151 1030/1720/163 1041/1803/150
f 1042/290/151 1031/293/164 1030/1720/163
f 1011/294/48 1031/293/164 1042/290/151
f 1011/294/48 1026/110/47 1031/293/164
f 1040/295/152 1034/296/162 1021/297/154
f 1040/295/152 1035/1722/159 1034/296/162
f 1041/1803/150 1035/1722/159 1040/295/152
f 1041/1803/150 1030/1720/163 1035/1722/159
f 1023/299/153 1036/300/734 1022/301/155
f 1023/299/153 1037/302/160 1036/300/734
f 1021/297/154 1037/302/160 1023/299/153
f 1021/297/154 1034/296/162 1037/302/160
f 1022/301/155 1038/303/55 1024/304/54
f 1022/301/155 1036/300/734 1038/303/55
f 1066/1804/165 1082/306/166 1059/307/167
f 1066/1804/165 1080/1723/168 1082/306/166
f 1066/1804/165 1081/309/101 1080/1723/168
f 1065/294/100 1081/309/101 1066/1804/165
f 1068/1725/169 1086/1805/170 1069/312/171
f 1068/1725/169 1083/313/172 1086/1805/170
f 1059/307/167 1083/313/172 1068/1725/169
f 1059/307/167 1082/306/166 1083/313/172
f 1050/314/173 1085/315/174 1055/1726/175
f 1050/314/173 1084/1727/176 1085/315/174
f 1069/312/171 1084/1727/176 1050/314/173
f 1069/312/171 1086/1805/170 1084/1727/176
f 1056/318/177 1087/319/71 1058/320/70
f 1056/318/177 1078/1728/178 1087/319/71
f 1055/1726/175 1078/1728/178 1056/318/177
f 1055/1726/175 1085/315/174 1078/1728/178
f 1477/1095/219 1476/1806/221 1487/1807/231
f 1487/1807/231 1478/1094/217 1477/1095/219
f 1481/1808/211 1479/1809/213 1491/1810/236
f 1491/1810/236 1480/1811/227 1481/1808/211
f 1483/1812/208 1481/1808/211 1480/1811/227
f 1480/1811/227 1482/1813/226 1483/1812/208
f 1484/1099/209 1483/1812/208 1482/1813/226
f 1482/1813/226 1485/1814/230 1484/1099/209
f 1486/1097/224 1484/1099/209 1485/1814/230
f 1485/1814/230 1487/1807/231 1486/1097/224
f 1476/1806/221 1486/1097/224 1487/1807/231
f 1489/1815/205 1488/1816/206 1495/1817/234
f 1490/1818/202 1489/1815/205 1495/1817/234
f 1492/1819/215 1490/1818/202 1495/1817/234
f 1492/1819/215 1495/1817/234 1491/1810/236
f 1479/1809/213 1492/1819/215 1491/1810/236
f 1494/1820/199 1493/1821/191 1500/1822/893
f 1494/1820/199 1500/1822/893 1495/1817/234
f 1496/1823/197 1494/1820/199 1495/1817/234
f 1488/1816/206 1496/1823/197 1495/1817/234
f 1498/1824/894 1497/1825/180 1504/1826/895
f 1499/1827/195 1497/1825/180 1498/1824/894
f 1501/1828/193 1499/1827/195 1498/1824/894
f 1500/1822/893 1501/1828/193 1498/1824/894
f 1502/1829/190 1501/1828/193 1500/1822/893
f 1493/1821/191 1502/1829/190 1500/1822/893
f 1505/1729/186 1503/1072/896 1504/1826/895
f 1506/1730/184 1505/1729/186 1504/1826/895
f 1507/1830/182 1506/1730/184 1504/1826/895
f 1497/1825/180 1507/1830/182 1504/1826/895
f 1092/1665/686 1124/1666/705 1118/1667/702
f 1093/1668/692 1124/1666/705 1092/1665/686
f 1095/294/691 1124/1666/705 1093/1668/692
f 1105/1669/682 1113/1670/699 1102/1671/683
f 1092/1665/686 1113/1670/699 1105/1669/682
f 1092/1665/686 1118/1667/702 1113/1670/699
f 1103/1672/678 1114/1673/698 1097/1674/676
f 1103/1672/678 1115/1675/701 1114/1673/698
f 1102/1671/683 1115/1675/701 1103/1672/678
f 1102/1671/683 1113/1670/699 1115/1675/701
f 1097/1674/676 1112/1676/700 1099/1677/677
f 1097/1674/676 1114/1673/698 1112/1676/700
f 1508/1831/179 1497/1616/180 1515/1680/181
f 1508/1831/179 1507/1832/182 1497/1616/180
f 1509/326/183 1507/1832/182 1508/1831/179
f 1509/326/183 1506/1620/184 1507/1832/182
f 1510/328/185 1506/1620/184 1509/326/183
f 1510/328/185 1505/329/186 1506/1620/184
f 1511/330/187 1505/329/186 1510/328/185
f 1511/330/187 1503/1623/896 1505/329/186
f 1512/1833/189 1502/333/190 1493/1834/191
f 1513/1835/192 1502/333/190 1512/1833/189
f 1513/1835/192 1501/1836/193 1502/333/190
f 1514/1837/194 1501/1836/193 1513/1835/192
f 1514/1837/194 1499/1838/195 1501/1836/193
f 1515/1680/181 1499/1838/195 1514/1837/194
f 1515/1680/181 1497/1616/180 1499/1838/195
f 1516/339/196 1496/340/197 1520/1839/198
f 1516/339/196 1494/1840/199 1496/340/197
f 1517/343/200 1494/1840/199 1516/339/196
f 1517/343/200 1493/1834/191 1494/1840/199
f 1512/1833/189 1493/1834/191 1517/343/200
f 1518/1841/201 1490/1842/202 1525/1843/203
f 1519/1635/204 1490/1842/202 1518/1841/201
f 1519/1635/204 1489/1844/205 1490/1842/202
f 1520/1839/198 1489/1844/205 1519/1635/204
f 1520/1839/198 1488/349/206 1489/1844/205
f 1520/1839/198 1496/340/197 1488/349/206
f 1521/1845/207 1483/1846/208 1484/126/209
f 1522/1847/210 1483/1846/208 1521/1845/207
f 1522/1847/210 1481/1848/211 1483/1846/208
f 1523/1642/212 1481/1848/211 1522/1847/210
f 1523/1642/212 1479/1849/213 1481/1848/211
f 1524/1850/214 1479/1849/213 1523/1642/212
f 1524/1850/214 1492/1851/215 1479/1849/213
f 1525/1843/203 1492/1851/215 1524/1850/214
f 1525/1843/203 1490/1842/202 1492/1851/215
f 1526/358/216 1478/120/217 1527/117/218
f 1526/358/216 1477/359/219 1478/120/217
f 1528/360/220 1477/359/219 1526/358/216
f 1528/360/220 1476/1852/221 1477/359/219
f 1529/362/222 1476/1852/221 1528/360/220
f 1530/125/223 1476/1852/221 1529/362/222
f 1530/125/223 1486/124/224 1476/1852/221
f 1521/1845/207 1486/124/224 1530/125/223
f 1521/1845/207 1484/126/209 1486/124/224
f 1535/1853/225 1482/1854/226 1480/1855/227
f 1531/1856/228 1482/1854/226 1535/1853/225
f 1532/1857/229 1482/1854/226 1531/1856/228
f 1532/1857/229 1485/1858/230 1482/1854/226
f 1532/1857/229 1487/1859/231 1485/1858/230
f 1533/1860/232 1487/1859/231 1532/1857/229
f 1527/117/218 1487/1859/231 1533/1860/232
f 1527/117/218 1478/120/217 1487/1859/231
f 1534/1861/233 1495/1862/234 1536/1863/235
f 1534/1861/233 1491/1864/236 1495/1862/234
f 1535/1853/225 1491/1864/236 1534/1861/233
f 1535/1853/225 1480/1855/227 1491/1864/236
f 1536/1863/235 1500/1865/893 1538/1866/238
f 1536/1863/235 1495/1862/234 1500/1865/893
f 1537/1867/240 1498/1868/894 1504/1869/895
f 1538/1866/238 1498/1868/894 1537/1867/240
f 1538/1866/238 1500/1865/893 1498/1868/894
f 1539/1870/241 1503/380/896 1511/320/187
f 1539/1870/241 1504/1869/895 1503/380/896
f 1537/1867/240 1504/1869/895 1539/1870/241
f 1552/1871/861 1540/1872/897 1541/1873/858
f 1540/1872/897 1544/1874/898 1541/1873/858
f 1540/1872/897 1542/1875/899 1544/1874/898
f 1542/1875/899 1543/1064/900 1544/1874/898
f 1544/1874/898 1543/1064/900 1546/1517/901
f 1543/1064/900 1545/1876/902 1546/1517/901
f 1545/1876/902 1547/1516/862 1546/1517/901
f 1547/1516/862 1548/1060/863 1546/1517/901
f 1556/1877/857 1549/1878/855 1551/1879/852
f 1549/1878/855 1550/1880/856 1551/1879/852
f 1550/1880/856 1552/1871/861 1551/1879/852
f 1552/1871/861 1541/1873/858 1551/1879/852
f 1559/1881/854 1553/1507/853 1554/1882/903
f 1553/1507/853 1555/1505/851 1554/1882/903
f 1554/1882/903 1555/1505/851 1551/1879/852
f 1555/1505/851 1556/1877/857 1551/1879/852
f 1058/149/70 1087/109/71 1088/110/72
f 1047/150/73 1073/151/74 1048/152/75
f 1058/153/70 1088/154/72 1057/155/76
f 1048/156/75 1073/157/74 1072/158/77
f 1057/159/76 1088/160/72 1077/157/78
f 1057/161/76 1077/162/78 1054/121/79
f 1048/163/75 1072/164/77 1063/161/80
f 1063/1594/80 1072/166/77 1070/167/748
f 1054/168/79 1074/126/82 1051/123/83
f 1054/168/79 1077/169/78 1074/126/82
f 1063/170/80 1070/171/748 1062/168/84
f 1062/172/84 1070/128/748 1475/173/85
f 1099/113/677 1112/1477/700 1098/294/679
f 1108/1478/687 1122/157/708 1120/158/707
f 1098/1479/679 1112/160/700 1111/157/697
f 1098/1201/679 1111/1480/697 1100/163/680
f 1108/1171/687 1120/1481/707 1107/1201/689
f 1100/1482/680 1111/124/697 1110/166/695
f 1107/1483/689 1120/126/707 1119/124/704
f 1107/129/689 1119/1484/704 1091/1471/688
f 1100/1485/680 1110/1204/695 1109/1202/749
f 1100/133/680 1109/1486/749 1101/174/681
f 1091/182/688 1117/1487/706 1096/184/690
f 1091/182/688 1119/1488/704 1117/1487/706
f 1101/1489/681 1109/139/749 1123/140/696
f 1101/143/681 1123/1490/696 1104/189/684
f 1096/147/690 1117/1491/706 1094/1157/693
f 1104/145/684 1121/146/709 1106/147/685
f 1104/145/684 1123/148/696 1121/146/709
f 1094/1492/693 1117/1493/706 1116/148/703
f 1094/1211/693 1116/1494/703 1095/103/691
f 1095/1495/691 1116/107/703 1124/202/705
f 1106/1229/685 1122/1496/708 1108/1231/687
f 1106/1229/685 1121/1497/709 1122/1496/708
f 1047/203/73 1090/106/99 1073/107/74
f 1065/201/100 1079/107/97 1081/202/101
f 1067/199/98 1079/200/97 1065/196/100
f 1049/196/96 1090/197/99 1047/198/73
f 1049/194/96 1089/195/95 1090/102/99
f 1064/99/94 1079/100/97 1067/101/98
f 1064/99/94 1071/102/93 1079/100/97
f 1053/101/92 1089/1597/95 1049/193/96
f 1062/174/84 1475/175/85 1061/176/86
f 1052/143/88 1075/188/91 1053/189/92
f 1060/141/90 1071/142/93 1064/143/94
f 1060/141/90 1474/144/89 1071/142/93
f 1051/177/83 1076/134/87 1052/131/88
f 1051/177/83 1074/178/82 1076/134/87
f 1053/1596/92 1075/191/91 1089/144/95
f 1061/179/86 1475/180/85 1474/181/89
f 1061/182/86 1474/1595/89 1060/184/90
f 1052/185/88 1076/186/87 1075/187/91
f 1586/1883/904 1557/1884/905 1554/1882/903
f 1557/1884/905 1558/1885/849 1554/1882/903
f 1558/1885/849 1559/1881/854 1554/1882/903
f 1561/1527/874 1560/1886/906 1568/1887/872
f 1562/1528/875 1561/1527/874 1568/1887/872
f 1568/1887/872 1563/1094/876 1562/1528/875
f 1566/1888/907 1564/1889/868 1572/1890/869
f 1566/1888/907 1572/1890/869 1565/1891/870
f 1567/1892/908 1566/1888/907 1565/1891/870
f 1568/1887/872 1567/1892/908 1565/1891/870
f 1560/1886/906 1567/1892/908 1568/1887/872
f 1570/1893/878 1569/1894/879 1574/1895/877
f 1571/1896/880 1570/1893/878 1574/1895/877
f 1564/1889/868 1571/1896/880 1574/1895/877
f 1564/1889/868 1574/1895/877 1572/1890/869
f 1575/1533/881 1573/1897/882 1576/1898/883
f 1574/1895/877 1575/1533/881 1576/1898/883
f 1569/1894/879 1575/1533/881 1574/1895/877
f 1579/1899/885 1576/1898/883 1577/1900/891
f 1578/1901/886 1577/1900/891 1576/1898/883
f 1573/1897/882 1578/1901/886 1576/1898/883
f 1581/1539/887 1580/1540/888 1579/1899/885
f 1582/1902/892 1581/1539/887 1579/1899/885
f 1577/1900/891 1582/1902/892 1579/1899/885
f 1583/1903/845 1577/1904/891 1557/1905/905
f 1583/1903/845 1582/1906/892 1577/1904/891
f 1584/1682/844 1582/1906/892 1583/1903/845
f 1584/1682/844 1581/1683/887 1582/1906/892
f 1585/1907/847 1581/1683/887 1584/1682/844
f 1585/1907/847 1580/1685/888 1581/1683/887
f 1559/1686/854 1578/1908/886 1573/1909/882
f 1558/1910/849 1578/1908/886 1559/1686/854
f 1558/1910/849 1577/1904/891 1578/1908/886
f 1557/1905/905 1577/1904/891 1558/1910/849
f 1555/1690/851 1569/1911/879 1556/1692/857
f 1555/1690/851 1575/1693/881 1569/1911/879
f 1553/1694/853 1575/1693/881 1555/1690/851
f 1553/1694/853 1573/1909/882 1575/1693/881
f 1559/1686/854 1573/1909/882 1553/1694/853
f 1550/1912/856 1571/1913/880 1552/1914/861
f 1549/1698/855 1571/1913/880 1550/1912/856
f 1549/1698/855 1570/1915/878 1571/1913/880
f 1556/1692/857 1570/1915/878 1549/1698/855
f 1556/1692/857 1569/1911/879 1570/1915/878
f 1542/1916/899 1566/1917/907 1567/1918/908
f 1540/1919/897 1566/1917/907 1542/1916/899
f 1540/1919/897 1564/1920/868 1566/1917/907
f 1552/1914/861 1564/1920/868 1540/1919/897
f 1552/1914/861 1571/1913/880 1564/1920/868
f 1547/1705/862 1563/120/876 1548/117/863
f 1547/1705/862 1562/1185/875 1563/120/876
f 1547/1705/862 1561/1706/874 1562/1185/875
f 1545/1921/902 1561/1706/874 1547/1705/862
f 1545/1921/902 1560/1922/906 1561/1706/874
f 1543/125/900 1560/1922/906 1545/1921/902
f 1543/125/900 1567/1918/908 1560/1922/906
f 1542/1916/899 1567/1918/908 1543/125/900
f 1544/1923/898 1572/1924/869 1541/1925/858
f 1544/1923/898 1565/1926/870 1572/1924/869
f 1544/1923/898 1568/1927/872 1565/1926/870
f 1546/1714/901 1568/1927/872 1544/1923/898
f 1548/117/863 1568/1927/872 1546/1714/901
f 1548/117/863 1563/120/876 1568/1927/872
f 1541/1925/858 1574/1928/877 1551/1929/852
f 1541/1925/858 1572/1924/869 1574/1928/877
f 1551/1929/852 1576/1930/883 1554/1931/903
f 1551/1929/852 1574/1928/877 1576/1930/883
f 1554/1931/903 1576/1930/883 1586/1932/904
f 1586/1932/904 1580/380/888 1585/320/847
f 1586/1932/904 1579/1933/885 1580/380/888
f 1586/1932/904 1576/1930/883 1579/1933/885
f 1128/1792/714 1145/1793/733 1137/1794/722
f 1128/1792/714 1142/1795/729 1145/1793/733
f 1137/1794/722 1143/1796/730 1136/1797/723
f 1137/1794/722 1145/1793/733 1143/1796/730
f 1136/1797/723 1144/1798/732 1138/1799/715
f 1136/1797/723 1143/1796/730 1144/1798/732
f 1130/1800/717 1174/1801/731 1173/1802/739
f 1138/1799/715 1174/1801/731 1130/1800/717
f 1138/1799/715 1144/1798/732 1174/1801/731
f 143/1934/120 182/1935/145 162/1936/144
f 142/1937/122 182/1935/145 143/1934/120
f 148/1938/131 175/1939/158 156/1940/141
f 145/1941/128 175/1939/158 148/1938/131
f 143/1934/120 175/1939/158 145/1941/128
f 143/1934/120 162/1936/144 175/1939/158
f 263/1942/130 160/1943/139 150/1944/132
f 263/1942/130 158/1945/140 160/1943/139
f 263/1942/130 156/1940/141 158/1945/140
f 148/1938/131 156/1940/141 263/1942/130
f 152/1946/133 159/1947/143 153/320/135
f 152/1946/133 160/1943/139 159/1947/143
f 150/1944/132 160/1943/139 152/1946/133
f 337/1948/301 51/291/36 336/1113/300
f 337/1948/301 49/1949/35 51/291/36
f 338/1950/302 57/1951/43 344/1952/308
f 338/1950/302 54/1386/38 57/1951/43
f 336/1113/300 54/1386/38 338/1950/302
f 336/1113/300 51/291/36 54/1386/38
f 345/1953/307 59/1954/42 58/1955/44
f 344/1952/308 59/1954/42 345/1953/307
f 344/1952/308 57/1951/43 59/1954/42
f 343/1956/309 60/1957/45 347/1958/310
f 343/1956/309 58/1955/44 60/1957/45
f 345/1953/307 58/1955/44 343/1956/309
f 370/1959/326 380/1960/344 382/1961/346
f 371/1962/334 380/1960/344 370/1959/326
f 371/1962/334 372/110/345 380/1960/344
f 364/1963/327 379/1964/338 362/1965/324
f 364/1963/327 381/1966/347 379/1964/338
f 370/1959/326 381/1966/347 364/1963/327
f 370/1959/326 382/1961/346 381/1966/347
f 359/1967/318 375/1968/336 378/1969/335
f 361/1970/325 375/1968/336 359/1967/318
f 362/1965/324 375/1968/336 361/1970/325
f 362/1965/324 379/1964/338 375/1968/336
f 360/1971/323 383/1972/348 356/1973/320
f 360/1971/323 384/1974/337 383/1972/348
f 359/1967/318 384/1974/337 360/1971/323
f 359/1967/318 378/1969/335 384/1974/337
f 1587/1975/759 1588/1976/760 1599/1977/816
f 1587/1975/759 1589/1978/762 1588/1976/760
f 1591/1979/763 1589/1978/762 1587/1975/759
f 1590/1980/756 1591/1979/763 1587/1975/759
f 1590/1980/756 1592/1981/755 1591/1979/763
f 1593/1982/754 1592/1981/755 1590/1980/756
f 1594/1983/757 1593/1982/754 1590/1980/756
f 1595/1317/758 1594/1983/757 1590/1980/756
f 1585/1501/847 1584/1984/844 1586/1883/904
f 1584/1984/844 1583/1985/845 1586/1883/904
f 1586/1883/904 1583/1985/845 1557/1884/905
f 1130/1182/717 1173/1753/739 1129/150/716
f 1129/1754/716 1173/158/739 1175/115/738
f 1134/1139/721 1139/158/724 1126/153/712
f 1134/1139/721 1170/157/747 1139/158/724
f 1129/1201/716 1175/1755/738 1132/163/718
f 1126/129/712 1139/1756/724 1127/1471/713
f 1132/176/718 1172/1202/737 1131/1203/719
f 1132/176/718 1175/1204/738 1172/1202/737
f 1127/1757/713 1139/1473/724 1140/1204/728
f 1127/137/713 1140/1542/728 1125/1150/710
f 1125/1543/710 1140/1153/728 1141/139/745
f 1131/143/719 1172/1544/737 1133/189/720
f 1133/1545/720 1172/1179/737 1171/1156/726
f 1125/1546/710 1141/1547/745 1135/145/711
f 1135/1548/711 1141/102/745 1142/100/729
f 1133/196/720 1170/1197/747 1134/198/721
f 1133/196/720 1171/205/726 1170/1197/747
f 1135/1180/711 1142/1549/729 1128/1163/714
f 141/111/117 172/1986/156 138/113/118
f 153/1987/135 159/1218/143 157/1165/142
f 138/121/118 172/1988/156 1182/117/752
f 153/161/135 157/1989/142 151/121/134
f 1182/1990/752 172/1142/156 163/1991/146
f 151/1992/134 157/1141/142 154/1142/137
f 151/168/134 154/1993/137 147/123/129
f 1182/129/752 164/173/148 137/1471/121
f 1182/129/752 163/128/146 164/173/148
f 147/1994/129 154/130/137 155/128/136
f 137/1194/121 164/1995/148 136/177/123
f 147/184/129 155/1996/136 149/1206/126
f 136/1997/123 164/187/148 165/1176/149
f 149/1998/126 155/139/136 174/140/138
f 136/189/123 165/1999/149 139/216/124
f 149/143/126 174/2000/138 144/189/127
f 144/145/127 173/146/157 146/147/119
f 144/145/127 174/148/138 173/146/157
f 139/1546/124 161/148/147 140/145/125
f 139/1546/124 165/1493/149 161/148/147
f 146/196/119 173/2001/157 141/198/117
f 140/199/125 161/2002/147 142/196/122
f 142/2003/122 161/107/147 182/202/145
f 141/2004/117 173/1497/157 172/1496/156
f 334/111/274 44/109/32 333/113/271
f 334/111/274 46/1165/30 44/109/32
f 347/152/310 56/1165/41 346/111/305
f 347/152/310 60/1218/45 56/1165/41
f 333/2005/271 44/118/32 395/160/31
f 333/121/271 395/2006/31 332/117/272
f 346/1169/305 55/2007/40 340/1171/306
f 346/1169/305 56/167/41 55/2007/40
f 332/123/272 43/124/28 331/125/270
f 332/123/272 395/126/31 43/124/28
f 340/127/306 55/2008/40 341/129/304
f 331/131/270 45/132/27 330/133/268
f 331/131/270 43/134/28 45/132/27
f 341/2009/304 55/178/40 53/134/39
f 330/137/268 48/1176/29 329/1150/269
f 330/137/268 45/187/27 48/1176/29
f 341/135/304 53/2010/39 342/137/303
f 342/2011/303 53/139/39 52/140/37
f 329/147/269 47/1179/34 335/1157/275
f 329/147/269 48/146/29 47/1179/34
f 342/145/303 50/146/33 339/147/279
f 342/145/303 52/148/37 50/146/33
f 339/103/279 46/102/30 334/99/274
f 339/103/279 50/195/33 46/102/30
f 335/1180/275 49/202/35 337/1163/301
f 335/1180/275 47/107/34 49/202/35
f 1597/2012/825 1596/2013/826 1609/2014/824
f 1598/2015/827 1597/2012/825 1609/2014/824
f 1600/2016/823 1598/2015/827 1609/2014/824
f 1599/1977/816 1600/2016/823 1609/2014/824
f 1601/1051/766 1600/2016/823 1599/1977/816
f 1602/2017/767 1601/1051/766 1599/1977/816
f 1588/1976/760 1602/2017/767 1599/1977/816
f 1605/2018/828 1604/2019/829 1603/2020/830
f 1607/2021/831 1605/2018/828 1603/2020/830
f 1606/2022/832 1607/2021/831 1603/2020/830
f 1608/2023/833 1607/2021/831 1606/2022/832
f 1596/2013/826 1608/2023/833 1606/2022/832
f 1596/2013/826 1606/2022/832 1609/2014/824
f 1612/2024/834 1610/1060/835 1611/2025/836
f 1613/1062/837 1612/2024/834 1611/2025/836
f 1614/1063/838 1613/1062/837 1611/2025/836
f 1615/1064/839 1614/1063/838 1611/2025/836
f 1615/1064/839 1611/2025/836 1616/2026/840
f 1618/2027/785 1615/1064/839 1616/2026/840
f 1618/2027/785 1616/2026/840 1617/2028/841
f 1604/2019/829 1618/2027/785 1617/2028/841
f 1604/2019/829 1617/2028/841 1603/2020/830
f 1620/2029/797 1619/1448/796 1630/2030/909
f 1630/2030/909 1621/1094/798 1620/2029/797
f 1624/1261/786 1622/2031/787 1634/2032/910
f 1634/2032/910 1623/2033/911 1624/1261/786
f 1626/2034/790 1624/1261/786 1623/2033/911
f 1623/2033/911 1625/2035/912 1626/2034/790
f 1627/1099/792 1626/2034/790 1625/2035/912
f 1625/2035/912 1628/2036/913 1627/1099/792
f 1629/1097/794 1627/1099/792 1628/2036/913
f 1628/2036/913 1630/2030/909 1629/1097/794
f 1619/1448/796 1629/1097/794 1630/2030/909
f 1632/2037/799 1631/2038/800 1638/2039/801
f 1633/2040/802 1632/2037/799 1638/2039/801
f 1635/2041/803 1633/2040/802 1638/2039/801
f 1635/2041/803 1638/2039/801 1634/2032/910
f 1622/2031/787 1635/2041/803 1634/2032/910
f 1637/1078/842 1636/2042/805 1643/2043/806
f 1637/1078/842 1643/2043/806 1638/2039/801
f 1639/2044/807 1637/1078/842 1638/2039/801
f 1631/2038/800 1639/2044/807 1638/2039/801
f 1641/2045/808 1640/2046/809 1647/2047/810
f 1642/2048/811 1640/2046/809 1641/2045/808
f 1644/2049/812 1642/2048/811 1641/2045/808
f 1643/2043/806 1644/2049/812 1641/2045/808
f 1645/2050/813 1644/2049/812 1643/2043/806
f 1636/2042/805 1645/2050/813 1643/2043/806
f 1648/2051/818 1646/1366/819 1647/2047/810
f 1649/2052/820 1648/2051/818 1647/2047/810
f 1650/2053/821 1649/2052/820 1647/2047/810
f 1640/2046/809 1650/2053/821 1647/2047/810
f 1592/1831/755 1640/2054/809 1591/2055/763
f 1592/1831/755 1650/2056/821 1640/2054/809
f 1593/2057/754 1650/2056/821 1592/1831/755
f 1593/2057/754 1649/2058/820 1650/2056/821
f 1594/328/757 1649/2058/820 1593/2057/754
f 1594/328/757 1648/2059/818 1649/2058/820
f 1595/2060/758 1648/2059/818 1594/328/757
f 1595/2060/758 1646/1623/819 1648/2059/818
f 1602/332/767 1645/333/813 1636/334/805
f 1588/2061/760 1645/333/813 1602/332/767
f 1588/2061/760 1644/2062/812 1645/333/813
f 1589/2063/762 1644/2062/812 1588/2061/760
f 1589/2063/762 1642/338/811 1644/2062/812
f 1591/2055/763 1642/338/811 1589/2063/762
f 1591/2055/763 1640/2054/809 1642/338/811
f 1600/1630/823 1639/2064/807 1598/341/827
f 1600/1630/823 1637/342/842 1639/2064/807
f 1601/343/766 1637/342/842 1600/1630/823
f 1601/343/766 1636/334/805 1637/342/842
f 1602/332/767 1636/334/805 1601/343/766
f 1596/1841/826 1633/2065/802 1608/1634/833
f 1597/1635/825 1633/2065/802 1596/1841/826
f 1597/1635/825 1632/348/799 1633/2065/802
f 1598/341/827 1632/348/799 1597/1635/825
f 1598/341/827 1631/1637/800 1632/348/799
f 1598/341/827 1639/2064/807 1631/1637/800
f 1618/1845/785 1626/2066/790 1627/126/792
f 1604/1847/829 1626/2066/790 1618/1845/785
f 1604/1847/829 1624/2067/786 1626/2066/790
f 1605/2068/828 1624/2067/786 1604/1847/829
f 1605/2068/828 1622/355/787 1624/2067/786
f 1607/2069/831 1622/355/787 1605/2068/828
f 1607/2069/831 1635/1851/803 1622/355/787
f 1608/1634/833 1635/1851/803 1607/2069/831
f 1608/1634/833 1633/2065/802 1635/1851/803
f 1612/2070/834 1621/120/798 1610/117/835
f 1612/2070/834 1620/2071/797 1621/120/798
f 1613/360/837 1620/2071/797 1612/2070/834
f 1613/360/837 1619/361/796 1620/2071/797
f 1614/362/838 1619/361/796 1613/360/837
f 1615/125/839 1619/361/796 1614/362/838
f 1615/125/839 1629/124/794 1619/361/796
f 1618/1845/785 1629/124/794 1615/125/839
f 1618/1845/785 1627/126/792 1629/124/794
f 1617/1856/841 1623/2072/911 1603/2073/830
f 1617/1856/841 1625/2074/912 1623/2072/911
f 1616/2075/840 1625/2074/912 1617/1856/841
f 1616/2075/840 1628/2076/913 1625/2074/912
f 1611/2077/836 1628/2076/913 1616/2075/840
f 1611/2077/836 1630/2078/909 1628/2076/913
f 1610/117/835 1630/2078/909 1611/2077/836
f 1610/117/835 1621/120/798 1630/2078/909
f 1606/2079/832 1638/2080/801 1609/2081/824
f 1606/2079/832 1634/1658/910 1638/2080/801
f 1603/2073/830 1634/1658/910 1606/2079/832
f 1603/2073/830 1623/2072/911 1634/1658/910
f 1609/2081/824 1643/2082/806 1599/1866/816
f 1609/2081/824 1638/2080/801 1643/2082/806
f 1587/2083/759 1647/2084/810 1590/2085/756
f 1587/2083/759 1641/2086/808 1647/2084/810
f 1599/1866/816 1641/2086/808 1587/2083/759
f 1599/1866/816 1643/2082/806 1641/2086/808
f 1590/2085/756 1646/380/819 1595/320/758
f 1590/2085/756 1647/2084/810 1646/380/819
f 404/2087/366 425/2088/383 399/2089/358
f 404/2087/366 426/2090/390 425/2088/383
f 403/294/365 426/2090/390 404/2087/366
f 405/2091/367 418/2092/380 409/2093/372
f 399/2089/358 418/2092/380 405/2091/367
f 399/2089/358 425/2088/383 418/2092/380
f 409/2093/372 419/2094/381 408/2095/371
f 409/2093/372 417/2096/379 419/2094/381
f 409/2093/372 418/2092/380 417/2096/379
f 410/2097/373 416/2098/376 411/2099/374
f 410/2097/373 414/2100/377 416/2098/376
f 408/2095/371 414/2100/377 410/2097/373
f 408/2095/371 419/2094/381 414/2100/377
f 356/113/320 386/110/349 353/294/319
f 356/113/320 383/109/348 386/110/349
f 358/111/321 394/109/355 357/113/322
f 358/111/321 392/1165/357 394/109/355
f 357/1139/322 393/158/354 355/153/316
f 357/1139/322 394/157/355 393/158/354
f 353/1288/319 385/157/351 352/1139/317
f 353/1288/319 386/160/349 385/157/351
f 355/1171/316 393/2101/354 365/1201/331
f 352/125/317 387/166/350 351/362/313
f 352/125/317 385/124/351 387/166/350
f 365/2102/331 393/126/354 376/124/341
f 365/1203/331 376/2103/341 366/127/329
f 351/2104/313 387/1204/350 389/1202/352
f 366/2105/329 376/1473/341 377/1204/343
f 351/177/313 389/2106/352 350/131/314
f 366/1206/329 377/2107/343 363/1192/330
f 350/2108/314 389/1176/352 390/1488/353
f 363/1292/330 374/186/342 367/135/328
f 363/1292/330 377/140/343 374/186/342
f 350/216/314 390/2109/353 349/1292/312
f 349/2110/312 390/142/353 388/1153/339
f 367/1546/328 373/148/340 368/145/332
f 367/1546/328 374/1493/342 373/148/340
f 349/101/312 391/210/356 354/193/315
f 349/101/312 388/100/339 391/210/356
f 354/196/315 392/1197/357 358/198/321
f 354/196/315 391/205/356 392/1197/357
f 368/199/332 372/205/345 369/196/333
f 368/199/332 373/206/340 372/205/345
f 369/2111/333 372/2112/345 371/1229/334
f 411/2113/374 416/1218/376 415/1165/378
f 400/150/362 427/1218/386 401/152/360
f 400/150/362 429/1138/391 427/1218/386
f 411/153/374 415/2114/378 413/155/375
f 401/2115/360 427/1185/386 421/120/385
f 413/2116/375 415/1141/378 446/1142/408
f 401/123/360 421/2117/385 396/125/361
f 413/168/375 445/126/407 412/123/370
f 413/168/375 446/169/408 445/126/407
f 396/2118/361 421/1202/385 422/130/388
f 396/131/361 422/2119/388 397/133/363
f 412/177/370 445/2120/407 406/131/369
f 406/2121/369 445/181/407 444/1175/406
f 397/2122/363 422/187/388 424/1176/389
f 406/135/369 444/2123/406 407/137/368
f 407/2124/368 444/139/406 420/140/382
f 397/141/363 424/2125/389 402/143/364
f 407/145/368 428/146/384 398/147/359
f 407/145/368 420/148/382 428/146/384
f 402/2126/364 424/1493/389 423/148/387
f 402/1211/364 423/2127/387 403/103/365
f 398/196/359 429/1197/391 400/198/362
f 398/196/359 428/205/384 429/1197/391
f 403/2128/365 423/107/387 426/202/390
f 572/2129/535 591/1218/553 589/1165/552
f 585/2130/547 596/115/562 599/116/564
f 585/119/547 599/2131/564 586/1288/549
f 572/117/535 590/118/551 578/119/541
f 572/117/535 589/120/552 590/118/551
f 586/2132/549 599/166/564 598/167/563
f 578/2133/541 590/169/551 1651/126/554
f 586/170/549 598/2134/563 588/168/550
f 578/127/541 1651/2135/554 575/129/537
f 588/2136/550 598/1202/563 600/130/565
f 575/184/537 594/180/555 576/1206/538
f 575/184/537 1651/1487/554 594/180/555
f 588/182/550 602/1487/566 587/184/548
f 588/182/550 600/1488/565 602/1487/566
f 576/143/538 594/2137/555 579/189/542
f 587/147/548 602/2138/566 584/1157/545
f 579/145/542 597/146/560 581/147/543
f 579/145/542 594/148/555 597/146/560
f 584/2139/545 602/1493/566 603/148/567
f 584/1180/545 601/202/568 583/1163/546
f 584/1180/545 603/107/567 601/202/568
f 581/1302/543 596/107/562 585/1180/547
f 581/1302/543 597/106/560 596/107/562
f 547/127/510 561/2140/522 546/129/494
f 544/199/507 559/205/524 542/196/504
f 544/199/507 552/206/516 559/205/524
f 530/196/491 570/1197/533 529/198/492
f 530/196/491 571/205/532 570/1197/533
f 530/2141/491 550/100/514 571/210/532
f 526/2142/489 555/1202/517 553/130/511
f 546/2143/494 561/1204/522 562/1202/526
f 541/189/503 554/2144/515 543/216/506
f 526/131/489 553/2145/511 541/133/503
f 545/212/508 550/144/514 531/141/493
f 545/212/508 563/191/525 550/144/514
f 546/2146/494 562/181/526 563/1175/525
f 543/2147/506 554/146/515 552/1179/516
f 543/1546/506 552/2148/516 544/145/507
f 546/1150/494 563/2149/525 545/182/508
f 541/2150/503 553/187/511 554/1176/515
f 531/209/493 550/2151/514 530/1546/491
f 774/1182/717 852/1753/739 773/150/716
f 773/1754/716 852/158/739 855/115/738
f 778/1139/721 785/158/724 770/153/712
f 778/1139/721 783/157/725 785/158/724
f 773/1201/716 855/1755/738 776/163/718
f 770/129/712 785/1756/724 771/1471/713
f 776/176/718 854/1202/737 775/1203/719
f 776/176/718 855/1204/738 854/1202/737
f 771/1757/713 785/1473/724 786/1204/728
f 1157/108/54 1169/109/55 1164/110/751
f 66/111/52 1181/112/53 1147/113/57
f 1147/114/57 1181/115/53 1179/116/58
f 1157/117/54 1163/118/59 1151/119/60
f 1157/117/54 1164/120/751 1163/118/59
f 1147/121/57 1179/122/58 1150/117/61
f 1150/123/61 1180/124/62 1148/125/63
f 1150/123/61 1179/126/58 1180/124/62
f 1151/127/60 1160/128/64 1152/129/65
f 1151/127/60 1163/130/59 1160/128/64
f 1148/131/63 1158/132/66 1149/133/750
f 1148/131/63 1180/134/62 1158/132/66
f 1152/135/65 1160/136/64 1153/137/68
f 1153/138/68 1160/139/64 1159/140/69
f 1149/141/750 61/142/49 1146/143/46
f 1149/141/750 1158/144/66 61/142/49
f 1153/145/68 63/146/51 62/147/50
f 1153/145/68 1159/148/69 63/146/51
f 1529/1063/222 1528/1062/220 1533/2152/232
f 1528/1062/220 1526/1059/216 1533/2152/232
f 1526/1059/216 1527/1060/218 1533/2152/232
f 1524/2153/214 1523/2154/212 1535/2155/225
f 1523/2154/212 1522/2156/210 1535/2155/225
f 1522/2156/210 1531/2157/228 1535/2155/225
f 1522/2156/210 1521/2158/207 1531/2157/228
f 1521/2158/207 1532/2159/229 1531/2157/228
f 1521/2158/207 1530/1064/223 1532/2159/229
f 1532/2159/229 1530/1064/223 1533/2152/232
f 1530/1064/223 1529/1063/222 1533/2152/232
f 1515/2160/181 1537/2161/240 1539/2162/241
f 1515/2160/181 1514/2163/194 1537/2161/240
f 1537/2161/240 1514/2163/194 1513/2164/192
f 1537/2161/240 1513/2164/192 1538/2165/238
f 1513/2164/192 1512/2166/189 1538/2165/238
f 1512/2166/189 1517/2167/200 1538/2165/238
f 1517/2167/200 1516/2168/196 1538/2165/238
f 1538/2165/238 1516/2168/196 1536/2169/235
f 1516/2168/196 1520/2170/198 1536/2169/235
f 1520/2170/198 1519/2171/204 1536/2169/235
f 1519/2171/204 1518/2172/201 1536/2169/235
f 1518/2172/201 1534/2173/233 1536/2169/235
f 1518/2172/201 1525/2174/203 1534/2173/233
f 1525/2174/203 1524/2153/214 1534/2173/233
f 1534/2173/233 1524/2153/214 1535/2155/225
f 1511/1045/187 1510/1044/185 1539/2162/241
f 1510/1044/185 1509/1043/183 1539/2162/241
f 1509/1043/183 1508/2175/179 1539/2162/241
f 1539/2162/241 1508/2175/179 1515/2160/181
f 1656/2176/914 1653/2177/915 1652/2178/916
f 1654/1317/917 1653/2177/915 1656/2176/914
f 1652/2178/916 1655/2179/918 1657/2180/919
f 1652/2178/916 1657/2180/919 1656/2176/914
f 1657/2180/919 1658/2181/920 1666/2182/921
f 1659/2183/922 1658/2181/920 1657/2180/919
f 1660/2184/923 1659/2183/922 1657/2180/919
f 1655/2179/918 1660/2184/923 1657/2180/919
f 1662/2185/924 1661/2186/925 1666/2182/921
f 1663/2187/926 1662/2185/924 1666/2182/921
f 1658/2181/920 1663/2187/926 1666/2182/921
f 1672/2188/927 1664/2189/928 1665/2190/929
f 1667/2191/930 1665/2190/929 1664/2189/928
f 1664/2189/928 1666/2182/921 1667/2191/930
f 1661/2186/925 1667/2191/930 1666/2182/921
f 583/2192/546 595/2193/561 582/2194/544
f 583/2192/546 601/2195/568 595/2193/561
f 580/2196/540 658/2197/558 577/2198/539
f 580/2196/540 659/2199/559 658/2197/558
f 582/2194/544 659/2199/559 580/2196/540
f 582/2194/544 595/2193/561 659/2199/559
f 573/2200/536 593/2201/557 592/2202/556
f 573/2200/536 658/2197/558 593/2201/557
f 577/2198/539 658/2197/558 573/2200/536
f 574/2203/534 591/2204/553 572/2205/535
f 574/2203/534 592/2202/556 591/2204/553
f 573/2200/536 592/2202/556 574/2203/534
f 772/1792/714 791/1793/733 780/1794/722
f 772/1792/714 788/1795/729 791/1793/733
f 780/1794/722 789/1796/730 779/1797/723
f 780/1794/722 791/1793/733 789/1796/730
f 779/1797/723 790/1798/732 781/1799/715
f 779/1797/723 789/1796/730 790/1798/732
f 774/1800/717 853/1801/731 852/1802/739
f 781/1799/715 853/1801/731 774/1800/717
f 781/1799/715 790/1798/732 853/1801/731
f 1178/290/151 1161/291/163 1177/292/150
f 1178/290/151 1162/293/164 1161/291/163
f 64/294/48 1162/293/164 1178/290/151
f 64/294/48 65/110/47 1162/293/164
f 1176/295/152 1165/296/162 1154/297/154
f 1176/295/152 1166/298/159 1165/296/162
f 1177/292/150 1166/298/159 1176/295/152
f 1177/292/150 1161/291/163 1166/298/159
f 1156/299/153 1167/300/734 1155/301/155
f 1156/299/153 1168/302/160 1167/300/734
f 1154/297/154 1168/302/160 1156/299/153
f 1154/297/154 1165/296/162 1168/302/160
f 1155/301/155 1169/303/55 1157/304/54
f 1155/301/155 1167/300/734 1169/303/55
f 1006/290/151 988/1720/163 1005/1803/150
f 1006/290/151 989/293/164 988/1720/163
f 969/294/48 989/293/164 1006/290/151
f 969/294/48 984/110/47 989/293/164
f 1004/295/152 992/296/162 979/297/154
f 1004/295/152 993/1722/159 992/296/162
f 1005/1803/150 993/1722/159 1004/295/152
f 1005/1803/150 988/1720/163 993/1722/159
f 981/299/153 994/300/734 980/301/155
f 981/299/153 995/302/160 994/300/734
f 979/297/154 995/302/160 981/299/153
f 979/297/154 992/296/162 995/302/160
f 980/301/155 996/303/55 982/304/54
f 980/301/155 994/300/734 996/303/55
f 1670/2206/931 1668/1060/932 1669/2207/933
f 1671/2208/934 1670/2206/931 1669/2207/933
f 1673/2209/935 1671/2208/934 1669/2207/933
f 1669/2207/933 1672/2188/927 1673/2209/935
f 1665/2190/929 1673/2209/935 1672/2188/927
f 1676/2210/936 1674/2211/937 1686/2212/938
f 1675/2213/939 1676/2210/936 1686/2212/938
f 1677/2214/940 1676/2210/936 1675/2213/939
f 1675/2213/939 1678/2215/941 1677/2214/940
f 1679/2216/942 1677/2214/940 1678/2215/941
f 1680/2217/943 1679/2216/942 1678/2215/941
f 1681/1528/944 1680/2217/943 1678/2215/941
f 1678/2215/941 1682/1094/945 1681/1528/944
f 1683/2218/946 1688/2219/947 1684/2220/948
f 1685/2221/949 1684/2220/948 1688/2219/947
f 1674/2211/937 1685/2221/949 1688/2219/947
f 1686/2212/938 1674/2211/937 1688/2219/947
f 1689/2222/950 1687/2223/951 1690/2224/952
f 1689/2222/950 1690/2224/952 1688/2219/947
f 1683/2218/946 1689/2222/950 1688/2219/947
f 1691/2225/953 1693/2226/954 1690/2224/952
f 1692/2227/955 1691/2225/953 1690/2224/952
f 1687/2223/951 1692/2227/955 1690/2224/952
f 1695/2228/956 1694/2229/957 1693/2226/954
f 1696/2230/958 1695/2228/956 1693/2226/954
f 1691/2225/953 1696/2230/958 1693/2226/954
f 1698/2231/959 1697/2232/960 1701/2233/961
f 1699/2234/962 1698/2231/959 1701/2233/961
f 1702/2235/963 1700/2236/964 1703/2237/965
f 1702/2235/963 1703/2237/965 1701/2233/961
f 1701/2233/961 1697/2232/960 1702/2235/963
f 1709/2238/921 1703/2237/965 1704/2239/966
f 1705/2240/967 1704/2239/966 1703/2237/965
f 1706/2241/923 1705/2240/967 1703/2237/965
f 1700/2236/964 1706/2241/923 1703/2237/965
f 1708/1513/968 1719/2242/969 1707/2243/970
f 1710/2244/930 1708/1513/968 1707/2243/970
f 1707/2243/970 1709/2238/921 1710/2244/930
f 1711/2245/925 1710/2244/930 1709/2238/921
f 1712/2246/971 1711/2245/925 1709/2238/921
f 1713/2247/972 1712/2246/971 1709/2238/921
f 1704/2239/966 1713/2247/972 1709/2238/921
f 1716/2248/973 1714/1060/974 1715/2249/975
f 1717/2250/976 1716/2248/973 1715/2249/975
f 1718/1064/977 1717/2250/976 1715/2249/975
f 1718/1064/977 1715/2249/975 1719/2242/969
f 1720/2251/978 1718/1064/977 1719/2242/969
f 1708/1513/968 1720/2251/978 1719/2242/969
f 1732/2252/955 1721/2253/979 1722/2254/980
f 1721/2253/979 1724/2255/981 1722/2254/980
f 1721/2253/979 1723/2256/982 1724/2255/981
f 1723/2256/982 1725/2257/983 1724/2255/981
f 1725/2257/983 1726/2229/984 1724/2255/981
f 1736/2258/985 1727/2259/986 1729/2260/987
f 1727/2259/986 1728/2261/988 1729/2260/987
f 1728/2261/988 1730/2262/989 1729/2260/987
f 1729/2260/987 1730/2262/989 1722/2254/980
f 1730/2262/989 1731/2263/990 1722/2254/980
f 1731/2263/990 1732/2252/955 1722/2254/980
f 1748/2264/991 1735/2265/938 1733/2266/939
f 1748/2264/991 1734/2267/937 1735/2265/938
f 1735/2265/938 1734/2267/937 1729/2260/987
f 1734/2267/937 1736/2258/985 1729/2260/987
f 1186/2268/755 1239/323/809 1194/2269/763
f 1186/2268/755 1260/2270/821 1239/323/809
f 1187/2271/754 1260/2270/821 1186/2268/755
f 1187/2271/754 1259/2272/820 1260/2270/821
f 1188/2273/757 1259/2272/820 1187/2271/754
f 1188/2273/757 1258/2274/818 1259/2272/820
f 1189/2275/758 1258/2274/818 1188/2273/757
f 1189/2275/758 1256/1623/819 1258/2274/818
f 1198/1624/767 1244/2276/813 1235/334/805
f 1191/2061/760 1244/2276/813 1198/1624/767
f 1191/2061/760 1243/2277/812 1244/2276/813
f 1192/337/762 1243/2277/812 1191/2061/760
f 1192/337/762 1241/2278/811 1243/2277/812
f 1194/2269/763 1241/2278/811 1192/337/762
f 1194/2269/763 1239/323/809 1241/2278/811
f 1196/2279/764 1238/340/807 1201/2280/770
f 1196/2279/764 1236/2281/804 1238/340/807
f 1197/2282/766 1236/2281/804 1196/2279/764
f 1197/2282/766 1235/334/805 1236/2281/804
f 1198/1624/767 1235/334/805 1197/2282/766
f 1199/1841/769 1232/2065/802 1208/2283/777
f 1200/2284/768 1232/2065/802 1199/1841/769
f 1200/2284/768 1231/2285/799 1232/2065/802
f 1201/2280/770 1231/2285/799 1200/2284/768
f 1201/2280/770 1230/2286/800 1231/2285/799
f 1201/2280/770 1238/340/807 1230/2286/800
f 1217/2287/785 1222/2288/790 1223/126/792
f 1203/2289/772 1222/2288/790 1217/2287/785
f 1203/2289/772 1220/2067/786 1222/2288/790
f 1205/2290/774 1220/2067/786 1203/2289/772
f 1205/2290/774 1218/2291/787 1220/2067/786
f 1206/1850/776 1218/2291/787 1205/2290/774
f 1206/1850/776 1234/1851/803 1218/2291/787
f 1208/2283/777 1234/1851/803 1206/1850/776
f 1208/2283/777 1232/2065/802 1234/1851/803
f 1211/2292/778 1229/120/798 1209/117/779
f 1211/2292/778 1228/2293/797 1229/120/798
f 1212/2294/781 1228/2293/797 1211/2292/778
f 1212/2294/781 1227/2295/796 1228/2293/797
f 1213/362/782 1227/2295/796 1212/2294/781
f 1214/125/783 1227/2295/796 1213/362/782
f 1214/125/783 1225/124/794 1227/2295/796
f 1217/2287/785 1225/124/794 1214/125/783
f 1217/2287/785 1223/126/792 1225/124/794
f 1216/2296/773 1219/2297/789 1202/2298/771
f 1216/2296/773 1221/2299/791 1219/2297/789
f 1216/2296/773 1224/1652/793 1221/2299/791
f 1215/2300/784 1224/1652/793 1216/2296/773
f 1215/2300/784 1226/369/795 1224/1652/793
f 1210/2301/780 1226/369/795 1215/2300/784
f 1209/117/779 1226/369/795 1210/2301/780
f 1209/117/779 1229/120/798 1226/369/795
f 1204/2302/775 1237/2303/801 1207/2304/765
f 1204/2302/775 1233/2305/788 1237/2303/801
f 1202/2298/771 1233/2305/788 1204/2302/775
f 1202/2298/771 1219/2297/789 1233/2305/788
f 1207/2304/765 1242/2306/806 1195/2307/761
f 1207/2304/765 1237/2303/801 1242/2306/806
f 1190/2308/759 1257/2309/810 1193/2310/756
f 1190/2308/759 1240/2311/808 1257/2309/810
f 1195/2307/761 1240/2311/808 1190/2308/759
f 1195/2307/761 1242/2306/806 1240/2311/808
f 1193/2310/756 1256/380/819 1189/320/758
f 1193/2310/756 1257/2309/810 1256/380/819
f 1739/2312/916 1737/2313/918 1749/2314/919
f 1739/2312/916 1749/2314/919 1738/2315/992
f 1738/2315/992 1740/2316/915 1739/2312/916
f 1741/2317/917 1740/2316/915 1738/2315/992
f 1747/1525/993 1742/1094/994 1743/1528/944
f 1743/1528/944 1744/2318/943 1747/1525/993
f 1744/2318/943 1745/2319/995 1747/1525/993
f 1745/2319/995 1746/2320/996 1747/1525/993
f 1747/1525/993 1746/2320/996 1733/2266/939
f 1746/2320/996 1748/2264/991 1733/2266/939
f 1749/2314/919 1750/2321/920 1758/2322/921
f 1751/2323/922 1750/2321/920 1749/2314/919
f 1752/2324/923 1751/2323/922 1749/2314/919
f 1737/2313/918 1752/2324/923 1749/2314/919
f 1754/2325/924 1753/2326/925 1758/2322/921
f 1755/2327/926 1754/2325/924 1758/2322/921
f 1750/2321/920 1755/2327/926 1758/2322/921
f 1757/2328/997 1765/2329/998 1756/2330/928
f 1759/2331/930 1757/2328/997 1756/2330/928
f 1758/2322/921 1759/2331/930 1756/2330/928
f 1753/2326/925 1759/2331/930 1758/2322/921
f 1762/2332/999 1760/1060/1000 1761/2333/1001
f 1763/2334/1002 1762/2332/999 1761/2333/1001
f 1764/2335/1003 1763/2334/1002 1761/2333/1001
f 1765/2329/998 1764/2335/1003 1761/2333/1001
f 1766/2336/1004 1764/2335/1003 1765/2329/998
f 1757/2328/997 1766/2336/1004 1765/2329/998
f 1769/2337/991 1767/2338/937 1779/2339/938
f 1779/2339/938 1768/2340/939 1769/2337/991
f 1770/2341/1005 1769/2337/991 1768/2340/939
f 1771/2342/941 1770/2341/1005 1768/2340/939
f 1772/1886/1006 1770/2341/1005 1771/2342/941
f 1773/2343/1007 1772/1886/1006 1771/2342/941
f 1774/1528/1008 1773/2343/1007 1771/2342/941
f 1771/2342/941 1775/1094/1009 1774/1528/1008
f 1777/2344/1010 1776/2345/946 1781/2346/947
f 1778/2347/949 1777/2344/1010 1781/2346/947
f 1767/2338/937 1778/2347/949 1781/2346/947
f 1781/2346/947 1779/2339/938 1767/2338/937
f 1782/2348/950 1780/2349/951 1783/2350/952
f 1783/2350/952 1781/2346/947 1782/2348/950
f 1776/2345/946 1782/2348/950 1781/2346/947
f 1784/2351/953 1786/2352/954 1783/2350/952
f 1785/2353/955 1784/2351/953 1783/2350/952
f 1780/2349/951 1785/2353/955 1783/2350/952
f 1788/2354/956 1787/2229/957 1786/2352/954
f 1789/2355/958 1788/2354/956 1786/2352/954
f 1784/2351/953 1789/2355/958 1786/2352/954
f 1366/2356/241 1440/380/188 1362/320/187
f 1366/2356/241 1441/2357/242 1440/380/188
f 1363/2358/240 1441/2357/242 1366/2356/241
f 1363/2358/240 1412/2359/239 1441/2357/242
f 1368/2360/238 1412/2359/239 1363/2358/240
f 1368/2360/238 1415/2361/237 1412/2359/239
f 1381/2362/235 1415/2361/237 1368/2360/238
f 1381/2362/235 1410/2363/234 1415/2361/237
f 1378/2364/233 1410/2363/234 1381/2362/235
f 1378/2364/233 1406/2365/236 1410/2363/234
f 1375/2366/225 1406/2365/236 1378/2364/233
f 1375/2366/225 1392/2297/227 1406/2365/236
f 1375/2366/225 1394/2367/226 1392/2297/227
f 1389/366/228 1394/2367/226 1375/2366/225
f 1388/2368/229 1394/2367/226 1389/366/228
f 1388/2368/229 1397/2369/230 1394/2367/226
f 1388/2368/229 1399/2078/231 1397/2369/230
f 1383/370/232 1399/2078/231 1388/2368/229
f 1382/117/218 1399/2078/231 1383/370/232
f 1382/117/218 1402/120/217 1399/2078/231
f 1384/358/216 1402/120/217 1382/117/218
f 1384/358/216 1401/359/219 1402/120/217
f 1385/360/220 1401/359/219 1384/358/216
f 1385/360/220 1400/2295/221 1401/359/219
f 1386/362/222 1400/2295/221 1385/360/220
f 1387/125/223 1400/2295/221 1386/362/222
f 1387/125/223 1398/124/224 1400/2295/221
f 1390/350/207 1398/124/224 1387/125/223
f 1390/350/207 1396/126/209 1398/124/224
f 1390/350/207 1395/2370/208 1396/126/209
f 1376/2289/210 1395/2370/208 1390/350/207
f 1376/2289/210 1393/1848/211 1395/2370/208
f 1377/354/212 1393/1848/211 1376/2289/210
f 1377/354/212 1391/1643/213 1393/1848/211
f 1379/356/214 1391/1643/213 1377/354/212
f 1379/356/214 1407/2371/215 1391/1643/213
f 1380/2372/203 1407/2371/215 1379/356/214
f 1380/2372/203 1405/345/202 1407/2371/215
f 1372/2373/201 1405/345/202 1380/2372/203
f 1373/2374/204 1405/345/202 1372/2373/201
f 1373/2374/204 1404/348/205 1405/345/202
f 1374/341/198 1404/348/205 1373/2374/204
f 1374/341/198 1403/349/206 1404/348/205
f 1374/341/198 1411/340/197 1403/349/206
f 1369/1630/196 1411/340/197 1374/341/198
f 1369/1630/196 1409/342/199 1411/340/197
f 1370/343/200 1409/342/199 1369/1630/196
f 1370/343/200 1408/1834/191 1409/342/199
f 1371/332/189 1408/1834/191 1370/343/200
f 1371/332/189 1417/2375/190 1408/1834/191
f 1364/2376/192 1417/2375/190 1371/332/189
f 1364/2376/192 1416/2377/193 1417/2375/190
f 1365/337/194 1416/2377/193 1364/2376/192
f 1365/337/194 1414/1629/195 1416/2377/193
f 1367/2269/181 1414/1629/195 1365/337/194
f 1367/2269/181 1413/1616/180 1414/1629/195
f 1359/322/179 1413/1616/180 1367/2269/181
f 1359/322/179 1444/2378/182 1413/1616/180
f 1360/326/183 1444/2378/182 1359/322/179
f 1360/326/183 1443/1620/184 1444/2378/182
f 1361/328/185 1443/1620/184 1360/326/183
f 1361/328/185 1442/329/186 1443/1620/184
f 1362/330/187 1442/329/186 1361/328/185
f 1362/330/187 1440/1623/188 1442/329/186
f 1738/2379/992 1787/380/957 1741/320/917
f 1738/2379/992 1786/2380/954 1787/380/957
f 1738/2379/992 1783/2381/952 1786/2380/954
f 1749/2382/919 1783/2381/952 1738/2379/992
f 1758/2383/921 1783/2381/952 1749/2382/919
f 1758/2383/921 1781/2384/947 1783/2381/952
f 1756/2385/928 1781/2384/947 1758/2383/921
f 1756/2385/928 1779/1924/938 1781/2384/947
f 1765/2386/998 1779/1924/938 1756/2385/928
f 1765/2386/998 1768/2387/939 1779/1924/938
f 1765/2386/998 1771/1713/941 1768/2387/939
f 1761/1785/1001 1771/1713/941 1765/2386/998
f 1760/117/1000 1771/1713/941 1761/1785/1001
f 1760/117/1000 1775/120/1009 1771/1713/941
f 1762/2388/999 1775/120/1009 1760/117/1000
f 1762/2388/999 1774/1185/1008 1775/120/1009
f 1762/2388/999 1773/2389/1007 1774/1185/1008
f 1763/2390/1002 1773/2389/1007 1762/2388/999
f 1764/2391/1003 1773/2389/1007 1763/2390/1002
f 1764/2391/1003 1772/2392/1006 1773/2389/1007
f 1764/2391/1003 1770/1918/1005 1772/2392/1006
f 1766/350/1004 1770/1918/1005 1764/2391/1003
f 1766/350/1004 1769/2393/991 1770/1918/1005
f 1757/2394/997 1769/2393/991 1766/350/1004
f 1757/2394/997 1767/2395/937 1769/2393/991
f 1759/2396/930 1767/2395/937 1757/2394/997
f 1759/2396/930 1778/2397/949 1767/2395/937
f 1753/2398/925 1778/2397/949 1759/2396/930
f 1754/2399/924 1778/2397/949 1753/2398/925
f 1754/2399/924 1777/2400/1010 1778/2397/949
f 1755/2401/926 1777/2400/1010 1754/2399/924
f 1755/2401/926 1776/2402/946 1777/2400/1010
f 1750/2403/920 1776/2402/946 1755/2401/926
f 1750/2403/920 1782/2404/950 1776/2402/946
f 1751/2405/922 1782/2404/950 1750/2403/920
f 1751/2405/922 1780/2406/951 1782/2404/950
f 1752/2407/923 1780/2406/951 1751/2405/922
f 1752/2407/923 1785/2408/955 1780/2406/951
f 1737/2409/918 1785/2408/955 1752/2407/923
f 1737/2409/918 1784/2410/953 1785/2408/955
f 1739/2411/916 1784/2410/953 1737/2409/918
f 1739/2411/916 1789/1832/958 1784/2410/953
f 1740/2412/915 1789/1832/958 1739/2411/916
f 1740/2412/915 1788/2413/956 1789/1832/958
f 1740/2412/915 1787/2414/957 1788/2413/956
f 1741/2415/917 1787/2414/957 1740/2412/915
f 1701/2416/961 1726/380/984 1699/320/962
f 1701/2416/961 1724/2417/981 1726/380/984
f 1703/2418/965 1724/2417/981 1701/2416/961
f 1703/2418/965 1722/2419/980 1724/2417/981
f 1709/2420/921 1722/2419/980 1703/2418/965
f 1709/2420/921 1729/2421/987 1722/2419/980
f 1707/2422/970 1729/2421/987 1709/2420/921
f 1707/2422/970 1735/2423/938 1729/2421/987
f 1719/2424/969 1735/2423/938 1707/2422/970
f 1719/2424/969 1733/2425/939 1735/2423/938
f 1715/2426/975 1733/2425/939 1719/2424/969
f 1715/2426/975 1747/1713/993 1733/2425/939
f 1714/117/974 1747/1713/993 1715/2426/975
f 1714/117/974 1742/120/994 1747/1713/993
f 1716/2427/973 1742/120/994 1714/117/974
f 1716/2427/973 1743/1185/944 1742/120/994
f 1716/2427/973 1744/2428/943 1743/1185/944
f 1717/2429/976 1744/2428/943 1716/2427/973
f 1717/2429/976 1745/2430/995 1744/2428/943
f 1718/125/977 1745/2430/995 1717/2429/976
f 1718/125/977 1746/2431/996 1745/2430/995
f 1720/2432/978 1746/2431/996 1718/125/977
f 1720/2432/978 1748/2433/991 1746/2431/996
f 1708/2434/968 1748/2433/991 1720/2432/978
f 1708/2434/968 1734/2435/937 1748/2433/991
f 1710/2436/930 1734/2435/937 1708/2434/968
f 1710/2436/930 1736/2437/985 1734/2435/937
f 1711/2438/925 1736/2437/985 1710/2436/930
f 1712/2439/971 1736/2437/985 1711/2438/925
f 1712/2439/971 1727/2440/986 1736/2437/985
f 1713/2441/972 1727/2440/986 1712/2439/971
f 1713/2441/972 1728/2442/988 1727/2440/986
f 1704/2443/966 1728/2442/988 1713/2441/972
f 1704/2443/966 1730/2444/989 1728/2442/988
f 1705/2445/967 1730/2444/989 1704/2443/966
f 1705/2445/967 1731/2446/990 1730/2444/989
f 1706/2407/923 1731/2446/990 1705/2445/967
f 1706/2407/923 1732/2447/955 1731/2446/990
f 1700/2448/964 1732/2447/955 1706/2407/923
f 1700/2448/964 1721/2449/979 1732/2447/955
f 1702/2450/963 1721/2449/979 1700/2448/964
f 1697/1759/960 1721/2449/979 1702/2450/963
f 1697/1759/960 1723/2451/982 1721/2449/979
f 1697/1759/960 1725/2452/983 1723/2451/982
f 1698/2453/959 1725/2452/983 1697/1759/960
f 1698/2453/959 1726/2414/984 1725/2452/983
f 1699/2454/962 1726/2414/984 1698/2453/959
f 1656/2455/914 1694/380/957 1654/320/917
f 1656/2455/914 1693/2456/954 1694/380/957
f 1656/2455/914 1690/2457/952 1693/2456/954
f 1657/2458/919 1690/2457/952 1656/2455/914
f 1666/2459/921 1690/2457/952 1657/2458/919
f 1666/2459/921 1688/2460/947 1690/2457/952
f 1664/2461/928 1688/2460/947 1666/2459/921
f 1664/2461/928 1686/2462/938 1688/2460/947
f 1672/2463/927 1686/2462/938 1664/2461/928
f 1672/2463/927 1675/2464/939 1686/2462/938
f 1672/2463/927 1678/2465/941 1675/2464/939
f 1669/2466/933 1678/2465/941 1672/2463/927
f 1668/117/932 1678/2465/941 1669/2466/933
f 1668/117/932 1682/120/945 1678/2465/941
f 1670/2467/931 1682/120/945 1668/117/932
f 1670/2467/931 1681/1185/944 1682/120/945
f 1670/2467/931 1680/2468/943 1681/1185/944
f 1671/1707/934 1680/2468/943 1670/2467/931
f 1671/1707/934 1679/2469/942 1680/2468/943
f 1673/2470/935 1679/2469/942 1671/1707/934
f 1673/2470/935 1677/2471/940 1679/2469/942
f 1673/2470/935 1676/1701/936 1677/2471/940
f 1665/1776/929 1676/1701/936 1673/2470/935
f 1665/1776/929 1674/1920/937 1676/1701/936
f 1667/2472/930 1674/1920/937 1665/1776/929
f 1667/2472/930 1685/2065/949 1674/1920/937
f 1661/2473/925 1685/2065/949 1667/2472/930
f 1662/2474/924 1685/2065/949 1661/2473/925
f 1662/2474/924 1684/1772/948 1685/2065/949
f 1663/2475/926 1684/1772/948 1662/2474/924
f 1663/2475/926 1683/2476/946 1684/1772/948
f 1658/2477/920 1683/2476/946 1663/2475/926
f 1658/2477/920 1689/2478/950 1683/2476/946
f 1659/2479/922 1689/2478/950 1658/2477/920
f 1659/2479/922 1687/2480/951 1689/2478/950
f 1660/2481/923 1687/2480/951 1659/2479/922
f 1660/2481/923 1692/2447/955 1687/2480/951
f 1655/2482/918 1692/2447/955 1660/2481/923
f 1655/2482/918 1691/2483/953 1692/2447/955
f 1652/2484/916 1691/2483/953 1655/2482/918
f 1652/2484/916 1696/2485/958 1691/2483/953
f 1653/2486/915 1696/2485/958 1652/2484/916
f 1653/2486/915 1695/2487/956 1696/2485/958
f 1653/2486/915 1694/2414/957 1695/2487/956
f 1654/2060/917 1694/2414/957 1653/2486/915
f 1791/2488/1011 1792/2489/1012 1807/2490/1013
f 1792/2489/1012 1793/2491/1014 1807/2490/1013
f 1793/2491/1014 1794/2492/1015 1807/2490/1013
f 1794/2492/1015 1790/2493/1016 1807/2490/1013
f 1794/2492/1015 1795/2494/1017 1790/2493/1016
f 1795/2494/1017 1796/2495/1018 1790/2493/1016
f 1849/2496/1011 1797/2497/1019 1800/2498/1012
f 1849/2496/1011 1798/2499/1020 1797/2497/1019
f 1799/2500/1021 1837/2501/1022 1831/2502/1023
f 1799/2500/1021 1802/2503/1024 1837/2501/1022
f 1800/2504/1012 1801/2505/1025 1803/2506/1026
f 1800/2504/1012 1797/2507/1019 1801/2505/1025
f 1799/2500/1021 1804/2508/1027 1802/2503/1024
f 1790/2493/1016 1806/2509/1028 1807/2490/1013
f 1805/2510/1029 1807/2490/1013 1806/2509/1028
f 1806/2509/1028 1808/2511/1030 1809/2512/1031
f 1809/2512/1031 1805/2510/1029 1806/2509/1028
f 1809/2512/1031 1810/2513/1032 1805/2510/1029
f 1812/2514/1033 1811/2515/1034 1835/2516/1035
f 1813/2517/1036 1835/2516/1035 1811/2515/1034
f 1816/2518/1037 1813/2517/1036 1811/2515/1034
f 1811/2515/1034 1815/2519/1038 1814/2520/1039
f 1814/2520/1039 1816/2518/1037 1811/2515/1034
f 1815/2519/1038 1817/2521/1040 1814/2520/1039
f 1818/2522/1041 1819/2523/1042 1817/2521/1040
f 1819/2523/1042 1820/2524/1043 1817/2521/1040
f 1820/2524/1043 1814/2520/1039 1817/2521/1040
f 1820/2524/1043 1821/2525/1044 1814/2520/1039
f 1821/2525/1044 1822/2526/1045 1814/2520/1039
f 1825/2527/1046 1823/2528/1047 1824/2529/1048
f 1823/2528/1047 1825/2527/1046 1826/2530/1049
f 1824/2529/1048 1827/2531/1050 1825/2527/1046
f 1828/2532/1051 1829/2533/1052 1799/2534/1021
f 1823/2528/1047 1830/2535/1053 1828/2532/1051
f 1823/2528/1047 1828/2532/1051 1824/2529/1048
f 1828/2532/1051 1799/2534/1021 1824/2529/1048
f 1799/2534/1021 1831/2536/1023 1824/2529/1048
f 1834/2537/1054 1824/2529/1048 1832/2538/1055
f 1831/2536/1023 1832/2538/1055 1824/2529/1048
f 1832/2538/1055 1833/2539/1056 1834/2537/1054
f 1843/2540/1057 1836/2541/1058 1837/2542/1022
f 1802/2543/1024 1804/2544/1027 1837/2542/1022
f 1837/2542/1022 1804/2544/1027 1843/2540/1057
f 1804/2544/1027 1839/2545/1059 1843/2540/1057
f 1839/2545/1059 1845/2546/1060 1843/2540/1057
f 1838/2547/1061 1845/2546/1060 1839/2545/1059
f 1804/2544/1027 1840/2548/1062 1839/2545/1059
f 1840/2548/1062 1841/2549/1063 1839/2545/1059
f 1842/2550/1064 1839/2545/1059 1841/2549/1063
f 1843/2540/1057 1845/2546/1060 1844/2551/1065
f 1851/2552/1066 1847/2553/1028 1848/2554/1013
f 1846/2555/1029 1848/2554/1013 1847/2553/1028
f 1849/2556/1011 1800/2557/1012 1848/2554/1013
f 1800/2557/1012 1803/2558/1026 1848/2554/1013
f 1803/2558/1026 1850/2559/1067 1848/2554/1013
f 1850/2559/1067 1851/2552/1066 1848/2554/1013
f 1850/2559/1067 1852/2560/1068 1851/2552/1066
f 1847/2553/1028 1854/2561/1030 1853/2562/1031
f 1853/2562/1031 1846/2555/1029 1847/2553/1028
f 1853/2562/1031 1855/2563/1032 1846/2555/1029
f 1857/2564/1037 1856/2565/1036 1858/2566/1034
f 1860/2567/1033 1858/2566/1034 1859/2568/1035
f 1856/2565/1036 1859/2568/1035 1858/2566/1034
f 1865/2569/1038 1861/2570/1069 1863/2571/1039
f 1801/2572/1025 1863/2571/1039 1861/2570/1069
f 1864/2573/1070 1801/2572/1025 1861/2570/1069
f 1862/2574/1071 1864/2573/1070 1861/2570/1069
f 1797/2575/1019 1798/2576/1020 1863/2571/1039
f 1801/2572/1025 1797/2575/1019 1863/2571/1039
f 1863/2571/1039 1857/2564/1037 1858/2566/1034
f 1858/2566/1034 1865/2569/1038 1863/2571/1039
f 1848/2577/1013 1798/2499/1020 1849/2496/1011
f 1848/2577/1013 1863/2578/1039 1798/2499/1020
f 1831/2502/1023 1836/2579/1058 1832/2580/1055
f 1831/2502/1023 1837/2501/1022 1836/2579/1058
f 1846/2581/1029 1863/2578/1039 1848/2577/1013
f 1846/2581/1029 1857/2582/1037 1863/2578/1039
f 1805/2583/1029 1814/2584/1039 1807/2585/1013
f 1805/2583/1029 1816/2586/1037 1814/2584/1039
f 1832/2580/1055 1836/2579/1058 1833/2587/1056
f 1833/2587/1056 1836/2579/1058 1843/2588/1057
f 1833/2587/1056 1843/2588/1057 1834/2589/1054
f 1846/2581/1029 1856/2590/1036 1857/2582/1037
f 1855/2591/1032 1856/2590/1036 1846/2581/1029
f 1834/2589/1054 1843/2588/1057 1844/2592/1065
f 1834/2589/1054 1844/2592/1065 1824/2593/1048
f 1855/2594/1032 1859/2595/1035 1856/2596/1036
f 1824/2597/1048 1844/2598/1065 1845/2599/1060
f 1853/2600/1031 1859/2595/1035 1855/2594/1032
f 1824/2597/1048 1845/2599/1060 1827/2601/1050
f 1827/2601/1050 1845/2599/1060 1838/2602/1061
f 1854/2603/1030 1859/2595/1035 1853/2600/1031
f 1854/2603/1030 1860/2604/1033 1859/2595/1035
f 1827/2601/1050 1838/2602/1061 1825/2605/1046
f 1825/2605/1046 1838/2602/1061 1839/2606/1059
f 1825/2605/1046 1839/2606/1059 1826/2607/1049
f 1847/2608/1028 1860/2609/1033 1854/2610/1030
f 1847/2608/1028 1858/2611/1034 1860/2609/1033
f 1826/2612/1049 1839/2613/1059 1842/2614/1064
f 1826/2612/1049 1842/2614/1064 1823/2615/1047
f 1823/2615/1047 1842/2614/1064 1841/2616/1063
f 1851/2617/1066 1858/2611/1034 1847/2608/1028
f 1851/2617/1066 1865/2618/1038 1858/2611/1034
f 1807/2585/1013 1822/2619/1045 1791/2620/1011
f 1807/2585/1013 1814/2584/1039 1822/2619/1045
f 1791/2620/1011 1821/2498/1044 1792/2621/1012
f 1791/2620/1011 1822/2619/1045 1821/2498/1044
f 1792/2622/1012 1820/2623/1043 1793/2624/1014
f 1792/2622/1012 1821/2625/1044 1820/2623/1043
f 1793/2624/1014 1820/2623/1043 1794/2626/1015
f 1794/2626/1015 1820/2623/1043 1819/2627/1042
f 1794/2626/1015 1819/2627/1042 1795/2628/1017
f 1795/2628/1017 1819/2627/1042 1818/2629/1041
f 1795/2630/1017 1818/2631/1041 1796/2632/1018
f 1796/2632/1018 1817/2633/1040 1790/2634/1016
f 1796/2632/1018 1818/2631/1041 1817/2633/1040
f 1790/2634/1016 1817/2633/1040 1815/2635/1038
f 1790/2634/1016 1811/2636/1034 1806/2637/1028
f 1790/2634/1016 1815/2635/1038 1811/2636/1034
f 1823/2615/1047 1841/2616/1063 1830/2638/1053
f 1851/2617/1066 1861/2639/1069 1865/2618/1038
f 1830/2638/1053 1841/2616/1063 1828/2640/1051
f 1852/2641/1068 1861/2639/1069 1851/2617/1066
f 1852/2641/1068 1862/2642/1071 1861/2639/1069
f 1828/2640/1051 1841/2616/1063 1840/2643/1062
f 1850/2644/1067 1862/2645/1071 1852/2646/1068
f 1828/2647/1051 1840/2648/1062 1829/2649/1052
f 1850/2644/1067 1864/2650/1070 1862/2645/1071
f 1829/2649/1052 1840/2648/1062 1804/2508/1027
f 1850/2644/1067 1801/2505/1025 1864/2650/1070
f 1803/2506/1026 1801/2505/1025 1850/2644/1067
f 1829/2649/1052 1804/2508/1027 1799/2500/1021
f 1805/2583/1029 1813/2651/1036 1816/2586/1037
f 1810/2652/1032 1813/2651/1036 1805/2583/1029
f 1810/2653/1032 1835/2654/1035 1813/2655/1036
f 1809/2656/1031 1835/2654/1035 1810/2653/1032
f 1808/2657/1030 1835/2654/1035 1809/2656/1031
f 1808/2657/1030 1812/2658/1033 1835/2654/1035
f 1806/2637/1028 1812/2659/1033 1808/2660/1030
f 1806/2637/1028 1811/2636/1034 1812/2659/1033
