# Blender 3.6.5
# www.blender.org
mtllib spaceship tardis.mtl
o box
v -35.357101 62.025852 -16.330826
v -35.918114 62.025852 16.589981
v -35.357094 62.025852 16.330849
v -35.918121 62.025852 -16.589958
v 34.863083 98.589485 28.197670
v 34.407604 99.033318 28.205376
v 34.386356 98.589485 28.339542
v 35.213238 98.589485 27.853033
v 34.948231 99.099274 27.933903
v 34.431587 99.359589 27.879101
v 34.452824 99.493752 27.435270
v 34.896660 99.359581 27.419069
v 35.222927 99.033318 27.400780
v 35.357105 98.589485 27.384581
v -35.357094 40.043022 16.330849
v -35.918121 40.043022 -16.589958
v -35.357101 40.043022 -16.330826
v -35.918114 40.043022 16.589981
v 36.837193 2.575133 -29.562393
v 36.837215 0.000000 29.562370
v 36.837193 0.000000 -29.562393
v 36.837215 2.575133 29.562370
v -36.837193 2.575133 29.562393
v -36.837215 0.000000 -29.562370
v -36.837193 0.000000 29.562393
v -36.837215 2.575133 -29.562370
v 33.909306 2.575133 28.339542
v 23.522829 95.284370 28.339546
v 23.522829 2.575132 28.339546
v 33.920284 98.160896 28.339542
v -33.920269 98.160896 28.339565
v -23.522806 95.284370 28.339561
v -33.909290 2.575133 28.339565
v -23.522810 2.575132 28.339561
v 35.211506 98.589485 -27.852848
v 34.856876 98.589485 -28.197559
v 34.945560 99.099274 -27.933842
v 34.399025 99.033310 -28.205400
v 34.373760 98.589485 -28.339565
v 34.427547 99.359589 -27.879120
v 34.452808 99.493752 -27.435293
v 34.896645 99.359581 -27.419092
v 35.222912 99.033318 -27.400803
v 35.357090 98.589485 -27.384604
v -34.856892 98.589485 -28.197535
v -34.399040 99.033310 -28.205378
v -34.373775 98.589485 -28.339542
v -35.211521 98.589485 -27.852825
v -34.945568 99.099274 -27.933817
v -34.427563 99.359589 -27.879097
v -34.452824 99.493752 -27.435270
v -34.896660 99.359589 -27.419069
v -35.222927 99.033318 -27.400780
v -35.357105 98.589485 -27.384581
v -23.522806 95.284370 28.980408
v 23.522829 95.284370 28.980392
v 35.357090 2.575132 -26.988626
v 35.357105 98.193512 26.988604
v 35.357105 2.575132 26.988604
v 35.357090 98.193512 -26.988626
v -35.213219 98.589485 27.853056
v -34.863068 98.589485 28.197693
v -34.948208 99.099274 27.933926
v -35.222912 99.033318 27.400803
v -35.357090 98.589485 27.384604
v -34.896645 99.359581 27.419092
v -34.452808 99.493752 27.435293
v -34.431564 99.359589 27.879124
v -34.407585 99.033318 28.205399
v -34.386341 98.589485 28.339565
v 35.918121 50.485767 9.663522
v 35.918121 50.485767 16.589958
v 35.918121 47.276546 9.072246
v 35.918114 50.485767 -16.589981
v 35.918114 50.485767 -9.663545
v 35.918114 47.276546 -9.072268
v 35.918114 40.043022 -16.589981
v 35.918114 45.578812 -8.164826
v 35.918114 44.090775 -6.943616
v 35.918118 42.869553 -5.455567
v 35.918118 41.962109 -3.757864
v 35.918118 41.403347 -1.915748
v 35.918118 41.214649 -0.000012
v 35.918121 40.043022 16.589958
v 35.918118 41.403347 1.915724
v 35.918118 41.962109 3.757840
v 35.918118 42.869553 5.455543
v 35.918121 44.090775 6.943593
v 35.918121 45.578812 8.164804
v 35.918125 43.648026 27.399019
v 35.918125 50.485767 27.402639
v 35.786171 50.485767 -28.313570
v 35.422470 44.069008 -28.661274
v 35.425701 50.485767 -28.661787
v 35.785305 43.952408 -28.311686
v 35.918110 50.485767 -27.837898
v 35.918110 43.793137 -27.834133
v 35.918110 50.485767 -27.281115
v 35.918110 43.607506 -27.277538
v 35.918125 43.793137 27.834110
v 35.918125 50.485767 27.837875
v 35.785637 43.933128 28.311665
v 35.786537 50.463684 28.313547
v 35.423668 43.997040 28.661261
v 35.427029 50.403336 28.661764
v 34.935928 50.320911 28.789223
v 34.929207 43.967754 28.789223
v 34.446278 50.238708 28.789223
v 34.439846 43.896530 28.789223
v 33.897354 50.146557 28.789223
v 33.891243 43.816689 28.789223
v 23.522825 48.404915 28.789227
v 23.522825 42.307667 28.789227
v 34.056847 99.493752 27.039293
v -34.056847 99.493752 -27.039293
v -34.056831 99.493752 27.039316
v 34.056831 99.493752 -27.039316
v 33.977783 2.971110 -28.339565
v -33.977798 98.193512 -28.339542
v 33.977783 98.193512 -28.339565
v -33.977798 2.971110 -28.339542
v 34.374886 2.575133 28.339542
v 34.865990 2.575133 28.211599
v 35.225506 2.575133 27.862061
v 35.357105 2.575132 27.384581
v -35.918121 51.583115 -16.589958
v -35.918121 51.583115 -9.663511
v -35.918121 54.792259 -9.072246
v -35.918125 51.583115 -27.837875
v -35.785320 58.116478 -28.311663
v -35.786186 51.583115 -28.313547
v -35.918125 58.275749 -27.834110
v -35.918125 51.583115 -27.281092
v -35.918125 58.461380 -27.277515
v -35.918121 56.489937 -8.164804
v -35.918121 57.977974 -6.943593
v -35.918118 59.199196 -5.455544
v -35.918118 60.106640 -3.757841
v -35.918118 60.665459 -1.915725
v -35.918118 60.854149 0.000012
v -35.918118 60.665459 1.915748
v -35.918118 60.106640 3.757863
v -35.918118 59.199196 5.455567
v -35.918114 57.977974 6.943616
v -35.918114 56.489937 8.164826
v -35.918114 54.792259 9.072268
v -35.918114 51.583115 16.589981
v -35.918114 51.583115 9.663534
v -35.918110 58.420860 27.399042
v -35.918110 51.583115 27.402662
v -35.918110 58.275749 27.834133
v -35.918110 51.583115 27.837898
v -35.785831 58.090801 28.311695
v -35.786583 51.560520 28.313570
v -35.424419 57.904068 28.661297
v -35.427254 51.498814 28.661787
v -34.930687 57.765587 28.789246
v -34.936398 51.414509 28.789246
v -34.441261 57.670612 28.789246
v -34.446728 51.330425 28.789246
v -33.972939 57.579735 28.789246
v -33.978168 51.249966 28.789246
v -23.522806 55.551846 28.789242
v -23.522806 49.454601 28.789242
v -35.357090 98.193512 26.988626
v -35.357105 2.575133 -26.988604
v -35.357090 2.575133 26.988626
v -35.357105 98.193512 -26.988604
v -23.522810 2.575132 28.980408
v 23.522829 2.575132 28.980392
v 35.357094 40.043022 -16.330849
v 35.357101 40.043022 16.330826
v 35.357101 62.025852 16.330826
v 35.918114 62.025852 -16.589981
v 35.357094 62.025852 -16.330849
v 35.918121 62.025852 16.589958
v 22.183054 2.575132 28.980392
v 22.183054 91.601021 28.339546
v 22.183054 2.575132 28.339546
v 22.183054 91.601021 28.980392
v 22.108667 92.070694 28.980392
v 22.108667 92.070694 28.339546
v 21.892786 92.494392 28.980392
v 21.892786 92.494392 28.339546
v 21.556541 92.830627 28.980392
v 21.556541 92.830627 28.339546
v 21.132849 93.046509 28.980392
v 21.132849 93.046509 28.339546
v 20.663181 93.120888 28.980392
v 20.663181 93.120888 28.339546
v -20.663160 93.120888 28.339561
v -20.663160 93.120888 28.980408
v -21.132828 93.046509 28.980408
v -21.132828 93.046509 28.339561
v -21.556520 92.830627 28.980408
v -21.556520 92.830627 28.339561
v -21.892763 92.494392 28.980408
v -21.892763 92.494392 28.339561
v -22.108646 92.070694 28.980408
v -22.108646 92.070694 28.339561
v -22.183033 91.601021 28.980408
v -22.183033 91.601021 28.339561
v -22.183035 2.575132 28.339561
v -22.183035 2.575132 28.980408
v -35.918121 50.485767 -16.589958
v -35.918125 43.607506 -27.277515
v -35.918125 50.485767 -27.281092
v -35.918125 43.793137 -27.834110
v -35.918125 50.485767 -27.837875
v -35.785320 43.952408 -28.311659
v -35.786186 50.485767 -28.313547
v -35.422485 44.069008 -28.661251
v -35.425716 50.485767 -28.661764
v -34.926861 44.111683 -28.789223
v -34.933308 50.485767 -28.789223
v -34.110840 44.111683 -28.789223
v -34.117130 50.485767 -28.789223
v 34.019775 44.111683 -28.789246
v 34.026051 50.485767 -28.789246
v 34.926846 44.111683 -28.789246
v 34.933292 50.485767 -28.789246
v 35.918114 54.792259 -9.072268
v 35.918114 51.583115 -9.663534
v 35.918114 51.583115 -16.589981
v 35.918121 51.583115 16.589958
v 35.918121 51.583115 9.663511
v 35.918121 54.792259 9.072246
v 35.918121 56.489937 8.164804
v 35.918121 57.977974 6.943593
v 35.918118 59.199196 5.455543
v 35.918118 60.106640 3.757840
v 35.918118 60.665459 1.915724
v 35.918118 60.854149 -0.000012
v 35.918118 60.665459 -1.915748
v 35.918118 60.106640 -3.757864
v 35.918118 59.199196 -5.455567
v 35.918114 57.977974 -6.943616
v 35.918114 56.489937 -8.164826
v 35.918110 58.461380 -27.277538
v 35.918110 51.583115 -27.281115
v 35.918110 58.275749 -27.834133
v 35.918110 51.583115 -27.837898
v 35.785305 58.116478 -28.311682
v 35.786171 51.583115 -28.313570
v 35.422470 57.999878 -28.661274
v 35.425701 51.583115 -28.661787
v 34.926846 57.957199 -28.789246
v 34.933292 51.583115 -28.789246
v 34.026051 51.583115 -28.789246
v 34.019775 57.957199 -28.789246
v -34.117130 51.583115 -28.789223
v -34.110840 57.957199 -28.789223
v -34.933308 51.583115 -28.789223
v -34.926861 57.957199 -28.789223
v -35.425716 51.583115 -28.661764
v -35.422485 57.999878 -28.661251
v 35.357105 43.642754 26.955488
v 35.357105 43.787651 27.383156
v 35.223907 43.929367 27.861355
v 34.860008 43.992493 28.211414
v 34.362911 43.960129 28.339542
v 33.897846 43.889233 28.339542
v 33.376480 43.809753 28.339542
v 23.522829 42.307667 28.339546
v 34.373760 2.575133 -28.339565
v 34.865421 2.575133 -28.211622
v 35.225342 2.575133 -27.862083
v 35.357090 2.575132 -27.384604
v -35.357105 2.575132 -27.384581
v -35.225357 2.575133 -27.862061
v -34.865437 2.575133 -28.211599
v -34.373775 2.575133 -28.339542
v -35.918125 30.266167 -27.002695
v -35.918125 30.266167 -27.833055
v -35.918125 23.892080 -27.837038
v -35.918125 23.892080 -27.006559
v -35.918110 30.266167 27.066769
v -35.918110 23.892080 27.070644
v -35.918110 30.266167 27.833078
v -35.918110 23.892080 27.837061
v -35.785873 30.253334 28.311146
v -35.786850 23.882282 28.313154
v -35.424648 30.218287 28.661137
v -35.428226 23.855503 28.661680
v -34.931198 30.170410 28.789246
v -34.938335 23.818924 28.789246
v -34.441750 30.122919 28.789246
v -34.448582 23.782341 28.789246
v -33.973408 30.077478 28.789246
v -33.979946 23.747335 28.789246
v -23.522806 29.063488 28.789242
v -23.522806 22.966242 28.789242
v 35.918110 23.892080 -27.837061
v 35.785660 30.266167 -28.311161
v 35.918110 30.266167 -27.833078
v 35.786659 23.892080 -28.313154
v 35.427528 23.892080 -28.661680
v 35.423798 30.266167 -28.661144
v 34.936947 23.892080 -28.789246
v 34.929489 30.266167 -28.789246
v 34.022346 30.266167 -28.789246
v 34.029610 23.892080 -28.789246
v -34.113419 30.266167 -28.789223
v -34.120701 23.892080 -28.789223
v -34.929504 30.266167 -28.789223
v -34.936962 23.892080 -28.789223
v -35.423813 30.266167 -28.661121
v -35.427544 23.892080 -28.661657
v -35.785675 30.266167 -28.311138
v -35.786674 23.892080 -28.313131
v -35.918110 43.648026 27.399042
v -35.918114 50.485767 16.589981
v -35.918110 50.485767 27.402662
v -35.918110 43.793137 27.834133
v -35.918110 50.485767 27.837898
v -35.785622 43.933128 28.311687
v -35.786522 50.463684 28.313570
v -35.423653 43.997040 28.661283
v -35.427013 50.403336 28.661787
v -34.935913 50.320911 28.789246
v -34.929192 43.967754 28.789246
v -34.446262 50.238708 28.789246
v -34.439831 43.896530 28.789246
v -33.977726 50.160053 28.789246
v -33.971569 43.828381 28.789246
v -23.522806 48.404915 28.789242
v -23.522806 42.307667 28.789242
v -35.918121 47.276546 -9.072246
v -35.918121 50.485767 -9.663522
v -35.918121 45.578812 -8.164804
v -35.918121 44.090775 -6.943593
v -35.918118 42.869553 -5.455544
v -35.918118 41.962109 -3.757841
v -35.918118 41.403347 -1.915725
v -35.918118 41.214649 0.000012
v -35.918118 41.403347 1.915748
v -35.918118 41.962109 3.757863
v -35.918118 42.869553 5.455567
v -35.918114 44.090775 6.943616
v -35.918114 45.578812 8.164826
v -35.918114 47.276546 9.072268
v -35.918114 50.485767 9.663545
v -34.374870 2.575133 28.339565
v -34.865974 2.575133 28.211622
v -35.225491 2.575133 27.862083
v -35.357090 2.575132 27.384604
v 33.897793 51.236156 28.789223
v 23.522825 55.551846 28.789227
v 23.522825 49.454601 28.789227
v 33.892601 57.564137 28.789223
v 34.446743 51.330425 28.789223
v 34.441277 57.670612 28.789223
v 34.936413 51.414509 28.789223
v 34.930702 57.765587 28.789223
v 35.427269 51.498814 28.661764
v 35.424435 57.904068 28.661274
v 35.786598 51.560520 28.313547
v 35.785847 58.090801 28.311672
v 35.918125 51.583115 27.837875
v 35.918125 58.275749 27.834110
v 35.918125 51.583115 27.402639
v 35.918125 58.420860 27.399019
v 35.357105 58.426132 26.955488
v 35.357105 58.281235 27.383156
v 35.224648 58.092300 27.861343
v 34.862831 57.900150 28.211418
v 34.368546 57.756275 28.339542
v 33.903236 57.661701 28.339542
v 33.381599 57.555676 28.339542
v 23.522829 55.551846 28.339546
v 35.223312 43.949665 -27.861366
v 34.857845 44.068264 -28.211424
v 35.357090 43.787651 -27.383179
v 35.357090 43.602287 -26.836079
v -35.357105 43.602287 -26.836056
v -35.357105 43.787651 -27.383156
v -35.223328 43.949665 -27.861343
v -34.857861 44.068264 -28.211401
v -34.358643 44.111683 -28.339542
v -33.555897 44.111683 -28.339542
v 33.466312 44.111683 -28.339565
v 34.358627 44.111683 -28.339565
v -35.357090 43.642754 26.955511
v -35.357090 43.787651 27.383179
v -35.223892 43.929367 27.861378
v -34.859993 43.992493 28.211437
v -34.362896 43.960129 28.339565
v -33.897831 43.889233 28.339565
v -33.452816 43.821396 28.339565
v -23.522810 42.307667 28.339561
v -35.918125 85.648239 -27.003139
v -35.918125 85.648239 -27.833515
v -35.918125 79.274155 -27.837187
v -35.918125 79.274155 -27.006701
v -35.918110 85.648239 27.067219
v -35.918110 79.274155 27.070787
v -35.918110 85.648239 27.833538
v -35.918110 79.274155 27.837210
v -35.786850 85.610023 28.311409
v -35.787388 79.238998 28.313227
v -35.428165 85.505623 28.661211
v -35.430237 79.142967 28.661697
v -34.938202 85.362999 28.789246
v -34.942360 79.011787 28.789246
v -34.448452 85.220444 28.789246
v -34.452435 78.880127 28.789246
v -33.979820 85.084038 28.789246
v -33.983635 78.754143 28.789246
v -23.522804 82.040199 28.789242
v -23.522804 75.942955 28.789242
v 35.918110 79.274155 -27.837210
v 35.786201 85.648239 -28.311392
v 35.918110 85.648239 -27.833538
v 35.786835 79.274155 -28.313227
v 35.428181 79.274155 -28.661697
v 35.425812 85.648239 -28.661203
v 34.938251 79.274155 -28.789246
v 34.933510 85.648239 -28.789246
v 34.026264 85.648239 -28.789246
v 34.030884 79.274155 -28.789246
v -34.117344 85.648239 -28.789223
v -34.121975 79.274155 -28.789223
v -34.933525 85.648239 -28.789223
v -34.938267 79.274155 -28.789223
v -35.425827 85.648239 -28.661180
v -35.428196 79.274155 -28.661674
v -35.786217 85.648239 -28.311369
v -35.786850 79.274155 -28.313204
v 33.899555 23.741327 28.789223
v 23.522825 29.063488 28.789227
v 23.522825 22.966242 28.789227
v 33.893066 30.069679 28.789223
v 34.448597 23.782339 28.789223
v 34.441765 30.122919 28.789223
v 34.938351 23.818920 28.789223
v 34.931213 30.170410 28.789223
v 35.428242 23.855499 28.661657
v 35.424664 30.218287 28.661114
v 35.786865 23.882278 28.313131
v 35.785889 30.253334 28.311123
v 35.918125 23.892080 27.837038
v 35.918125 30.266167 27.833055
v 35.918125 30.266167 27.066746
v 35.918125 23.892080 27.070621
v 35.918110 30.266167 -27.002718
v 35.918110 23.892080 -27.006582
v 35.564590 79.274155 -26.740915
v 35.564590 79.274155 -27.563225
v 35.918110 79.274155 -27.006723
v 35.564606 79.274155 26.804325
v 35.918125 79.274155 27.070765
v 35.564606 79.274155 27.563202
v 35.918125 79.274155 27.837187
v 35.435173 79.238998 28.034536
v 35.787403 79.238998 28.313204
v 35.081539 79.142967 28.379578
v 35.430252 79.142967 28.661674
v 34.598461 79.011787 28.505867
v 34.942375 79.011787 28.789223
v 34.113358 78.880127 28.505867
v 34.452450 78.880127 28.789223
v 33.569527 78.732529 28.505867
v 33.903214 78.732529 28.789223
v 23.522829 75.942955 28.505871
v 23.522825 75.942955 28.789227
v -35.434628 79.274155 -28.034536
v -35.564606 79.274155 -27.563202
v -35.079502 79.274155 -28.379578
v -34.594395 79.274155 -28.505867
v -33.786137 79.274155 -28.505867
v 33.695942 79.274155 -28.505890
v 34.594379 79.274155 -28.505890
v 35.079487 79.274155 -28.379601
v 35.434612 79.274155 -28.034559
v -33.649155 78.754143 28.505890
v -23.522806 75.942955 28.505886
v -34.113342 78.880127 28.505890
v -34.598446 79.011787 28.505890
v -35.081524 79.142967 28.379601
v -35.435158 79.238998 28.034559
v -35.564590 79.274155 27.563225
v -35.564590 79.274155 26.804348
v -35.564606 79.274155 -26.740892
v 35.224918 85.648239 -27.861071
v 35.357090 85.648239 -27.382574
v 34.863838 85.648239 -28.211357
v 34.370598 85.648239 -28.339565
v 33.477974 85.648239 -28.339565
v -33.567585 85.648239 -28.339542
v -34.370613 85.648239 -28.339542
v -34.863853 85.648239 -28.211334
v -35.224934 85.648239 -27.861048
v -35.357105 85.648239 -27.382551
v -35.357105 85.648239 -26.565632
v -35.357090 85.648239 26.628670
v -35.357090 85.648239 27.382574
v -35.226681 85.608482 27.861078
v -34.870392 85.499855 28.211361
v -34.383682 85.351463 28.339565
v -33.917725 85.209396 28.339565
v -33.471855 85.073463 28.339565
v -23.522806 82.040199 28.339561
v -33.457977 57.571201 28.339565
v -23.522810 55.551846 28.339561
v -33.903221 57.661701 28.339565
v -34.368530 57.756275 28.339565
v -34.862816 57.900150 28.211441
v -35.224632 58.092300 27.861366
v -35.357090 58.281235 27.383179
v -35.357090 58.426132 26.955511
v 33.395374 85.050140 28.339542
v 23.522829 82.040199 28.339546
v 23.522825 82.040199 28.789227
v 33.899433 85.060631 28.789223
v 33.917740 85.209396 28.339542
v 34.448467 85.220444 28.789223
v 34.383698 85.351463 28.339542
v 34.938217 85.362999 28.789223
v 34.870407 85.499855 28.211338
v 35.428181 85.505623 28.661188
v 35.226696 85.608482 27.861055
v 35.786865 85.610023 28.311386
v 35.918125 85.648239 27.833515
v 35.357105 85.648239 27.382551
v 35.918125 85.648239 27.067196
v 35.357105 85.648239 26.628647
v 35.918110 85.648239 -27.003162
v 35.357090 85.648239 -26.565655
v 34.857845 58.000618 -28.211424
v 35.223312 58.119221 -27.861366
v 35.357090 58.281235 -27.383179
v 35.357090 58.466599 -26.836079
v -35.357105 58.466599 -26.836056
v -35.357105 58.281235 -27.383156
v -35.223328 58.119221 -27.861343
v -34.857861 58.000618 -28.211401
v -34.358643 57.957199 -28.339542
v -33.555897 57.957199 -28.339542
v 33.466312 57.957199 -28.339565
v 34.358627 57.957199 -28.339565
v -35.918125 78.176804 -27.837038
v -35.564606 78.176804 -26.740751
v -35.564606 78.176804 -27.563057
v -35.918125 78.176804 -27.006559
v -35.564590 78.176804 26.804205
v -35.918110 78.176804 27.070644
v -35.564590 78.176804 27.563080
v -35.918110 78.176804 27.837061
v -35.434948 78.142143 28.034487
v -35.787178 78.142143 28.313154
v -35.080750 78.047432 28.379581
v -35.429455 78.047432 28.661680
v -34.596901 77.918060 28.505890
v -34.940800 77.918060 28.789246
v -34.111866 77.788284 28.505890
v -34.450943 77.788284 28.789246
v -33.647739 77.664108 28.505890
v -33.982204 77.664108 28.789246
v -23.522810 74.893272 28.505886
v -23.522806 74.893272 28.789242
v 35.918110 78.176804 -27.837061
v 35.434437 78.176804 -28.034487
v 35.564590 78.176804 -27.563080
v 35.786659 78.176804 -28.313154
v 35.078838 78.176804 -28.379581
v 35.427528 78.176804 -28.661680
v 34.593086 78.176804 -28.505890
v 34.936947 78.176804 -28.789246
v 33.694679 78.176804 -28.505890
v 34.029610 78.176804 -28.789246
v -33.784870 78.176804 -28.505867
v -34.120701 78.176804 -28.789223
v -34.593102 78.176804 -28.505867
v -34.936962 78.176804 -28.789223
v -35.078854 78.176804 -28.379559
v -35.427544 78.176804 -28.661657
v -35.434452 78.176804 -28.034464
v -35.786674 78.176804 -28.313131
v 23.522825 74.893272 28.789227
v 33.568127 77.642807 28.505867
v 23.522829 74.893272 28.505871
v 33.901798 77.642807 28.789223
v 34.111881 77.788284 28.505867
v 34.450958 77.788284 28.789223
v 34.596916 77.918060 28.505867
v 34.940815 77.918060 28.789223
v 35.080765 78.047432 28.379559
v 35.429470 78.047432 28.661657
v 35.434963 78.142143 28.034464
v 35.787193 78.142143 28.313131
v 35.564606 78.176804 27.563057
v 35.918125 78.176804 27.837038
v 35.564606 78.176804 26.804182
v 35.918125 78.176804 27.070621
v 35.564590 78.176804 -26.740774
v 35.918110 78.176804 -27.006582
v 35.564590 23.892080 -26.740774
v 35.564590 23.892080 -27.563080
v 35.564606 23.892080 26.804182
v 35.564606 23.892080 27.563057
v 35.434639 23.882278 28.034464
v 35.079544 23.855499 28.379559
v 34.594479 23.818920 28.505867
v 34.109543 23.782339 28.505867
v 33.565903 23.741327 28.505867
v 23.522829 22.966242 28.505871
v -35.434452 23.892080 -28.034464
v -35.564606 23.892080 -27.563057
v -35.078854 23.892080 -28.379559
v -34.593102 23.892080 -28.505867
v -33.784870 23.892080 -28.505867
v 33.694679 23.892080 -28.505890
v 34.593086 23.892080 -28.505890
v 35.078838 23.892080 -28.379581
v 35.434437 23.892080 -28.034487
v -33.645504 23.747335 28.505890
v -23.522810 22.966242 28.505886
v -34.109528 23.782341 28.505890
v -34.594463 23.818924 28.505890
v -35.079529 23.855503 28.379581
v -35.434624 23.882282 28.034487
v -35.564590 23.892080 27.563080
v -35.564590 23.892080 26.804205
v -35.564606 23.892080 -26.740751
v -35.918125 22.794737 -27.837187
v -35.564606 22.794737 -26.740892
v -35.564606 22.794737 -27.563202
v -35.918125 22.794737 -27.006701
v -35.564590 22.794737 26.804348
v -35.918110 22.794737 27.070787
v -35.564590 22.794737 27.563225
v -35.918110 22.794737 27.837210
v -35.434765 22.785444 28.034559
v -35.786991 22.785444 28.313227
v -35.080067 22.760054 28.379601
v -35.428772 22.760054 28.661697
v -34.595547 22.725372 28.505890
v -34.939430 22.725372 28.789246
v -34.110565 22.690670 28.505890
v -34.449631 22.690670 28.789246
v -33.646500 22.657467 28.505890
v -33.980949 22.657467 28.789246
v -23.522810 21.916557 28.505886
v -23.522806 21.916557 28.789242
v 35.918110 22.794737 -27.837210
v 35.434612 22.794737 -28.034559
v 35.564590 22.794737 -27.563225
v 35.786835 22.794737 -28.313227
v 35.079487 22.794737 -28.379601
v 35.428181 22.794737 -28.661697
v 34.594379 22.794737 -28.505890
v 34.938251 22.794737 -28.789246
v 33.695942 22.794737 -28.505890
v 34.030884 22.794737 -28.789246
v -33.786137 22.794737 -28.505867
v -34.121975 22.794737 -28.789223
v -34.594395 22.794737 -28.505867
v -34.938267 22.794737 -28.789223
v -35.079502 22.794737 -28.379578
v -35.428196 22.794737 -28.661674
v -35.434628 22.794737 -28.034536
v -35.786850 22.794737 -28.313204
v 23.522825 21.916557 28.789227
v 33.566891 22.651770 28.505867
v 23.522829 21.916557 28.505871
v 33.900551 22.651770 28.789223
v 34.110580 22.690670 28.505867
v 34.449646 22.690670 28.789223
v 34.595562 22.725370 28.505867
v 34.939445 22.725370 28.789223
v 35.080082 22.760052 28.379578
v 35.428787 22.760052 28.661674
v 35.434780 22.785442 28.034536
v 35.787006 22.785442 28.313204
v 35.564606 22.794737 27.563202
v 35.918125 22.794737 27.837187
v 35.564606 22.794737 26.804325
v 35.918125 22.794737 27.070765
v 35.564590 22.794737 -26.740915
v 35.918110 22.794737 -27.006723
v 35.564606 51.583115 27.563885
v 35.564606 51.583115 27.132933
v 35.434376 51.560520 28.034876
v 35.078583 51.498814 28.379663
v 34.592556 51.414509 28.505867
v 34.107704 51.330425 28.505867
v 33.564159 51.236156 28.505867
v 23.522829 49.454601 28.505871
v 35.564598 60.665459 1.896869
v 35.564598 60.854149 -0.000012
v 35.564598 60.106640 3.720854
v 35.564598 59.199196 5.401848
v 35.564602 57.977974 6.875251
v 35.564602 56.489937 8.084442
v 35.564602 54.792259 8.982953
v 35.564602 51.583115 9.568399
v 35.564602 51.583115 16.426674
v 35.564594 51.583115 -16.426697
v 35.564590 51.583115 -27.012606
v 35.564594 51.583115 -9.568422
v 35.564594 54.792259 -8.982976
v 35.564594 56.489937 -8.084465
v 35.564594 57.977974 -6.875274
v 35.564598 59.199196 -5.401872
v 35.564598 60.106640 -3.720878
v 35.564598 60.665459 -1.896893
v -35.077045 51.583115 -28.379663
v -35.433964 51.583115 -28.034876
v -34.589481 51.583115 -28.505867
v -33.781338 51.583115 -28.505867
v 33.691154 51.583115 -28.505890
v 34.589466 51.583115 -28.505890
v 35.077030 51.583115 -28.379686
v 35.433949 51.583115 -28.034899
v 35.564590 51.583115 -27.563908
v -35.564598 59.199196 -5.401849
v -35.564598 60.106640 -3.720855
v -35.564602 57.977974 -6.875251
v -35.564602 56.489937 -8.084442
v -35.564602 54.792259 -8.982953
v -35.564602 51.583115 -9.568399
v -35.564602 51.583115 -16.426674
v -35.564606 51.583115 -27.012583
v -35.564606 51.583115 -27.563885
v -35.564594 54.792259 8.982976
v -35.564594 51.583115 9.568422
v -35.564594 56.489937 8.084465
v -35.564594 57.977974 6.875274
v -35.564598 59.199196 5.401871
v -35.564598 60.106640 3.720877
v -35.564598 60.665459 1.896892
v -35.564598 60.854149 0.000011
v -35.564598 60.665459 -1.896870
v -33.643745 51.249966 28.505890
v -23.522810 49.454601 28.505886
v -34.107689 51.330425 28.505890
v -34.592541 51.414509 28.505890
v -35.078568 51.498814 28.379686
v -35.434361 51.560520 28.034899
v -35.564590 51.583115 27.563908
v -35.564590 51.583115 27.132956
v -35.564594 51.583115 16.426697
v -35.564590 50.485767 27.563908
v -35.564590 50.485767 27.132956
v -35.434299 50.463684 28.034899
v -35.078327 50.403336 28.379686
v -34.592060 50.320911 28.505890
v -34.107231 50.238708 28.505890
v -33.643303 50.160053 28.505890
v -23.522810 48.404915 28.505886
v -35.564598 41.403347 1.896892
v -35.564598 41.214649 0.000011
v -35.564598 41.962109 3.720877
v -35.564598 42.869553 5.401871
v -35.564594 44.090775 6.875274
v -35.564594 45.578812 8.084465
v -35.564594 47.276546 8.982976
v -35.564594 50.485767 9.568433
v -35.564594 50.485767 16.426697
v -35.564602 50.485767 -16.426674
v -35.564606 50.485767 -27.012583
v -35.564602 50.485767 -9.568410
v -35.564602 47.276546 -8.982953
v -35.564602 45.578812 -8.084442
v -35.564602 44.090775 -6.875251
v -35.564598 42.869553 -5.401849
v -35.564598 41.962109 -3.720855
v -35.564598 41.403347 -1.896870
v 35.077030 50.485767 -28.379686
v 35.433949 50.485767 -28.034899
v 34.589466 50.485767 -28.505890
v 33.691154 50.485767 -28.505890
v -33.781338 50.485767 -28.505867
v -34.589481 50.485767 -28.505867
v -35.077045 50.485767 -28.379663
v -35.433964 50.485767 -28.034876
v -35.564606 50.485767 -27.563885
v 35.564598 42.869553 -5.401872
v 35.564598 41.962109 -3.720878
v 35.564594 44.090775 -6.875274
v 35.564594 45.578812 -8.084465
v 35.564594 47.276546 -8.982976
v 35.564594 50.485767 -9.568433
v 35.564594 50.485767 -16.426697
v 35.564590 50.485767 -27.012606
v 35.564590 50.485767 -27.563908
v 35.564602 47.276546 8.982953
v 35.564602 50.485767 9.568410
v 35.564602 45.578812 8.084442
v 35.564602 44.090775 6.875251
v 35.564598 42.869553 5.401848
v 35.564598 41.962109 3.720854
v 35.564598 41.403347 1.896869
v 35.564598 41.214649 -0.000012
v 35.564598 41.403347 -1.896893
v 33.563725 50.146557 28.505867
v 23.522829 48.404915 28.505871
v 34.107246 50.238708 28.505867
v 34.592075 50.320911 28.505867
v 35.078342 50.403336 28.379663
v 35.434315 50.463684 28.034876
v 35.564606 50.485767 27.563885
v 35.564606 50.485767 27.132933
v 35.564602 50.485767 16.426674
v 33.895069 71.311996 28.789223
v 23.522825 68.796021 28.789227
v 34.443874 71.445114 28.789223
v 34.933418 71.563858 28.789223
v 35.425766 71.683289 28.661118
v 35.786186 71.770714 28.311127
v 35.918125 71.802719 27.833055
v 35.918125 71.802719 27.066746
v 35.918110 71.802719 -27.002718
v 35.918110 71.802719 -27.833078
v 35.785660 71.802719 -28.311161
v 35.423798 71.802719 -28.661144
v 34.929489 71.802719 -28.789246
v 34.022346 71.802719 -28.789246
v -34.113419 71.802719 -28.789223
v -34.929504 71.802719 -28.789223
v -35.423813 71.802719 -28.661121
v -35.785675 71.802719 -28.311138
v -35.918125 71.802719 -27.833055
v -35.918125 71.802719 -27.002695
v -35.918110 71.802719 27.066769
v -35.918110 71.802719 27.833078
v -35.786171 71.770714 28.311150
v -35.425751 71.683289 28.661140
v -34.933403 71.563858 28.789246
v -34.443859 71.445114 28.789246
v -33.975426 71.331482 28.789246
v -23.522806 68.796021 28.789242
v -35.357105 16.420650 -26.565632
v -35.918125 16.420650 -27.833515
v -35.357105 16.420650 -27.382551
v -35.918125 16.420650 -27.003139
v -35.357090 16.420650 26.628670
v -35.918110 16.420650 27.067219
v -35.357090 16.420650 27.382574
v -35.918110 16.420650 27.833538
v -35.225071 16.413942 27.861071
v -35.786343 16.414257 28.311394
v -35.426342 16.396791 28.661207
v -34.864414 16.395615 28.211357
v -34.934574 16.372934 28.789246
v -34.371754 16.370583 28.339565
v -34.444981 16.349182 28.789246
v -33.906307 16.346931 28.339565
v -33.976498 16.326454 28.789246
v -33.460930 16.324301 28.339565
v -23.522806 15.819310 28.789242
v -23.522810 15.819310 28.339561
v 35.224918 16.420650 -27.861071
v 35.918110 16.420650 -27.833538
v 35.357090 16.420650 -27.382574
v 35.786201 16.420650 -28.311392
v 35.425812 16.420650 -28.661203
v 34.863838 16.420650 -28.211357
v 34.933510 16.420650 -28.789246
v 34.370598 16.420650 -28.339565
v 33.477974 16.420650 -28.339565
v 34.026264 16.420650 -28.789246
v -33.567585 16.420650 -28.339542
v -34.117344 16.420650 -28.789223
v -34.370613 16.420650 -28.339542
v -34.933525 16.420650 -28.789223
v -34.863853 16.420650 -28.211334
v -35.425827 16.420650 -28.661180
v -35.224934 16.420650 -27.861048
v -35.786217 16.420650 -28.311369
v 33.384529 16.320417 28.339542
v 23.522825 15.819310 28.789227
v 23.522829 15.819310 28.339546
v 33.896133 16.322556 28.789223
v 33.906322 16.346931 28.339542
v 34.444996 16.349182 28.789223
v 34.371769 16.370583 28.339542
v 34.934589 16.372934 28.789223
v 34.864429 16.395615 28.211334
v 35.426357 16.396791 28.661184
v 35.225086 16.413942 27.861048
v 35.786358 16.414257 28.311371
v 35.918125 16.420650 27.833515
v 35.357105 16.420650 27.382551
v 35.357105 16.420650 26.628647
v 35.918125 16.420650 27.067196
v 35.357090 16.420650 -26.565655
v 35.918110 16.420650 -27.003162
v -35.357105 71.802719 -26.564642
v -35.357105 71.802719 -27.381533
v -35.357090 71.802719 26.627678
v -35.357090 71.802719 27.381556
v -35.224773 71.769104 27.860561
v -34.863312 71.677269 28.211216
v -34.369549 71.551819 28.339565
v -33.904198 71.433586 28.339565
v -33.458912 71.320457 28.339565
v -23.522810 68.796021 28.339561
v 35.223370 71.802719 -27.860561
v 35.357090 71.802719 -27.381556
v 34.858067 71.802719 -28.211216
v 34.359051 71.802719 -28.339565
v 33.466728 71.802719 -28.339565
v -33.556309 71.802719 -28.339542
v -34.359066 71.802719 -28.339542
v -34.858082 71.802719 -28.211193
v -35.223385 71.802719 -27.860538
v 33.382526 71.301041 28.339542
v 23.522829 68.796021 28.339546
v 33.904213 71.433586 28.339542
v 34.369564 71.551819 28.339542
v 34.863327 71.677269 28.211193
v 35.224789 71.769104 27.860538
v 35.357105 71.802719 27.381533
v 35.357105 71.802719 26.627655
v 35.357090 71.802719 -26.564663
v 35.357090 30.266167 -26.564665
v 35.357090 30.266167 -27.381556
v 35.357105 30.266167 26.627655
v 35.357105 30.266167 27.381533
v 35.223892 30.252628 27.860527
v 34.860004 30.215649 28.211189
v 34.362919 30.165133 28.339542
v 33.897854 30.117868 28.339542
v 33.376488 30.064884 28.339542
v 23.522829 29.063488 28.339546
v -35.223385 30.266167 -27.860538
v -35.357105 30.266167 -27.381533
v -34.858082 30.266167 -28.211193
v -34.359066 30.266167 -28.339542
v -33.556309 30.266167 -28.339542
v 33.466728 30.266167 -28.339565
v 34.359051 30.266167 -28.339565
v 34.858067 30.266167 -28.211216
v 35.223370 30.266167 -27.860561
v -33.452827 30.072641 28.339565
v -23.522810 29.063488 28.339561
v -33.897839 30.117868 28.339565
v -34.362904 30.165133 28.339565
v -34.859989 30.215649 28.211212
v -35.223877 30.252628 27.860550
v -35.357090 30.266167 27.381556
v -35.357090 30.266167 26.627678
v -35.357105 30.266167 -26.564640
vn 0.0546 0.9915 -0.1183
vn -0.6367 0.7547 0.1584
vn 0.0546 0.9915 0.1183
vn -0.6367 0.7547 -0.1584
vn 0.4981 0.1497 0.8541
vn 0.1542 0.4992 0.8527
vn 0.1390 0.1402 0.9803
vn 0.8480 0.1502 0.5083
vn 0.5734 0.5792 0.5794
vn 0.1781 0.8509 0.4941
vn 0.1631 0.9730 0.1636
vn 0.4927 0.8513 0.1805
vn 0.8516 0.4999 0.1581
vn 0.9796 0.1407 0.1436
vn 0.0546 -0.9915 0.1183
vn -0.6367 -0.7547 -0.1584
vn 0.0546 -0.9915 -0.1183
vn -0.6367 -0.7547 0.1584
vn 0.5774 0.5773 -0.5774
vn 0.5774 -0.5773 0.5773
vn 0.5774 -0.5774 -0.5774
vn 0.5774 0.5774 0.5774
vn -0.5774 0.5773 0.5774
vn -0.5774 -0.5773 -0.5773
vn -0.5774 -0.5774 0.5774
vn -0.5774 0.5774 -0.5774
vn -0.0000 -0.0000 1.0000
vn 0.3015 0.3015 0.9045
vn 0.7071 -0.0000 0.7071
vn -0.3015 0.3015 0.9045
vn -0.7071 -0.0000 0.7071
vn 0.8456 0.1499 -0.5123
vn 0.4941 0.1490 -0.8566
vn 0.5715 0.5783 -0.5823
vn 0.1529 0.4985 -0.8533
vn 0.1371 0.1398 -0.9806
vn 0.1771 0.8504 -0.4955
vn 0.1634 0.9728 -0.1642
vn 0.4928 0.8510 -0.1815
vn 0.8513 0.4997 -0.1597
vn 0.9794 0.1406 -0.1452
vn -0.4941 0.1490 -0.8565
vn -0.1529 0.4984 -0.8533
vn -0.1371 0.1398 -0.9806
vn -0.8456 0.1499 -0.5123
vn -0.5715 0.5783 -0.5823
vn -0.1771 0.8504 -0.4955
vn -0.1634 0.9728 -0.1642
vn -0.4928 0.8510 -0.1815
vn -0.8513 0.4997 -0.1598
vn -0.9794 0.1406 -0.1453
vn 0.5774 0.5773 0.5773
vn 1.0000 -0.0000 -0.0000
vn -0.8480 0.1502 0.5084
vn -0.4981 0.1497 0.8541
vn -0.5785 0.5689 0.5845
vn -0.8516 0.4999 0.1581
vn -0.9796 0.1407 0.1436
vn -0.5076 0.8468 0.1591
vn -0.1473 0.9780 0.1476
vn -0.1567 0.8465 0.5088
vn -0.1542 0.4992 0.8527
vn -0.1390 0.1402 0.9803
vn 0.6430 0.6301 -0.4353
vn 0.7071 0.7071 -0.0000
vn 0.8149 0.1863 -0.5489
vn 0.6431 0.6304 0.4348
vn 0.8154 0.1865 0.5480
vn 0.6367 -0.7547 -0.1584
vn 0.7907 0.3353 0.5123
vn 0.7752 0.4419 0.4514
vn 0.7587 0.5379 0.3673
vn 0.7440 0.6152 0.2606
vn 0.7338 0.6657 0.1355
vn 0.7300 0.6835 0.0003
vn 0.6367 -0.7547 0.1584
vn 0.7333 0.6663 -0.1351
vn 0.7432 0.6163 -0.2604
vn 0.7577 0.5391 -0.3676
vn 0.7742 0.4430 -0.4521
vn 0.7898 0.3359 -0.5132
vn 0.6177 -0.7458 0.2496
vn 0.6514 0.6523 -0.3875
vn 0.3103 -0.6056 -0.7327
vn 0.3698 0.6539 -0.6600
vn 0.5784 -0.6351 -0.5120
vn 0.7284 0.6779 -0.0992
vn 0.6467 -0.7036 -0.2946
vn 0.6179 -0.7455 -0.2498
vn 0.6575 -0.7002 0.2784
vn 0.7160 0.6884 0.1157
vn 0.6071 -0.6320 0.4817
vn 0.6183 0.6630 0.4220
vn 0.3578 -0.6216 0.6968
vn 0.3140 0.6360 0.7049
vn 0.0101 0.6224 0.7827
vn 0.1399 -0.6899 0.7102
vn -0.1054 0.6252 0.7733
vn 0.1109 -0.7538 0.6476
vn -0.1057 0.6263 0.7724
vn 0.1108 -0.7514 0.6505
vn -0.1144 0.6597 0.7428
vn 0.1117 -0.7335 0.6705
vn -0.0000 1.0000 -0.0000
vn -0.0000 -0.0000 -1.0000
vn 0.1271 -0.0000 0.9919
vn 0.4909 -0.0000 0.8712
vn 0.8607 0.0001 0.5091
vn 0.9910 0.0001 0.1341
vn -0.7071 -0.7071 -0.0000
vn -0.6431 -0.6304 0.4348
vn -0.8154 -0.1865 0.5480
vn -0.7284 -0.6779 -0.0992
vn -0.5784 0.6351 -0.5120
vn -0.6514 -0.6523 -0.3875
vn -0.6467 0.7036 -0.2946
vn -0.6179 0.7455 -0.2498
vn -0.7907 -0.3353 0.5123
vn -0.7752 -0.4419 0.4514
vn -0.7588 -0.5379 0.3673
vn -0.7440 -0.6152 0.2606
vn -0.7338 -0.6657 0.1356
vn -0.7300 -0.6835 0.0003
vn -0.7333 -0.6663 -0.1351
vn -0.7432 -0.6163 -0.2604
vn -0.7577 -0.5391 -0.3676
vn -0.7742 -0.4430 -0.4521
vn -0.7898 -0.3359 -0.5132
vn -0.8149 -0.1863 -0.5489
vn -0.6430 -0.6301 -0.4353
vn -0.6177 0.7458 0.2496
vn -0.6325 0.7074 0.3156
vn -0.7408 -0.6666 0.0824
vn -0.5425 0.6346 0.5503
vn -0.6853 -0.6372 0.3525
vn -0.2546 0.5766 0.7764
vn -0.4315 -0.6621 0.6127
vn 0.0255 0.5809 0.8136
vn -0.1916 -0.7201 0.6669
vn 0.1209 0.6163 0.7782
vn -0.1316 -0.7634 0.6324
vn 0.1216 0.6197 0.7754
vn -0.1315 -0.7626 0.6334
vn 0.1320 0.6502 0.7482
vn -0.1305 -0.7362 0.6641
vn -1.0000 -0.0000 -0.0000
vn -0.0546 -0.9915 -0.1183
vn -0.0546 -0.9915 0.1183
vn -0.0546 0.9915 0.1183
vn 0.6367 0.7547 -0.1584
vn -0.0546 0.9915 -0.1183
vn 0.6367 0.7547 0.1584
vn -0.9969 -0.0785 -0.0000
vn -0.6864 -0.0540 0.7252
vn -0.6354 -0.2064 0.7441
vn -0.9511 -0.3090 -0.0000
vn -0.5405 -0.3927 0.7441
vn -0.8090 -0.5878 -0.0000
vn -0.3927 -0.5405 0.7441
vn -0.5878 -0.8090 -0.0000
vn -0.2064 -0.6354 0.7441
vn -0.3090 -0.9511 -0.0000
vn -0.0540 -0.6864 0.7252
vn -0.0785 -0.9969 -0.0000
vn 0.0784 -0.9969 -0.0000
vn 0.0540 -0.6864 0.7252
vn 0.2064 -0.6354 0.7441
vn 0.3090 -0.9511 -0.0000
vn 0.3927 -0.5405 0.7441
vn 0.5878 -0.8090 -0.0000
vn 0.5405 -0.3927 0.7441
vn 0.8090 -0.5878 -0.0000
vn 0.6354 -0.2065 0.7441
vn 0.9511 -0.3090 -0.0000
vn 0.6864 -0.0540 0.7252
vn 0.9969 -0.0785 -0.0000
vn -0.7071 0.7071 -0.0000
vn -0.6179 -0.7455 -0.2498
vn -0.6467 -0.7036 -0.2946
vn -0.7284 0.6779 -0.0992
vn -0.5784 -0.6351 -0.5120
vn -0.6514 0.6523 -0.3875
vn -0.3103 -0.6056 -0.7327
vn -0.3698 0.6539 -0.6600
vn -0.0610 -0.6494 -0.7580
vn -0.0927 0.6797 -0.7276
vn -0.0000 -0.7071 -0.7071
vn -0.0000 0.7071 -0.7071
vn 0.0610 -0.6494 -0.7580
vn 0.0927 0.6797 -0.7276
vn 0.8149 -0.1863 0.5489
vn 0.6430 -0.6301 0.4353
vn 0.7071 -0.7071 -0.0000
vn 0.6431 -0.6304 -0.4348
vn 0.8154 -0.1865 -0.5480
vn 0.7907 -0.3353 -0.5123
vn 0.7752 -0.4419 -0.4514
vn 0.7588 -0.5379 -0.3673
vn 0.7440 -0.6152 -0.2606
vn 0.7338 -0.6657 -0.1356
vn 0.7300 -0.6835 -0.0003
vn 0.7333 -0.6663 0.1351
vn 0.7432 -0.6163 0.2604
vn 0.7577 -0.5391 0.3676
vn 0.7742 -0.4430 0.4521
vn 0.7898 -0.3359 0.5132
vn 0.6179 0.7455 -0.2498
vn 0.6467 0.7036 -0.2946
vn 0.7284 -0.6779 -0.0992
vn 0.5784 0.6351 -0.5120
vn 0.6514 -0.6523 -0.3875
vn 0.3103 0.6056 -0.7327
vn 0.3698 -0.6539 -0.6600
vn 0.0610 0.6494 -0.7580
vn 0.0927 -0.6797 -0.7276
vn -0.0927 -0.6797 -0.7276
vn -0.0610 0.6494 -0.7580
vn -0.3698 -0.6539 -0.6600
vn -0.3103 0.6056 -0.7327
vn -0.2340 -0.9218 0.3090
vn -0.2174 -0.9339 0.2839
vn -0.1307 -0.9762 0.1728
vn 0.0014 -0.9999 0.0109
vn 0.1212 -0.9838 -0.1322
vn 0.1469 -0.9766 -0.1572
vn 0.1441 -0.9785 -0.1476
vn 0.1507 -0.9886 -0.0000
vn 0.1270 0.0001 -0.9919
vn 0.4905 0.0002 -0.8714
vn 0.8604 0.0001 -0.5096
vn 0.9910 -0.0000 -0.1342
vn -0.9909 0.0001 -0.1343
vn -0.8605 0.0002 -0.5095
vn -0.4906 0.0001 -0.8714
vn -0.1269 -0.0000 -0.9919
vn -0.7283 0.6780 -0.0990
vn -0.7283 -0.6781 -0.0988
vn -0.7208 0.6846 0.1086
vn -0.7338 -0.6732 0.0914
vn -0.6320 0.6597 0.4066
vn -0.6669 -0.6463 0.3709
vn -0.3366 0.6456 0.6855
vn -0.3976 -0.6586 0.6389
vn -0.0422 0.6496 0.7591
vn -0.1348 -0.6999 0.7014
vn 0.0652 0.6643 0.7446
vn -0.0552 -0.7360 0.6747
vn 0.0653 0.6661 0.7430
vn -0.0552 -0.7356 0.6751
vn 0.0691 0.6812 0.7288
vn -0.0557 -0.7225 0.6891
vn 0.7284 -0.6781 -0.0988
vn 0.6514 0.6526 -0.3870
vn 0.7283 0.6780 -0.0990
vn 0.6520 -0.6524 -0.3863
vn 0.3710 -0.6538 -0.6595
vn 0.3700 0.6542 -0.6597
vn 0.0931 -0.6796 -0.7277
vn 0.0927 0.6798 -0.7275
vn -0.0927 0.6798 -0.7275
vn -0.0931 -0.6796 -0.7277
vn -0.3700 0.6542 -0.6597
vn -0.3710 -0.6538 -0.6595
vn -0.6514 0.6526 -0.3870
vn -0.6520 -0.6524 -0.3863
vn -0.6177 -0.7458 0.2496
vn -0.6575 -0.7002 0.2784
vn -0.7159 0.6885 0.1157
vn -0.6071 -0.6320 0.4817
vn -0.6181 0.6632 0.4221
vn -0.3578 -0.6216 0.6968
vn -0.3139 0.6363 0.7047
vn -0.0102 0.6229 0.7823
vn -0.1399 -0.6899 0.7102
vn 0.1052 0.6259 0.7727
vn -0.1109 -0.7538 0.6476
vn 0.1060 0.6269 0.7718
vn -0.1106 -0.7516 0.6503
vn 0.1110 0.6614 0.7417
vn -0.1117 -0.7335 0.6705
vn -0.8149 0.1863 0.5489
vn -0.6430 0.6301 0.4353
vn -0.7898 0.3359 0.5132
vn -0.7742 0.4430 0.4521
vn -0.7577 0.5391 0.3676
vn -0.7432 0.6163 0.2604
vn -0.7333 0.6663 0.1351
vn -0.7300 0.6835 -0.0003
vn -0.7338 0.6657 -0.1355
vn -0.7440 0.6152 -0.2606
vn -0.7588 0.5379 -0.3673
vn -0.7752 0.4419 -0.4514
vn -0.7907 0.3353 -0.5123
vn -0.8154 0.1865 -0.5480
vn -0.6431 0.6304 -0.4348
vn -0.1271 -0.0000 0.9919
vn -0.4909 0.0001 0.8712
vn -0.8607 0.0002 0.5092
vn -0.9910 0.0001 0.1341
vn 0.1318 -0.7617 0.6344
vn -0.1320 0.6502 0.7482
vn 0.1263 -0.7356 0.6656
vn -0.1219 0.6199 0.7751
vn 0.1312 -0.7629 0.6331
vn -0.1209 0.6163 0.7782
vn 0.1914 -0.7197 0.6674
vn -0.0255 0.5809 0.8136
vn 0.4315 -0.6619 0.6129
vn 0.2546 0.5766 0.7764
vn 0.6855 -0.6371 0.3525
vn 0.5425 0.6346 0.5503
vn 0.7409 -0.6665 0.0823
vn 0.6325 0.7074 0.3156
vn 0.6177 0.7458 0.2496
vn -0.2340 0.9218 0.3090
vn -0.2361 0.9220 0.3070
vn -0.2289 0.9299 0.2879
vn -0.2163 0.9417 0.2577
vn -0.1976 0.9547 0.2224
vn -0.1924 0.9594 0.2061
vn -0.1890 0.9627 0.1937
vn -0.1992 0.9800 -0.0000
vn -0.1743 -0.9589 -0.2241
vn -0.0958 -0.9880 -0.1214
vn -0.2251 -0.9290 -0.2937
vn -0.2331 -0.9220 -0.3091
vn 0.2331 -0.9220 -0.3091
vn 0.2251 -0.9290 -0.2937
vn 0.1743 -0.9589 -0.2241
vn 0.0958 -0.9880 -0.1214
vn 0.0178 -0.9996 -0.0225
vn -0.0000 -1.0000 -0.0000
vn -0.0178 -0.9996 -0.0225
vn 0.2340 -0.9218 0.3090
vn 0.2174 -0.9339 0.2839
vn 0.1307 -0.9762 0.1728
vn -0.0014 -0.9999 0.0109
vn -0.1212 -0.9838 -0.1322
vn -0.1473 -0.9764 -0.1579
vn -0.1440 -0.9783 -0.1487
vn -0.1507 -0.9886 -0.0000
vn -0.7283 0.6781 -0.0986
vn -0.7283 -0.6781 -0.0986
vn -0.7059 0.6967 0.1278
vn -0.7476 -0.6601 0.0728
vn -0.5940 0.6695 0.4461
vn -0.7043 -0.6272 0.3326
vn -0.2760 0.6198 0.7346
vn -0.4674 -0.6619 0.5860
vn 0.0413 0.5782 0.8148
vn -0.2505 -0.7323 0.6332
vn 0.1669 0.5667 0.8069
vn -0.2100 -0.7781 0.5920
vn 0.1682 0.5715 0.8032
vn -0.2097 -0.7769 0.5936
vn 0.1876 0.6159 0.7651
vn -0.2060 -0.7423 0.6376
vn 0.7283 -0.6781 -0.0986
vn 0.6519 0.6526 -0.3861
vn 0.7283 0.6781 -0.0986
vn 0.6521 -0.6525 -0.3860
vn 0.3713 -0.6538 -0.6593
vn 0.3709 0.6540 -0.6593
vn 0.0932 -0.6796 -0.7277
vn 0.0930 0.6797 -0.7276
vn -0.0930 0.6797 -0.7276
vn -0.0932 -0.6796 -0.7277
vn -0.3709 0.6540 -0.6593
vn -0.3713 -0.6538 -0.6593
vn -0.6519 0.6526 -0.3861
vn -0.6521 -0.6525 -0.3860
vn 0.0553 -0.7352 0.6756
vn -0.0691 0.6812 0.7288
vn 0.0539 -0.7221 0.6897
vn -0.0655 0.6662 0.7429
vn 0.0550 -0.7358 0.6750
vn -0.0652 0.6643 0.7446
vn 0.1348 -0.6997 0.7017
vn 0.0422 0.6496 0.7591
vn 0.3976 -0.6585 0.6390
vn 0.3366 0.6456 0.6855
vn 0.6670 -0.6462 0.3708
vn 0.6320 0.6597 0.4066
vn 0.7338 -0.6732 0.0913
vn 0.7208 0.6846 0.1086
vn 0.6681 -0.7386 -0.0905
vn 0.6680 -0.7408 0.0706
vn 0.7478 -0.6600 0.0726
vn 0.6013 -0.7678 0.2212
vn 0.7045 -0.6269 0.3326
vn 0.4818 -0.7804 0.3986
vn 0.4675 -0.6615 0.5863
vn 0.3143 -0.7876 0.5300
vn 0.2501 -0.7318 0.6340
vn 0.2109 -0.7779 0.5919
vn 0.2092 -0.7775 0.5931
vn 0.2144 -0.7775 0.5912
vn 0.2100 -0.7757 0.5951
vn 0.1689 -0.6283 0.7594
vn 0.1994 -0.7421 0.6400
vn -0.5478 -0.7712 -0.3242
vn -0.6680 -0.7386 -0.0905
vn -0.3134 -0.7694 -0.5566
vn -0.0859 -0.7369 -0.6706
vn 0.0859 -0.7369 -0.6706
vn 0.3134 -0.7694 -0.5566
vn 0.5478 -0.7712 -0.3242
vn -0.2092 -0.7763 0.5947
vn -0.1736 -0.6253 0.7608
vn -0.2101 -0.7773 0.5930
vn -0.3136 -0.7871 0.5312
vn -0.4816 -0.7801 0.3995
vn -0.6014 -0.7676 0.2216
vn -0.6680 -0.7408 0.0707
vn 0.0186 0.9996 0.0231
vn 0.0923 0.9897 0.1098
vn 0.1867 0.9588 0.2141
vn 0.2592 0.9214 0.2895
vn 0.2757 0.9145 0.2961
vn 0.2713 0.9207 0.2805
vn 0.2916 0.9565 -0.0000
vn 0.1890 0.9624 0.1952
vn 0.1992 0.9800 -0.0000
vn 0.1929 0.9592 0.2068
vn 0.1976 0.9547 0.2224
vn 0.2163 0.9417 0.2577
vn 0.2289 0.9299 0.2879
vn 0.2361 0.9220 0.3070
vn 0.2340 0.9218 0.3090
vn -0.2714 0.9213 0.2785
vn -0.2916 0.9565 -0.0000
vn -0.1875 0.6159 0.7651
vn -0.1688 0.5718 0.8028
vn -0.2751 0.9150 0.2952
vn -0.1669 0.5667 0.8069
vn -0.2592 0.9214 0.2895
vn -0.0412 0.5782 0.8148
vn -0.1867 0.9588 0.2141
vn 0.2760 0.6198 0.7346
vn -0.0923 0.9897 0.1098
vn 0.5940 0.6695 0.4461
vn 0.7059 0.6967 0.1278
vn -0.0186 0.9996 0.0231
vn -0.0958 0.9880 -0.1214
vn -0.1743 0.9589 -0.2241
vn -0.2251 0.9290 -0.2937
vn -0.2330 0.9220 -0.3091
vn 0.2330 0.9220 -0.3091
vn 0.2251 0.9290 -0.2937
vn 0.1743 0.9589 -0.2241
vn 0.0958 0.9880 -0.1214
vn 0.0178 0.9996 -0.0225
vn -0.0178 0.9996 -0.0225
vn -0.7283 0.6781 -0.0988
vn -0.6680 0.7386 -0.0905
vn -0.6687 0.7354 0.1093
vn -0.7087 0.6943 0.1250
vn -0.4971 0.7575 0.4233
vn -0.5997 0.6676 0.4413
vn -0.1662 0.6990 0.6955
vn -0.2853 0.6225 0.7288
vn 0.0870 0.6103 0.7873
vn 0.0289 0.5858 0.8099
vn 0.1532 0.5734 0.8049
vn 0.1524 0.5747 0.8040
vn 0.1555 0.5717 0.8056
vn 0.1538 0.5761 0.8028
vn 0.1967 0.7419 0.6410
vn 0.1668 0.6296 0.7588
vn 0.7283 0.6781 -0.0988
vn 0.5478 0.7711 -0.3245
vn 0.6680 0.7386 -0.0905
vn 0.6520 0.6524 -0.3863
vn 0.3133 0.7692 -0.5570
vn 0.3710 0.6538 -0.6595
vn 0.0857 0.7368 -0.6707
vn 0.0931 0.6796 -0.7277
vn -0.0857 0.7368 -0.6707
vn -0.0931 0.6796 -0.7277
vn -0.3133 0.7692 -0.5570
vn -0.3710 0.6538 -0.6595
vn -0.5478 0.7711 -0.3245
vn -0.6520 0.6524 -0.3863
vn -0.1714 0.6267 0.7602
vn -0.1531 0.5764 0.8027
vn -0.2032 0.7422 0.6386
vn -0.1531 0.5753 0.8035
vn -0.1530 0.5745 0.8041
vn -0.1526 0.5736 0.8048
vn -0.0868 0.6114 0.7865
vn -0.0290 0.5850 0.8105
vn 0.1662 0.6997 0.6948
vn 0.2854 0.6221 0.7290
vn 0.4969 0.7577 0.4230
vn 0.6000 0.6674 0.4412
vn 0.6687 0.7354 0.1092
vn 0.7089 0.6942 0.1248
vn 0.6680 -0.7386 -0.0905
vn 0.6680 -0.7393 0.0850
vn 0.5628 -0.7720 0.2955
vn 0.3601 -0.7793 0.5129
vn 0.1469 -0.7614 0.6314
vn 0.0555 -0.7360 0.6747
vn 0.0565 -0.7362 0.6744
vn 0.0515 -0.6886 0.7233
vn -0.5478 -0.7711 -0.3245
vn -0.3133 -0.7692 -0.5570
vn -0.0857 -0.7368 -0.6707
vn 0.0857 -0.7368 -0.6707
vn 0.3133 -0.7692 -0.5570
vn 0.5478 -0.7711 -0.3245
vn -0.0551 -0.7353 0.6754
vn -0.0531 -0.6879 0.7238
vn -0.0553 -0.7358 0.6750
vn -0.1467 -0.7611 0.6318
vn -0.3601 -0.7791 0.5132
vn -0.5628 -0.7719 0.2956
vn -0.6680 -0.7393 0.0850
vn -0.6682 0.7378 0.0955
vn -0.7231 0.6826 0.1055
vn -0.5339 0.7692 0.3512
vn -0.6381 0.6576 0.4004
vn -0.2708 0.7554 0.5967
vn -0.3472 0.6475 0.6783
vn -0.0323 0.7076 0.7059
vn -0.0564 0.6572 0.7516
vn 0.0482 0.6746 0.7366
vn 0.0479 0.6750 0.7363
vn 0.0490 0.6743 0.7369
vn 0.0482 0.6754 0.7359
vn 0.0511 0.7214 0.6906
vn 0.0489 0.6896 0.7225
vn 0.5478 0.7712 -0.3242
vn 0.6521 0.6525 -0.3860
vn 0.3134 0.7694 -0.5566
vn 0.3713 0.6538 -0.6593
vn 0.0859 0.7369 -0.6706
vn 0.0932 0.6796 -0.7277
vn -0.0859 0.7369 -0.6706
vn -0.0932 0.6796 -0.7277
vn -0.3134 0.7694 -0.5566
vn -0.3713 0.6538 -0.6593
vn -0.5478 0.7712 -0.3242
vn -0.6521 0.6525 -0.3860
vn -0.0504 0.6890 0.7230
vn -0.0480 0.6755 0.7358
vn -0.0528 0.7218 0.6901
vn -0.0481 0.6752 0.7361
vn -0.0481 0.6749 0.7363
vn -0.0480 0.6747 0.7366
vn 0.0324 0.7079 0.7056
vn 0.0564 0.6570 0.7518
vn 0.2708 0.7556 0.5965
vn 0.3473 0.6474 0.6784
vn 0.5339 0.7692 0.3511
vn 0.6382 0.6576 0.4004
vn 0.6682 0.7378 0.0955
vn 0.7231 0.6826 0.1055
vn 0.6678 -0.7403 0.0781
vn 0.5817 -0.7712 0.2587
vn 0.4209 -0.7843 0.4558
vn 0.2300 -0.7814 0.5800
vn 0.1322 -0.7634 0.6323
vn 0.1346 -0.7634 0.6318
vn 0.1134 -0.6602 0.7424
vn 0.6891 -0.7110 -0.1400
vn 0.6856 -0.7280 -0.0003
vn 0.6995 -0.6613 -0.2709
vn 0.7150 -0.5834 -0.3853
vn 0.7328 -0.4840 -0.4783
vn 0.7501 -0.3705 -0.5478
vn 0.7557 -0.2207 -0.6166
vn 0.9127 -0.2938 -0.2840
vn 0.9129 -0.2932 0.2839
vn 0.7563 -0.2197 0.6163
vn 0.7510 -0.3695 0.5472
vn 0.7338 -0.4831 0.4777
vn 0.7159 -0.5826 0.3848
vn 0.7002 -0.6607 0.2704
vn 0.6895 -0.7107 0.1395
vn -0.3124 -0.7691 -0.5575
vn -0.5470 -0.7713 -0.3254
vn -0.0854 -0.7367 -0.6708
vn 0.0854 -0.7367 -0.6708
vn 0.3124 -0.7691 -0.5575
vn 0.5470 -0.7713 -0.3254
vn 0.6678 -0.7388 -0.0909
vn -0.7150 -0.5834 0.3853
vn -0.6995 -0.6613 0.2709
vn -0.7328 -0.4840 0.4783
vn -0.7501 -0.3705 0.5478
vn -0.7557 -0.2207 0.6166
vn -0.9127 -0.2938 0.2840
vn -0.6678 -0.7388 -0.0909
vn -0.7563 -0.2197 -0.6163
vn -0.9129 -0.2932 -0.2839
vn -0.7510 -0.3695 -0.5472
vn -0.7338 -0.4831 -0.4777
vn -0.7159 -0.5826 -0.3848
vn -0.7002 -0.6607 -0.2704
vn -0.6895 -0.7107 -0.1395
vn -0.6856 -0.7280 0.0003
vn -0.6891 -0.7110 0.1400
vn -0.1312 -0.7620 0.6341
vn -0.1168 -0.6585 0.7435
vn -0.1318 -0.7629 0.6330
vn -0.2295 -0.7810 0.5808
vn -0.4208 -0.7840 0.4564
vn -0.5817 -0.7711 0.2590
vn -0.6678 -0.7402 0.0781
vn -0.6682 0.7368 0.1029
vn -0.5143 0.7644 0.3889
vn -0.2148 0.7295 0.6494
vn 0.0331 0.6606 0.7500
vn 0.1059 0.6251 0.7734
vn 0.1075 0.6241 0.7739
vn 0.1235 0.7352 0.6665
vn -0.6891 0.7110 -0.1400
vn -0.6856 0.7280 -0.0003
vn -0.6995 0.6613 -0.2709
vn -0.7150 0.5834 -0.3853
vn -0.7328 0.4840 -0.4782
vn -0.7501 0.3705 -0.5478
vn -0.7557 0.2207 -0.6166
vn -0.9127 0.2938 -0.2840
vn -0.9129 0.2932 0.2839
vn -0.7563 0.2197 0.6163
vn -0.7510 0.3695 0.5472
vn -0.7338 0.4831 0.4777
vn -0.7159 0.5826 0.3848
vn -0.7002 0.6608 0.2703
vn -0.6895 0.7107 0.1394
vn 0.3124 0.7691 -0.5575
vn 0.5470 0.7713 -0.3254
vn 0.0854 0.7367 -0.6708
vn -0.0854 0.7367 -0.6708
vn -0.3124 0.7691 -0.5575
vn -0.5470 0.7714 -0.3254
vn -0.6678 0.7388 -0.0909
vn 0.7150 0.5834 0.3853
vn 0.6995 0.6613 0.2709
vn 0.7328 0.4840 0.4782
vn 0.7501 0.3705 0.5478
vn 0.7557 0.2207 0.6166
vn 0.9127 0.2938 0.2840
vn 0.6678 0.7388 -0.0909
vn 0.7563 0.2197 -0.6163
vn 0.9129 0.2932 -0.2839
vn 0.7510 0.3695 -0.5472
vn 0.7338 0.4831 -0.4777
vn 0.7159 0.5826 -0.3848
vn 0.7002 0.6608 -0.2703
vn 0.6895 0.7107 -0.1394
vn 0.6856 0.7280 0.0003
vn 0.6891 0.7110 0.1400
vn -0.1055 0.6271 0.7718
vn -0.1276 0.7358 0.6651
vn -0.1056 0.6258 0.7728
vn -0.0329 0.6613 0.7494
vn 0.2148 0.7300 0.6489
vn 0.5142 0.7646 0.3887
vn 0.6682 0.7368 0.1028
vn 0.1885 -0.7667 0.6137
vn 0.1882 -0.7416 0.6439
vn 0.1890 -0.7703 0.6091
vn 0.2355 -0.7267 0.6453
vn 0.4582 -0.6609 0.5944
vn 0.6995 -0.6291 0.3390
vn 0.7467 -0.6609 0.0751
vn 0.7283 -0.6780 -0.0990
vn 0.6514 -0.6526 -0.3870
vn 0.3700 -0.6542 -0.6597
vn 0.0927 -0.6798 -0.7275
vn -0.0927 -0.6798 -0.7275
vn -0.3700 -0.6542 -0.6597
vn -0.6514 -0.6526 -0.3870
vn -0.7283 -0.6780 -0.0990
vn -0.7467 -0.6609 0.0751
vn -0.6995 -0.6291 0.3390
vn -0.4582 -0.6609 0.5944
vn -0.2355 -0.7267 0.6453
vn -0.1890 -0.7703 0.6091
vn -0.1881 -0.7671 0.6133
vn -0.1882 -0.7416 0.6439
vn -0.0031 -1.0000 -0.0039
vn -0.7320 -0.6748 0.0937
vn -0.0158 -0.9997 -0.0187
vn -0.6618 -0.6486 0.3761
vn -0.3884 -0.6570 0.6461
vn -0.0328 -0.9988 -0.0374
vn -0.1202 -0.6926 0.7112
vn -0.0471 -0.9975 -0.0524
vn -0.0356 -0.7254 0.6874
vn -0.0501 -0.9973 -0.0538
vn -0.0355 -0.7246 0.6883
vn -0.0490 -0.9975 -0.0506
vn -0.0364 -0.7177 0.6954
vn -0.0507 -0.9987 -0.0000
vn 0.6519 -0.6526 -0.3861
vn 0.3709 -0.6540 -0.6593
vn 0.0930 -0.6797 -0.7276
vn -0.0930 -0.6797 -0.7276
vn -0.3709 -0.6540 -0.6593
vn -0.6519 -0.6526 -0.3861
vn 0.0490 -0.9975 -0.0502
vn 0.0364 -0.7177 0.6954
vn 0.0507 -0.9987 -0.0000
vn 0.0356 -0.7245 0.6884
vn 0.0500 -0.9973 -0.0535
vn 0.0356 -0.7254 0.6874
vn 0.0471 -0.9975 -0.0524
vn 0.1202 -0.6926 0.7112
vn 0.0328 -0.9988 -0.0374
vn 0.3884 -0.6570 0.6461
vn 0.0158 -0.9997 -0.0187
vn 0.6618 -0.6486 0.3761
vn 0.7320 -0.6748 0.0937
vn 0.0031 -1.0000 -0.0039
vn -0.0157 -0.9997 -0.0195
vn -0.0781 -0.9927 -0.0924
vn -0.1589 -0.9706 -0.1810
vn -0.2219 -0.9432 -0.2472
vn -0.2358 -0.9383 -0.2530
vn -0.2315 -0.9430 -0.2391
vn -0.2462 -0.9692 -0.0000
vn 0.2316 -0.9434 -0.2373
vn 0.2462 -0.9692 -0.0000
vn 0.2353 -0.9387 -0.2521
vn 0.2219 -0.9432 -0.2472
vn 0.1589 -0.9706 -0.1810
vn 0.0781 -0.9927 -0.0924
vn 0.0157 -0.9997 -0.0195
vn -0.0063 0.9999 0.0079
vn -0.0317 0.9988 0.0374
vn -0.0656 0.9951 0.0745
vn -0.0935 0.9902 0.1040
vn -0.0992 0.9894 0.1062
vn -0.0972 0.9903 0.0996
vn -0.1011 0.9949 -0.0000
vn 0.0972 0.9902 0.1003
vn 0.1011 0.9949 -0.0000
vn 0.0995 0.9893 0.1066
vn 0.0935 0.9902 0.1040
vn 0.0656 0.9951 0.0745
vn 0.0317 0.9988 0.0374
vn 0.0063 0.9999 0.0079
vt 0.853659 0.506456
vt 0.948207 0.509590
vt 0.947489 0.507967
vt 0.852888 0.508055
vt 0.029818 0.127454
vt 0.031631 0.127000
vt 0.031053 0.128236
vt 0.028783 0.126426
vt 0.030322 0.125910
vt 0.031928 0.125659
vt 0.031928 0.124301
vt 0.030570 0.124309
vt 0.029233 0.124619
vt 0.028006 0.125214
vt 0.948268 0.220309
vt 0.853667 0.220395
vt 0.854437 0.218796
vt 0.948987 0.221933
vt 0.353020 0.499052
vt 0.360418 0.329176
vt 0.360418 0.499052
vt 0.353020 0.329176
vt 0.351719 0.329176
vt 0.344320 0.499052
vt 0.344320 0.329176
vt 0.351719 0.499052
vt 0.813451 0.568590
vt 0.643575 0.780270
vt 0.643575 0.568590
vt 0.813451 0.780270
vt 0.469826 0.286791
vt 0.439984 0.553161
vt 0.439984 0.286791
vt 0.469858 0.561426
vt 0.274940 0.561426
vt 0.304813 0.553161
vt 0.274971 0.286792
vt 0.304813 0.286791
vt 0.018324 0.126132
vt 0.019364 0.125096
vt 0.019867 0.126642
vt 0.021185 0.125539
vt 0.020612 0.124301
vt 0.021477 0.126883
vt 0.021475 0.128241
vt 0.020118 0.128241
vt 0.018778 0.127938
vt 0.017549 0.127347
vt 0.024891 0.125096
vt 0.023070 0.125539
vt 0.023643 0.124301
vt 0.025931 0.126132
vt 0.024388 0.126642
vt 0.022778 0.126883
vt 0.022780 0.128241
vt 0.024137 0.128241
vt 0.025476 0.127938
vt 0.026705 0.127347
vt 0.371127 0.329176
vt 0.369285 0.464347
vt 0.369285 0.329176
vt 0.371127 0.464347
vt 0.796159 0.009620
vt 0.641073 0.284349
vt 0.641073 0.009620
vt 0.796159 0.284349
vt 0.036373 0.126426
vt 0.035338 0.127454
vt 0.034834 0.125910
vt 0.035923 0.124619
vt 0.037150 0.125214
vt 0.034586 0.124309
vt 0.033228 0.124301
vt 0.033228 0.125659
vt 0.033525 0.127000
vt 0.034103 0.128236
vt 0.080192 0.523815
vt 0.080185 0.543716
vt 0.070972 0.522113
vt 0.080219 0.448384
vt 0.080212 0.468285
vt 0.070990 0.469980
vt 0.050215 0.448373
vt 0.066112 0.472586
vt 0.061835 0.476093
vt 0.058325 0.480367
vt 0.055716 0.485244
vt 0.054108 0.490536
vt 0.053564 0.496040
vt 0.050181 0.543705
vt 0.054105 0.501545
vt 0.055708 0.506838
vt 0.058314 0.511717
vt 0.061821 0.515994
vt 0.066095 0.519504
vt 0.060528 0.574765
vt 0.080174 0.574783
vt 0.080230 0.414648
vt 0.061794 0.413199
vt 0.080231 0.413208
vt 0.061459 0.414647
vt 0.080230 0.416067
vt 0.061001 0.416071
vt 0.080229 0.417666
vt 0.060467 0.417670
vt 0.060945 0.576016
vt 0.080174 0.576033
vt 0.061346 0.577440
vt 0.080110 0.577451
vt 0.061529 0.578886
vt 0.079936 0.578889
vt 0.079698 0.580347
vt 0.061444 0.580353
vt 0.079461 0.581753
vt 0.061239 0.581759
vt 0.079195 0.583330
vt 0.061008 0.583335
vt 0.074170 0.613135
vt 0.056651 0.613122
vt 0.833140 0.772843
vt 0.988517 0.968546
vt 0.833140 0.968546
vt 0.988517 0.772843
vt 0.471158 0.286791
vt 0.666407 0.560382
vt 0.471158 0.560382
vt 0.666407 0.286791
vt 0.798797 0.009620
vt 0.797509 0.284255
vt 0.797460 0.009620
vt 0.798848 0.285487
vt 0.800255 0.009620
vt 0.800277 0.285487
vt 0.801696 0.009620
vt 0.801689 0.285487
vt 0.803119 0.009620
vt 0.803097 0.285487
vt 0.804257 0.009620
vt 0.804235 0.284349
vt 0.018843 0.174380
vt 0.018850 0.154479
vt 0.028071 0.152783
vt 0.018832 0.206697
vt 0.037603 0.208117
vt 0.018832 0.208115
vt 0.038061 0.206693
vt 0.018833 0.205097
vt 0.038595 0.205094
vt 0.048847 0.174390
vt 0.032950 0.150178
vt 0.037227 0.146670
vt 0.040737 0.142396
vt 0.043346 0.137519
vt 0.044953 0.132227
vt 0.045497 0.126723
vt 0.048881 0.079058
vt 0.044957 0.121219
vt 0.043354 0.115925
vt 0.040748 0.111047
vt 0.037241 0.106770
vt 0.032967 0.103260
vt 0.028090 0.100651
vt 0.018877 0.079048
vt 0.018870 0.098949
vt 0.038534 0.047998
vt 0.018888 0.047981
vt 0.038117 0.046748
vt 0.018888 0.046730
vt 0.037587 0.045324
vt 0.018824 0.045312
vt 0.037051 0.043879
vt 0.018647 0.043875
vt 0.036654 0.042413
vt 0.018406 0.042417
vt 0.036382 0.041007
vt 0.018165 0.041010
vt 0.036122 0.039661
vt 0.017935 0.039664
vt 0.030315 0.009632
vt 0.012797 0.009620
vt 0.639772 0.284349
vt 0.484686 0.009620
vt 0.639772 0.009620
vt 0.484686 0.284349
vt 0.815496 0.009620
vt 0.813655 0.275990
vt 0.813655 0.009620
vt 0.815496 0.275990
vt 0.320395 0.329176
vt 0.327794 0.540856
vt 0.320395 0.540856
vt 0.327794 0.329176
vt 0.812874 0.553161
vt 0.814715 0.286791
vt 0.814715 0.553161
vt 0.812874 0.286791
vt 0.311695 0.329176
vt 0.319094 0.540856
vt 0.311695 0.540856
vt 0.319094 0.329176
vt 0.854441 0.012755
vt 0.948988 0.009620
vt 0.948270 0.011244
vt 0.853670 0.011155
vt 0.470374 0.568572
vt 0.640250 0.780252
vt 0.470374 0.780252
vt 0.640250 0.568572
vt 0.947487 0.298903
vt 0.852886 0.298816
vt 0.853656 0.300415
vt 0.948206 0.297279
vt 0.009655 0.653595
vt 0.011496 0.397808
vt 0.011496 0.653595
vt 0.009655 0.397808
vt 0.009655 0.396442
vt 0.011496 0.396442
vt 0.009655 0.395075
vt 0.011496 0.395075
vt 0.009655 0.393709
vt 0.011496 0.393709
vt 0.009655 0.392343
vt 0.011496 0.392343
vt 0.009655 0.390977
vt 0.011496 0.390977
vt 0.011496 0.272239
vt 0.009655 0.272239
vt 0.009655 0.270873
vt 0.011496 0.270873
vt 0.009655 0.269506
vt 0.011496 0.269506
vt 0.009655 0.268140
vt 0.011496 0.268140
vt 0.009655 0.266774
vt 0.011496 0.266774
vt 0.009655 0.265407
vt 0.011496 0.265407
vt 0.011496 0.009620
vt 0.009655 0.009620
vt 0.080219 0.174371
vt 0.060467 0.205085
vt 0.050215 0.174381
vt 0.080229 0.205088
vt 0.061001 0.206684
vt 0.080230 0.206688
vt 0.061459 0.208108
vt 0.080230 0.208106
vt 0.061794 0.209555
vt 0.080231 0.209546
vt 0.061917 0.211026
vt 0.080231 0.211008
vt 0.061917 0.213371
vt 0.080231 0.213353
vt 0.061917 0.409122
vt 0.080231 0.409140
vt 0.061917 0.411728
vt 0.080231 0.411747
vt 0.028071 0.469989
vt 0.018850 0.468294
vt 0.018843 0.448393
vt 0.018877 0.543725
vt 0.018870 0.523824
vt 0.028090 0.522122
vt 0.048881 0.543714
vt 0.032966 0.519513
vt 0.037241 0.516002
vt 0.040748 0.511726
vt 0.043353 0.506847
vt 0.044957 0.501554
vt 0.045497 0.496049
vt 0.048847 0.448382
vt 0.044953 0.490545
vt 0.043346 0.485253
vt 0.040737 0.480376
vt 0.037227 0.476102
vt 0.032950 0.472595
vt 0.038595 0.417679
vt 0.018833 0.417675
vt 0.038061 0.416080
vt 0.018832 0.416076
vt 0.037603 0.414656
vt 0.018832 0.414657
vt 0.037268 0.413208
vt 0.018831 0.413217
vt 0.037145 0.411737
vt 0.018831 0.411756
vt 0.018831 0.409149
vt 0.037145 0.409131
vt 0.018831 0.213362
vt 0.037145 0.213380
vt 0.018831 0.211017
vt 0.037145 0.211035
vt 0.018831 0.209555
vt 0.037268 0.209564
vt 0.980500 0.011508
vt 0.981725 0.009859
vt 0.981797 0.011519
vt 0.983043 0.009868
vt 0.983232 0.011894
vt 0.984475 0.010240
vt 0.985521 0.011255
vt 0.984280 0.012914
vt 0.985934 0.012666
vt 0.984694 0.014332
vt 0.985994 0.014085
vt 0.984752 0.015683
vt 0.986061 0.015677
vt 0.984817 0.017197
vt 0.987321 0.045754
vt 0.986031 0.045809
vt 0.367985 0.330314
vt 0.367985 0.485691
vt 0.366847 0.486829
vt 0.366847 0.329176
vt 0.365515 0.329223
vt 0.365515 0.486782
vt 0.364189 0.329275
vt 0.364189 0.486730
vt 0.362857 0.329322
vt 0.362857 0.486683
vt 0.361719 0.485546
vt 0.361719 0.330459
vt 0.303152 0.054522
vt 0.303152 0.209608
vt 0.302014 0.210746
vt 0.302014 0.053384
vt 0.300682 0.053338
vt 0.300682 0.210792
vt 0.299357 0.053285
vt 0.299357 0.210845
vt 0.298024 0.053238
vt 0.298024 0.210891
vt 0.296887 0.209754
vt 0.296887 0.054376
vt 0.278940 0.285490
vt 0.280402 0.009620
vt 0.280387 0.285490
vt 0.278942 0.009620
vt 0.277519 0.285490
vt 0.277500 0.009620
vt 0.276110 0.285490
vt 0.276077 0.009620
vt 0.274972 0.284353
vt 0.274940 0.009621
vt 0.483385 0.009627
vt 0.483329 0.284353
vt 0.482192 0.285490
vt 0.482248 0.009627
vt 0.480783 0.285490
vt 0.480825 0.009627
vt 0.479362 0.285490
vt 0.479383 0.009626
vt 0.477915 0.285490
vt 0.477923 0.009626
vt 0.476777 0.284352
vt 0.476786 0.010764
vt 0.281539 0.010758
vt 0.281525 0.284352
vt 0.159926 0.204303
vt 0.159925 0.206689
vt 0.141611 0.206693
vt 0.141612 0.204307
vt 0.159988 0.048952
vt 0.141674 0.048933
vt 0.159989 0.046750
vt 0.141675 0.046731
vt 0.159952 0.045325
vt 0.141647 0.045312
vt 0.159853 0.043880
vt 0.141571 0.043876
vt 0.159716 0.042415
vt 0.141467 0.042421
vt 0.159581 0.041009
vt 0.141363 0.041014
vt 0.159451 0.039663
vt 0.141264 0.039667
vt 0.156562 0.009634
vt 0.139043 0.009620
vt 0.141611 0.416080
vt 0.159925 0.414659
vt 0.159925 0.416084
vt 0.141611 0.414661
vt 0.141610 0.413223
vt 0.159924 0.413212
vt 0.141610 0.411767
vt 0.159924 0.411745
vt 0.159924 0.409139
vt 0.141610 0.409159
vt 0.159924 0.213372
vt 0.141610 0.213352
vt 0.159924 0.211028
vt 0.141610 0.211006
vt 0.159924 0.209561
vt 0.141610 0.209550
vt 0.159924 0.208114
vt 0.141611 0.208112
vt 0.343020 0.330314
vt 0.343020 0.526016
vt 0.341882 0.527154
vt 0.341882 0.329176
vt 0.340550 0.329249
vt 0.340550 0.527082
vt 0.339224 0.329331
vt 0.339224 0.527000
vt 0.337892 0.329403
vt 0.337892 0.526927
vt 0.336754 0.525789
vt 0.336754 0.330541
vt 0.285027 0.014330
vt 0.288876 0.014330
vt 0.288876 0.270117
vt 0.285027 0.280700
vt 0.289090 0.271466
vt 0.289710 0.272683
vt 0.290676 0.273650
vt 0.291893 0.274270
vt 0.293243 0.274483
vt 0.420197 0.280700
vt 0.411981 0.274484
vt 0.413330 0.274270
vt 0.414548 0.273650
vt 0.415514 0.272684
vt 0.416134 0.271466
vt 0.416348 0.270117
vt 0.420198 0.014329
vt 0.416348 0.014329
vt 0.060528 0.047989
vt 0.080185 0.079039
vt 0.050181 0.079049
vt 0.080174 0.047972
vt 0.060945 0.046739
vt 0.080174 0.046722
vt 0.061346 0.045315
vt 0.080110 0.045304
vt 0.061529 0.043869
vt 0.079936 0.043866
vt 0.079698 0.042408
vt 0.061444 0.042402
vt 0.079461 0.041001
vt 0.061239 0.040996
vt 0.079234 0.039655
vt 0.061042 0.039651
vt 0.074170 0.009620
vt 0.056651 0.009633
vt 0.070990 0.152774
vt 0.080212 0.154470
vt 0.066112 0.150169
vt 0.061835 0.146661
vt 0.058325 0.142387
vt 0.055716 0.137510
vt 0.054108 0.132218
vt 0.053564 0.126714
vt 0.054105 0.121210
vt 0.055708 0.115916
vt 0.058314 0.111038
vt 0.061821 0.106761
vt 0.066095 0.103251
vt 0.070972 0.100642
vt 0.080192 0.098940
vt 0.335454 0.330706
vt 0.335454 0.525624
vt 0.334222 0.526963
vt 0.334222 0.329367
vt 0.332890 0.329306
vt 0.332890 0.527024
vt 0.331564 0.329237
vt 0.331564 0.527093
vt 0.330232 0.527154
vt 0.330232 0.329176
vt 0.329094 0.526016
vt 0.329094 0.330314
vt 0.812355 0.009620
vt 0.812305 0.284255
vt 0.810966 0.285487
vt 0.811017 0.009620
vt 0.809559 0.009620
vt 0.809537 0.285487
vt 0.808125 0.285487
vt 0.808118 0.009620
vt 0.806695 0.009620
vt 0.806717 0.285487
vt 0.805579 0.284349
vt 0.805557 0.009620
vt 0.017895 0.583339
vt 0.030315 0.613140
vt 0.012797 0.613152
vt 0.036077 0.583342
vt 0.018165 0.581762
vt 0.036382 0.581765
vt 0.018406 0.580355
vt 0.036654 0.580359
vt 0.018647 0.578897
vt 0.037051 0.578893
vt 0.018824 0.577460
vt 0.037586 0.577448
vt 0.018888 0.576042
vt 0.038117 0.576024
vt 0.018888 0.574791
vt 0.038534 0.574774
vt 0.979717 0.299166
vt 0.980943 0.297517
vt 0.981015 0.299177
vt 0.982261 0.297526
vt 0.982487 0.299576
vt 0.983728 0.297923
vt 0.984844 0.298986
vt 0.983609 0.300644
vt 0.985311 0.300430
vt 0.984080 0.302093
vt 0.985392 0.301861
vt 0.984159 0.303455
vt 0.985482 0.303464
vt 0.984248 0.304982
vt 0.987191 0.333766
vt 0.985901 0.333840
vt 0.817173 0.013995
vt 0.819503 0.014543
vt 0.818466 0.015617
vt 0.818208 0.012929
vt 0.819641 0.012500
vt 0.820940 0.014109
vt 0.821326 0.012433
vt 0.822598 0.014042
vt 0.822594 0.217508
vt 0.821322 0.219117
vt 0.820936 0.217440
vt 0.819637 0.219050
vt 0.819499 0.217007
vt 0.818204 0.218621
vt 0.817170 0.217554
vt 0.818462 0.215932
vt 0.816797 0.216126
vt 0.818089 0.214494
vt 0.816797 0.213782
vt 0.818089 0.212187
vt 0.816801 0.018029
vt 0.818093 0.019620
vt 0.816801 0.015423
vt 0.818093 0.017056
vt 0.980499 0.220046
vt 0.981724 0.221695
vt 0.981796 0.220035
vt 0.983042 0.221685
vt 0.983231 0.219660
vt 0.984474 0.221313
vt 0.985521 0.220299
vt 0.984279 0.218640
vt 0.985934 0.218888
vt 0.984693 0.217221
vt 0.985993 0.217468
vt 0.984751 0.215871
vt 0.986050 0.216110
vt 0.984807 0.214579
vt 0.987321 0.185799
vt 0.986030 0.185744
vt 0.109350 0.204308
vt 0.109349 0.206694
vt 0.091035 0.206699
vt 0.091036 0.204313
vt 0.109395 0.048955
vt 0.091081 0.048939
vt 0.109396 0.046753
vt 0.091082 0.046737
vt 0.109287 0.045329
vt 0.090982 0.045318
vt 0.108987 0.043889
vt 0.090706 0.043885
vt 0.108578 0.042434
vt 0.090330 0.042436
vt 0.108169 0.041027
vt 0.089953 0.041028
vt 0.107778 0.039680
vt 0.089591 0.039681
vt 0.099050 0.009630
vt 0.081531 0.009620
vt 0.091035 0.416087
vt 0.109349 0.414668
vt 0.109349 0.416092
vt 0.091035 0.414668
vt 0.091034 0.413232
vt 0.109348 0.413225
vt 0.091034 0.411777
vt 0.109348 0.411763
vt 0.109348 0.409157
vt 0.091034 0.409170
vt 0.109348 0.213368
vt 0.091034 0.213355
vt 0.109348 0.211023
vt 0.091034 0.211009
vt 0.109348 0.209561
vt 0.091034 0.209555
vt 0.109349 0.208118
vt 0.091035 0.208118
vt 0.141247 0.583337
vt 0.156562 0.613139
vt 0.139043 0.613153
vt 0.159429 0.583341
vt 0.141363 0.581759
vt 0.159581 0.581764
vt 0.141467 0.580352
vt 0.159716 0.580358
vt 0.141571 0.578897
vt 0.159853 0.578893
vt 0.141647 0.577460
vt 0.159952 0.577448
vt 0.141675 0.576041
vt 0.159989 0.576023
vt 0.159988 0.573821
vt 0.141674 0.573839
vt 0.159926 0.418470
vt 0.141612 0.418466
vt 0.575680 0.963067
vt 0.576695 0.959917
vt 0.576695 0.962280
vt 0.575680 0.960681
vt 0.576695 0.806072
vt 0.575680 0.805306
vt 0.576695 0.803891
vt 0.575680 0.803104
vt 0.577070 0.802534
vt 0.576058 0.801733
vt 0.578102 0.801522
vt 0.577100 0.800711
vt 0.579528 0.801112
vt 0.578539 0.800298
vt 0.580971 0.801051
vt 0.579996 0.800238
vt 0.582588 0.800983
vt 0.581628 0.800171
vt 0.612520 0.799710
vt 0.612485 0.798896
vt 0.782077 0.963066
vt 0.780687 0.963632
vt 0.781061 0.962278
vt 0.781700 0.964433
vt 0.779667 0.964624
vt 0.780669 0.965434
vt 0.778274 0.964987
vt 0.779262 0.965801
vt 0.775951 0.964987
vt 0.776916 0.965801
vt 0.582064 0.964988
vt 0.581102 0.965802
vt 0.579483 0.964988
vt 0.578495 0.965802
vt 0.578089 0.964625
vt 0.577087 0.965436
vt 0.577069 0.963634
vt 0.576057 0.964435
vt 0.745272 0.798894
vt 0.775406 0.800991
vt 0.745238 0.799708
vt 0.776368 0.800179
vt 0.776787 0.801049
vt 0.777762 0.800236
vt 0.778230 0.801110
vt 0.779218 0.800297
vt 0.779655 0.801520
vt 0.780657 0.800710
vt 0.780688 0.802532
vt 0.781700 0.801732
vt 0.781062 0.803890
vt 0.782078 0.803102
vt 0.781062 0.806070
vt 0.782078 0.805304
vt 0.781061 0.959916
vt 0.782077 0.960679
vt 0.820820 0.518512
vt 0.822195 0.518132
vt 0.820899 0.516520
vt 0.819526 0.516899
vt 0.818521 0.517934
vt 0.819813 0.519549
vt 0.818153 0.519349
vt 0.819445 0.520966
vt 0.818153 0.521955
vt 0.819445 0.523531
vt 0.818154 0.717745
vt 0.819446 0.716165
vt 0.818154 0.720090
vt 0.819446 0.718472
vt 0.819814 0.719889
vt 0.818522 0.721504
vt 0.820821 0.720927
vt 0.819527 0.722540
vt 0.820900 0.722919
vt 0.822196 0.721307
vt 0.823286 0.722919
vt 0.824543 0.721307
vt 0.978639 0.722919
vt 0.977379 0.721307
vt 0.980841 0.722919
vt 0.979545 0.721307
vt 0.980924 0.720929
vt 0.982217 0.722539
vt 0.983246 0.721488
vt 0.981956 0.719884
vt 0.983667 0.720036
vt 0.982381 0.718437
vt 0.983733 0.718572
vt 0.982450 0.717039
vt 0.983797 0.717171
vt 0.982516 0.715702
vt 0.985221 0.685912
vt 0.983930 0.685851
vt 0.984236 0.502110
vt 0.987191 0.473103
vt 0.985901 0.473029
vt 0.985469 0.503639
vt 0.984160 0.503414
vt 0.985392 0.505008
vt 0.984081 0.504776
vt 0.985312 0.506438
vt 0.983610 0.506225
vt 0.984845 0.507883
vt 0.982488 0.507292
vt 0.983729 0.508946
vt 0.982262 0.509342
vt 0.981016 0.507692
vt 0.980944 0.509352
vt 0.979718 0.507703
vt 0.982527 0.523965
vt 0.983931 0.553587
vt 0.985221 0.553526
vt 0.983808 0.522507
vt 0.982450 0.522398
vt 0.983733 0.520865
vt 0.982381 0.521000
vt 0.983667 0.519401
vt 0.981956 0.519554
vt 0.983246 0.517949
vt 0.980924 0.518509
vt 0.982217 0.516899
vt 0.980841 0.516519
vt 0.979545 0.518131
vt 0.978639 0.516519
vt 0.977379 0.518131
vt 0.823285 0.516520
vt 0.824542 0.518132
vt 0.816389 0.301657
vt 0.817681 0.303279
vt 0.818718 0.302204
vt 0.817423 0.300590
vt 0.818856 0.300161
vt 0.820155 0.301771
vt 0.820541 0.300094
vt 0.821813 0.301703
vt 0.821816 0.505169
vt 0.820544 0.506778
vt 0.820158 0.505101
vt 0.818859 0.506711
vt 0.818721 0.504668
vt 0.817426 0.506282
vt 0.816392 0.505215
vt 0.817684 0.503593
vt 0.816019 0.503787
vt 0.817311 0.502155
vt 0.816019 0.501443
vt 0.817311 0.499848
vt 0.816016 0.305691
vt 0.817308 0.307281
vt 0.816016 0.303085
vt 0.817308 0.304717
vt 0.461546 0.771817
vt 0.458396 0.770801
vt 0.460758 0.770801
vt 0.459160 0.771817
vt 0.304552 0.770801
vt 0.303787 0.771817
vt 0.302372 0.770801
vt 0.301585 0.771817
vt 0.301014 0.770426
vt 0.300214 0.771438
vt 0.300002 0.769393
vt 0.299192 0.770395
vt 0.299594 0.767966
vt 0.298780 0.768954
vt 0.299535 0.766524
vt 0.298722 0.767500
vt 0.299479 0.765145
vt 0.298666 0.766107
vt 0.298230 0.735011
vt 0.297417 0.735045
vt 0.461546 0.565419
vt 0.462114 0.566808
vt 0.460759 0.566434
vt 0.462914 0.565796
vt 0.463105 0.567830
vt 0.463916 0.566828
vt 0.463468 0.569226
vt 0.464282 0.568238
vt 0.463468 0.571807
vt 0.464282 0.570845
vt 0.463467 0.765688
vt 0.464281 0.766653
vt 0.463467 0.768010
vt 0.464281 0.768998
vt 0.463104 0.769406
vt 0.463915 0.770407
vt 0.462113 0.770427
vt 0.462914 0.771439
vt 0.297416 0.602190
vt 0.299468 0.572325
vt 0.298229 0.602223
vt 0.298656 0.571365
vt 0.299534 0.570709
vt 0.298721 0.569734
vt 0.299593 0.569268
vt 0.298780 0.568279
vt 0.300002 0.567841
vt 0.299191 0.566839
vt 0.301014 0.566807
vt 0.300213 0.565795
vt 0.302371 0.566432
vt 0.301584 0.565417
vt 0.304551 0.566432
vt 0.303786 0.565417
vt 0.458397 0.566434
vt 0.459160 0.565419
vt 0.988646 0.050318
vt 0.985496 0.051334
vt 0.987859 0.051334
vt 0.986260 0.050318
vt 0.831654 0.051334
vt 0.830888 0.050318
vt 0.829473 0.051334
vt 0.828686 0.050318
vt 0.828119 0.051707
vt 0.827318 0.050695
vt 0.827125 0.052729
vt 0.826315 0.051727
vt 0.826759 0.054125
vt 0.825945 0.053137
vt 0.826754 0.055523
vt 0.825940 0.054548
vt 0.826749 0.057089
vt 0.825935 0.056130
vt 0.826646 0.086030
vt 0.825832 0.086027
vt 0.988648 0.256716
vt 0.989215 0.255327
vt 0.987861 0.255701
vt 0.990016 0.256339
vt 0.990207 0.254305
vt 0.991017 0.255307
vt 0.990570 0.252909
vt 0.991384 0.253897
vt 0.990570 0.250587
vt 0.991384 0.251552
vt 0.990567 0.056706
vt 0.991382 0.055744
vt 0.990567 0.054125
vt 0.991382 0.053137
vt 0.990205 0.052729
vt 0.991015 0.051728
vt 0.989213 0.051708
vt 0.990014 0.050696
vt 0.825831 0.221010
vt 0.826748 0.250178
vt 0.826645 0.221007
vt 0.825934 0.251139
vt 0.826753 0.251515
vt 0.825939 0.252489
vt 0.826758 0.252912
vt 0.825944 0.253900
vt 0.827125 0.254309
vt 0.826314 0.255310
vt 0.828118 0.255330
vt 0.827317 0.256342
vt 0.829473 0.255704
vt 0.828685 0.256719
vt 0.831653 0.255704
vt 0.830887 0.256719
vt 0.985498 0.255701
vt 0.986262 0.256716
vt 0.822258 0.787234
vt 0.821243 0.790384
vt 0.821243 0.788021
vt 0.822258 0.789620
vt 0.821243 0.944227
vt 0.822258 0.944993
vt 0.821243 0.946408
vt 0.822258 0.947195
vt 0.820869 0.947762
vt 0.821881 0.948563
vt 0.819849 0.948755
vt 0.820851 0.949565
vt 0.818454 0.949121
vt 0.819442 0.949935
vt 0.817057 0.949125
vt 0.818032 0.949939
vt 0.815721 0.949130
vt 0.816682 0.949944
vt 0.786556 0.949222
vt 0.786559 0.950036
vt 0.615860 0.787232
vt 0.617249 0.786665
vt 0.616876 0.788020
vt 0.616237 0.785865
vt 0.618270 0.785674
vt 0.617268 0.784864
vt 0.619664 0.785311
vt 0.618676 0.784497
vt 0.622245 0.785311
vt 0.621283 0.784497
vt 0.816133 0.785313
vt 0.817098 0.784498
vt 0.818455 0.785313
vt 0.819443 0.784498
vt 0.819849 0.785675
vt 0.820851 0.784865
vt 0.820869 0.786667
vt 0.821881 0.785866
vt 0.651557 0.950039
vt 0.622624 0.949132
vt 0.651560 0.949225
vt 0.621665 0.949946
vt 0.621058 0.949127
vt 0.620084 0.949941
vt 0.619661 0.949123
vt 0.618673 0.949937
vt 0.618266 0.948757
vt 0.617264 0.949567
vt 0.617246 0.947764
vt 0.616234 0.948564
vt 0.616873 0.946409
vt 0.615857 0.947196
vt 0.616873 0.944229
vt 0.615857 0.944994
vt 0.616876 0.790382
vt 0.615860 0.789619
vt 0.030820 0.848953
vt 0.030248 0.847995
vt 0.031478 0.847858
vt 0.029578 0.849091
vt 0.028860 0.847771
vt 0.028176 0.848866
vt 0.027753 0.846859
vt 0.027058 0.847944
vt 0.027217 0.845498
vt 0.026518 0.846570
vt 0.027036 0.844095
vt 0.026335 0.845154
vt 0.026833 0.842524
vt 0.026130 0.843567
vt 0.023068 0.813465
vt 0.022260 0.813570
vt 0.123958 0.843465
vt 0.118433 0.842753
vt 0.123902 0.842450
vt 0.118436 0.843771
vt 0.112960 0.843045
vt 0.112912 0.844065
vt 0.107477 0.843294
vt 0.107387 0.844317
vt 0.101981 0.843451
vt 0.101859 0.844478
vt 0.096472 0.843461
vt 0.096328 0.844493
vt 0.090956 0.843270
vt 0.090800 0.844306
vt 0.081636 0.842283
vt 0.081476 0.843323
vt 0.062051 0.844460
vt 0.061697 0.845521
vt 0.216782 0.838631
vt 0.185596 0.837616
vt 0.216011 0.837616
vt 0.186065 0.838631
vt 0.165891 0.837616
vt 0.166164 0.838631
vt 0.156736 0.839626
vt 0.157006 0.840638
vt 0.151276 0.840425
vt 0.151532 0.841434
vt 0.145799 0.841023
vt 0.146034 0.842031
vt 0.140319 0.841474
vt 0.140521 0.842481
vt 0.134842 0.841833
vt 0.135002 0.842842
vt 0.129370 0.842147
vt 0.129480 0.843159
vt 0.219749 0.632612
vt 0.219939 0.634650
vt 0.218948 0.633624
vt 0.220749 0.633648
vt 0.220301 0.636051
vt 0.221116 0.635063
vt 0.220301 0.638373
vt 0.221116 0.637408
vt 0.220301 0.832233
vt 0.221116 0.833195
vt 0.220301 0.834814
vt 0.221116 0.835802
vt 0.219939 0.836215
vt 0.220749 0.837217
vt 0.218948 0.837240
vt 0.219749 0.838252
vt 0.217595 0.837616
vt 0.218382 0.838631
vt 0.135002 0.628023
vt 0.140319 0.629390
vt 0.134842 0.629032
vt 0.140521 0.628383
vt 0.145799 0.629841
vt 0.146034 0.628834
vt 0.151276 0.630440
vt 0.151532 0.629430
vt 0.156736 0.631239
vt 0.157006 0.630226
vt 0.165891 0.633249
vt 0.166164 0.632233
vt 0.185596 0.633249
vt 0.186065 0.632233
vt 0.216011 0.633249
vt 0.216782 0.632233
vt 0.217595 0.633249
vt 0.218382 0.632233
vt 0.081476 0.627541
vt 0.090956 0.627594
vt 0.081636 0.628581
vt 0.090800 0.626558
vt 0.096472 0.627403
vt 0.096328 0.626372
vt 0.101981 0.627414
vt 0.101859 0.626386
vt 0.107477 0.627571
vt 0.107387 0.626547
vt 0.112960 0.627819
vt 0.112913 0.626799
vt 0.118433 0.628111
vt 0.118436 0.627094
vt 0.123902 0.628414
vt 0.123958 0.627400
vt 0.129370 0.628717
vt 0.129480 0.627706
vt 0.022260 0.657295
vt 0.026863 0.628111
vt 0.023068 0.657399
vt 0.026160 0.627065
vt 0.027036 0.626769
vt 0.026335 0.625710
vt 0.027218 0.625367
vt 0.026518 0.624295
vt 0.027753 0.624005
vt 0.027059 0.622920
vt 0.028860 0.623093
vt 0.028176 0.621999
vt 0.030248 0.622870
vt 0.029578 0.621773
vt 0.031479 0.623007
vt 0.030821 0.621911
vt 0.062051 0.626404
vt 0.061697 0.625343
vt 0.207253 0.879632
vt 0.207825 0.878674
vt 0.206595 0.878537
vt 0.208496 0.879770
vt 0.209213 0.878450
vt 0.209897 0.879544
vt 0.210320 0.877537
vt 0.211014 0.878623
vt 0.210855 0.876176
vt 0.211554 0.877248
vt 0.211035 0.874775
vt 0.211736 0.875833
vt 0.211207 0.873434
vt 0.211909 0.874479
vt 0.214976 0.844164
vt 0.215783 0.844268
vt 0.114117 0.874144
vt 0.119641 0.873433
vt 0.114173 0.873130
vt 0.119639 0.874450
vt 0.125114 0.873725
vt 0.125162 0.874745
vt 0.130597 0.873973
vt 0.130687 0.874997
vt 0.136093 0.874130
vt 0.136215 0.875158
vt 0.141602 0.874140
vt 0.141746 0.875172
vt 0.147118 0.873950
vt 0.147274 0.874985
vt 0.156438 0.872963
vt 0.156598 0.874002
vt 0.176023 0.875139
vt 0.176377 0.876200
vt 0.021293 0.869312
vt 0.052479 0.868296
vt 0.022065 0.868296
vt 0.052010 0.869312
vt 0.072184 0.868296
vt 0.071911 0.869311
vt 0.081339 0.870306
vt 0.081069 0.871318
vt 0.086799 0.871105
vt 0.086543 0.872114
vt 0.092276 0.871703
vt 0.092041 0.872711
vt 0.097755 0.872154
vt 0.097553 0.873161
vt 0.103232 0.872513
vt 0.103073 0.873521
vt 0.108704 0.872827
vt 0.108594 0.873838
vt 0.018321 0.663291
vt 0.018131 0.665329
vt 0.019122 0.664303
vt 0.017320 0.664327
vt 0.017769 0.666730
vt 0.016954 0.665742
vt 0.017769 0.669311
vt 0.016954 0.668348
vt 0.017774 0.863173
vt 0.016960 0.864137
vt 0.017774 0.865494
vt 0.016960 0.866482
vt 0.018137 0.866895
vt 0.017326 0.867897
vt 0.019127 0.867921
vt 0.018327 0.868933
vt 0.020481 0.868296
vt 0.019693 0.869312
vt 0.103069 0.658699
vt 0.097752 0.660067
vt 0.103228 0.659708
vt 0.097549 0.659059
vt 0.092272 0.660518
vt 0.092037 0.659510
vt 0.086795 0.661116
vt 0.086538 0.660107
vt 0.081334 0.661916
vt 0.081065 0.660903
vt 0.072180 0.663926
vt 0.071906 0.662910
vt 0.052474 0.663927
vt 0.052005 0.662911
vt 0.022059 0.663928
vt 0.021287 0.662912
vt 0.020475 0.663928
vt 0.019688 0.662912
vt 0.156595 0.658216
vt 0.147115 0.658269
vt 0.156436 0.659256
vt 0.147271 0.657233
vt 0.141599 0.658079
vt 0.141743 0.657047
vt 0.136090 0.658089
vt 0.136212 0.657062
vt 0.130594 0.658246
vt 0.130684 0.657223
vt 0.125111 0.658495
vt 0.125158 0.657475
vt 0.119638 0.658787
vt 0.119635 0.657770
vt 0.114169 0.659090
vt 0.114113 0.658076
vt 0.108700 0.659393
vt 0.108590 0.658382
vt 0.215783 0.687949
vt 0.211235 0.659013
vt 0.214976 0.688053
vt 0.211938 0.657969
vt 0.211033 0.657442
vt 0.211734 0.656383
vt 0.210853 0.656040
vt 0.211553 0.654968
vt 0.210318 0.654679
vt 0.211013 0.653594
vt 0.209212 0.653766
vt 0.209895 0.652672
vt 0.207824 0.653543
vt 0.208494 0.652446
vt 0.206593 0.653680
vt 0.207251 0.652585
vt 0.176020 0.657079
vt 0.176374 0.656017
vt 0.130490 0.039430
vt 0.120224 0.009620
vt 0.137743 0.009634
vt 0.112300 0.039435
vt 0.130106 0.041006
vt 0.111881 0.041012
vt 0.129764 0.042412
vt 0.111507 0.042419
vt 0.129420 0.043874
vt 0.111134 0.043870
vt 0.129168 0.045317
vt 0.110861 0.045305
vt 0.129075 0.046742
vt 0.110761 0.046723
vt 0.129074 0.048944
vt 0.110760 0.048925
vt 0.129012 0.204295
vt 0.110698 0.204299
vt 0.129011 0.206681
vt 0.110697 0.206685
vt 0.129011 0.208106
vt 0.110697 0.208104
vt 0.110697 0.209542
vt 0.129011 0.209553
vt 0.110697 0.210998
vt 0.129010 0.211020
vt 0.110697 0.213605
vt 0.129010 0.213626
vt 0.110697 0.409413
vt 0.129010 0.409392
vt 0.110697 0.411759
vt 0.129010 0.411737
vt 0.129011 0.413204
vt 0.110697 0.413215
vt 0.129011 0.414651
vt 0.110697 0.414653
vt 0.110697 0.416072
vt 0.129011 0.416076
vt 0.129012 0.418462
vt 0.110698 0.418458
vt 0.129074 0.573813
vt 0.110760 0.573831
vt 0.129075 0.576015
vt 0.110761 0.576034
vt 0.110861 0.577452
vt 0.129168 0.577440
vt 0.111134 0.578887
vt 0.129420 0.578883
vt 0.111507 0.580338
vt 0.129764 0.580344
vt 0.111881 0.581745
vt 0.130106 0.581751
vt 0.112239 0.583091
vt 0.130434 0.583096
vt 0.120224 0.613137
vt 0.137743 0.613123
vt 0.089529 0.583337
vt 0.099050 0.613156
vt 0.081531 0.613166
vt 0.107711 0.583337
vt 0.089953 0.581759
vt 0.108169 0.581760
vt 0.090330 0.580351
vt 0.108578 0.580352
vt 0.090706 0.578902
vt 0.108987 0.578897
vt 0.090982 0.577468
vt 0.109287 0.577457
vt 0.091082 0.576050
vt 0.109396 0.576034
vt 0.109395 0.573832
vt 0.091081 0.573847
vt 0.109350 0.418478
vt 0.091036 0.418473
vt 0.984732 0.762709
vt 0.988375 0.764321
vt 0.987079 0.762709
vt 0.985989 0.764321
vt 0.831896 0.762709
vt 0.830636 0.764321
vt 0.829729 0.762709
vt 0.828434 0.764321
vt 0.828355 0.762329
vt 0.827061 0.763942
vt 0.826055 0.762907
vt 0.827347 0.761293
vt 0.825686 0.761493
vt 0.826977 0.759876
vt 0.825684 0.760085
vt 0.826975 0.758537
vt 0.825682 0.758737
vt 0.826973 0.757255
vt 0.825641 0.728666
vt 0.826933 0.728665
vt 0.988454 0.559914
vt 0.988375 0.557922
vt 0.987079 0.559534
vt 0.989748 0.558302
vt 0.990753 0.559337
vt 0.989461 0.560952
vt 0.991121 0.560751
vt 0.989829 0.562369
vt 0.989829 0.564933
vt 0.991121 0.563358
vt 0.989829 0.757567
vt 0.991121 0.759147
vt 0.989829 0.759874
vt 0.991121 0.761492
vt 0.989461 0.761292
vt 0.990753 0.762906
vt 0.988454 0.762329
vt 0.989748 0.763942
vt 0.826973 0.565208
vt 0.825641 0.593577
vt 0.826933 0.593579
vt 0.825682 0.563737
vt 0.826975 0.563707
vt 0.825684 0.562159
vt 0.826977 0.562368
vt 0.825686 0.560750
vt 0.827347 0.560951
vt 0.826055 0.559336
vt 0.828355 0.559914
vt 0.827061 0.558301
vt 0.828434 0.557922
vt 0.829729 0.559534
vt 0.831896 0.559534
vt 0.830636 0.557923
vt 0.984732 0.559534
vt 0.985989 0.557922
vt 0.294816 0.811492
vt 0.291171 0.813104
vt 0.292469 0.811492
vt 0.293557 0.813104
vt 0.447648 0.811495
vt 0.448910 0.813107
vt 0.449814 0.811495
vt 0.451111 0.813107
vt 0.451193 0.811112
vt 0.452487 0.812725
vt 0.453510 0.811676
vt 0.452219 0.810058
vt 0.453915 0.810230
vt 0.452628 0.808605
vt 0.453961 0.808784
vt 0.452677 0.807227
vt 0.454006 0.807399
vt 0.452723 0.805907
vt 0.455004 0.776512
vt 0.453712 0.776469
vt 0.291096 0.608700
vt 0.291175 0.606704
vt 0.292472 0.608316
vt 0.289802 0.607084
vt 0.288796 0.608124
vt 0.290089 0.609749
vt 0.288428 0.609544
vt 0.289720 0.611183
vt 0.289720 0.613747
vt 0.288428 0.612151
vt 0.289716 0.806318
vt 0.288424 0.807918
vt 0.289716 0.808624
vt 0.288424 0.810263
vt 0.290085 0.810058
vt 0.288792 0.811683
vt 0.291093 0.811108
vt 0.289798 0.812723
vt 0.452731 0.614129
vt 0.455004 0.643297
vt 0.453712 0.643341
vt 0.454014 0.612648
vt 0.452677 0.612584
vt 0.453961 0.611027
vt 0.452628 0.611205
vt 0.453915 0.609580
vt 0.452219 0.609752
vt 0.453510 0.608134
vt 0.451193 0.608698
vt 0.452488 0.607085
vt 0.451112 0.606704
vt 0.449814 0.608316
vt 0.447648 0.608316
vt 0.448910 0.606704
vt 0.294819 0.608316
vt 0.293561 0.606704
vt 0.163085 0.204300
vt 0.181399 0.206691
vt 0.163086 0.206685
vt 0.181399 0.204304
vt 0.163039 0.048946
vt 0.181353 0.048930
vt 0.163038 0.046744
vt 0.181352 0.046728
vt 0.181325 0.045310
vt 0.163020 0.045320
vt 0.181252 0.043874
vt 0.162969 0.043878
vt 0.181151 0.042421
vt 0.162899 0.042418
vt 0.181051 0.041014
vt 0.162830 0.041011
vt 0.180954 0.039667
vt 0.162764 0.039665
vt 0.178808 0.009620
vt 0.161289 0.009631
vt 0.181399 0.416078
vt 0.163086 0.416084
vt 0.163086 0.414659
vt 0.181400 0.414660
vt 0.181400 0.413223
vt 0.163086 0.413216
vt 0.181400 0.411768
vt 0.163086 0.411755
vt 0.163086 0.409148
vt 0.181400 0.409161
vt 0.163086 0.213359
vt 0.181400 0.213346
vt 0.163086 0.211014
vt 0.181400 0.211001
vt 0.163086 0.209553
vt 0.181400 0.209546
vt 0.163086 0.208110
vt 0.181400 0.208109
vt 0.162753 0.583335
vt 0.178808 0.613149
vt 0.161289 0.613138
vt 0.180938 0.583333
vt 0.162830 0.581758
vt 0.181051 0.581755
vt 0.162899 0.580351
vt 0.181151 0.580348
vt 0.162969 0.578891
vt 0.181252 0.578895
vt 0.163020 0.577449
vt 0.181325 0.577460
vt 0.163038 0.576025
vt 0.181352 0.576041
vt 0.163039 0.573823
vt 0.181353 0.573839
vt 0.163085 0.418469
vt 0.181399 0.418465
vt 0.985855 0.261580
vt 0.989499 0.259969
vt 0.988202 0.261580
vt 0.987114 0.259969
vt 0.833023 0.261579
vt 0.831762 0.259967
vt 0.830857 0.261579
vt 0.829560 0.259967
vt 0.829481 0.261962
vt 0.828186 0.260347
vt 0.827178 0.261388
vt 0.828470 0.263010
vt 0.826804 0.262810
vt 0.828095 0.264444
vt 0.826796 0.264223
vt 0.828087 0.265787
vt 0.826788 0.265807
vt 0.828078 0.267293
vt 0.826625 0.295742
vt 0.827917 0.295750
vt 0.989576 0.464372
vt 0.989497 0.466368
vt 0.988200 0.464756
vt 0.990871 0.465987
vt 0.991877 0.464947
vt 0.990584 0.463322
vt 0.992245 0.463527
vt 0.990953 0.461888
vt 0.990953 0.459582
vt 0.992245 0.461183
vt 0.990955 0.267012
vt 0.992247 0.265416
vt 0.990955 0.264448
vt 0.992247 0.262809
vt 0.990586 0.263014
vt 0.991879 0.261389
vt 0.989578 0.261965
vt 0.990873 0.260349
vt 0.828079 0.459263
vt 0.826625 0.430593
vt 0.827917 0.430586
vt 0.826789 0.460760
vt 0.828087 0.460548
vt 0.826796 0.462112
vt 0.828095 0.461891
vt 0.826804 0.463525
vt 0.828470 0.463325
vt 0.827178 0.464947
vt 0.829481 0.464373
vt 0.828186 0.465987
vt 0.829560 0.466368
vt 0.830857 0.464756
vt 0.833023 0.464756
vt 0.831762 0.466368
vt 0.985853 0.464756
vt 0.987112 0.466368
vt 0.234373 0.109371
vt 0.236981 0.114200
vt 0.212491 0.097399
vt 0.230865 0.105137
vt 0.226589 0.101663
vt 0.221712 0.099082
vt 0.212491 0.208364
vt 0.212491 0.210686
vt 0.209338 0.210686
vt 0.209338 0.208364
vt 0.212491 0.206917
vt 0.209338 0.206917
vt 0.212491 0.205492
vt 0.209338 0.205492
vt 0.212491 0.204087
vt 0.209338 0.204087
vt 0.212491 0.202503
vt 0.209338 0.202503
vt 0.212491 0.172088
vt 0.209338 0.172088
vt 0.209338 0.152383
vt 0.212491 0.152383
vt 0.239128 0.124891
vt 0.238586 0.119441
vt 0.238586 0.130341
vt 0.236981 0.135582
vt 0.234373 0.140412
vt 0.230865 0.144645
vt 0.226589 0.148119
vt 0.221712 0.150701
vt 0.200118 0.150701
vt 0.195240 0.148119
vt 0.190964 0.144645
vt 0.187456 0.140412
vt 0.184848 0.135582
vt 0.183243 0.130341
vt 0.182701 0.124891
vt 0.195240 0.101663
vt 0.200118 0.099082
vt 0.209338 0.097399
vt 0.190964 0.105137
vt 0.187456 0.109371
vt 0.184848 0.114200
vt 0.183243 0.119441
vt 0.212491 0.077694
vt 0.209338 0.077694
vt 0.212491 0.046933
vt 0.209338 0.046933
vt 0.212491 0.045695
vt 0.209338 0.045695
vt 0.212426 0.044291
vt 0.209275 0.044291
vt 0.212249 0.042868
vt 0.209101 0.042867
vt 0.212007 0.041425
vt 0.208864 0.041424
vt 0.211765 0.040032
vt 0.208628 0.040031
vt 0.211534 0.038699
vt 0.208402 0.038698
vt 0.206372 0.009620
vt 0.203356 0.009621
vt 0.195240 0.467373
vt 0.200118 0.464791
vt 0.209338 0.463109
vt 0.190964 0.470847
vt 0.187456 0.475081
vt 0.184848 0.479910
vt 0.183243 0.485151
vt 0.182701 0.490601
vt 0.209338 0.518093
vt 0.183243 0.496051
vt 0.184848 0.501292
vt 0.187456 0.506122
vt 0.190964 0.510355
vt 0.195240 0.513829
vt 0.200118 0.516411
vt 0.212491 0.463109
vt 0.212491 0.518093
vt 0.212491 0.443404
vt 0.209338 0.443404
vt 0.212491 0.412989
vt 0.209338 0.412989
vt 0.212491 0.411405
vt 0.209338 0.411405
vt 0.212491 0.410001
vt 0.209338 0.410001
vt 0.212491 0.408575
vt 0.209338 0.408575
vt 0.212491 0.407128
vt 0.209338 0.407128
vt 0.212491 0.404547
vt 0.209338 0.404547
vt 0.221712 0.464791
vt 0.226589 0.467373
vt 0.230865 0.470847
vt 0.234373 0.475081
vt 0.236981 0.479910
vt 0.238586 0.485151
vt 0.239128 0.490601
vt 0.238586 0.496051
vt 0.236981 0.501292
vt 0.234373 0.506122
vt 0.230865 0.510355
vt 0.226589 0.513829
vt 0.221712 0.516411
vt 0.208363 0.577023
vt 0.206372 0.605872
vt 0.203356 0.605872
vt 0.211494 0.577022
vt 0.208628 0.575461
vt 0.211765 0.575460
vt 0.208864 0.574068
vt 0.212007 0.574067
vt 0.209101 0.572625
vt 0.212249 0.572625
vt 0.209275 0.571201
vt 0.212426 0.571201
vt 0.209338 0.569797
vt 0.212491 0.569797
vt 0.212491 0.568559
vt 0.209338 0.568559
vt 0.212491 0.537798
vt 0.209338 0.537798
vt 0.257945 0.038480
vt 0.257027 0.009622
vt 0.260042 0.009620
vt 0.254815 0.038479
vt 0.257834 0.040042
vt 0.254698 0.040041
vt 0.257735 0.041435
vt 0.254593 0.041434
vt 0.257637 0.042874
vt 0.254489 0.042874
vt 0.257564 0.044296
vt 0.254413 0.044297
vt 0.257538 0.045701
vt 0.254385 0.045702
vt 0.254386 0.047882
vt 0.257538 0.047881
vt 0.254430 0.201727
vt 0.257583 0.201726
vt 0.254430 0.204089
vt 0.257583 0.204089
vt 0.254431 0.205494
vt 0.257584 0.205494
vt 0.257584 0.206916
vt 0.254431 0.206918
vt 0.257584 0.208356
vt 0.254431 0.208360
vt 0.254431 0.210941
vt 0.257584 0.210938
vt 0.254431 0.404822
vt 0.257584 0.404826
vt 0.254431 0.407145
vt 0.257584 0.407148
vt 0.254431 0.408587
vt 0.257584 0.408588
vt 0.254431 0.410010
vt 0.257584 0.410011
vt 0.257583 0.411416
vt 0.254430 0.411415
vt 0.254430 0.413778
vt 0.257583 0.413779
vt 0.254386 0.567622
vt 0.257538 0.567624
vt 0.254385 0.569803
vt 0.257538 0.569804
vt 0.254413 0.571208
vt 0.257564 0.571209
vt 0.254489 0.572630
vt 0.257636 0.572631
vt 0.254593 0.574071
vt 0.257735 0.574069
vt 0.254698 0.575464
vt 0.257834 0.575463
vt 0.254798 0.576797
vt 0.257929 0.576796
vt 0.257026 0.605883
vt 0.260042 0.605884
vt 0.250068 0.605873
vt 0.245105 0.576785
vt 0.253084 0.605871
vt 0.241973 0.576783
vt 0.244747 0.575452
vt 0.241610 0.575450
vt 0.244373 0.574059
vt 0.241231 0.574056
vt 0.244001 0.572622
vt 0.240853 0.572622
vt 0.243728 0.571201
vt 0.240577 0.571202
vt 0.243628 0.569797
vt 0.240475 0.569798
vt 0.243628 0.567616
vt 0.240475 0.567618
vt 0.243583 0.413772
vt 0.240430 0.413773
vt 0.243583 0.411410
vt 0.240430 0.411410
vt 0.243582 0.410004
vt 0.240429 0.410005
vt 0.240429 0.408583
vt 0.243582 0.408581
vt 0.240429 0.407142
vt 0.243582 0.407139
vt 0.243582 0.404816
vt 0.240429 0.404820
vt 0.243582 0.210936
vt 0.240429 0.210932
vt 0.243582 0.208354
vt 0.240429 0.208351
vt 0.243582 0.206912
vt 0.240429 0.206911
vt 0.243582 0.205489
vt 0.240429 0.205488
vt 0.240430 0.204083
vt 0.243583 0.204084
vt 0.243583 0.201721
vt 0.240431 0.201720
vt 0.243628 0.047877
vt 0.240475 0.047875
vt 0.243628 0.045696
vt 0.240475 0.045695
vt 0.240577 0.044291
vt 0.243728 0.044292
vt 0.240853 0.042871
vt 0.244001 0.042871
vt 0.241231 0.041437
vt 0.244374 0.041434
vt 0.241610 0.040043
vt 0.244747 0.040041
vt 0.242035 0.038481
vt 0.245166 0.038479
vt 0.250068 0.009620
vt 0.253084 0.009622
s 1
usemtl exterior
f 1/1/1 2/2/2 3/3/3
f 1/1/1 4/4/4 2/2/2
f 5/5/5 6/6/6 7/7/7
f 8/8/8 9/9/9 5/5/5
f 5/5/5 9/9/9 6/6/6
f 10/10/10 6/6/6 9/9/9
f 11/11/11 10/10/10 9/9/9
f 11/11/11 9/9/9 12/12/12
f 12/12/12 9/9/9 13/13/13
f 13/13/13 9/9/9 8/8/8
f 13/13/13 8/8/8 14/14/14
f 15/15/15 16/16/16 17/17/17
f 15/15/15 18/18/18 16/16/16
f 19/19/19 20/20/20 21/21/21
f 19/19/19 22/22/22 20/20/20
f 23/23/23 24/24/24 25/25/25
f 23/23/23 26/26/26 24/24/24
f 23/27/23 19/28/19 26/29/26
f 23/27/23 22/30/22 19/28/19
f 27/31/27 28/32/28 29/33/29
f 27/31/27 30/34/27 28/32/28
f 31/35/27 28/32/28 30/34/27
f 31/35/27 32/36/30 28/32/28
f 33/37/27 32/36/30 31/35/27
f 33/37/27 34/38/31 32/36/30
f 35/39/32 36/40/33 37/41/34
f 38/42/35 36/40/33 39/43/36
f 38/42/35 37/41/34 36/40/33
f 40/44/37 37/41/34 38/42/35
f 41/45/38 37/41/34 40/44/37
f 41/45/38 42/46/39 37/41/34
f 42/46/39 43/47/40 37/41/34
f 35/39/32 37/41/34 43/47/40
f 35/39/32 43/47/40 44/48/41
f 45/49/42 46/50/43 47/51/44
f 48/52/45 49/53/46 45/49/42
f 45/49/42 49/53/46 46/50/43
f 50/54/47 46/50/43 49/53/46
f 51/55/48 50/54/47 49/53/46
f 51/55/48 49/53/46 52/56/49
f 52/56/49 49/53/46 53/57/50
f 53/57/50 49/53/46 48/52/45
f 53/57/50 48/52/45 54/58/51
f 55/59/23 28/60/28 32/61/30
f 55/59/23 56/62/52 28/60/28
f 57/63/53 58/64/53 59/65/53
f 57/63/53 60/66/53 58/64/53
f 61/67/54 62/68/55 63/69/56
f 61/67/54 63/69/56 64/70/57
f 64/70/57 65/71/58 61/67/54
f 66/72/59 64/70/57 63/69/56
f 67/73/60 66/72/59 68/74/61
f 68/74/61 66/72/59 63/69/56
f 68/74/61 63/69/56 69/75/62
f 69/75/62 63/69/56 62/68/55
f 62/68/55 70/76/63 69/75/62
f 71/77/64 72/78/65 73/79/66
f 74/80/65 75/81/67 76/82/68
f 77/83/69 74/80/65 76/82/68
f 77/83/69 76/82/68 78/84/70
f 77/83/69 78/84/70 79/85/71
f 77/83/69 79/85/71 80/86/72
f 77/83/69 80/86/72 81/87/73
f 77/83/69 81/87/73 82/88/74
f 77/83/69 82/88/74 83/89/75
f 84/90/76 77/83/69 83/89/75
f 83/89/75 85/91/77 84/90/76
f 85/91/77 86/92/78 84/90/76
f 86/92/78 87/93/79 84/90/76
f 87/93/79 88/94/80 84/90/76
f 88/94/80 89/95/81 84/90/76
f 89/95/81 73/79/66 84/90/76
f 72/78/65 84/90/76 73/79/66
f 72/78/65 90/96/82 84/90/76
f 72/78/65 91/97/65 90/96/82
f 92/98/83 93/99/84 94/100/85
f 92/98/83 95/101/86 93/99/84
f 96/102/87 95/101/86 92/98/83
f 96/102/87 97/103/88 95/101/86
f 97/103/88 96/102/87 98/104/65
f 97/103/88 98/104/65 99/105/89
f 99/105/89 98/104/65 74/80/65
f 99/105/89 74/80/65 77/83/69
f 91/97/65 100/106/90 90/96/82
f 91/97/65 101/107/91 100/106/90
f 101/107/91 102/108/92 100/106/90
f 101/107/91 103/109/93 102/108/92
f 103/109/93 104/110/94 102/108/92
f 103/109/93 105/111/95 104/110/94
f 104/110/94 105/111/95 106/112/96
f 104/110/94 106/112/96 107/113/97
f 107/113/97 106/112/96 108/114/98
f 107/113/97 108/114/98 109/115/99
f 109/115/99 108/114/98 110/116/100
f 109/115/99 110/116/100 111/117/101
f 111/117/101 110/116/100 112/118/102
f 111/117/101 112/118/102 113/119/103
f 114/120/104 115/121/104 116/122/104
f 114/120/104 117/123/104 115/121/104
f 118/124/105 119/125/105 120/126/105
f 118/124/105 121/127/105 119/125/105
f 122/128/106 30/129/27 27/130/27
f 122/128/106 7/131/7 30/129/27
f 123/132/107 7/131/7 122/128/106
f 123/132/107 5/133/5 7/131/7
f 124/134/108 5/133/5 123/132/107
f 124/134/108 8/135/8 5/133/5
f 125/136/109 8/135/8 124/134/108
f 125/136/109 14/137/14 8/135/8
f 59/138/53 14/137/14 125/136/109
f 59/138/53 58/139/53 14/137/14
f 126/140/110 127/141/111 128/142/112
f 129/143/113 130/144/114 131/145/115
f 129/143/113 132/146/116 130/144/114
f 133/147/110 132/146/116 129/143/113
f 133/147/110 134/148/117 132/146/116
f 126/140/110 134/148/117 133/147/110
f 126/140/110 4/149/4 134/148/117
f 4/149/4 126/140/110 128/142/112
f 4/149/4 128/142/112 135/150/118
f 4/149/4 135/150/118 136/151/119
f 4/149/4 136/151/119 137/152/120
f 4/149/4 137/152/120 138/153/121
f 4/149/4 138/153/121 139/154/122
f 4/149/4 139/154/122 140/155/123
f 4/149/4 140/155/123 2/156/2
f 140/155/123 141/157/124 2/156/2
f 141/157/124 142/158/125 2/156/2
f 142/158/125 143/159/126 2/156/2
f 143/159/126 144/160/127 2/156/2
f 144/160/127 145/161/128 2/156/2
f 145/161/128 146/162/129 2/156/2
f 146/162/129 147/163/110 2/156/2
f 146/162/129 148/164/130 147/163/110
f 149/165/131 2/156/2 147/163/110
f 149/165/131 147/163/110 150/166/110
f 151/167/132 149/165/131 150/166/110
f 151/167/132 150/166/110 152/168/133
f 152/168/133 153/169/134 151/167/132
f 152/168/133 154/170/135 153/169/134
f 154/170/135 155/171/136 153/169/134
f 154/170/135 156/172/137 155/171/136
f 156/172/137 157/173/138 155/171/136
f 156/172/137 158/174/139 157/173/138
f 159/175/140 157/173/138 158/174/139
f 159/175/140 158/174/139 160/176/141
f 161/177/142 159/175/140 160/176/141
f 161/177/142 160/176/141 162/178/143
f 163/179/144 161/177/142 162/178/143
f 163/179/144 162/178/143 164/180/145
f 165/181/146 166/182/146 167/183/146
f 165/181/146 168/184/146 166/182/146
f 169/185/31 32/186/30 34/187/31
f 169/185/31 55/188/23 32/186/30
f 23/189/23 20/190/20 22/191/22
f 23/189/23 25/192/25 20/190/20
f 56/193/52 29/194/29 28/195/28
f 56/193/52 170/196/29 29/194/29
f 19/197/19 24/198/24 26/199/26
f 19/197/19 21/200/21 24/198/24
f 171/201/147 84/202/76 172/203/148
f 171/201/147 77/204/69 84/202/76
f 21/205/21 25/206/25 24/207/24
f 21/205/21 20/208/20 25/206/25
f 173/209/149 174/210/150 175/211/151
f 173/209/149 176/212/152 174/210/150
f 177/213/31 178/214/153 179/215/146
f 177/213/31 180/216/154 178/214/153
f 178/214/153 180/216/154 181/217/155
f 178/214/153 181/217/155 182/218/156
f 182/218/156 181/217/155 183/219/157
f 182/218/156 183/219/157 184/220/158
f 184/220/158 183/219/157 185/221/159
f 184/220/158 185/221/159 186/222/160
f 186/222/160 185/221/159 187/223/161
f 186/222/160 187/223/161 188/224/162
f 188/224/162 187/223/161 189/225/163
f 188/224/162 189/225/163 190/226/164
f 189/225/163 191/227/165 190/226/164
f 189/225/163 192/228/166 191/227/165
f 193/229/167 191/227/165 192/228/166
f 193/229/167 194/230/168 191/227/165
f 195/231/169 194/230/168 193/229/167
f 195/231/169 196/232/170 194/230/168
f 197/233/171 196/232/170 195/231/169
f 197/233/171 198/234/172 196/232/170
f 199/235/173 198/234/172 197/233/171
f 199/235/173 200/236/174 198/234/172
f 201/237/175 200/236/174 199/235/173
f 201/237/175 202/238/176 200/236/174
f 201/237/175 203/239/53 202/238/176
f 201/237/175 204/240/29 203/239/53
f 205/241/177 206/242/178 16/243/16
f 205/241/177 207/244/177 206/242/178
f 207/244/177 208/245/179 206/242/178
f 207/244/177 209/246/180 208/245/179
f 209/246/180 210/247/181 208/245/179
f 209/246/180 211/248/182 210/247/181
f 211/248/182 212/249/183 210/247/181
f 211/248/182 213/250/184 212/249/183
f 213/250/184 214/251/185 212/249/183
f 213/250/184 215/252/186 214/251/185
f 215/252/186 216/253/187 214/251/185
f 215/252/186 217/254/188 216/253/187
f 217/254/188 218/255/187 216/253/187
f 217/254/188 219/256/188 218/255/187
f 219/256/188 220/257/189 218/255/187
f 219/256/188 221/258/190 220/257/189
f 94/100/85 220/257/189 221/258/190
f 94/100/85 93/99/84 220/257/189
f 222/259/191 223/260/192 224/261/193
f 225/262/193 226/263/194 227/264/195
f 176/265/152 225/262/193 227/264/195
f 176/265/152 227/264/195 228/266/196
f 176/265/152 228/266/196 229/267/197
f 176/265/152 229/267/197 230/268/198
f 176/265/152 230/268/198 231/269/199
f 176/265/152 231/269/199 232/270/200
f 176/265/152 232/270/200 233/271/201
f 176/265/152 233/271/201 174/272/150
f 233/271/201 234/273/202 174/272/150
f 234/273/202 235/274/203 174/272/150
f 235/274/203 236/275/204 174/272/150
f 236/275/204 237/276/205 174/272/150
f 237/276/205 238/277/206 174/272/150
f 238/277/206 222/259/191 174/272/150
f 222/259/191 224/261/193 174/272/150
f 239/278/207 174/272/150 224/261/193
f 239/278/207 224/261/193 240/279/193
f 241/280/208 239/278/207 240/279/193
f 241/280/208 240/279/193 242/281/209
f 242/281/209 243/282/210 241/280/208
f 242/281/209 244/283/211 243/282/210
f 244/283/211 245/284/212 243/282/210
f 244/283/211 246/285/213 245/284/212
f 246/285/213 247/286/214 245/284/212
f 246/285/213 248/287/215 247/286/214
f 249/288/187 247/286/214 248/287/215
f 249/288/187 250/289/188 247/286/214
f 251/290/187 250/289/188 249/288/187
f 251/290/187 252/291/188 250/289/188
f 253/292/216 252/291/188 251/290/187
f 253/292/216 254/293/217 252/291/188
f 255/294/218 254/293/217 253/292/216
f 255/294/218 256/295/219 254/293/217
f 131/145/115 256/295/219 255/294/218
f 131/145/115 130/144/114 256/295/219
f 257/296/220 172/203/148 84/202/76
f 257/296/220 84/202/76 90/297/82
f 258/298/221 257/296/220 90/297/82
f 258/298/221 90/297/82 100/299/90
f 100/299/90 259/300/222 258/298/221
f 100/299/90 102/301/92 259/300/222
f 259/300/222 102/301/92 104/302/94
f 259/300/222 104/302/94 260/303/223
f 260/303/223 104/302/94 107/304/97
f 260/303/223 107/304/97 261/305/224
f 261/305/224 107/304/97 109/306/99
f 261/305/224 109/306/99 262/307/225
f 262/307/225 109/306/99 111/308/101
f 262/307/225 111/308/101 263/309/226
f 263/309/226 111/308/101 113/310/103
f 263/309/226 113/310/103 264/311/227
f 116/312/104 115/313/104 51/314/48
f 116/312/104 51/314/48 67/315/60
f 51/314/48 66/316/59 67/315/60
f 51/314/48 52/317/49 66/316/59
f 52/317/49 64/318/57 66/316/59
f 52/317/49 53/319/50 64/318/57
f 53/319/50 65/320/58 64/318/57
f 53/319/50 54/321/51 65/320/58
f 168/322/146 65/320/58 54/321/51
f 168/322/146 165/323/146 65/320/58
f 58/324/53 60/325/53 44/326/41
f 58/324/53 44/326/41 14/327/14
f 44/326/41 13/328/13 14/327/14
f 44/326/41 43/329/40 13/328/13
f 43/329/40 12/330/12 13/328/13
f 43/329/40 42/331/39 12/330/12
f 42/331/39 11/332/11 12/330/12
f 42/331/39 41/333/38 11/332/11
f 117/334/104 11/332/11 41/333/38
f 117/334/104 114/335/104 11/332/11
f 36/336/33 265/337/228 39/338/36
f 36/336/33 266/339/229 265/337/228
f 35/340/32 266/339/229 36/336/33
f 35/340/32 267/341/230 266/339/229
f 44/342/41 267/341/230 35/340/32
f 44/342/41 268/343/231 267/341/230
f 60/344/53 268/343/231 44/342/41
f 60/344/53 57/345/53 268/343/231
f 166/346/146 168/347/146 54/348/51
f 166/346/146 54/348/51 269/349/232
f 48/350/45 269/349/232 54/348/51
f 48/350/45 270/351/233 269/349/232
f 45/352/42 270/351/233 48/350/45
f 45/352/42 271/353/234 270/351/233
f 47/354/44 271/353/234 45/352/42
f 47/354/44 272/355/235 271/353/234
f 119/356/105 272/355/235 47/354/44
f 119/356/105 121/357/105 272/355/235
f 121/357/105 265/337/228 272/355/235
f 121/357/105 118/358/105 265/337/228
f 118/358/105 39/338/36 265/337/228
f 118/358/105 120/359/105 39/338/36
f 273/360/177 274/361/236 275/362/237
f 273/360/177 275/362/237 276/363/110
f 277/364/177 273/360/177 276/363/110
f 277/364/177 276/363/110 278/365/110
f 279/366/238 277/364/177 278/365/110
f 279/366/238 278/365/110 280/367/239
f 280/367/239 281/368/240 279/366/238
f 280/367/239 282/369/241 281/368/240
f 282/369/241 283/370/242 281/368/240
f 282/369/241 284/371/243 283/370/242
f 284/371/243 285/372/244 283/370/242
f 284/371/243 286/373/245 285/372/244
f 287/374/246 285/372/244 286/373/245
f 287/374/246 286/373/245 288/375/247
f 289/376/248 287/374/246 288/375/247
f 289/376/248 288/375/247 290/377/249
f 291/378/250 289/376/248 290/377/249
f 291/378/250 290/377/249 292/379/251
f 293/380/252 294/381/253 295/382/254
f 293/380/252 296/383/255 294/381/253
f 294/381/253 296/383/255 297/384/256
f 294/381/253 297/384/256 298/385/257
f 298/385/257 297/384/256 299/386/258
f 298/385/257 299/386/258 300/387/259
f 301/388/188 300/387/259 299/386/258
f 301/388/188 299/386/258 302/389/187
f 303/390/188 301/388/188 302/389/187
f 303/390/188 302/389/187 304/391/187
f 305/392/260 303/390/188 304/391/187
f 305/392/260 304/391/187 306/393/261
f 307/394/262 305/392/260 306/393/261
f 307/394/262 306/393/261 308/395/263
f 309/396/264 307/394/262 308/395/263
f 309/396/264 308/395/263 310/397/265
f 275/362/237 309/396/264 310/397/265
f 275/362/237 274/361/236 309/396/264
f 115/398/104 117/399/104 41/400/38
f 115/398/104 41/400/38 51/401/48
f 41/400/38 50/402/47 51/401/48
f 41/400/38 40/403/37 50/402/47
f 40/403/37 46/404/43 50/402/47
f 40/403/37 38/405/35 46/404/43
f 38/405/35 47/406/44 46/404/43
f 38/405/35 39/407/36 47/406/44
f 120/408/105 47/406/44 39/407/36
f 120/408/105 119/409/105 47/406/44
f 169/410/31 204/411/29 201/412/175
f 55/413/23 169/410/31 201/412/175
f 55/413/23 201/412/175 199/414/173
f 55/413/23 199/414/173 197/415/171
f 55/413/23 197/415/171 195/416/169
f 55/413/23 195/416/169 193/417/167
f 55/413/23 193/417/167 192/418/166
f 192/418/166 56/419/52 55/413/23
f 192/418/166 189/420/163 56/419/52
f 189/420/163 187/421/161 56/419/52
f 187/421/161 185/422/159 56/419/52
f 185/422/159 183/423/157 56/419/52
f 183/423/157 181/424/155 56/419/52
f 181/424/155 180/425/154 56/419/52
f 180/425/154 170/426/29 56/419/52
f 180/425/154 177/427/31 170/426/29
f 311/428/266 312/429/177 18/430/18
f 311/428/266 313/431/177 312/429/177
f 314/432/267 313/431/177 311/428/266
f 314/432/267 315/433/268 313/431/177
f 315/433/268 314/432/267 316/434/269
f 315/433/268 316/434/269 317/435/270
f 317/435/270 316/434/269 318/436/271
f 317/435/270 318/436/271 319/437/272
f 318/436/271 320/438/273 319/437/272
f 318/436/271 321/439/274 320/438/273
f 322/440/275 320/438/273 321/439/274
f 322/440/275 321/439/274 323/441/276
f 324/442/277 322/440/275 323/441/276
f 324/442/277 323/441/276 325/443/278
f 326/444/279 324/442/277 325/443/278
f 326/444/279 325/443/278 327/445/280
f 328/446/281 329/447/282 205/241/177
f 328/446/281 205/241/177 16/243/16
f 330/448/283 328/446/281 16/243/16
f 331/449/284 330/448/283 16/243/16
f 332/450/285 331/449/284 16/243/16
f 333/451/286 332/450/285 16/243/16
f 334/452/287 333/451/286 16/243/16
f 335/453/288 334/452/287 16/243/16
f 16/243/16 18/430/18 335/453/288
f 18/430/18 336/454/289 335/453/288
f 18/430/18 337/455/290 336/454/289
f 18/430/18 338/456/291 337/455/290
f 18/430/18 339/457/292 338/456/291
f 18/430/18 340/458/293 339/457/292
f 18/430/18 341/459/294 340/458/293
f 18/430/18 312/429/177 341/459/294
f 312/429/177 342/460/295 341/459/294
f 31/461/27 30/462/27 7/463/7
f 31/461/27 7/463/7 70/464/63
f 7/463/7 69/465/62 70/464/63
f 7/463/7 6/466/6 69/465/62
f 6/466/6 68/467/61 69/465/62
f 6/466/6 10/468/10 68/467/61
f 68/467/61 10/468/10 11/469/11
f 68/467/61 11/469/11 67/470/60
f 114/471/104 67/470/60 11/469/11
f 114/471/104 116/472/104 67/470/60
f 33/473/27 31/474/27 70/475/63
f 33/473/27 70/475/63 343/476/296
f 70/475/63 344/477/297 343/476/296
f 70/475/63 62/478/55 344/477/297
f 61/479/54 344/477/297 62/478/55
f 61/479/54 345/480/298 344/477/297
f 61/479/54 346/481/299 345/480/298
f 61/479/54 65/482/58 346/481/299
f 165/483/146 346/481/299 65/482/58
f 165/483/146 167/484/146 346/481/299
f 347/485/300 348/486/301 349/487/302
f 347/485/300 350/488/303 348/486/301
f 351/489/304 350/488/303 347/485/300
f 351/489/304 352/490/305 350/488/303
f 353/491/306 352/490/305 351/489/304
f 353/491/306 354/492/307 352/490/305
f 355/493/308 354/492/307 353/491/306
f 355/493/308 356/494/309 354/492/307
f 357/495/310 356/494/309 355/493/308
f 357/495/310 358/496/311 356/494/309
f 359/497/312 358/496/311 357/495/310
f 359/497/312 360/498/313 358/496/311
f 361/499/193 360/498/313 359/497/312
f 361/499/193 362/500/314 360/498/313
f 225/262/193 362/500/314 361/499/193
f 225/262/193 176/265/152 362/500/314
f 363/501/315 176/212/152 173/209/149
f 363/501/315 362/502/314 176/212/152
f 364/503/316 362/502/314 363/501/315
f 364/503/316 360/504/313 362/502/314
f 360/504/313 364/503/316 365/505/317
f 360/504/313 365/505/317 358/506/311
f 365/505/317 356/507/309 358/506/311
f 365/505/317 366/508/318 356/507/309
f 366/508/318 354/509/307 356/507/309
f 366/508/318 367/510/319 354/509/307
f 367/510/319 352/511/305 354/509/307
f 367/510/319 368/512/320 352/511/305
f 368/512/320 350/513/303 352/511/305
f 368/512/320 369/514/321 350/513/303
f 369/514/321 348/515/301 350/513/303
f 369/514/321 370/516/322 348/515/301
f 93/517/84 371/518/323 372/519/324
f 93/517/84 95/520/86 371/518/323
f 371/518/323 95/520/86 97/521/88
f 371/518/323 97/521/88 373/522/325
f 373/522/325 97/521/88 99/523/89
f 373/522/325 99/523/89 374/524/326
f 374/524/326 99/523/89 77/204/69
f 374/524/326 77/204/69 171/201/147
f 375/525/327 17/17/17 16/16/16
f 375/525/327 16/16/16 206/526/178
f 376/527/328 375/525/327 206/526/178
f 376/527/328 206/526/178 208/528/179
f 208/528/179 377/529/329 376/527/328
f 208/528/179 210/530/181 377/529/329
f 377/529/329 210/530/181 212/531/183
f 377/529/329 212/531/183 378/532/330
f 378/532/330 212/531/183 214/533/185
f 378/532/330 214/533/185 379/534/331
f 379/534/331 214/533/185 216/535/187
f 379/534/331 216/535/187 380/536/332
f 380/536/332 216/535/187 218/537/187
f 380/536/332 218/537/187 381/538/332
f 381/538/332 218/537/187 220/539/189
f 381/538/332 220/539/189 382/540/333
f 220/539/189 372/519/324 382/540/333
f 220/539/189 93/517/84 372/519/324
f 383/541/334 18/18/18 15/15/15
f 383/541/334 311/542/266 18/18/18
f 384/543/335 311/542/266 383/541/334
f 384/543/335 314/544/267 311/542/266
f 385/545/336 314/544/267 384/543/335
f 385/545/336 316/546/269 314/544/267
f 318/547/271 316/546/269 385/545/336
f 318/547/271 385/545/336 386/548/337
f 321/549/274 318/547/271 386/548/337
f 321/549/274 386/548/337 387/550/338
f 387/550/338 323/551/276 321/549/274
f 387/550/338 388/552/339 323/551/276
f 388/552/339 325/553/278 323/551/276
f 388/552/339 389/554/340 325/553/278
f 389/554/340 327/555/280 325/553/278
f 389/554/340 390/556/341 327/555/280
f 391/557/177 392/558/342 393/559/343
f 391/557/177 393/559/343 394/560/110
f 395/561/177 391/557/177 394/560/110
f 395/561/177 394/560/110 396/562/110
f 397/563/344 395/561/177 396/562/110
f 397/563/344 396/562/110 398/564/345
f 398/564/345 399/565/346 397/563/344
f 398/564/345 400/566/347 399/565/346
f 400/566/347 401/567/348 399/565/346
f 400/566/347 402/568/349 401/567/348
f 402/568/349 403/569/350 401/567/348
f 402/568/349 404/570/351 403/569/350
f 405/571/352 403/569/350 404/570/351
f 405/571/352 404/570/351 406/572/353
f 407/573/354 405/571/352 406/572/353
f 407/573/354 406/572/353 408/574/355
f 409/575/356 407/573/354 408/574/355
f 409/575/356 408/574/355 410/576/357
f 411/577/358 412/578/359 413/579/360
f 411/577/358 414/580/361 412/578/359
f 412/578/359 414/580/361 415/581/362
f 412/578/359 415/581/362 416/582/363
f 416/582/363 415/581/362 417/583/364
f 416/582/363 417/583/364 418/584/365
f 419/585/188 418/584/365 417/583/364
f 419/585/188 417/583/364 420/586/187
f 421/587/188 419/585/188 420/586/187
f 421/587/188 420/586/187 422/588/187
f 423/589/366 421/587/188 422/588/187
f 423/589/366 422/588/187 424/590/367
f 425/591/368 423/589/366 424/590/367
f 425/591/368 424/590/367 426/592/369
f 427/593/370 425/591/368 426/592/369
f 427/593/370 426/592/369 428/594/371
f 393/559/343 427/593/370 428/594/371
f 393/559/343 392/558/342 427/593/370
f 429/595/372 430/596/373 431/597/374
f 429/595/372 432/598/375 430/596/373
f 433/599/376 432/598/375 429/595/372
f 433/599/376 434/600/377 432/598/375
f 435/601/378 434/600/377 433/599/376
f 435/601/378 436/602/379 434/600/377
f 437/603/380 436/602/379 435/601/378
f 437/603/380 438/604/381 436/602/379
f 439/605/382 438/604/381 437/603/380
f 439/605/382 440/606/383 438/604/381
f 441/607/384 440/606/383 439/605/382
f 441/607/384 442/608/385 440/606/383
f 443/609/65 442/608/385 441/607/384
f 443/609/65 441/607/384 444/610/193
f 445/611/65 443/609/65 444/610/193
f 445/611/65 444/610/193 446/612/193
f 295/382/254 445/611/65 446/612/193
f 295/382/254 446/612/193 293/380/252
f 411/613/358 447/614/193 448/615/386
f 411/613/358 449/616/193 447/614/193
f 449/616/193 450/617/193 447/614/193
f 449/616/193 451/618/193 450/617/193
f 451/618/193 452/619/387 450/617/193
f 451/618/193 453/620/388 452/619/387
f 453/620/388 454/621/389 452/619/387
f 453/620/388 455/622/390 454/621/389
f 455/622/390 456/623/391 454/621/389
f 455/622/390 457/624/392 456/623/391
f 457/624/392 458/625/393 456/623/391
f 457/624/392 459/626/394 458/625/393
f 459/626/394 460/627/395 458/625/393
f 459/626/394 461/628/396 460/627/395
f 461/628/396 462/629/397 460/627/395
f 461/628/396 463/630/398 462/629/397
f 463/630/398 464/631/399 462/629/397
f 463/630/398 465/632/400 464/631/399
f 393/633/343 466/634/401 467/635/402
f 393/633/343 428/636/371 466/634/401
f 428/636/371 468/637/403 466/634/401
f 428/636/371 426/638/369 468/637/403
f 426/638/369 469/639/404 468/637/403
f 426/638/369 424/640/367 469/639/404
f 424/640/367 470/641/187 469/639/404
f 424/640/367 422/642/187 470/641/187
f 422/642/187 471/643/187 470/641/187
f 422/642/187 420/644/187 471/643/187
f 420/644/187 472/645/405 471/643/187
f 420/644/187 417/646/364 472/645/405
f 417/646/364 473/647/406 472/645/405
f 417/646/364 415/648/362 473/647/406
f 415/648/362 474/649/407 473/647/406
f 415/648/362 414/650/361 474/649/407
f 414/650/361 448/615/386 474/649/407
f 414/650/361 411/613/358 448/615/386
f 410/651/357 475/652/408 476/653/409
f 410/651/357 408/654/355 475/652/408
f 408/654/355 477/655/410 475/652/408
f 408/654/355 406/656/353 477/655/410
f 406/656/353 478/657/411 477/655/410
f 406/656/353 404/658/351 478/657/411
f 404/658/351 479/659/412 478/657/411
f 404/658/351 402/660/349 479/659/412
f 402/660/349 480/661/413 479/659/412
f 402/660/349 400/662/347 480/661/413
f 400/662/347 481/663/414 480/661/413
f 400/662/347 398/664/345 481/663/414
f 398/664/345 482/665/110 481/663/414
f 398/664/345 396/666/110 482/665/110
f 396/666/110 483/667/110 482/665/110
f 396/666/110 394/668/110 483/667/110
f 394/668/110 467/635/402 483/667/110
f 394/668/110 393/633/343 467/635/402
f 484/669/104 485/670/104 413/671/360
f 484/669/104 413/671/360 412/672/359
f 416/673/363 484/669/104 412/672/359
f 416/673/363 486/674/104 484/669/104
f 418/675/365 486/674/104 416/673/363
f 418/675/365 487/676/104 486/674/104
f 419/677/188 487/676/104 418/675/365
f 419/677/188 488/678/104 487/676/104
f 421/679/188 488/678/104 419/677/188
f 421/679/188 489/680/104 488/678/104
f 423/681/366 489/680/104 421/679/188
f 423/681/366 490/682/104 489/680/104
f 423/681/366 491/683/104 490/682/104
f 423/681/366 425/684/368 491/683/104
f 425/684/368 492/685/104 491/683/104
f 425/684/368 427/686/370 492/685/104
f 492/685/104 427/686/370 392/687/342
f 492/685/104 392/687/342 493/688/104
f 493/688/104 392/687/342 391/689/177
f 493/688/104 391/689/177 494/690/104
f 494/690/104 391/689/177 395/691/177
f 494/690/104 395/691/177 495/692/104
f 495/692/104 395/691/177 397/693/344
f 495/692/104 397/693/344 496/694/415
f 497/695/416 496/694/415 397/693/344
f 497/695/416 397/693/344 399/696/346
f 401/697/348 497/695/416 399/696/346
f 401/697/348 498/698/417 497/695/416
f 403/699/350 498/698/417 401/697/348
f 403/699/350 499/700/418 498/698/417
f 499/700/418 403/699/350 405/701/352
f 499/700/418 405/701/352 500/702/419
f 500/702/419 405/701/352 407/703/354
f 500/702/419 407/703/354 501/704/420
f 501/704/420 407/703/354 409/705/356
f 501/704/420 409/705/356 502/706/421
f 503/707/422 163/708/144 504/709/423
f 503/707/422 161/710/142 163/708/144
f 505/711/424 161/710/142 503/707/422
f 505/711/424 159/712/140 161/710/142
f 506/713/425 159/712/140 505/711/424
f 506/713/425 157/714/138 159/712/140
f 157/714/138 506/713/425 507/715/426
f 157/714/138 507/715/426 155/716/136
f 155/716/136 507/715/426 508/717/427
f 155/716/136 508/717/427 153/718/134
f 508/717/427 151/719/132 153/718/134
f 508/717/427 509/720/428 151/719/132
f 509/720/428 149/721/131 151/719/132
f 509/720/428 510/722/429 149/721/131
f 510/722/429 2/2/2 149/721/131
f 510/722/429 3/3/3 2/2/2
f 511/723/430 512/724/431 513/725/432
f 511/723/430 513/725/432 514/726/433
f 515/727/434 511/723/430 514/726/433
f 515/727/434 514/726/433 516/728/435
f 517/729/436 515/727/434 516/728/435
f 517/729/436 516/728/435 518/730/437
f 519/731/438 517/729/436 518/730/437
f 519/731/438 518/730/437 520/732/439
f 521/733/440 519/731/438 520/732/439
f 521/733/440 520/732/439 522/734/441
f 523/735/442 521/733/440 522/734/441
f 523/735/442 524/736/443 521/733/440
f 524/736/443 523/735/442 525/737/65
f 524/736/443 525/737/65 526/738/104
f 526/738/104 525/737/65 527/739/65
f 526/738/104 527/739/65 528/740/104
f 528/740/104 527/739/65 413/671/360
f 528/740/104 413/671/360 485/670/104
f 245/741/212 529/742/444 530/743/445
f 245/741/212 530/743/445 243/744/210
f 530/743/445 241/745/208 243/744/210
f 530/743/445 531/746/446 241/745/208
f 531/746/446 239/747/207 241/745/208
f 531/746/446 532/748/447 239/747/207
f 532/748/447 174/210/150 239/747/207
f 532/748/447 175/211/151 174/210/150
f 533/749/448 4/4/4 1/1/1
f 533/749/448 134/750/117 4/4/4
f 534/751/449 134/750/117 533/749/448
f 534/751/449 132/752/116 134/750/117
f 132/752/116 534/751/449 535/753/450
f 132/752/116 535/753/450 130/754/114
f 535/753/450 256/755/219 130/754/114
f 535/753/450 536/756/451 256/755/219
f 536/756/451 254/757/217 256/755/219
f 536/756/451 537/758/452 254/757/217
f 252/759/188 254/757/217 537/758/452
f 252/759/188 537/758/452 538/760/104
f 250/761/188 252/759/188 538/760/104
f 250/761/188 538/760/104 539/762/104
f 247/763/214 250/761/188 539/762/104
f 247/763/214 539/762/104 540/764/453
f 247/763/214 540/764/453 529/742/444
f 247/763/214 529/742/444 245/741/212
f 541/765/454 542/766/177 543/767/455
f 541/765/454 544/768/177 542/766/177
f 544/768/177 545/769/177 542/766/177
f 544/768/177 546/770/177 545/769/177
f 546/770/177 547/771/456 545/769/177
f 546/770/177 548/772/457 547/771/456
f 548/772/457 549/773/458 547/771/456
f 548/772/457 550/774/459 549/773/458
f 550/774/459 551/775/460 549/773/458
f 550/774/459 552/776/461 551/775/460
f 552/776/461 553/777/462 551/775/460
f 552/776/461 554/778/463 553/777/462
f 554/778/463 555/779/464 553/777/462
f 554/778/463 556/780/465 555/779/464
f 556/780/465 557/781/466 555/779/464
f 556/780/465 558/782/467 557/781/466
f 558/782/467 559/783/468 557/781/466
f 558/782/467 560/784/469 559/783/468
f 561/785/470 562/786/471 563/787/472
f 561/785/470 564/788/473 562/786/471
f 564/788/473 565/789/474 562/786/471
f 564/788/473 566/790/475 565/789/474
f 566/790/475 567/791/476 565/789/474
f 566/790/475 568/792/477 567/791/476
f 568/792/477 569/793/188 567/791/476
f 568/792/477 570/794/188 569/793/188
f 570/794/188 571/795/188 569/793/188
f 570/794/188 572/796/188 571/795/188
f 572/796/188 573/797/478 571/795/188
f 572/796/188 574/798/479 573/797/478
f 574/798/479 575/799/480 573/797/478
f 574/798/479 576/800/481 575/799/480
f 576/800/481 577/801/482 575/799/480
f 576/800/481 578/802/483 577/801/482
f 578/802/483 543/767/455 577/801/482
f 578/802/483 541/765/454 543/767/455
f 579/803/484 580/804/485 581/805/486
f 579/803/484 582/806/487 580/804/485
f 582/806/487 583/807/488 580/804/485
f 582/806/487 584/808/489 583/807/488
f 584/808/489 585/809/490 583/807/488
f 584/808/489 586/810/491 585/809/490
f 586/810/491 587/811/492 585/809/490
f 586/810/491 588/812/493 587/811/492
f 588/812/493 589/813/494 587/811/492
f 588/812/493 590/814/495 589/813/494
f 590/814/495 591/815/496 589/813/494
f 590/814/495 592/816/497 591/815/496
f 592/816/497 593/817/65 591/815/496
f 592/816/497 594/818/65 593/817/65
f 594/818/65 595/819/65 593/817/65
f 594/818/65 596/820/65 595/819/65
f 596/820/65 563/787/472 595/819/65
f 596/820/65 561/785/470 563/787/472
f 293/821/252 597/822/193 598/823/498
f 293/821/252 446/824/193 597/822/193
f 446/824/193 599/825/193 597/822/193
f 446/824/193 444/826/193 599/825/193
f 444/826/193 600/827/499 599/825/193
f 444/826/193 441/828/384 600/827/499
f 441/828/384 601/829/500 600/827/499
f 441/828/384 439/830/382 601/829/500
f 439/830/382 602/831/501 601/829/500
f 439/830/382 437/832/380 602/831/501
f 437/832/380 603/833/502 602/831/501
f 437/832/380 435/834/378 603/833/502
f 435/834/378 604/835/503 603/833/502
f 435/834/378 433/836/376 604/835/503
f 433/836/376 605/837/504 604/835/503
f 433/836/376 429/838/372 605/837/504
f 429/838/372 606/839/505 605/837/504
f 429/838/372 431/840/374 606/839/505
f 275/841/237 607/842/506 608/843/402
f 275/841/237 310/844/265 607/842/506
f 310/844/265 609/845/507 607/842/506
f 310/844/265 308/846/263 609/845/507
f 308/846/263 610/847/508 609/845/507
f 308/846/263 306/848/261 610/847/508
f 306/848/261 611/849/187 610/847/508
f 306/848/261 304/850/187 611/849/187
f 304/850/187 612/851/187 611/849/187
f 304/850/187 302/852/187 612/851/187
f 302/852/187 613/853/509 612/851/187
f 302/852/187 299/854/258 613/853/509
f 299/854/258 614/855/510 613/853/509
f 299/854/258 297/856/256 614/855/510
f 297/856/256 615/857/511 614/855/510
f 297/856/256 296/858/255 615/857/511
f 296/858/255 598/823/498 615/857/511
f 296/858/255 293/821/252 598/823/498
f 292/859/251 616/860/512 617/861/513
f 292/859/251 290/862/249 616/860/512
f 290/862/249 618/863/514 616/860/512
f 290/862/249 288/864/247 618/863/514
f 288/864/247 619/865/515 618/863/514
f 288/864/247 286/866/245 619/865/515
f 286/866/245 620/867/516 619/865/515
f 286/866/245 284/868/243 620/867/516
f 284/868/243 621/869/517 620/867/516
f 284/868/243 282/870/241 621/869/517
f 282/870/241 622/871/518 621/869/517
f 282/870/241 280/872/239 622/871/518
f 280/872/239 623/873/110 622/871/518
f 280/872/239 278/874/110 623/873/110
f 278/874/110 624/875/110 623/873/110
f 278/874/110 276/876/110 624/875/110
f 276/876/110 608/843/402 624/875/110
f 276/876/110 275/841/237 608/843/402
f 625/877/342 626/878/177 627/879/455
f 625/877/342 628/880/177 626/878/177
f 628/880/177 629/881/177 626/878/177
f 628/880/177 630/882/177 629/881/177
f 630/882/177 631/883/519 629/881/177
f 630/882/177 632/884/520 631/883/519
f 632/884/520 633/885/521 631/883/519
f 632/884/520 634/886/522 633/885/521
f 634/886/522 635/887/523 633/885/521
f 634/886/522 636/888/524 635/887/523
f 636/888/524 637/889/525 635/887/523
f 636/888/524 638/890/526 637/889/525
f 638/890/526 639/891/527 637/889/525
f 638/890/526 640/892/528 639/891/527
f 640/892/528 641/893/529 639/891/527
f 640/892/528 642/894/530 641/893/529
f 642/894/530 643/895/531 641/893/529
f 642/894/530 644/896/532 643/895/531
f 645/897/360 646/898/533 647/899/472
f 645/897/360 648/900/534 646/898/533
f 648/900/534 649/901/535 646/898/533
f 648/900/534 650/902/536 649/901/535
f 650/902/536 651/903/537 649/901/535
f 650/902/536 652/904/538 651/903/537
f 652/904/538 653/905/188 651/903/537
f 652/904/538 654/906/188 653/905/188
f 654/906/188 655/907/188 653/905/188
f 654/906/188 656/908/188 655/907/188
f 656/908/188 657/909/539 655/907/188
f 656/908/188 658/910/540 657/909/539
f 658/910/540 659/911/541 657/909/539
f 658/910/540 660/912/542 659/911/541
f 660/912/542 661/913/543 659/911/541
f 660/912/542 662/914/544 661/913/543
f 662/914/544 627/879/455 661/913/543
f 662/914/544 625/877/342 627/879/455
f 663/915/545 664/916/546 665/917/547
f 663/915/545 666/918/548 664/916/546
f 666/918/548 667/919/549 664/916/546
f 666/918/548 668/920/550 667/919/549
f 668/920/550 669/921/551 667/919/549
f 668/920/550 670/922/552 669/921/551
f 670/922/552 671/923/553 669/921/551
f 670/922/552 672/924/554 671/923/553
f 672/924/554 673/925/555 671/923/553
f 672/924/554 674/926/556 673/925/555
f 674/926/556 675/927/557 673/925/555
f 674/926/556 676/928/558 675/927/557
f 676/928/558 677/929/65 675/927/557
f 676/928/558 678/930/65 677/929/65
f 678/930/65 679/931/65 677/929/65
f 678/930/65 680/932/65 679/931/65
f 680/932/65 647/899/472 679/931/65
f 680/932/65 645/897/360 647/899/472
f 361/933/193 681/934/559 682/935/193
f 361/933/193 359/936/312 681/934/559
f 359/936/312 683/937/560 681/934/559
f 359/936/312 357/938/310 683/937/560
f 357/938/310 684/939/561 683/937/560
f 357/938/310 355/940/308 684/939/561
f 355/940/308 685/941/562 684/939/561
f 355/940/308 353/942/306 685/941/562
f 353/942/306 686/943/563 685/941/562
f 353/942/306 351/944/304 686/943/563
f 351/944/304 687/945/564 686/943/563
f 351/944/304 347/946/300 687/945/564
f 347/946/300 688/947/565 687/945/564
f 347/946/300 349/948/302 688/947/565
f 233/949/201 689/950/566 690/951/567
f 233/949/201 232/952/200 689/950/566
f 232/952/200 691/953/568 689/950/566
f 232/952/200 231/954/199 691/953/568
f 231/954/199 692/955/569 691/953/568
f 231/954/199 230/956/198 692/955/569
f 230/956/198 693/957/570 692/955/569
f 230/956/198 229/958/197 693/957/570
f 229/958/197 694/959/571 693/957/570
f 229/958/197 228/960/196 694/959/571
f 228/960/196 695/961/572 694/959/571
f 228/960/196 227/962/195 695/961/572
f 227/962/195 696/963/573 695/961/572
f 227/962/195 226/964/194 696/963/573
f 226/964/194 697/965/193 696/963/573
f 226/964/194 225/966/193 697/965/193
f 225/966/193 682/935/193 697/965/193
f 225/966/193 361/933/193 682/935/193
f 240/967/193 698/968/193 699/969/193
f 240/967/193 224/970/193 698/968/193
f 224/970/193 700/971/574 698/968/193
f 224/970/193 223/972/192 700/971/574
f 223/972/192 701/973/575 700/971/574
f 223/972/192 222/974/191 701/973/575
f 222/974/191 702/975/576 701/973/575
f 222/974/191 238/976/206 702/975/576
f 238/976/206 703/977/577 702/975/576
f 238/976/206 237/978/205 703/977/577
f 237/978/205 704/979/578 703/977/577
f 237/978/205 236/980/204 704/979/578
f 236/980/204 705/981/579 704/979/578
f 236/980/204 235/982/203 705/981/579
f 235/982/203 706/983/580 705/981/579
f 235/982/203 234/984/202 706/983/580
f 234/984/202 690/951/567 706/983/580
f 234/984/202 233/949/201 690/951/567
f 131/985/115 707/986/581 708/987/582
f 131/985/115 255/988/218 707/986/581
f 255/988/218 709/989/583 707/986/581
f 255/988/218 253/990/216 709/989/583
f 253/990/216 710/991/187 709/989/583
f 253/990/216 251/992/187 710/991/187
f 251/992/187 711/993/187 710/991/187
f 251/992/187 249/994/187 711/993/187
f 249/994/187 712/995/584 711/993/187
f 249/994/187 248/996/215 712/995/584
f 248/996/215 713/997/585 712/995/584
f 248/996/215 246/998/213 713/997/585
f 246/998/213 714/999/586 713/997/585
f 246/998/213 244/1000/211 714/999/586
f 244/1000/211 715/1001/587 714/999/586
f 244/1000/211 242/1002/209 715/1001/587
f 242/1002/209 699/969/193 715/1001/587
f 242/1002/209 240/967/193 699/969/193
f 138/1003/121 716/1004/588 717/1005/589
f 138/1003/121 137/1006/120 716/1004/588
f 137/1006/120 718/1007/590 716/1004/588
f 137/1006/120 136/1008/119 718/1007/590
f 136/1008/119 719/1009/591 718/1007/590
f 136/1008/119 135/1010/118 719/1009/591
f 135/1010/118 720/1011/592 719/1009/591
f 135/1010/118 128/1012/112 720/1011/592
f 128/1012/112 721/1013/593 720/1011/592
f 128/1012/112 127/1014/111 721/1013/593
f 127/1014/111 722/1015/110 721/1013/593
f 127/1014/111 126/1016/110 722/1015/110
f 126/1016/110 723/1017/110 722/1015/110
f 126/1016/110 133/1018/110 723/1017/110
f 133/1018/110 724/1019/594 723/1017/110
f 133/1018/110 129/1020/113 724/1019/594
f 129/1020/113 708/987/582 724/1019/594
f 129/1020/113 131/985/115 708/987/582
f 148/1021/130 725/1022/595 726/1023/596
f 148/1021/130 146/1024/129 725/1022/595
f 146/1024/129 727/1025/597 725/1022/595
f 146/1024/129 145/1026/128 727/1025/597
f 145/1026/128 728/1027/598 727/1025/597
f 145/1026/128 144/1028/127 728/1027/598
f 144/1028/127 729/1029/599 728/1027/598
f 144/1028/127 143/1030/126 729/1029/599
f 143/1030/126 730/1031/600 729/1029/599
f 143/1030/126 142/1032/125 730/1031/600
f 142/1032/125 731/1033/601 730/1031/600
f 142/1032/125 141/1034/124 731/1033/601
f 141/1034/124 732/1035/602 731/1033/601
f 141/1034/124 140/1036/123 732/1035/602
f 140/1036/123 733/1037/603 732/1035/602
f 140/1036/123 139/1038/122 733/1037/603
f 139/1038/122 717/1005/589 733/1037/603
f 139/1038/122 138/1003/121 717/1005/589
f 164/1039/145 734/1040/604 735/1041/605
f 164/1039/145 162/1042/143 734/1040/604
f 162/1042/143 736/1043/606 734/1040/604
f 162/1042/143 160/1044/141 736/1043/606
f 160/1044/141 737/1045/607 736/1043/606
f 160/1044/141 158/1046/139 737/1045/607
f 158/1046/139 738/1047/608 737/1045/607
f 158/1046/139 156/1048/137 738/1047/608
f 156/1048/137 739/1049/609 738/1047/608
f 156/1048/137 154/1050/135 739/1049/609
f 154/1050/135 740/1051/610 739/1049/609
f 154/1050/135 152/1052/133 740/1051/610
f 152/1052/133 741/1053/110 740/1051/610
f 152/1052/133 150/1054/110 741/1053/110
f 150/1054/110 742/1055/110 741/1053/110
f 150/1054/110 147/1056/110 742/1055/110
f 147/1056/110 726/1023/596 742/1055/110
f 147/1056/110 148/1021/130 726/1023/596
f 313/1057/177 743/1058/611 744/1059/177
f 313/1057/177 315/1060/268 743/1058/611
f 315/1060/268 745/1061/612 743/1058/611
f 315/1060/268 317/1062/270 745/1061/612
f 317/1062/270 746/1063/613 745/1061/612
f 317/1062/270 319/1064/272 746/1063/613
f 319/1064/272 747/1065/614 746/1063/613
f 319/1064/272 320/1066/273 747/1065/614
f 320/1066/273 748/1067/615 747/1065/614
f 320/1066/273 322/1068/275 748/1067/615
f 322/1068/275 749/1069/616 748/1067/615
f 322/1068/275 324/1070/277 749/1069/616
f 324/1070/277 750/1071/617 749/1069/616
f 324/1070/277 326/1072/279 750/1071/617
f 335/1073/288 751/1074/618 752/1075/619
f 335/1073/288 336/1076/289 751/1074/618
f 336/1076/289 753/1077/620 751/1074/618
f 336/1076/289 337/1078/290 753/1077/620
f 337/1078/290 754/1079/621 753/1077/620
f 337/1078/290 338/1080/291 754/1079/621
f 338/1080/291 755/1081/622 754/1079/621
f 338/1080/291 339/1082/292 755/1081/622
f 339/1082/292 756/1083/623 755/1081/622
f 339/1082/292 340/1084/293 756/1083/623
f 340/1084/293 757/1085/624 756/1083/623
f 340/1084/293 341/1086/294 757/1085/624
f 341/1086/294 758/1087/625 757/1085/624
f 341/1086/294 342/1088/295 758/1087/625
f 342/1088/295 759/1089/177 758/1087/625
f 342/1088/295 312/1090/177 759/1089/177
f 312/1090/177 744/1059/177 759/1089/177
f 312/1090/177 313/1057/177 744/1059/177
f 207/1091/177 760/1092/177 761/1093/177
f 207/1091/177 205/1094/177 760/1092/177
f 205/1094/177 762/1095/626 760/1092/177
f 205/1094/177 329/1096/282 762/1095/626
f 329/1096/282 763/1097/627 762/1095/626
f 329/1096/282 328/1098/281 763/1097/627
f 328/1098/281 764/1099/628 763/1097/627
f 328/1098/281 330/1100/283 764/1099/628
f 330/1100/283 765/1101/629 764/1099/628
f 330/1100/283 331/1102/284 765/1101/629
f 331/1102/284 766/1103/630 765/1101/629
f 331/1102/284 332/1104/285 766/1103/630
f 332/1104/285 767/1105/631 766/1103/630
f 332/1104/285 333/1106/286 767/1105/631
f 333/1106/286 768/1107/632 767/1105/631
f 333/1106/286 334/1108/287 768/1107/632
f 334/1108/287 752/1075/619 768/1107/632
f 334/1108/287 335/1073/288 752/1075/619
f 92/1109/83 769/1110/633 770/1111/634
f 92/1109/83 94/1112/85 769/1110/633
f 94/1112/85 771/1113/635 769/1110/633
f 94/1112/85 221/1114/190 771/1113/635
f 221/1114/190 772/1115/188 771/1113/635
f 221/1114/190 219/1116/188 772/1115/188
f 219/1116/188 773/1117/188 772/1115/188
f 219/1116/188 217/1118/188 773/1117/188
f 217/1118/188 774/1119/636 773/1117/188
f 217/1118/188 215/1120/186 774/1119/636
f 215/1120/186 775/1121/637 774/1119/636
f 215/1120/186 213/1122/184 775/1121/637
f 213/1122/184 776/1123/638 775/1121/637
f 213/1122/184 211/1124/182 776/1123/638
f 211/1124/182 777/1125/639 776/1123/638
f 211/1124/182 209/1126/180 777/1125/639
f 209/1126/180 761/1093/177 777/1125/639
f 209/1126/180 207/1091/177 761/1093/177
f 81/1127/73 778/1128/640 779/1129/641
f 81/1127/73 80/1130/72 778/1128/640
f 80/1130/72 780/1131/642 778/1128/640
f 80/1130/72 79/1132/71 780/1131/642
f 79/1132/71 781/1133/643 780/1131/642
f 79/1132/71 78/1134/70 781/1133/643
f 78/1134/70 782/1135/644 781/1133/643
f 78/1134/70 76/1136/68 782/1135/644
f 76/1136/68 783/1137/645 782/1135/644
f 76/1136/68 75/1138/67 783/1137/645
f 75/1138/67 784/1139/65 783/1137/645
f 75/1138/67 74/1140/65 784/1139/65
f 74/1140/65 785/1141/65 784/1139/65
f 74/1140/65 98/1142/65 785/1141/65
f 98/1142/65 786/1143/646 785/1141/65
f 98/1142/65 96/1144/87 786/1143/646
f 96/1144/87 770/1111/634 786/1143/646
f 96/1144/87 92/1109/83 770/1111/634
f 71/1145/64 787/1146/647 788/1147/648
f 71/1145/64 73/1148/66 787/1146/647
f 73/1148/66 789/1149/649 787/1146/647
f 73/1148/66 89/1150/81 789/1149/649
f 89/1150/81 790/1151/650 789/1149/649
f 89/1150/81 88/1152/80 790/1151/650
f 88/1152/80 791/1153/651 790/1151/650
f 88/1152/80 87/1154/79 791/1153/651
f 87/1154/79 792/1155/652 791/1153/651
f 87/1154/79 86/1156/78 792/1155/652
f 86/1156/78 793/1157/653 792/1155/652
f 86/1156/78 85/1158/77 793/1157/653
f 85/1158/77 794/1159/654 793/1157/653
f 85/1158/77 83/1160/75 794/1159/654
f 83/1160/75 795/1161/655 794/1159/654
f 83/1160/75 82/1162/74 795/1161/655
f 82/1162/74 779/1129/641 795/1161/655
f 82/1162/74 81/1127/73 779/1129/641
f 112/1163/102 796/1164/656 797/1165/657
f 112/1163/102 110/1166/100 796/1164/656
f 110/1166/100 798/1167/658 796/1164/656
f 110/1166/100 108/1168/98 798/1167/658
f 108/1168/98 799/1169/659 798/1167/658
f 108/1168/98 106/1170/96 799/1169/659
f 106/1170/96 800/1171/660 799/1169/659
f 106/1170/96 105/1172/95 800/1171/660
f 105/1172/95 801/1173/661 800/1171/660
f 105/1172/95 103/1174/93 801/1173/661
f 103/1174/93 802/1175/662 801/1173/661
f 103/1174/93 101/1176/91 802/1175/662
f 101/1176/91 803/1177/65 802/1175/662
f 101/1176/91 91/1178/65 803/1177/65
f 91/1178/65 804/1179/65 803/1177/65
f 91/1178/65 72/1180/65 804/1179/65
f 72/1180/65 788/1147/648 804/1179/65
f 72/1180/65 71/1145/64 788/1147/648
f 805/1181/663 579/1182/484 806/1183/664
f 805/1181/663 582/1184/487 579/1182/484
f 807/1185/665 582/1184/487 805/1181/663
f 807/1185/665 584/1186/489 582/1184/487
f 808/1187/666 584/1186/489 807/1185/665
f 808/1187/666 586/1188/491 584/1186/489
f 809/1189/667 586/1188/491 808/1187/666
f 809/1189/667 588/1190/493 586/1188/491
f 810/1191/668 588/1190/493 809/1189/667
f 810/1191/668 590/1192/495 588/1190/493
f 811/1193/669 590/1192/495 810/1191/668
f 811/1193/669 592/1194/497 590/1192/495
f 812/1195/193 592/1194/497 811/1193/669
f 812/1195/193 594/1196/65 592/1194/497
f 813/1197/193 594/1196/65 812/1195/193
f 813/1197/193 596/1198/65 594/1196/65
f 814/1199/670 596/1198/65 813/1197/193
f 814/1199/670 561/1200/470 596/1198/65
f 561/1200/470 814/1199/670 815/1201/671
f 561/1200/470 815/1201/671 564/1202/473
f 815/1201/671 566/1203/475 564/1202/473
f 815/1201/671 816/1204/672 566/1203/475
f 816/1204/672 568/1205/477 566/1203/475
f 816/1204/672 817/1206/673 568/1205/477
f 570/1207/188 568/1205/477 817/1206/673
f 570/1207/188 817/1206/673 818/1208/187
f 572/1209/188 570/1207/188 818/1208/187
f 572/1209/188 818/1208/187 819/1210/187
f 574/1211/479 572/1209/188 819/1210/187
f 574/1211/479 819/1210/187 820/1212/674
f 821/1213/675 574/1211/479 820/1212/674
f 821/1213/675 576/1214/481 574/1211/479
f 822/1215/676 576/1214/481 821/1213/675
f 822/1215/676 578/1216/483 576/1214/481
f 541/1217/454 578/1216/483 822/1215/676
f 541/1217/454 822/1215/676 823/1218/677
f 824/1219/110 541/1217/454 823/1218/677
f 824/1219/110 544/1220/177 541/1217/454
f 825/1221/110 544/1220/177 824/1219/110
f 825/1221/110 546/1222/177 544/1220/177
f 826/1223/678 546/1222/177 825/1221/110
f 826/1223/678 548/1224/457 546/1222/177
f 826/1223/678 550/1225/459 548/1224/457
f 826/1223/678 827/1226/679 550/1225/459
f 827/1226/679 552/1227/461 550/1225/459
f 827/1226/679 828/1228/680 552/1227/461
f 828/1228/680 554/1229/463 552/1227/461
f 828/1228/680 829/1230/681 554/1229/463
f 556/1231/465 554/1229/463 829/1230/681
f 556/1231/465 829/1230/681 830/1232/682
f 558/1233/467 556/1231/465 830/1232/682
f 558/1233/467 830/1232/682 831/1234/683
f 560/1235/469 558/1233/467 831/1234/683
f 560/1235/469 831/1234/683 832/1236/684
f 463/1237/398 513/1238/432 465/1239/400
f 463/1237/398 514/1240/433 513/1238/432
f 461/1241/396 514/1240/433 463/1237/398
f 461/1241/396 516/1242/435 514/1240/433
f 459/1243/394 516/1242/435 461/1241/396
f 459/1243/394 518/1244/437 516/1242/435
f 457/1245/392 518/1244/437 459/1243/394
f 457/1245/392 520/1246/439 518/1244/437
f 455/1247/390 520/1246/439 457/1245/392
f 455/1247/390 522/1248/441 520/1246/439
f 453/1249/388 522/1248/441 455/1247/390
f 453/1249/388 523/1250/442 522/1248/441
f 525/1251/65 523/1250/442 453/1249/388
f 525/1251/65 453/1249/388 451/1252/193
f 527/1253/65 525/1251/65 451/1252/193
f 527/1253/65 451/1252/193 449/1254/193
f 413/579/360 527/1253/65 449/1254/193
f 413/579/360 449/1254/193 411/577/358
f 833/1255/332 834/1256/343 835/1257/332
f 833/1255/332 836/1258/110 834/1256/343
f 837/1259/332 836/1258/110 833/1255/332
f 837/1259/332 838/1260/110 836/1258/110
f 839/1261/685 838/1260/110 837/1259/332
f 839/1261/685 840/1262/686 838/1260/110
f 840/1262/686 839/1261/685 841/1263/687
f 840/1262/686 841/1263/687 842/1264/688
f 841/1263/687 843/1265/689 842/1264/688
f 841/1263/687 844/1266/690 843/1265/689
f 844/1266/690 845/1267/691 843/1265/689
f 844/1266/690 846/1268/692 845/1267/691
f 846/1268/692 847/1269/693 845/1267/691
f 846/1268/692 848/1270/694 847/1269/693
f 848/1270/694 849/1271/695 847/1269/693
f 848/1270/694 850/1272/696 849/1271/695
f 850/1272/696 851/1273/697 849/1271/695
f 850/1272/696 852/1274/698 851/1273/697
f 853/1275/332 854/1276/358 855/1277/332
f 853/1275/332 856/1278/699 854/1276/358
f 857/1279/700 856/1278/699 853/1275/332
f 857/1279/700 853/1275/332 858/1280/332
f 859/1281/701 857/1279/700 858/1280/332
f 859/1281/701 858/1280/332 860/1282/332
f 861/1283/332 859/1281/701 860/1282/332
f 861/1283/332 862/1284/187 859/1281/701
f 863/1285/332 862/1284/187 861/1283/332
f 863/1285/332 864/1286/187 862/1284/187
f 865/1287/332 864/1286/187 863/1285/332
f 865/1287/332 866/1288/702 864/1286/187
f 866/1288/702 865/1287/332 867/1289/332
f 866/1288/702 867/1289/332 868/1290/703
f 868/1290/703 867/1289/332 869/1291/332
f 868/1290/703 869/1291/332 870/1292/704
f 869/1291/332 834/1256/343 870/1292/704
f 869/1291/332 835/1257/332 834/1256/343
f 871/1293/705 872/1294/706 873/1295/707
f 871/1293/705 874/1296/708 872/1294/706
f 875/1297/709 874/1296/708 871/1293/705
f 875/1297/709 876/1298/710 874/1296/708
f 877/1299/711 876/1298/710 875/1297/709
f 877/1299/711 878/1300/712 876/1298/710
f 879/1301/713 878/1300/712 877/1299/711
f 879/1301/713 880/1302/714 878/1300/712
f 881/1303/715 880/1302/714 879/1301/713
f 881/1303/715 882/1304/716 880/1302/714
f 883/1305/717 882/1304/716 881/1303/715
f 883/1305/717 881/1303/715 884/1306/718
f 885/1307/332 883/1305/717 884/1306/718
f 885/1307/332 886/1308/193 883/1305/717
f 887/1309/332 886/1308/193 885/1307/332
f 887/1309/332 888/1310/193 886/1308/193
f 855/1277/332 888/1310/193 887/1309/332
f 855/1277/332 854/1276/358 888/1310/193
f 889/1311/332 823/1312/677 890/1313/332
f 889/1311/332 824/1314/110 823/1312/677
f 891/1315/332 824/1314/110 889/1311/332
f 891/1315/332 825/1316/110 824/1314/110
f 892/1317/719 825/1316/110 891/1315/332
f 892/1317/719 826/1318/678 825/1316/110
f 893/1319/720 826/1318/678 892/1317/719
f 893/1319/720 827/1320/679 826/1318/678
f 828/1321/680 827/1320/679 893/1319/720
f 828/1321/680 893/1319/720 894/1322/721
f 829/1323/681 828/1321/680 894/1322/721
f 829/1323/681 894/1322/721 895/1324/722
f 895/1324/722 830/1325/682 829/1323/681
f 895/1324/722 896/1326/723 830/1325/682
f 896/1326/723 831/1327/683 830/1325/682
f 896/1326/723 897/1328/724 831/1327/683
f 897/1328/724 832/1329/684 831/1327/683
f 897/1328/724 898/1330/725 832/1329/684
f 899/1331/332 814/1332/670 900/1333/332
f 899/1331/332 815/1334/671 814/1332/670
f 816/1335/672 815/1334/671 899/1331/332
f 816/1335/672 899/1331/332 901/1336/332
f 817/1337/673 816/1335/672 901/1336/332
f 817/1337/673 901/1336/332 902/1338/332
f 903/1339/332 817/1337/673 902/1338/332
f 903/1339/332 818/1340/187 817/1337/673
f 904/1341/332 818/1340/187 903/1339/332
f 904/1341/332 819/1342/187 818/1340/187
f 905/1343/332 819/1342/187 904/1341/332
f 905/1343/332 820/1344/674 819/1342/187
f 820/1344/674 905/1343/332 906/1345/332
f 820/1344/674 906/1345/332 821/1346/675
f 821/1346/675 906/1345/332 907/1347/332
f 821/1346/675 907/1347/332 822/1348/676
f 907/1347/332 823/1312/677 822/1348/676
f 907/1347/332 890/1313/332 823/1312/677
f 908/1349/726 806/1350/664 909/1351/727
f 908/1349/726 805/1352/663 806/1350/664
f 910/1353/728 805/1352/663 908/1349/726
f 910/1353/728 807/1354/665 805/1352/663
f 911/1355/729 807/1354/665 910/1353/728
f 911/1355/729 808/1356/666 807/1354/665
f 912/1357/730 808/1356/666 911/1355/729
f 912/1357/730 809/1358/667 808/1356/666
f 913/1359/731 809/1358/667 912/1357/730
f 913/1359/731 810/1360/668 809/1358/667
f 811/1361/669 810/1360/668 913/1359/731
f 811/1361/669 913/1359/731 914/1362/732
f 915/1363/332 811/1361/669 914/1362/732
f 915/1363/332 812/1364/193 811/1361/669
f 916/1365/332 812/1364/193 915/1363/332
f 916/1365/332 813/1366/193 812/1364/193
f 900/1333/332 813/1366/193 916/1365/332
f 900/1333/332 814/1332/670 813/1366/193
f 836/1367/110 625/1368/342 834/1369/343
f 836/1367/110 628/1370/177 625/1368/342
f 838/1371/110 628/1370/177 836/1367/110
f 838/1371/110 630/1372/177 628/1370/177
f 840/1373/686 630/1372/177 838/1371/110
f 840/1373/686 632/1374/520 630/1372/177
f 840/1373/686 634/1375/522 632/1374/520
f 840/1373/686 842/1376/688 634/1375/522
f 842/1376/688 636/1377/524 634/1375/522
f 842/1376/688 843/1378/689 636/1377/524
f 843/1378/689 638/1379/526 636/1377/524
f 843/1378/689 845/1380/691 638/1379/526
f 640/1381/528 638/1379/526 845/1380/691
f 640/1381/528 845/1380/691 847/1382/693
f 642/1383/530 640/1381/528 847/1382/693
f 642/1383/530 847/1382/693 849/1384/695
f 644/1385/532 642/1383/530 849/1384/695
f 644/1385/532 849/1384/695 851/1386/697
f 645/1387/360 854/1388/358 856/1389/699
f 645/1387/360 856/1389/699 648/1390/534
f 856/1389/699 650/1391/536 648/1390/534
f 856/1389/699 857/1392/700 650/1391/536
f 857/1392/700 652/1393/538 650/1391/536
f 857/1392/700 859/1394/701 652/1393/538
f 862/1395/187 652/1393/538 859/1394/701
f 862/1395/187 654/1396/188 652/1393/538
f 864/1397/187 654/1396/188 862/1395/187
f 864/1397/187 656/1398/188 654/1396/188
f 866/1399/702 656/1398/188 864/1397/187
f 866/1399/702 658/1400/540 656/1398/188
f 868/1401/703 658/1400/540 866/1399/702
f 868/1401/703 660/1402/542 658/1400/540
f 870/1403/704 660/1402/542 868/1401/703
f 870/1403/704 662/1404/544 660/1402/542
f 625/1368/342 662/1404/544 870/1403/704
f 625/1368/342 870/1403/704 834/1369/343
f 874/1405/708 663/1406/545 872/1407/706
f 874/1405/708 666/1408/548 663/1406/545
f 876/1409/710 666/1408/548 874/1405/708
f 876/1409/710 668/1410/550 666/1408/548
f 878/1411/712 668/1410/550 876/1409/710
f 878/1411/712 670/1412/552 668/1410/550
f 880/1413/714 670/1412/552 878/1411/712
f 880/1413/714 672/1414/554 670/1412/552
f 882/1415/716 672/1414/554 880/1413/714
f 882/1415/716 674/1416/556 672/1414/554
f 883/1417/717 674/1416/556 882/1415/716
f 883/1417/717 676/1418/558 674/1416/556
f 886/1419/193 676/1418/558 883/1417/717
f 886/1419/193 678/1420/65 676/1418/558
f 888/1421/193 678/1420/65 886/1419/193
f 888/1421/193 680/1422/65 678/1420/65
f 854/1388/358 680/1422/65 888/1421/193
f 854/1388/358 645/1387/360 680/1422/65
f 917/1423/104 295/1424/254 918/1425/104
f 917/1423/104 445/1426/65 295/1424/254
f 919/1427/104 445/1426/65 917/1423/104
f 919/1427/104 443/1428/65 445/1426/65
f 920/1429/733 443/1428/65 919/1427/104
f 920/1429/733 442/1430/385 443/1428/65
f 442/1430/385 920/1429/733 921/1431/734
f 442/1430/385 921/1431/734 440/1432/383
f 921/1431/734 438/1433/381 440/1432/383
f 921/1431/734 922/1434/735 438/1433/381
f 922/1434/735 436/1435/379 438/1433/381
f 922/1434/735 923/1436/736 436/1435/379
f 923/1436/736 434/1437/377 436/1435/379
f 923/1436/736 924/1438/737 434/1437/377
f 924/1438/737 432/1439/375 434/1437/377
f 924/1438/737 925/1440/738 432/1439/375
f 925/1440/738 430/1441/373 432/1439/375
f 925/1440/738 926/1442/739 430/1441/373
f 927/1443/104 274/1444/236 928/1445/104
f 927/1443/104 309/1446/264 274/1444/236
f 307/1447/262 309/1446/264 927/1443/104
f 307/1447/262 927/1443/104 929/1448/104
f 305/1449/260 307/1447/262 929/1448/104
f 305/1449/260 929/1448/104 930/1450/104
f 931/1451/104 305/1449/260 930/1450/104
f 931/1451/104 303/1452/188 305/1449/260
f 932/1453/104 303/1452/188 931/1451/104
f 932/1453/104 301/1454/188 303/1452/188
f 933/1455/104 301/1454/188 932/1453/104
f 933/1455/104 300/1456/259 301/1454/188
f 300/1456/259 933/1455/104 934/1457/104
f 300/1456/259 934/1457/104 298/1458/257
f 298/1458/257 934/1457/104 935/1459/104
f 298/1458/257 935/1459/104 294/1460/253
f 935/1459/104 295/1424/254 294/1460/253
f 935/1459/104 918/1425/104 295/1424/254
f 936/1461/740 291/1462/250 937/1463/741
f 936/1461/740 289/1464/248 291/1462/250
f 938/1465/742 289/1464/248 936/1461/740
f 938/1465/742 287/1466/246 289/1464/248
f 939/1467/743 287/1466/246 938/1465/742
f 939/1467/743 285/1468/244 287/1466/246
f 940/1469/744 285/1468/244 939/1467/743
f 940/1469/744 283/1470/242 285/1468/244
f 941/1471/745 283/1470/242 940/1469/744
f 941/1471/745 281/1472/240 283/1470/242
f 279/1473/238 281/1472/240 941/1471/745
f 279/1473/238 941/1471/745 942/1474/746
f 943/1475/104 279/1473/238 942/1474/746
f 943/1475/104 277/1476/177 279/1473/238
f 944/1477/104 277/1476/177 943/1475/104
f 944/1477/104 273/1478/177 277/1476/177
f 928/1445/104 273/1478/177 944/1477/104
f 928/1445/104 274/1444/236 273/1478/177
usemtl lights
f 729/1479/599 730/1480/600 726/1481/596
f 728/1482/598 729/1479/599 726/1481/596
f 727/1483/597 728/1482/598 726/1481/596
f 726/1481/596 725/1484/595 727/1483/597
f 709/1485/583 710/1486/187 773/1487/188
f 709/1485/583 773/1487/188 774/1488/636
f 707/1489/581 709/1485/583 774/1488/636
f 707/1489/581 774/1488/636 775/1490/637
f 708/1491/582 707/1489/581 775/1490/637
f 708/1491/582 775/1490/637 776/1492/638
f 724/1493/594 708/1491/582 776/1492/638
f 724/1493/594 776/1492/638 777/1494/639
f 723/1495/110 724/1493/594 777/1494/639
f 723/1495/110 777/1494/639 761/1496/177
f 722/1497/110 723/1495/110 761/1496/177
f 722/1497/110 761/1496/177 760/1498/177
f 722/1497/110 760/1498/177 762/1499/626
f 722/1497/110 762/1499/626 721/1500/593
f 726/1481/596 721/1500/593 762/1499/626
f 732/1501/602 721/1500/593 726/1481/596
f 731/1502/601 732/1501/602 726/1481/596
f 730/1480/600 731/1502/601 726/1481/596
f 732/1501/602 733/1503/603 721/1500/593
f 733/1503/603 717/1504/589 721/1500/593
f 717/1504/589 716/1505/588 721/1500/593
f 716/1505/588 718/1506/590 721/1500/593
f 718/1506/590 719/1507/591 721/1500/593
f 719/1507/591 720/1508/592 721/1500/593
f 762/1499/626 763/1509/627 764/1510/628
f 762/1499/626 764/1510/628 765/1511/629
f 765/1511/629 766/1512/630 762/1499/626
f 766/1512/630 767/1513/631 762/1499/626
f 767/1513/631 768/1514/632 762/1499/626
f 768/1514/632 752/1515/619 762/1499/626
f 756/1516/623 757/1517/624 758/1518/625
f 755/1519/622 756/1516/623 758/1518/625
f 754/1520/621 755/1519/622 758/1518/625
f 753/1521/620 754/1520/621 758/1518/625
f 751/1522/618 753/1521/620 758/1518/625
f 752/1515/619 751/1522/618 758/1518/625
f 758/1518/625 762/1499/626 752/1515/619
f 726/1481/596 762/1499/626 758/1518/625
f 742/1523/110 726/1481/596 758/1518/625
f 742/1523/110 758/1518/625 759/1524/177
f 741/1525/110 742/1523/110 759/1524/177
f 741/1525/110 759/1524/177 744/1526/177
f 740/1527/610 741/1525/110 744/1526/177
f 740/1527/610 744/1526/177 743/1528/611
f 743/1528/611 739/1529/609 740/1527/610
f 743/1528/611 745/1530/612 739/1529/609
f 745/1530/612 738/1531/608 739/1529/609
f 745/1530/612 746/1532/613 738/1531/608
f 746/1532/613 737/1533/607 738/1531/608
f 746/1532/613 747/1534/614 737/1533/607
f 736/1535/606 737/1533/607 747/1534/614
f 736/1535/606 747/1534/614 748/1536/615
f 734/1537/604 736/1535/606 748/1536/615
f 734/1537/604 748/1536/615 749/1538/616
f 735/1539/605 734/1537/604 749/1538/616
f 735/1539/605 749/1538/616 750/1540/617
f 781/1541/643 782/1542/644 783/1543/645
f 780/1544/642 781/1541/643 783/1543/645
f 778/1545/640 780/1544/642 783/1543/645
f 779/1546/641 778/1545/640 783/1543/645
f 795/1547/655 779/1546/641 783/1543/645
f 794/1548/654 795/1547/655 783/1543/645
f 783/1543/645 788/1549/648 794/1548/654
f 793/1550/653 794/1548/654 788/1549/648
f 792/1551/652 793/1550/653 788/1549/648
f 791/1552/651 792/1551/652 788/1549/648
f 790/1553/650 791/1552/651 788/1549/648
f 788/1549/648 789/1554/649 790/1553/650
f 788/1549/648 787/1555/647 789/1554/649
f 700/1556/574 696/1557/573 788/1549/648
f 700/1556/574 788/1549/648 783/1543/645
f 698/1558/193 700/1556/574 783/1543/645
f 698/1558/193 783/1543/645 784/1559/65
f 699/1560/193 698/1558/193 784/1559/65
f 699/1560/193 784/1559/65 785/1561/65
f 715/1562/587 699/1560/193 785/1561/65
f 715/1562/587 785/1561/65 786/1563/646
f 786/1563/646 714/1564/586 715/1562/587
f 786/1563/646 770/1565/634 714/1564/586
f 770/1565/634 713/1566/585 714/1564/586
f 770/1565/634 769/1567/633 713/1566/585
f 769/1567/633 712/1568/584 713/1566/585
f 769/1567/633 771/1569/635 712/1568/584
f 711/1570/187 712/1568/584 771/1569/635
f 711/1570/187 771/1569/635 772/1571/188
f 710/1486/187 711/1570/187 772/1571/188
f 710/1486/187 772/1571/188 773/1487/188
f 700/1556/574 701/1572/575 702/1573/576
f 702/1573/576 703/1574/577 700/1556/574
f 703/1574/577 704/1575/578 700/1556/574
f 704/1575/578 705/1576/579 700/1556/574
f 705/1576/579 706/1577/580 700/1556/574
f 706/1577/580 690/1578/567 700/1556/574
f 690/1578/567 696/1557/573 700/1556/574
f 690/1578/567 689/1579/566 696/1557/573
f 689/1579/566 691/1580/568 696/1557/573
f 691/1580/568 692/1581/569 696/1557/573
f 692/1581/569 693/1582/570 696/1557/573
f 693/1582/570 694/1583/571 696/1557/573
f 694/1583/571 695/1584/572 696/1557/573
f 796/1585/656 688/1586/565 797/1587/657
f 796/1585/656 687/1588/564 688/1586/565
f 798/1589/658 687/1588/564 796/1585/656
f 798/1589/658 686/1590/563 687/1588/564
f 799/1591/659 686/1590/563 798/1589/658
f 799/1591/659 685/1592/562 686/1590/563
f 800/1593/660 685/1592/562 799/1591/659
f 800/1593/660 684/1594/561 685/1592/562
f 801/1595/661 684/1594/561 800/1593/660
f 801/1595/661 683/1596/560 684/1594/561
f 802/1597/662 683/1596/560 801/1595/661
f 802/1597/662 681/1598/559 683/1596/560
f 682/1599/193 681/1598/559 802/1597/662
f 682/1599/193 802/1597/662 803/1600/65
f 697/1601/193 682/1599/193 803/1600/65
f 697/1601/193 803/1600/65 804/1602/65
f 697/1601/193 804/1602/65 788/1549/648
f 697/1601/193 788/1549/648 696/1557/573
f 664/1603/546 606/1604/505 665/1605/547
f 664/1603/546 605/1606/504 606/1604/505
f 667/1607/549 605/1606/504 664/1603/546
f 667/1607/549 604/1608/503 605/1606/504
f 669/1609/551 604/1608/503 667/1607/549
f 669/1609/551 603/1610/502 604/1608/503
f 671/1611/553 603/1610/502 669/1609/551
f 671/1611/553 602/1612/501 603/1610/502
f 673/1613/555 602/1612/501 671/1611/553
f 673/1613/555 601/1614/500 602/1612/501
f 675/1615/557 601/1614/500 673/1613/555
f 675/1615/557 600/1616/499 601/1614/500
f 599/1617/193 600/1616/499 675/1615/557
f 599/1617/193 675/1615/557 677/1618/65
f 597/1619/193 599/1617/193 677/1618/65
f 597/1619/193 677/1618/65 679/1620/65
f 598/1621/498 597/1619/193 679/1620/65
f 598/1621/498 679/1620/65 647/1622/472
f 647/1622/472 615/1623/511 598/1621/498
f 647/1622/472 646/1624/533 615/1623/511
f 615/1623/511 646/1624/533 649/1625/535
f 615/1623/511 649/1625/535 614/1626/510
f 614/1626/510 649/1625/535 651/1627/537
f 614/1626/510 651/1627/537 613/1628/509
f 612/1629/187 613/1628/509 651/1627/537
f 612/1629/187 651/1627/537 653/1630/188
f 611/1631/187 612/1629/187 653/1630/188
f 611/1631/187 653/1630/188 655/1632/188
f 610/1633/508 611/1631/187 655/1632/188
f 610/1633/508 655/1632/188 657/1634/539
f 609/1635/507 610/1633/508 657/1634/539
f 609/1635/507 657/1634/539 659/1636/541
f 607/1637/506 609/1635/507 659/1636/541
f 607/1637/506 659/1636/541 661/1638/543
f 627/1639/455 607/1637/506 661/1638/543
f 627/1639/455 608/1640/402 607/1637/506
f 624/1641/110 608/1640/402 627/1639/455
f 624/1641/110 627/1639/455 626/1642/177
f 623/1643/110 624/1641/110 626/1642/177
f 623/1643/110 626/1642/177 629/1644/177
f 622/1645/518 623/1643/110 629/1644/177
f 622/1645/518 629/1644/177 631/1646/519
f 631/1646/519 621/1647/517 622/1645/518
f 631/1646/519 633/1648/521 621/1647/517
f 633/1648/521 620/1649/516 621/1647/517
f 633/1648/521 635/1650/523 620/1649/516
f 635/1650/523 619/1651/515 620/1649/516
f 635/1650/523 637/1652/525 619/1651/515
f 618/1653/514 619/1651/515 637/1652/525
f 618/1653/514 637/1652/525 639/1654/527
f 616/1655/512 618/1653/514 639/1654/527
f 616/1655/512 639/1654/527 641/1656/529
f 617/1657/513 616/1655/512 641/1656/529
f 617/1657/513 641/1656/529 643/1658/531
f 476/1659/409 557/1660/466 559/1661/468
f 476/1659/409 475/1662/408 557/1660/466
f 475/1662/408 555/1663/464 557/1660/466
f 475/1662/408 477/1664/410 555/1663/464
f 477/1664/410 553/1665/462 555/1663/464
f 477/1664/410 478/1666/411 553/1665/462
f 551/1667/460 553/1665/462 478/1666/411
f 551/1667/460 478/1666/411 479/1668/412
f 549/1669/458 551/1667/460 479/1668/412
f 549/1669/458 479/1668/412 480/1670/413
f 547/1671/456 549/1669/458 480/1670/413
f 547/1671/456 480/1670/413 481/1672/414
f 481/1672/414 545/1673/177 547/1671/456
f 481/1672/414 482/1674/110 545/1673/177
f 482/1674/110 542/1675/177 545/1673/177
f 482/1674/110 483/1676/110 542/1675/177
f 483/1676/110 543/1677/455 542/1675/177
f 483/1676/110 467/1678/402 543/1677/455
f 467/1678/402 577/1679/482 543/1677/455
f 467/1678/402 466/1680/401 577/1679/482
f 577/1679/482 466/1680/401 468/1681/403
f 577/1679/482 468/1681/403 575/1682/480
f 575/1682/480 468/1681/403 469/1683/404
f 575/1682/480 469/1683/404 573/1684/478
f 469/1683/404 571/1685/188 573/1684/478
f 469/1683/404 470/1686/187 571/1685/188
f 470/1686/187 569/1687/188 571/1685/188
f 470/1686/187 471/1688/187 569/1687/188
f 471/1688/187 567/1689/476 569/1687/188
f 471/1688/187 472/1690/405 567/1689/476
f 565/1691/474 567/1689/476 472/1690/405
f 565/1691/474 472/1690/405 473/1692/406
f 562/1693/471 565/1691/474 473/1692/406
f 562/1693/471 473/1692/406 474/1694/407
f 448/1695/386 562/1693/471 474/1694/407
f 448/1695/386 563/1696/472 562/1693/471
f 448/1695/386 595/1697/65 563/1696/472
f 448/1695/386 447/1698/193 595/1697/65
f 447/1698/193 593/1699/65 595/1697/65
f 447/1698/193 450/1700/193 593/1699/65
f 450/1700/193 591/1701/496 593/1699/65
f 450/1700/193 452/1702/387 591/1701/496
f 591/1701/496 452/1702/387 454/1703/389
f 591/1701/496 454/1703/389 589/1704/494
f 589/1704/494 454/1703/389 456/1705/391
f 589/1704/494 456/1705/391 587/1706/492
f 587/1706/492 456/1705/391 458/1707/393
f 587/1706/492 458/1707/393 585/1708/490
f 585/1708/490 458/1707/393 460/1709/395
f 585/1708/490 460/1709/395 583/1710/488
f 583/1710/488 460/1709/395 462/1711/397
f 583/1710/488 462/1711/397 580/1712/485
f 580/1712/485 462/1711/397 464/1713/399
f 580/1712/485 464/1713/399 581/1714/486
o doors
v 0.000010 2.575132 27.906143
v -0.433401 93.120888 28.339554
v -0.433401 2.575132 28.339554
v 0.000010 93.120888 27.906143
v -22.183035 2.575132 28.339561
v -22.183035 2.575132 26.542051
v -0.433401 2.575132 26.542044
v 0.000010 2.575132 26.975454
v 22.183054 2.575132 28.339546
v 22.183054 93.120888 26.542036
v 22.183054 93.120888 28.339546
v 22.183054 2.575132 26.542036
v 0.433420 93.120888 28.339554
v 0.433418 93.120888 26.542044
v 0.000010 93.120888 26.975454
v 0.000010 93.120888 27.906143
v -0.433401 93.120888 26.542044
v -22.183035 93.120888 26.542051
v -22.183035 93.120888 28.339561
v 0.000010 93.120888 26.975454
v 0.433418 2.575132 26.542044
v 0.433420 2.575132 28.339554
v 0.000010 2.575132 27.906143
v 0.000010 2.575132 26.975454
vn 0.7173 -0.6303 0.2971
vn 0.2971 0.6303 0.7173
vn 0.2971 -0.6303 0.7173
vn 0.7173 0.6303 0.2971
vn -0.5774 -0.5774 0.5774
vn -0.5773 -0.5774 -0.5774
vn 0.2971 -0.6303 -0.7173
vn 0.7173 -0.6303 -0.2971
vn 0.5773 -0.5774 0.5774
vn 0.5773 0.5774 -0.5774
vn 0.5774 0.5774 0.5774
vn 0.5774 -0.5774 -0.5774
vn -0.2971 0.6303 0.7173
vn -0.2971 0.6303 -0.7173
vn -0.7173 0.6303 -0.2971
vn -0.7173 0.6303 0.2971
vn 0.2971 0.6303 -0.7173
vn -0.5774 0.5774 -0.5774
vn -0.5773 0.5774 0.5774
vn 0.7173 0.6303 -0.2971
vn -0.2971 -0.6303 -0.7173
vn -0.2971 -0.6303 0.7173
vn -0.7173 -0.6303 0.2971
vn -0.7173 -0.6303 -0.2971
vt 0.805223 0.286791
vt 0.803348 0.563720
vt 0.803348 0.286791
vt 0.805223 0.563720
vt 0.273639 0.010946
vt 0.273639 0.077466
vt 0.268141 0.077466
vt 0.268141 0.010946
vt 0.269467 0.009620
vt 0.272313 0.009620
vt 0.261343 0.077466
vt 0.266841 0.354395
vt 0.261343 0.354395
vt 0.266841 0.077466
vt 0.261343 0.420915
vt 0.266841 0.420915
vt 0.265515 0.422240
vt 0.262669 0.422240
vt 0.268141 0.420914
vt 0.268141 0.354394
vt 0.273639 0.354394
vt 0.273639 0.420914
vt 0.272313 0.422240
vt 0.269467 0.422240
vt 0.566874 0.889235
vt 0.289946 0.955755
vt 0.289946 0.889235
vt 0.566874 0.955755
vt 0.734227 0.286791
vt 0.667707 0.563720
vt 0.667707 0.286791
vt 0.734227 0.563720
vt 0.264189 0.423541
vt 0.261343 0.700470
vt 0.261343 0.423541
vt 0.264189 0.700470
vt 0.267365 0.423541
vt 0.265490 0.700470
vt 0.265490 0.423541
vt 0.267365 0.700470
vt 0.808398 0.286791
vt 0.806524 0.563720
vt 0.806524 0.286791
vt 0.808398 0.563720
vt 0.566874 0.821414
vt 0.289946 0.887934
vt 0.289946 0.821414
vt 0.566874 0.887934
vt 0.802048 0.286791
vt 0.735528 0.563720
vt 0.735528 0.286791
vt 0.802048 0.563720
vt 0.270792 0.700470
vt 0.273639 0.423541
vt 0.273639 0.700470
vt 0.270792 0.423541
vt 0.811573 0.286791
vt 0.809699 0.563720
vt 0.809699 0.286791
vt 0.811573 0.563720
vt 0.266841 0.010946
vt 0.261343 0.010946
vt 0.262668 0.009620
vt 0.265515 0.009620
s 1
usemtl exterior
f 945/1715/747 946/1716/748 947/1717/749
f 945/1715/747 948/1718/750 946/1716/748
f 947/1719/749 949/1720/751 950/1721/752
f 950/1721/752 951/1722/753 947/1719/749
f 951/1722/753 952/1723/754 947/1719/749
f 952/1723/754 945/1724/747 947/1719/749
f 953/1725/755 954/1726/756 955/1727/757
f 953/1725/755 956/1728/758 954/1726/756
f 957/1729/759 955/1727/757 954/1726/756
f 954/1726/756 958/1730/760 957/1729/759
f 958/1730/760 959/1731/761 957/1729/759
f 959/1731/761 960/1732/762 957/1729/759
f 961/1733/763 962/1734/764 963/1735/765
f 963/1735/765 946/1736/748 961/1733/763
f 946/1736/748 948/1737/750 961/1733/763
f 948/1737/750 964/1738/766 961/1733/763
f 956/1739/758 958/1740/760 954/1741/756
f 956/1739/758 965/1742/767 958/1740/760
f 953/1743/755 957/1744/759 966/1745/768
f 953/1743/755 955/1746/757 957/1744/759
f 967/1747/769 959/1748/761 968/1749/770
f 967/1747/769 960/1750/762 959/1748/761
f 968/1751/770 958/1752/760 965/1753/767
f 968/1751/770 959/1754/761 958/1752/760
f 966/1755/768 960/1756/762 967/1757/769
f 966/1755/768 957/1758/759 960/1756/762
f 963/1735/765 950/1721/752 949/1720/751
f 963/1735/765 962/1734/764 950/1721/752
f 951/1759/753 962/1760/764 961/1761/763
f 951/1759/753 950/1762/752 962/1760/764
f 947/1763/749 963/1764/765 949/1765/751
f 947/1763/749 946/1766/748 963/1764/765
f 948/1767/750 952/1768/754 964/1769/766
f 948/1767/750 945/1770/747 952/1768/754
f 951/1771/753 964/1772/766 952/1773/754
f 951/1771/753 961/1774/763 964/1772/766
f 965/1775/767 956/1728/758 953/1725/755
f 953/1725/755 966/1776/768 965/1775/767
f 966/1776/768 967/1777/769 965/1775/767
f 967/1777/769 968/1778/770 965/1775/767
