# Blender 3.6.5
# www.blender.org
mtllib voxeltardis_nosnow.mtl
o lamp
v 3.703118 119.734306 1.234378
v 2.468744 119.734306 1.234376
v 3.703118 125.906174 1.234376
v 2.468743 125.906174 1.234378
v 2.468754 119.734306 2.468747
v 2.468749 125.906174 2.468750
v 0.000002 125.906197 3.703118
v 1.234380 125.906174 3.703117
v -1.234376 125.906174 3.703118
v -1.234376 119.734306 3.703118
v -1.234377 119.734306 2.468744
v -1.234377 125.906174 2.468744
v -2.468747 119.734306 2.468753
v -2.468751 125.906174 2.468749
v -3.703118 119.734322 0.000001
v -3.703118 119.734306 -1.234377
v -3.703117 119.734306 1.234380
v -3.703118 125.906197 0.000001
v -3.703118 125.906174 1.234378
v -3.703118 125.906174 -1.234378
v -2.468744 119.734306 -1.234377
v -2.468744 125.906174 -1.234377
v -2.468748 119.734306 -2.468751
v -2.468747 125.906174 -2.468752
v 3.703118 119.734322 0.000001
v 3.703118 119.734306 -1.234377
v 3.703118 125.906197 0.000001
v 3.703118 125.906174 -1.234377
v 2.468744 119.734306 -1.234377
v 2.468744 125.906174 -1.234377
v 2.468748 119.734306 -2.468752
v 2.468748 125.906174 -2.468752
v 1.234380 119.734306 3.703117
v 1.234379 119.734306 2.468742
v 1.234379 125.906174 2.468742
v -2.468743 119.734306 1.234379
v -2.468743 125.906174 1.234379
v 0.000002 119.734322 3.703118
v 1.234378 125.906174 -2.468743
v 1.234378 119.734306 -2.468743
v 1.234378 125.906174 -3.703118
v 1.234378 119.734306 -3.703118
v 0.000001 125.906197 -3.703118
v -1.234379 125.906174 -3.703117
v 0.000001 119.734322 -3.703118
v -1.234377 119.734306 -3.703118
v -1.234377 119.734306 -2.468744
v -1.234378 125.906174 -2.468743
vn -0.0000 -0.0000 1.0000
vn -1.0000 -0.0000 -0.0000
vn 1.0000 -0.0000 -0.0000
vn -0.0000 -0.0000 -1.0000
vt 0.703129 0.101575
vt 0.710942 0.140638
vt 0.703129 0.140638
vt 0.710942 0.101575
vt 0.671879 0.101576
vt 0.679692 0.140882
vt 0.671879 0.140882
vt 0.679692 0.101575
vt 0.734379 0.101575
vt 0.742191 0.140638
vt 0.734379 0.140638
vt 0.742191 0.101575
s 0
usemtl lamp
f 37/1/1 17/2/1 36/3/1
f 37/1/1 19/4/1 17/2/1
f 19/5/2 15/6/2 17/7/2
f 19/5/2 18/8/2 15/6/2
f 20/5/2 15/6/2 18/8/2
f 20/5/2 16/7/2 15/6/2
f 14/9/2 36/10/2 13/11/2
f 14/9/2 37/12/2 36/10/2
f 6/9/1 34/10/1 5/11/1
f 6/9/1 35/12/1 34/10/1
f 12/1/2 10/2/2 9/4/2
f 12/1/2 11/3/2 10/2/2
f 14/9/1 11/10/1 12/12/1
f 14/9/1 13/11/1 11/10/1
f 35/1/3 33/2/3 34/3/3
f 35/1/3 8/4/3 33/2/3
f 39/1/3 42/2/3 41/4/3
f 39/1/3 40/3/3 42/2/3
f 32/9/4 40/10/4 39/12/4
f 32/9/4 31/11/4 40/10/4
f 48/1/2 46/2/2 47/3/2
f 48/1/2 44/4/2 46/2/2
f 24/9/4 47/10/4 23/11/4
f 24/9/4 48/12/4 47/10/4
f 4/1/1 1/2/1 3/4/1
f 4/1/1 2/3/1 1/2/1
f 6/9/3 2/10/3 4/12/3
f 6/9/3 5/11/3 2/10/3
f 30/1/4 26/2/4 29/3/4
f 30/1/4 28/4/4 26/2/4
f 32/9/3 29/10/3 31/11/3
f 32/9/3 30/12/3 29/10/3
f 22/1/4 16/2/4 20/4/4
f 22/1/4 21/3/4 16/2/4
f 24/9/2 21/10/2 22/12/2
f 24/9/2 23/11/2 21/10/2
f 44/5/4 45/6/4 46/7/4
f 44/5/4 43/8/4 45/6/4
f 41/5/4 45/6/4 43/8/4
f 41/5/4 42/7/4 45/6/4
f 28/5/3 25/6/3 26/7/3
f 28/5/3 27/8/3 25/6/3
f 3/5/3 25/6/3 27/8/3
f 3/5/3 1/7/3 25/6/3
f 8/5/1 38/6/1 33/7/1
f 8/5/1 7/8/1 38/6/1
f 9/5/1 38/6/1 7/8/1
f 9/5/1 10/7/1 38/6/1
o exterior
v 18.515642 29.624983 -25.921839
v 18.515642 48.140598 -24.687464
v 18.515642 48.140598 -25.921839
v 18.515642 29.624983 -24.687464
v -25.921854 106.156189 -25.921860
v -25.921854 107.390564 -25.921860
v -22.218775 106.156189 -25.921833
v -0.006789 107.390564 -25.921856
v -0.006789 102.453064 -25.921856
v -22.218775 102.453064 -25.921833
v 22.218771 106.156189 -25.921841
v 25.921850 107.390564 -25.921864
v 25.921850 106.156189 -25.921864
v 22.218771 102.453064 -25.921841
v -27.156223 69.124962 1.234396
v -27.156223 71.593712 1.234398
v -27.156223 71.593712 -0.000002
v -27.141758 6.171871 -0.000027
v -27.156223 8.640620 -1.234401
v -27.141758 6.171871 -1.234401
v -27.156223 8.640620 -0.000026
v -27.156223 27.156235 -1.234401
v -27.156223 27.156235 -0.000019
v -27.156223 29.624983 -1.234401
v -27.156223 29.624983 -0.000018
v -27.156223 48.140598 -0.000011
v -27.156223 48.140598 1.234380
v -27.156223 50.609344 1.234382
v -27.156223 50.609344 -0.000010
v -27.156223 69.124962 -0.000003
v -27.156223 71.593712 -1.234401
v -27.156223 92.578072 -1.234401
v -27.156223 92.578072 0.000006
v -27.156223 92.578072 1.234414
v -27.156223 48.140598 -1.234401
v -27.156223 50.609344 -1.234401
v -27.156223 69.124962 -1.234401
v -27.156223 29.624983 1.234366
v -27.156223 27.156235 1.234364
v -27.156223 8.640620 1.234349
v -27.141758 6.171871 1.234348
v 20.984203 92.578072 -27.156214
v 20.984013 6.171871 -25.921839
v 20.984013 92.578072 -25.921839
v 20.998669 6.171871 -27.156214
v 24.687519 101.218689 -28.390587
v 24.687519 93.812447 -29.624964
v 24.687519 101.218689 -29.624964
v 24.687519 93.812447 -28.390587
v 27.156216 106.156189 -22.218761
v 25.921846 106.156189 -22.218758
v 27.156219 106.156189 -27.156237
v 22.218771 106.156189 -27.156210
v -1.234409 69.124962 -27.156223
v -1.234409 71.593712 -27.156223
v -0.000004 71.593712 -27.158678
v 0.014462 6.171871 -27.156223
v 1.234402 8.640620 -27.156223
v 1.248868 6.171871 -27.156223
v -0.000004 8.640620 -27.156315
v 1.234402 27.156235 -27.156223
v -0.000004 27.156235 -27.157011
v 1.234402 29.624983 -27.156223
v -0.000004 29.624983 -27.157103
v 1.234402 48.140598 -27.156223
v -0.000004 48.140598 -27.157797
v -0.000004 50.609344 -27.157892
v -1.234409 50.609344 -27.156223
v -0.000004 69.124962 -27.158587
v 1.234402 71.593712 -27.156223
v 1.234402 92.578072 -27.156223
v -0.000004 92.578072 -27.159468
v -1.234409 92.578072 -27.156223
v 1.234402 50.609344 -27.156223
v 1.234402 69.124962 -27.156223
v -1.219944 6.171871 -27.156223
v -1.234409 8.640620 -27.156223
v -1.234409 27.156235 -27.156223
v -1.234409 29.624983 -27.156223
v -1.234409 48.140598 -27.156223
v 27.156219 103.687439 -27.156237
v 22.218771 103.687439 -27.156210
v -0.000004 0.000000 -29.624979
v 29.624969 4.937497 -29.624990
v 29.624969 0.000000 -29.624990
v -0.000004 4.937497 -29.624979
v -29.624996 4.937497 -29.624966
v -29.624977 0.000000 -29.624983
v -4.937500 118.499931 -4.937490
v -0.006806 116.031181 -4.937492
v -4.937492 116.031181 -4.937499
v -0.006806 118.499931 -4.937492
v 4.937491 118.499931 -4.937500
v 4.937491 116.031181 -4.937500
v 25.921854 106.156189 22.218754
v 25.921854 102.453064 22.218754
v 25.921856 102.453064 -0.006788
v 25.921846 102.453064 -22.218758
v 25.921856 107.390564 -0.006788
v 25.921864 107.390564 25.921850
v 25.921854 106.156189 25.921860
v 22.218788 101.218689 27.156195
v 0.006814 101.218689 27.156223
v 22.218788 101.218689 28.390574
v -22.218761 101.218689 27.156218
v -22.218761 101.218689 28.390596
v 0.006800 101.218689 29.624979
v 24.687536 101.218689 29.624952
v 24.687536 101.218689 28.390575
v -24.687510 101.218689 29.624971
v -24.687510 101.218689 28.390594
v 23.453125 107.390564 -23.453094
v -0.006792 111.093689 -23.453106
v 23.453100 111.093689 -23.453117
v -0.006805 107.390564 -23.453106
v -23.453133 107.390564 -23.453087
v -23.453123 111.093689 -23.453096
v -27.159468 93.812447 0.000008
v -27.156204 93.812447 22.218786
v -28.390579 93.812447 22.218786
v -28.390596 93.812447 -22.218769
v -27.156221 93.812447 -22.218769
v -29.624979 93.812447 0.006795
v -29.624954 93.812447 24.687532
v -28.390579 93.812447 24.687532
v -29.624968 93.812447 -24.687515
v -28.390593 93.812447 -24.687515
v -27.156223 101.218689 0.006810
v -27.156214 101.218689 -22.218767
v -28.390594 101.218689 -22.218767
v -27.156197 101.218689 22.218782
v -28.390577 101.218689 22.218782
v -29.624979 101.218689 0.006795
v -29.624968 101.218689 -24.687515
v -28.390593 101.218689 -24.687515
v -29.624954 101.218689 24.687532
v -28.390579 101.218689 24.687532
v 22.218771 101.218689 -28.390589
v 22.218771 101.218689 -27.156210
v 22.218771 102.453064 -27.156210
v 22.218771 103.687439 -28.390589
v -0.006805 101.218689 -27.156223
v -0.006790 101.218689 -29.624979
v -22.218779 101.218689 -28.390581
v -22.218779 101.218689 -27.156202
v -24.687527 101.218689 -29.624960
v -24.687527 101.218689 -28.390583
v 4.937492 127.140549 -0.000001
v 4.937493 127.140549 3.703125
v 3.703127 127.140533 2.468746
v 3.703125 127.140533 3.703124
v 2.468754 127.140533 2.468746
v 2.468744 127.140533 1.234376
v 3.703118 127.140533 1.234376
v 3.703118 127.140549 0.000000
v 3.703118 127.140533 -1.234377
v 3.703127 127.140533 -2.468747
v 4.937492 127.140549 -3.703126
v 3.703124 127.140533 -3.703125
v 2.468744 127.140533 -1.234377
v 2.468753 127.140533 -2.468747
v 2.468748 127.140533 -3.703126
v 1.234378 127.140533 -3.703118
v 1.234378 127.140533 -2.468743
v -1.234378 127.140533 -2.468743
v -2.468747 127.140533 -2.468752
v -1.234379 127.140533 -3.703117
v -2.468749 127.140533 -3.703125
v -0.000001 127.140549 -4.937492
v 0.000000 127.140549 -3.703118
v 3.703127 127.140549 -4.937490
v -3.703129 127.140549 -4.937490
v -3.703125 127.140533 -3.703124
v -4.937492 127.140549 0.000001
v -4.937491 127.140549 -3.703127
v -3.703126 127.140533 -2.468747
v -3.703125 127.140533 2.468750
v -3.703123 127.140533 3.703126
v -4.937489 127.140549 3.703130
v -3.703117 127.140533 1.234380
v -3.703118 127.140549 0.000001
v -3.703118 127.140533 -1.234378
v -2.468744 127.140533 -1.234377
v -2.468743 127.140533 1.234379
v -2.468746 127.140533 2.468754
v -3.703126 127.140549 4.937492
v -2.468747 127.140533 3.703127
v 0.000002 127.140549 4.937492
v -1.234377 127.140533 3.703118
v -1.234377 127.140533 2.468744
v 0.000002 127.140549 3.703118
v 1.234380 127.140533 3.703117
v 2.468750 127.140533 3.703124
v 3.703130 127.140549 4.937489
v 1.234379 127.140533 2.468742
v 8.640614 114.796806 -8.640623
v -0.006802 116.031181 -8.640615
v 8.640627 116.031181 -8.640610
v -0.006802 114.796806 -8.640615
v -8.640615 114.796806 -8.640621
v -8.640629 116.031181 -8.640608
v 28.405071 6.171871 22.218758
v 28.390606 93.812447 22.218758
v 28.390600 93.812447 24.687504
v 28.390602 6.171871 28.390610
v 28.390602 103.687439 28.390610
v 28.390600 101.218689 24.687504
v 28.390602 103.687439 22.218754
v 28.390602 101.218689 22.218754
v -0.006790 102.453064 -27.156223
v -22.218779 102.453064 -27.156202
v 27.156223 106.156189 22.218754
v 27.156223 103.687439 22.218754
v 27.156223 102.453064 22.218754
v 27.156223 101.218689 22.218754
v 27.156216 101.218689 -22.218761
v 27.156223 101.218689 -0.006789
v 28.390594 101.218689 -22.218761
v 29.624979 101.218689 -0.006789
v 29.624973 101.218689 -24.687508
v 28.390596 101.218689 -24.687511
v 29.624977 101.218689 24.687500
v 19.749979 111.093689 -19.749992
v -0.006794 112.328056 -19.749985
v 19.750000 112.328056 -19.749971
v -0.006794 111.093689 -19.749985
v -19.749994 111.093689 -19.749975
v -19.750004 112.328056 -19.749968
v -20.984003 92.578072 25.921844
v -20.984003 6.171871 25.921844
v -18.515633 48.140598 25.921844
v -18.515633 29.624983 25.921844
v -2.468768 48.140598 25.921848
v -2.468768 50.609344 25.921848
v -18.515633 50.609344 25.921844
v -18.515633 69.124962 25.921844
v -18.515633 71.593712 25.921844
v -2.468768 69.124962 25.921848
v -2.468768 71.593712 25.921848
v -1.234393 8.640620 25.921848
v -2.468768 27.156235 25.921848
v -2.468768 8.640620 25.921848
v -1.234393 6.171871 25.921848
v -18.515633 8.640620 25.921844
v -18.515633 27.156235 25.921844
v -2.468768 29.624983 25.921848
v -1.234393 27.156235 25.921848
v -1.234393 29.624983 25.921848
v -1.234393 48.140598 25.921848
v -1.234393 50.609344 25.921848
v -1.234393 69.124962 25.921848
v -1.234393 71.593712 25.921848
v -2.468768 90.109322 25.921848
v -1.234393 92.578072 25.921848
v -2.468768 92.578072 25.921848
v 0.006808 118.499931 4.937492
v 4.937492 118.499931 4.937499
v 2.468750 118.499916 3.703124
v 3.703126 118.499916 3.703122
v 3.703127 118.499916 2.468746
v 4.937492 118.499931 -0.006803
v 2.468748 118.499916 -2.468752
v 2.468744 118.499916 -1.234377
v 3.703118 118.499916 -1.234377
v 3.703127 118.499916 -2.468747
v 3.703118 118.499931 0.000000
v 3.703118 118.499916 1.234376
v 2.468748 118.499916 2.468751
v 2.468744 118.499916 1.234376
v 1.234378 118.499916 -3.703118
v 2.468748 118.499916 -3.703126
v 1.234378 118.499916 -2.468743
v 1.234379 118.499916 2.468742
v 1.234380 118.499916 3.703117
v 0.000002 118.499931 3.703118
v -1.234377 118.499916 3.703118
v -2.468747 118.499916 3.703127
v -4.937490 118.499931 4.937502
v -3.703123 118.499916 3.703126
v -3.703125 118.499916 2.468750
v -4.937492 118.499931 0.006807
v -3.703117 118.499916 1.234380
v -2.468751 118.499916 2.468749
v -2.468743 118.499916 1.234379
v -1.234377 118.499916 2.468744
v -3.703118 118.499931 0.000001
v -3.703118 118.499916 -1.234378
v -2.468749 118.499916 -3.703125
v -3.703125 118.499916 -3.703124
v -3.703126 118.499916 -2.468747
v -2.468748 118.499916 -2.468751
v -2.468744 118.499916 -1.234377
v 3.703124 118.499916 -3.703125
v 0.000000 118.499931 -3.703118
v -1.234379 118.499916 -3.703117
v -1.234378 118.499916 -2.468743
v 22.218784 106.156189 25.921825
v 0.006798 107.390564 25.921856
v -25.921856 107.390564 25.921860
v -25.921856 106.156189 25.921860
v -22.218761 106.156189 25.921846
v 0.006798 102.453064 25.921856
v 22.218784 102.453064 25.921825
v -22.218761 102.453064 25.921846
v -27.156218 92.578072 -20.984200
v -25.921841 92.578072 -20.984007
v -25.921841 92.578072 -18.515636
v -25.921848 92.578072 -2.468772
v -25.921850 92.578072 -1.234386
v 16.046877 112.328056 -16.046852
v -0.006806 113.562431 -16.046862
v 16.046877 113.562431 -16.046852
v -0.006797 112.328056 -16.046862
v -16.046854 112.328056 -16.046875
v -16.046881 113.562431 -16.046848
v -25.921841 6.171871 -20.984007
v -25.921841 48.140598 -18.515636
v -25.921841 29.624983 -18.515636
v -25.921848 48.140598 -2.468772
v -25.921848 50.609344 -2.468772
v -25.921841 50.609344 -18.515636
v -25.921841 69.124962 -18.515636
v -25.921841 71.593712 -18.515636
v -25.921848 69.124962 -2.468772
v -25.921848 71.593712 -2.468772
v -25.921848 8.640620 -1.234400
v -25.921848 27.156235 -2.468772
v -25.921848 8.640620 -2.468772
v -25.921848 6.171871 -1.234401
v -25.921841 8.640620 -18.515636
v -25.921841 27.156235 -18.515636
v -25.921848 29.624983 -2.468772
v -25.921850 27.156235 -1.234397
v -25.921850 29.624983 -1.234397
v -25.921850 48.140598 -1.234393
v -25.921850 50.609344 -1.234393
v -25.921850 69.124962 -1.234390
v -25.921850 71.593712 -1.234390
v -25.921848 90.109322 -2.468772
v -25.921827 106.156189 22.218779
v -25.921856 107.390564 0.006794
v -25.921844 106.156189 -22.218765
v -25.921856 102.453064 0.006794
v -25.921827 102.453064 22.218779
v -25.921844 102.453064 -22.218765
v 0.000000 0.000000 0.000000
v 29.624979 0.000000 -0.000004
v 29.624977 0.000000 29.624983
v 0.000014 0.000000 29.624979
v -29.624979 0.000000 29.624983
v -29.624979 0.000000 0.000009
v 18.515642 92.578072 -25.921839
v 2.468776 92.578072 -25.921848
v 1.234390 92.578072 -25.921850
v 12.343735 113.562431 -12.343746
v -0.006800 114.796806 -12.343739
v 12.343735 114.796806 -12.343746
v -0.006800 113.562431 -12.343739
v -12.343748 113.562431 -12.343733
v -12.343737 114.796806 -12.343744
v 2.468776 48.140598 -25.921848
v 2.468776 50.609344 -25.921848
v 18.515642 50.609344 -25.921839
v 18.515642 69.124962 -25.921839
v 18.515642 71.593712 -25.921839
v 2.468776 69.124962 -25.921848
v 2.468776 71.593712 -25.921848
v 1.234390 69.124962 -25.921850
v 1.234390 71.593712 -25.921850
v 1.234390 50.609344 -25.921850
v 1.234396 48.140598 -25.921850
v 1.234390 29.624983 -25.921850
v 2.468776 29.624983 -25.921848
v 1.234390 27.156235 -25.921850
v 2.468776 27.156235 -25.921848
v 1.234390 8.640620 -25.921850
v 2.468776 8.640620 -25.921848
v 1.234402 6.171871 -25.921848
v 18.515642 8.640620 -25.921839
v 18.515642 27.156235 -25.921839
v 2.468776 90.109322 -25.921848
v 1.234378 130.843674 1.234368
v 0.000001 130.843674 2.468744
v 1.234379 130.843674 2.468742
v -1.234368 130.843674 1.234377
v -1.234377 130.843674 2.468744
v 0.000000 130.843674 0.000000
v 2.468744 130.843674 0.000000
v 2.468744 130.843674 1.234376
v -2.468744 130.843674 0.000001
v -2.468743 130.843674 1.234379
v -1.234377 130.843674 -1.234369
v -2.468744 130.843674 -1.234377
v 1.234377 130.843674 -1.234369
v 2.468744 130.843674 -1.234377
v 0.000000 130.843674 -2.468744
v -1.234378 130.843674 -2.468743
v 1.234378 130.843674 -2.468743
v 23.453100 6.171871 0.000190
v 25.921844 6.171871 -20.984003
v 23.453093 6.171871 -20.983810
v 25.929893 6.171871 0.000190
v 25.921852 6.171871 20.983995
v 23.453100 6.171871 20.984188
v 28.390594 103.687439 -28.390617
v 28.390594 6.171871 -28.390617
v 22.233238 6.171871 -28.390591
v 22.218773 93.812447 -28.390591
v 1.234355 50.609344 27.156223
v 1.234355 69.124962 27.156223
v -0.000011 69.124962 27.156223
v -0.000011 71.593712 27.156223
v 1.234355 71.593712 27.156223
v 0.014478 6.171871 27.156223
v -1.234393 8.640620 27.156223
v -1.219928 6.171871 27.156223
v 0.000012 8.640620 27.156223
v 1.248821 6.171871 27.156223
v 1.234355 8.640620 27.156223
v 0.000005 27.156235 27.156223
v 1.234355 27.156235 27.156223
v 0.000004 29.624983 27.156223
v 1.234355 29.624983 27.156223
v -0.000003 48.140598 27.156223
v 1.234355 48.140598 27.156223
v -0.000004 50.609344 27.156223
v -1.234393 69.124962 27.156223
v -1.234393 71.593712 27.156223
v -1.234393 92.578072 27.156223
v -0.000019 92.578072 27.156223
v 1.234355 92.578072 27.156223
v -1.234393 27.156235 27.156223
v -1.234393 29.624983 27.156223
v -1.234393 48.140598 27.156223
v -1.234393 50.609344 27.156223
v 2.468744 129.609299 1.234376
v 1.234370 129.609299 1.234376
v 3.703125 128.374908 3.703124
v 4.937493 128.374924 3.703125
v 3.703118 119.734306 1.234378
v 2.468744 119.734306 1.234376
v 3.703118 125.906174 1.234376
v 2.468743 125.906174 1.234378
v 2.468754 119.734306 2.468747
v 2.468749 125.906174 2.468750
v 3.703127 119.734306 2.468746
v 3.703127 125.906174 2.468746
v 3.703126 119.734306 3.703122
v 3.703126 125.906174 3.703122
v 27.156229 92.578072 20.984188
v 25.921852 92.578072 20.983995
v 27.170694 6.171871 20.984188
v 29.624977 93.812447 24.687500
v 27.156227 103.687439 27.156229
v 27.156237 106.156189 27.156219
v -22.204298 6.171871 28.390598
v -22.218763 93.812447 27.156223
v -22.218763 93.812447 28.390598
v -22.204298 6.171871 27.156223
v -18.515633 90.109322 25.921844
v -18.515633 92.578072 25.921844
v 2.468755 129.609299 3.703116
v 0.000002 128.374924 3.703118
v 2.468755 128.374924 3.703116
v 0.000002 129.609299 3.703118
v -2.468752 129.609299 3.703118
v -2.468752 128.374924 3.703118
v 4.937492 128.374924 -0.000001
v 4.937492 128.374924 -3.703126
v 0.000001 129.609299 2.468744
v 1.234379 129.609299 2.468742
v -1.234377 129.609299 2.468744
v 29.624975 99.984314 -23.453136
v 29.624983 99.984314 -0.006813
v 29.624983 99.984314 23.453129
v 29.624983 95.046822 23.453129
v 29.624983 95.046822 -0.006813
v 29.624979 93.812447 -0.006789
v 29.624973 93.812447 -24.687508
v 29.624975 95.046822 -23.453136
v -2.468750 129.609299 2.468745
v -2.468750 128.374924 2.468745
v -1.234376 129.609299 1.234370
v -3.703123 128.374908 3.703126
v -3.703126 128.374924 4.937492
v 0.000002 128.374924 4.937492
v 3.703130 128.374924 4.937489
v 0.000002 125.906197 3.703118
v 1.234380 125.906174 3.703117
v -1.234376 125.906174 3.703118
v 19.749985 111.093689 -0.006794
v 23.453106 111.093689 -0.006791
v 23.453108 111.093689 23.453110
v 19.749983 111.093689 19.749989
v 0.006801 111.093689 19.749985
v 0.006800 111.093689 23.453106
v -23.453093 111.093689 23.453125
v -19.749973 111.093689 19.750000
v -19.749985 111.093689 0.006798
v -23.453106 111.093689 0.006796
v 23.453106 107.390564 -0.006791
v 23.453133 107.390564 23.453087
v 0.006813 107.390564 23.453106
v -23.453117 107.390564 23.453100
v -23.453106 107.390564 0.006809
v -24.687510 93.812447 28.390594
v -28.390587 6.171871 28.390627
v -28.390587 103.687439 28.390627
v -22.218761 103.687439 28.390596
v -1.234376 119.734306 3.703118
v -1.234377 119.734306 2.468744
v -1.234377 125.906174 2.468744
v -2.468747 119.734306 2.468753
v -2.468751 125.906174 2.468749
v -2.468747 119.734306 3.703127
v -2.468747 125.906174 3.703127
v -3.703123 119.734306 3.703126
v -3.703123 125.906174 3.703126
v -2.468769 90.109322 24.687477
v -2.468769 71.593712 24.687477
v -18.515633 90.109322 24.687471
v -18.515633 71.593712 24.687471
v -18.515633 27.156235 24.687471
v -2.468769 27.156235 24.687477
v -18.515633 50.609344 24.687471
v -2.468769 50.609344 24.687477
v -18.515633 48.140598 24.687471
v -2.468769 48.140598 24.687477
v -18.515633 69.124962 24.687471
v -2.468769 69.124962 24.687477
v -18.515633 8.640620 24.687471
v -2.468769 29.624983 24.687477
v -2.468769 8.640620 24.687477
v -18.515633 29.624983 24.687471
v -28.376131 6.171871 -22.218769
v -27.141756 6.171871 -22.218769
v -25.921841 90.109322 -18.515636
v -3.703116 129.609299 2.468754
v -3.703118 128.374924 0.000001
v -3.703116 128.374924 2.468754
v -3.703118 129.609299 0.000001
v -3.703118 129.609299 -2.468752
v -3.703118 128.374924 -2.468752
v -25.921848 71.593712 1.234348
v -25.921848 71.593712 2.468787
v -25.921848 90.109322 2.468787
v -25.921848 92.578072 1.234348
v -25.921848 92.578072 2.468787
v -25.921848 8.640620 1.234348
v -25.921848 27.156235 2.468787
v -25.921848 27.156235 1.234348
v -25.921848 8.640620 2.468787
v -25.921848 6.171871 1.234348
v -25.921833 8.640620 18.515650
v -25.921827 6.171871 20.984020
v -25.921833 27.156235 18.515650
v -25.921833 29.624983 18.515650
v -25.921848 29.624983 2.468787
v -25.921848 29.624983 1.234348
v -25.921848 48.140598 2.468787
v -25.921848 48.140598 1.234348
v -25.921848 50.609344 2.468787
v -25.921848 50.609344 1.234348
v -25.921848 69.124962 2.468787
v -25.921848 69.124962 1.234348
v -25.921833 50.609344 18.515650
v -25.921833 48.140598 18.515650
v -25.921827 92.578072 20.984020
v -25.921833 69.124962 18.515650
v -25.921833 71.593712 18.515650
v -25.921833 90.109322 18.515650
v -25.921833 92.578072 18.515650
v -2.468744 129.609299 0.000001
v -2.468743 129.609299 1.234379
v -2.468744 129.609299 -1.234377
v -27.141739 6.171871 20.984217
v -27.141739 6.171871 22.218786
v -27.156204 92.578072 20.984217
v -27.141752 6.171871 -20.984200
v -2.468751 129.609299 -2.468743
v -2.468751 128.374924 -2.468743
v -1.234376 129.609299 -1.234369
v -3.703125 128.374908 -3.703124
v -4.937491 128.374924 -3.703127
v -4.937492 128.374924 0.000001
v -4.937489 128.374924 3.703130
v -3.703118 119.734322 0.000001
v -3.703118 119.734306 -1.234377
v -3.703117 119.734306 1.234380
v -28.390621 6.171871 -28.390591
v -28.390621 103.687439 -28.390591
v -28.390594 103.687439 -22.218767
v -3.703118 125.906197 0.000001
v -3.703118 125.906174 1.234378
v -3.703118 125.906174 -1.234378
v -1.234397 71.593712 -25.921850
v -2.468783 71.593712 -25.921848
v -2.468783 90.109322 -25.921848
v -1.234397 92.578072 -25.921850
v -2.468783 92.578072 -25.921848
v -1.234397 8.640620 -25.921850
v -2.468783 27.156235 -25.921848
v -1.234406 27.156235 -25.921850
v -2.468783 8.640620 -25.921848
v -1.234409 6.171871 -25.921848
v -18.515646 8.640620 -25.921835
v -20.984016 6.171871 -25.921831
v -18.515646 27.156235 -25.921835
v -18.515646 29.624983 -25.921835
v -2.468783 29.624983 -25.921848
v -1.234397 29.624983 -25.921850
v -2.468783 48.140598 -25.921848
v -1.234403 48.140598 -25.921850
v -2.468783 50.609344 -25.921848
v -1.234403 50.609344 -25.921850
v -2.468783 69.124962 -25.921848
v -1.234400 69.124962 -25.921850
v -18.515646 50.609344 -25.921835
v -18.515646 48.140598 -25.921835
v -20.984016 92.578072 -25.921831
v -18.515646 69.124962 -25.921835
v -18.515646 71.593712 -25.921835
v -18.515646 90.109322 -25.921835
v -18.515646 92.578072 -25.921835
v -2.468744 119.734306 -1.234377
v -2.468744 125.906174 -1.234377
v -2.468748 119.734306 -2.468751
v -2.468747 125.906174 -2.468752
v -3.703126 119.734306 -2.468747
v -3.703126 125.906174 -2.468747
v -3.703125 119.734306 -3.703124
v -3.703125 125.906174 -3.703124
v -24.687477 90.109322 -2.468773
v -24.687477 71.593712 -2.468773
v -24.687466 90.109322 -18.515638
v -24.687466 71.593712 -18.515638
v -24.687466 27.156235 -18.515638
v -24.687477 27.156235 -2.468773
v -24.687466 50.609344 -18.515638
v -24.687477 50.609344 -2.468773
v -24.687466 48.140598 -18.515638
v -24.687477 48.140598 -2.468773
v -24.687466 69.124962 -18.515638
v -24.687477 69.124962 -2.468773
v -24.687466 8.640620 -18.515638
v -24.687477 29.624983 -2.468773
v -24.687477 8.640620 -2.468773
v -24.687466 29.624983 -18.515638
v -29.624979 4.937497 0.000009
v -29.624960 4.937497 29.625000
v -19.749985 112.328056 0.006798
v -19.749994 112.328056 19.749977
v -23.453136 95.046822 -29.624977
v -24.687527 93.812447 -29.624960
v -0.006814 95.046822 -29.624983
v -0.006790 93.812447 -29.624979
v 23.453129 95.046822 -29.624985
v 23.453129 99.984314 -29.624985
v -0.006814 99.984314 -29.624983
v -23.453136 99.984314 -29.624977
v -27.156214 102.453064 -22.218767
v -27.156223 102.453064 0.006794
v -27.156197 102.453064 22.218782
v -0.000004 93.812447 -27.159468
v 22.218773 93.812447 -27.156218
v -22.218781 93.812447 -28.390583
v -24.687527 93.812447 -28.390583
v -22.218781 93.812447 -27.156210
v 1.234355 8.640620 25.921848
v 2.468792 27.156235 25.921848
v 1.234355 27.156235 25.921848
v 2.468792 8.640620 25.921848
v 1.234355 6.171871 25.921848
v 18.515654 8.640620 25.921827
v 20.984026 6.171871 25.921824
v 18.515654 27.156235 25.921827
v 1.234355 50.609344 25.921848
v 2.468792 69.124962 25.921848
v 1.234355 69.124962 25.921848
v 2.468792 50.609344 25.921848
v 1.234355 48.140598 25.921848
v 2.468792 48.140598 25.921848
v 1.234355 29.624983 25.921848
v 2.468792 29.624983 25.921848
v 18.515654 29.624983 25.921827
v 18.515654 48.140598 25.921827
v 20.984026 92.578072 25.921824
v 18.515654 50.609344 25.921827
v 18.515654 69.124962 25.921827
v 2.468792 71.593712 25.921848
v 1.234355 71.593712 25.921848
v 18.515654 71.593712 25.921827
v 18.515654 90.109322 25.921827
v 18.515654 92.578072 25.921827
v 2.468792 92.578072 25.921848
v 2.468792 90.109322 25.921848
v 1.234355 92.578072 25.921848
v -16.046862 113.562431 0.006809
v -16.046862 112.328056 0.006800
v -16.046871 112.328056 16.046858
v -16.046871 113.562431 16.046858
v 20.984221 92.578072 27.156200
v -12.343739 114.796806 0.006802
v -12.343739 113.562431 0.006802
v -12.343741 113.562431 12.343740
v -12.343741 114.796806 12.343740
v 2.468745 128.374924 2.468750
v 3.703119 128.374924 2.468750
v 3.703118 128.374924 0.000000
v 3.703118 128.374924 -2.468751
v 3.703124 128.374908 -3.703125
v 2.468744 128.374924 -2.468751
v 2.468753 128.374924 -3.703117
v 3.703127 128.374924 -4.937490
v -0.000001 128.374924 -4.937492
v 0.000000 128.374924 -3.703118
v -2.468754 128.374924 -3.703117
v -3.703129 128.374924 -4.937490
v -22.218779 106.156189 -27.156202
v -27.156240 106.156189 -27.156214
v -27.156214 106.156189 -22.218767
v -2.468754 129.609299 -3.703117
v -1.234378 129.609299 -2.468743
v 0.000000 129.609299 -3.703118
v 0.000000 129.609299 -2.468744
v 1.234378 129.609299 -2.468743
v 2.468753 129.609299 -3.703117
v 1.234370 129.609299 -1.234376
v 2.468744 129.609299 -2.468751
v 3.703118 129.609299 -2.468751
v 2.468744 129.609299 -1.234377
v 3.703118 129.609299 0.000000
v 2.468744 129.609299 0.000000
v 3.703119 129.609299 2.468750
v 2.468744 129.609299 2.468750
v -20.984194 92.578072 27.156221
v 29.624987 4.937497 29.624975
v 29.624979 4.937497 -0.000004
v -27.156240 103.687439 -27.156214
v -22.218779 103.687439 -27.156202
v -22.218779 103.687439 -28.390581
v 28.390594 4.937497 -28.390617
v -0.000004 4.937497 -28.390604
v 0.014462 6.171871 -28.390604
v -22.204315 6.171871 -28.390583
v -28.390602 4.937497 -28.390610
v 22.233238 6.171871 -27.156218
v -20.984211 92.578072 -27.156206
v -20.969746 6.171871 -27.156206
v -22.204315 6.171871 -27.156210
v -22.218761 106.156189 27.156218
v -22.218761 103.687439 27.156218
v -22.218761 102.453064 27.156218
v 28.390612 4.937497 28.390600
v 22.233255 6.171871 28.390577
v 0.000013 4.937497 28.390604
v 0.014478 6.171871 28.390604
v -28.390604 4.937497 28.390608
v 18.515642 90.109322 -25.921839
v 27.170696 6.171871 22.218758
v 28.405069 6.171871 -0.000004
v 27.164270 6.171871 -0.000004
v 27.170687 6.171871 -20.984196
v 28.405064 6.171871 -22.218765
v 27.170689 6.171871 -22.218765
v -20.969728 6.171871 27.156221
v 20.998686 6.171871 27.156200
v 27.156231 93.812447 22.218758
v 27.156221 92.578072 -20.984196
v 25.921850 92.578072 -0.000003
v 25.921844 92.578072 -20.984003
v 27.159468 92.578072 -0.000004
v -27.156214 103.687439 -22.218767
v -28.376114 6.171871 22.218786
v -28.390604 4.937497 0.000008
v -28.376139 6.171871 0.000008
v 27.156223 93.812447 -22.218765
v 28.390598 93.812447 -22.218765
v 22.233255 6.171871 27.156202
v 0.006802 112.328056 16.046862
v 0.006801 112.328056 19.749985
v 19.750011 112.328056 19.749960
v 16.046885 112.328056 16.046844
v 16.046862 112.328056 -0.006796
v 19.749985 112.328056 -0.006794
v 3.703118 119.734322 0.000001
v 3.703118 119.734306 -1.234377
v 16.046885 113.562431 16.046844
v 12.343740 113.562431 12.343740
v 0.006804 113.562431 12.343739
v 12.343739 113.562431 -0.006799
v 16.046862 113.562431 -0.006796
v 0.006811 113.562431 16.046862
v 3.703118 125.906197 0.000001
v 3.703118 125.906174 -1.234377
v 22.218790 93.812447 27.156202
v 0.000012 93.812447 27.159468
v -27.156197 103.687439 22.218782
v -27.156197 106.156189 22.218782
v -28.390577 103.687439 22.218782
v 2.468744 119.734306 -1.234377
v 2.468744 125.906174 -1.234377
v 2.468748 119.734306 -2.468752
v 2.468748 125.906174 -2.468752
v 3.703127 125.906174 -2.468747
v 3.703127 119.734306 -2.468747
v 3.703124 125.906174 -3.703125
v 3.703124 119.734306 -3.703125
v 27.159468 93.812447 -0.000004
v 28.390596 93.812447 -24.687511
v 0.006805 114.796806 8.640615
v -8.640620 114.796806 8.640616
v 0.006804 114.796806 12.343739
v 12.343737 114.796806 12.343744
v 8.640615 114.796806 8.640621
v 8.640615 114.796806 -0.006802
v 12.343739 114.796806 -0.006799
v -8.640615 114.796806 0.006803
v 8.640615 116.031181 -0.006802
v 8.640629 116.031181 8.640608
v 0.000014 4.937497 29.624979
v 0.006799 102.453064 27.156223
v 22.218788 102.453064 27.156195
v 27.156216 103.687439 -22.218761
v 28.390594 103.687439 -22.218761
v 25.921850 6.171871 -0.000003
v 22.218790 93.812447 28.390577
v 1.234380 119.734306 3.703117
v 1.234379 119.734306 2.468742
v 1.234379 125.906174 2.468742
v 2.468750 125.906174 3.703124
v 2.468750 119.734306 3.703124
v 27.156223 102.453064 -0.006789
v 27.156216 102.453064 -22.218761
v 2.468791 90.109322 24.687477
v 2.468791 71.593712 24.687477
v 18.515654 90.109322 24.687452
v 18.515654 71.593712 24.687452
v 18.515654 27.156235 24.687452
v 2.468791 27.156235 24.687477
v 18.515654 50.609344 24.687452
v 2.468791 50.609344 24.687477
v 18.515654 48.140598 24.687452
v 2.468791 48.140598 24.687477
v 18.515654 69.124962 24.687452
v 2.468791 69.124962 24.687477
v 18.515654 8.640620 24.687452
v 2.468791 29.624983 24.687477
v 2.468791 8.640620 24.687477
v 18.515654 29.624983 24.687452
v 24.687536 93.812447 29.624952
v 24.687536 93.812447 28.390575
v 22.218788 103.687439 27.156195
v 22.218788 103.687439 28.390574
v 22.218788 106.156189 27.156195
v 28.390604 4.937497 -0.000004
v -24.687510 93.812447 29.624971
v -23.453119 99.984314 29.624990
v 0.006823 99.984314 29.624983
v 23.453146 99.984314 29.624969
v 23.453146 95.046822 29.624969
v 0.006823 95.046822 29.624983
v 0.006800 93.812447 29.624979
v -23.453119 95.046822 29.624990
v -27.156223 103.687439 27.156231
v -27.156223 106.156189 27.156231
v 0.006808 116.031181 4.937492
v 4.937492 116.031181 4.937499
v -4.937490 116.031181 4.937502
v -2.468743 119.734306 1.234379
v -2.468743 125.906174 1.234379
v -3.703125 125.906174 2.468750
v -3.703125 119.734306 2.468750
v -24.687477 90.109322 2.468787
v -24.687477 71.593712 2.468787
v -24.687458 90.109322 18.515650
v -24.687458 71.593712 18.515650
v -24.687458 27.156235 18.515650
v -24.687477 27.156235 2.468787
v -24.687458 50.609344 18.515650
v -24.687477 50.609344 2.468787
v -24.687458 48.140598 18.515650
v -24.687477 48.140598 2.468787
v -24.687458 69.124962 18.515650
v -24.687477 69.124962 2.468787
v -24.687458 8.640620 18.515650
v -24.687477 29.624983 2.468787
v -24.687477 8.640620 2.468787
v -24.687458 29.624983 18.515650
v 0.006805 116.031181 8.640615
v -8.640624 116.031181 8.640613
v -29.624989 99.984314 -23.453125
v -29.624983 99.984314 0.006819
v -29.624971 99.984314 23.453140
v -29.624971 95.046822 23.453140
v -29.624983 95.046822 0.006819
v -29.624989 95.046822 -23.453125
v -8.640615 116.031181 0.006803
v 0.000002 119.734322 3.703118
v -4.937492 116.031181 0.006807
v 4.937492 116.031181 -0.006803
v 2.468777 29.624983 -24.687477
v 2.468777 8.640620 -24.687477
v 18.515642 27.156235 -24.687464
v 18.515642 8.640620 -24.687464
v 2.468777 27.156235 -24.687477
v 2.468777 90.109322 -24.687477
v 18.515642 90.109322 -24.687464
v 2.468777 48.140598 -24.687477
v 2.468777 50.609344 -24.687477
v 18.515642 69.124962 -24.687464
v 18.515642 50.609344 -24.687464
v 2.468777 69.124962 -24.687477
v 18.515642 71.593712 -24.687464
v 2.468777 71.593712 -24.687477
v 2.468748 119.734306 -3.703126
v 2.468748 125.906174 -3.703126
v 1.234378 125.906174 -2.468743
v 1.234378 119.734306 -2.468743
v 1.234378 125.906174 -3.703118
v 1.234378 119.734306 -3.703118
v 0.000001 125.906197 -3.703118
v -1.234379 125.906174 -3.703117
v 0.000001 119.734322 -3.703118
v -1.234377 119.734306 -3.703118
v -1.234377 119.734306 -2.468744
v -1.234378 125.906174 -2.468743
v -2.468749 125.906174 -3.703125
v -2.468749 119.734306 -3.703125
v -2.468783 90.109322 -24.687477
v -2.468783 71.593712 -24.687477
v -18.515646 90.109322 -24.687460
v -18.515646 71.593712 -24.687460
v -18.515646 27.156235 -24.687460
v -2.468783 27.156235 -24.687477
v -18.515646 50.609344 -24.687460
v -2.468783 50.609344 -24.687477
v -18.515646 48.140598 -24.687460
v -2.468783 48.140598 -24.687477
v -18.515646 69.124962 -24.687460
v -2.468783 69.124962 -24.687477
v -18.515646 8.640620 -24.687460
v -2.468783 29.624983 -24.687477
v -2.468783 8.640620 -24.687477
v -18.515646 29.624983 -24.687460
vn -1.0000 -0.0000 -0.0000
vn -0.0000 -0.0000 -1.0000
vn -1.0000 -0.0059 -0.0000
vn -1.0000 -0.0000 -0.0002
vn -0.9999 -0.0002 -0.0119
vn 1.0000 -0.0000 -0.0000
vn -0.0000 1.0000 -0.0000
vn -0.0020 -0.0000 -1.0000
vn 0.0001 -0.0000 -1.0000
vn 0.0006 -0.0000 -1.0000
vn 0.0007 -0.0000 -1.0000
vn 0.0013 -0.0000 -1.0000
vn -0.0014 -0.0000 -1.0000
vn -0.0019 -0.0000 -1.0000
vn 0.0020 -0.0000 -1.0000
vn 0.0026 -0.0000 -1.0000
vn -0.0026 -0.0000 -1.0000
vn 0.0014 -0.0000 -1.0000
vn 0.0019 -0.0000 -1.0000
vn -0.0001 -0.0000 -1.0000
vn -0.0006 -0.0000 -1.0000
vn -0.0007 -0.0000 -1.0000
vn -0.0013 -0.0000 -1.0000
vn -0.0000 -1.0000 -0.0000
vn 1.0000 0.0002 -0.0000
vn 1.0000 0.0001 0.0023
vn -0.0000 -0.0000 1.0000
vn 0.0002 -0.0000 -1.0000
vn -1.0000 -0.0002 -0.0000
vn -1.0000 -0.0002 0.0002
vn -1.0000 -0.0025 0.0001
vn -1.0000 -0.0026 -0.0000
vn -1.0000 -0.0001 -0.0001
vn -1.0000 -0.0002 -0.0002
vn -1.0000 -0.0001 0.0023
vn 0.0001 -0.0002 -1.0000
vn -0.0000 -0.0026 -1.0000
vn -0.0001 -0.0025 -1.0000
vn -0.9999 -0.0000 0.0117
vn -0.9999 -0.0059 -0.0117
vn 0.9999 -0.0000 0.0117
vn 1.0000 0.0059 -0.0000
vn 0.9999 0.0059 -0.0117
vn 0.0001 -0.0000 1.0000
vn -1.0000 -0.0000 -0.0023
vn -0.9999 0.0117 -0.0000
vn -1.0000 -0.0000 0.0023
vn 0.0001 -0.0025 1.0000
vn -0.0000 -0.0026 1.0000
vn -0.0001 -0.0001 1.0000
vn 1.0000 0.0002 0.0002
vn 1.0000 -0.0001 -0.0001
vn 1.0000 -0.0000 -0.0002
vn 1.0000 -0.0000 0.0002
vn 1.0000 -0.0001 0.0001
vn 1.0000 0.0002 -0.0002
vn 0.0002 -0.0000 1.0000
vn -0.9999 -0.0002 0.0119
vn -1.0000 -0.0000 0.0002
vn 1.0000 -0.0000 0.0023
vn 0.9999 -0.0117 -0.0000
vn 1.0000 -0.0000 -0.0023
vn 0.9999 0.0002 -0.0116
vn -0.0002 -0.0000 -1.0000
vn -1.0000 -0.0001 -0.0023
vn -0.0002 -0.0000 1.0000
vn 1.0000 0.0001 -0.0023
vn 0.9999 0.0002 0.0116
vt 0.156254 0.187513
vt 0.164066 0.070325
vt 0.156254 0.070325
vt 0.164066 0.187513
vt 0.804691 0.476575
vt 0.804691 0.484388
vt 0.781254 0.476575
vt 0.632817 0.484388
vt 0.632817 0.453138
vt 0.781254 0.453138
vt 0.226562 0.664062
vt 0.226562 0.679688
vt 0.218750 0.679688
vt 0.218750 0.265625
vt 0.210938 0.281250
vt 0.210938 0.265625
vt 0.218750 0.281250
vt 0.210938 0.398438
vt 0.218750 0.398438
vt 0.210938 0.414062
vt 0.218750 0.414062
vt 0.218750 0.531250
vt 0.226562 0.531250
vt 0.226562 0.546875
vt 0.218750 0.546875
vt 0.218750 0.664062
vt 0.210938 0.679688
vt 0.210938 0.812500
vt 0.218750 0.812500
vt 0.226562 0.812500
vt 0.210938 0.531250
vt 0.210938 0.546875
vt 0.210938 0.664062
vt 0.226562 0.414062
vt 0.226562 0.398438
vt 0.226562 0.281250
vt 0.226562 0.265625
vt 0.906253 0.859388
vt 0.898441 0.312513
vt 0.898441 0.859388
vt 0.906254 0.312513
vt 0.617191 0.085950
vt 0.625004 0.132825
vt 0.625004 0.085950
vt 0.617191 0.132825
vt 0.593754 0.085889
vt 0.585941 0.109388
vt 0.585941 0.085889
vt 0.593754 0.117200
vt 0.554691 0.117200
vt 0.539066 0.085950
vt 0.539066 0.117200
vt 0.554691 0.085950
vt 0.164066 0.304700
vt 0.132816 0.492200
vt 0.164066 0.492200
vt 0.132816 0.304700
vt 0.664066 0.600782
vt 0.632817 0.585950
vt 0.664066 0.585950
vt 0.632817 0.600782
vt 0.796881 0.234388
vt 0.796881 0.093754
vt 0.789064 0.234388
vt 0.781252 0.093754
vt 0.781252 0.250013
vt 0.789064 0.250013
vt 0.781254 0.492200
vt 0.632817 0.515638
vt 0.781254 0.515638
vt 0.632817 0.492200
vt 0.757830 0.093790
vt 0.757813 0.234388
vt 0.765629 0.234388
vt 0.773441 0.093754
vt 0.773441 0.250013
vt 0.765629 0.250013
vt 0.562504 0.117200
vt 0.570316 0.117200
vt 0.570316 0.109388
vt 0.562504 0.101575
vt 0.570316 0.101575
vt 0.577970 0.109388
vt 0.577970 0.085950
vt 0.570316 0.085950
vt 0.671879 0.203138
vt 0.671879 0.226575
vt 0.679691 0.218763
vt 0.679691 0.226575
vt 0.687504 0.218763
vt 0.687504 0.210950
vt 0.679691 0.210950
vt 0.679691 0.203138
vt 0.687504 0.570325
vt 0.632817 0.578138
vt 0.687504 0.578138
vt 0.632817 0.570325
vt 0.531254 0.242200
vt 0.531254 0.796888
vt 0.546879 0.796888
vt 0.570316 0.242200
vt 0.570316 0.859388
vt 0.546879 0.843763
vt 0.531254 0.859388
vt 0.531254 0.843763
vt 0.460941 0.210950
vt 0.453129 0.070325
vt 0.453129 0.210950
vt 0.460941 0.070325
vt 0.757816 0.523450
vt 0.632817 0.531263
vt 0.757816 0.531263
vt 0.632817 0.523450
vt 0.343754 0.812513
vt 0.343754 0.265638
vt 0.328129 0.531263
vt 0.328129 0.414075
vt 0.226566 0.531263
vt 0.226566 0.546888
vt 0.328129 0.546888
vt 0.328129 0.664075
vt 0.328129 0.679700
vt 0.226566 0.664075
vt 0.226566 0.679700
vt 0.218754 0.281263
vt 0.226566 0.398450
vt 0.226566 0.281263
vt 0.218885 0.265638
vt 0.328129 0.281263
vt 0.328129 0.398450
vt 0.226566 0.414075
vt 0.218754 0.398450
vt 0.218754 0.414075
vt 0.218754 0.531263
vt 0.218754 0.546888
vt 0.218754 0.664075
vt 0.218754 0.679700
vt 0.226566 0.679621
vt 0.226814 0.796888
vt 0.221708 0.812513
vt 0.226928 0.812513
vt 0.445316 0.210950
vt 0.437504 0.070325
vt 0.437504 0.210950
vt 0.445316 0.070325
vt 0.812504 0.445325
vt 0.812504 0.414075
vt 0.820316 0.429700
vt 0.820316 0.421888
vt 0.828129 0.429700
vt 0.828129 0.437513
vt 0.820316 0.437513
vt 0.820316 0.445325
vt 0.757816 0.867200
vt 0.757816 0.875013
vt 0.773441 0.875009
vt 0.882769 0.867200
vt 0.875004 0.875021
vt 0.882816 0.875014
vt 0.734379 0.539075
vt 0.632817 0.546888
vt 0.734379 0.546888
vt 0.632817 0.539075
vt 0.007833 0.992188
vt 0.195312 0.992188
vt 0.007812 0.804688
vt 0.710941 0.554700
vt 0.632817 0.562513
vt 0.710941 0.562513
vt 0.632817 0.554700
vt 0.703129 0.234388
vt 0.710941 0.226575
vt 0.710941 0.234388
vt 0.695316 0.226575
vt 0.921879 0.734375
vt 0.906254 0.601562
vt 0.921879 0.601563
vt 0.906295 0.734375
vt 0.703129 0.171888
vt 0.710941 0.179700
vt 0.710941 0.171888
vt 0.703129 0.179700
vt 0.679691 0.195325
vt 0.671879 0.187512
vt 0.671879 0.195325
vt 0.679691 0.187512
vt 0.703129 0.226575
vt 0.710942 0.218763
vt 0.703129 0.218763
vt 0.710942 0.226575
vt 0.710942 0.179700
vt 0.710942 0.171888
vt 0.734379 0.226575
vt 0.742191 0.218763
vt 0.734379 0.218763
vt 0.742191 0.226575
vt 0.734379 0.171888
vt 0.742191 0.179700
vt 0.742191 0.171888
vt 0.734379 0.179700
vt 0.726567 0.226575
vt 0.718754 0.218763
vt 0.718754 0.226575
vt 0.726567 0.218763
vt 0.718754 0.179700
vt 0.726567 0.179700
vt 0.718754 0.171888
vt 0.726567 0.171888
vt 0.695317 0.226575
vt 0.687504 0.226575
vt 0.695317 0.218763
vt 0.687504 0.179700
vt 0.695317 0.179700
vt 0.687504 0.171888
vt 0.695317 0.171888
vt 0.867191 0.843763
vt 0.875004 0.289075
vt 0.867191 0.289075
vt 0.875004 0.843763
vt 0.226566 0.812513
vt 0.328129 0.796888
vt 0.226566 0.796888
vt 0.328129 0.812513
vt 0.671879 0.171888
vt 0.671879 0.179700
vt 0.671879 0.156263
vt 0.695316 0.164075
vt 0.695316 0.156263
vt 0.671879 0.164075
vt 0.703129 0.187512
vt 0.710941 0.195325
vt 0.703129 0.195325
vt 0.710941 0.187512
vt 0.054691 0.460950
vt 0.046879 0.304700
vt 0.054691 0.304700
vt 0.046879 0.468763
vt 0.085941 0.460950
vt 0.093753 0.468763
vt 0.085941 0.304700
vt 0.093753 0.304700
vt 0.687504 0.195325
vt 0.695316 0.187512
vt 0.687504 0.187512
vt 0.695316 0.195325
vt 0.671879 0.171889
vt 0.679692 0.179700
vt 0.671879 0.179701
vt 0.679692 0.171888
vt 0.656254 0.296888
vt 0.679691 0.445325
vt 0.656254 0.445325
vt 0.679691 0.320325
vt 0.632816 0.281263
vt 0.648441 0.445325
vt 0.632816 0.445325
vt 0.648441 0.296888
vt 0.242191 0.187513
vt 0.234379 0.070325
vt 0.234379 0.187513
vt 0.242191 0.070325
vt 0.171879 0.187513
vt 0.179691 0.070325
vt 0.171879 0.070325
vt 0.179691 0.187513
vt 0.359379 0.070325
vt 0.367191 0.171888
vt 0.367191 0.070325
vt 0.359379 0.171888
vt 0.304691 0.070325
vt 0.296879 0.171888
vt 0.304691 0.171888
vt 0.296879 0.070325
vt 0.343754 0.070325
vt 0.351566 0.171888
vt 0.351566 0.070325
vt 0.343754 0.171888
vt 0.328129 0.070325
vt 0.335941 0.171888
vt 0.335941 0.070325
vt 0.328129 0.171888
vt 0.140629 0.187513
vt 0.148441 0.070325
vt 0.140629 0.070325
vt 0.148441 0.187513
vt 0.226566 0.070325
vt 0.218754 0.187513
vt 0.226566 0.187513
vt 0.218754 0.070325
vt 0.289066 0.070325
vt 0.281254 0.171888
vt 0.289066 0.171888
vt 0.281254 0.070325
vt 0.125004 0.187513
vt 0.132816 0.070325
vt 0.125004 0.070325
vt 0.132816 0.187513
vt 0.195316 0.070325
vt 0.187504 0.187513
vt 0.195316 0.187513
vt 0.187504 0.070325
vt 0.210941 0.070325
vt 0.203129 0.187513
vt 0.210941 0.187513
vt 0.203129 0.070325
vt 0.273441 0.070325
vt 0.265629 0.171888
vt 0.273441 0.171888
vt 0.265629 0.070325
vt 0.359379 0.546888
vt 0.460941 0.664075
vt 0.460941 0.546888
vt 0.359379 0.664075
vt 0.359379 0.414075
vt 0.460941 0.531263
vt 0.460941 0.414075
vt 0.359379 0.531263
vt 0.320316 0.070325
vt 0.312504 0.171888
vt 0.320316 0.171888
vt 0.312504 0.070325
vt 0.359379 0.281263
vt 0.460941 0.398450
vt 0.460941 0.281263
vt 0.359379 0.398450
vt 0.257816 0.070325
vt 0.250004 0.171888
vt 0.257816 0.171888
vt 0.250004 0.070325
vt 0.921879 0.890638
vt 0.914066 0.335950
vt 0.921879 0.335950
vt 0.914066 0.882825
vt 0.789114 0.882825
vt 0.781254 0.890638
vt 0.781254 0.882825
vt 0.671879 0.226820
vt 0.679692 0.219007
vt 0.671879 0.219007
vt 0.679692 0.226819
vt 0.734379 0.203138
vt 0.726566 0.218763
vt 0.726566 0.226575
vt 0.726566 0.203138
vt 0.710941 0.203138
vt 0.718754 0.195325
vt 0.718754 0.210950
vt 0.703129 0.203138
vt 0.710941 0.210950
vt 0.171879 0.445312
vt 0.171879 0.484388
vt 0.179691 0.484388
vt 0.179691 0.304700
vt 0.171879 0.304700
vt 0.890629 0.359387
vt 0.890629 0.351575
vt 0.882816 0.351575
vt 0.882816 0.492200
vt 0.890670 0.492200
vt 0.882812 0.460945
vt 0.890629 0.335938
vt 0.890629 0.460930
vt 0.882816 0.335937
vt 0.570312 0.242188
vt 0.562500 0.257812
vt 0.562500 0.242188
vt 0.570312 0.257812
vt 0.562500 0.375000
vt 0.570312 0.375000
vt 0.562500 0.390625
vt 0.570312 0.390625
vt 0.562500 0.507812
vt 0.570312 0.507812
vt 0.570312 0.523438
vt 0.562500 0.523438
vt 0.562500 0.640625
vt 0.570312 0.640625
vt 0.562500 0.656250
vt 0.570312 0.656250
vt 0.562500 0.789062
vt 0.570312 0.789062
vt 0.890629 0.875007
vt 0.890629 0.867200
vt 0.609379 0.125013
vt 0.601566 0.086011
vt 0.609379 0.086011
vt 0.601566 0.117200
vt 0.890625 0.484382
vt 0.890625 0.492200
vt 0.687504 0.320325
vt 0.710941 0.445325
vt 0.710941 0.343763
vt 0.687504 0.445325
vt 0.718754 0.343763
vt 0.742191 0.367200
vt 0.742191 0.445325
vt 0.718754 0.445325
vt 0.750004 0.367200
vt 0.773441 0.445325
vt 0.773441 0.390638
vt 0.750004 0.445325
vt 0.890629 0.468750
vt 0.882857 0.468750
vt 0.890629 0.234388
vt 0.882816 0.046888
vt 0.882816 0.234388
vt 0.890629 0.054700
vt 0.781254 0.390638
vt 0.804691 0.445325
vt 0.804691 0.414075
vt 0.781254 0.445325
s 0
usemtl exterior
f 49/13/5 50/14/5 51/15/5
f 49/13/5 52/16/5 50/14/5
f 53/17/6 54/18/6 55/19/6
f 54/18/6 56/20/6 55/19/6
f 57/21/6 58/22/6 55/19/6
f 56/20/6 57/21/6 55/19/6
f 59/19/6 57/21/6 56/20/6
f 56/20/6 60/18/6 59/19/6
f 60/18/6 61/17/6 59/19/6
f 59/19/6 62/22/6 57/21/6
f 63/23/5 64/24/5 65/25/5
f 66/26/7 67/27/7 68/28/7
f 66/26/7 69/29/7 67/27/7
f 69/29/5 70/30/5 67/27/5
f 69/29/5 71/31/5 70/30/5
f 71/31/5 72/32/5 70/30/5
f 71/31/5 73/33/5 72/32/5
f 72/32/5 73/33/5 74/34/5
f 73/33/5 75/35/5 74/34/5
f 76/36/5 74/34/5 75/35/5
f 76/36/5 77/37/5 74/34/5
f 63/23/5 77/37/5 76/36/5
f 63/23/5 78/38/5 77/37/5
f 63/23/5 65/25/5 78/38/5
f 78/38/5 65/25/5 79/39/5
f 65/25/5 80/40/5 79/39/5
f 65/25/5 81/41/5 80/40/5
f 64/24/5 81/41/5 65/25/5
f 64/24/5 82/42/5 81/41/5
f 72/32/5 74/34/5 83/43/5
f 77/37/5 83/43/5 74/34/5
f 77/37/5 84/44/5 83/43/5
f 78/38/5 84/44/5 77/37/5
f 78/38/5 85/45/5 84/44/5
f 78/38/5 79/39/5 85/45/5
f 73/33/5 86/46/5 75/35/5
f 87/47/5 86/46/5 73/33/5
f 87/47/5 73/33/5 71/31/5
f 69/29/5 87/47/5 71/31/5
f 69/29/5 88/48/5 87/47/5
f 89/49/7 88/48/7 69/29/7
f 89/49/7 69/29/7 66/26/7
f 90/50/8 91/51/8 92/52/8
f 90/50/9 93/53/9 91/51/9
f 94/54/10 95/55/10 96/56/10
f 94/54/10 97/57/10 95/55/10
f 98/58/11 61/59/11 99/60/11
f 98/58/11 100/61/11 61/59/11
f 101/58/11 61/59/11 100/61/11
f 101/58/11 59/60/11 61/59/11
f 102/23/12 103/24/12 104/25/12
f 105/26/6 106/27/6 107/28/6
f 105/26/13 108/29/13 106/27/13
f 108/29/13 109/30/13 106/27/13
f 108/29/14 110/31/14 109/30/14
f 110/31/14 111/32/14 109/30/14
f 110/31/15 112/33/15 111/32/15
f 112/33/15 113/43/15 111/32/15
f 112/33/16 114/34/16 113/43/16
f 115/37/16 113/43/16 114/34/16
f 116/36/17 115/37/17 114/34/17
f 102/23/17 115/37/17 116/36/17
f 102/23/18 117/38/18 115/37/18
f 102/23/18 104/25/18 117/38/18
f 117/38/19 104/25/19 118/39/19
f 104/25/19 119/40/19 118/39/19
f 104/25/20 120/41/20 119/40/20
f 103/24/12 120/41/12 104/25/12
f 103/24/21 121/42/21 120/41/21
f 115/37/22 122/44/22 113/43/22
f 117/38/22 122/44/22 115/37/22
f 117/38/23 123/45/23 122/44/23
f 117/38/23 118/39/23 123/45/23
f 124/49/6 108/29/6 105/26/6
f 124/49/24 125/48/24 108/29/24
f 125/48/24 110/31/24 108/29/24
f 125/48/25 126/47/25 110/31/25
f 126/47/25 112/33/25 110/31/25
f 126/47/26 127/46/26 112/33/26
f 127/46/26 114/34/26 112/33/26
f 127/46/27 128/35/27 114/34/27
f 116/36/27 114/34/27 128/35/27
f 129/62/6 101/63/6 100/64/6
f 129/62/6 130/65/6 101/63/6
f 131/66/6 132/67/6 133/68/6
f 131/66/6 134/69/6 132/67/6
f 131/66/6 135/67/6 134/69/6
f 131/66/6 136/68/6 135/67/6
f 137/70/6 138/71/6 139/72/6
f 137/70/6 140/73/6 138/71/6
f 141/70/6 138/71/6 140/73/6
f 141/70/6 142/72/6 138/71/6
f 143/19/10 144/22/10 145/21/10
f 145/21/10 146/22/10 99/19/10
f 147/20/10 145/21/10 99/19/10
f 143/19/10 145/21/10 147/20/10
f 147/20/10 148/18/10 143/19/10
f 148/18/10 149/17/10 143/19/10
f 61/17/10 60/18/10 99/19/10
f 60/18/10 147/20/10 99/19/10
f 150/74/11 151/75/11 152/76/11
f 151/75/11 153/74/11 154/76/11
f 155/77/11 151/75/11 154/76/11
f 151/75/11 155/77/11 152/76/11
f 155/77/11 156/78/11 152/76/11
f 156/78/11 157/79/11 152/76/11
f 154/76/11 158/78/11 155/77/11
f 154/76/11 159/79/11 158/78/11
f 160/80/6 161/81/6 162/82/6
f 160/80/6 163/83/6 161/81/6
f 164/80/6 161/81/6 163/83/6
f 164/80/6 165/82/6 161/81/6
f 166/84/28 167/85/28 168/86/28
f 169/86/28 170/85/28 166/84/28
f 166/84/28 171/87/28 169/86/28
f 171/87/28 166/84/28 168/86/28
f 172/88/28 171/87/28 168/86/28
f 168/86/28 173/89/28 172/88/28
f 171/87/28 174/88/28 169/86/28
f 174/88/28 175/89/28 169/86/28
f 176/75/11 177/74/11 178/76/11
f 179/74/11 176/75/11 180/76/11
f 176/75/11 181/77/11 180/76/11
f 181/77/11 176/75/11 178/76/11
f 178/76/11 182/78/11 181/77/11
f 178/76/11 183/79/11 182/78/11
f 181/77/11 184/78/11 180/76/11
f 184/78/11 185/79/11 180/76/11
f 186/90/5 187/91/5 188/92/5
f 189/93/5 186/90/5 188/92/5
f 130/94/5 189/93/5 188/92/5
f 188/92/5 62/95/5 130/94/5
f 62/95/5 59/96/5 130/94/5
f 59/96/5 101/97/5 130/94/5
f 190/75/11 187/74/11 186/76/11
f 186/76/11 94/79/11 96/78/11
f 186/76/11 96/78/11 191/77/11
f 191/77/11 190/75/11 186/76/11
f 190/75/11 191/77/11 192/76/11
f 193/74/11 190/75/11 192/76/11
f 191/77/11 194/78/11 192/76/11
f 194/78/11 195/79/11 192/76/11
f 196/98/28 197/99/28 198/100/28
f 197/99/28 199/101/28 198/100/28
f 200/102/28 201/103/28 202/104/28
f 198/100/28 200/102/28 202/104/28
f 202/104/28 196/98/28 198/100/28
f 202/104/28 203/105/28 196/98/28
f 196/98/28 203/105/28 204/104/28
f 196/98/28 204/104/28 205/100/28
f 206/99/28 196/98/28 205/100/28
f 205/100/28 207/101/28 206/99/28
f 208/103/28 209/102/28 204/104/28
f 209/102/28 205/100/28 204/104/28
f 210/100/28 209/102/28 211/104/28
f 209/102/28 212/103/28 211/104/28
f 213/103/28 214/102/28 215/104/28
f 214/102/28 216/100/28 215/104/28
f 217/98/28 215/104/28 216/100/28
f 217/98/28 218/105/28 215/104/28
f 211/104/28 218/105/28 217/98/28
f 211/104/28 217/98/28 210/100/28
f 217/98/28 219/99/28 210/100/28
f 219/99/28 207/101/28 210/100/28
f 220/99/28 217/98/28 216/100/28
f 216/100/28 221/101/28 220/99/28
f 222/98/28 223/99/28 224/100/28
f 223/99/28 221/101/28 224/100/28
f 225/100/28 226/101/28 227/99/28
f 227/99/28 222/98/28 225/100/28
f 222/98/28 228/104/28 225/100/28
f 222/98/28 229/105/28 228/104/28
f 230/104/28 229/105/28 222/98/28
f 230/104/28 222/98/28 224/100/28
f 224/100/28 214/102/28 230/104/28
f 214/102/28 231/103/28 230/104/28
f 232/103/28 233/102/28 228/104/28
f 233/102/28 225/100/28 228/104/28
f 234/99/28 226/101/28 235/100/28
f 236/98/28 234/99/28 235/100/28
f 237/104/28 236/98/28 235/100/28
f 235/100/28 233/102/28 237/104/28
f 233/102/28 238/103/28 237/104/28
f 236/98/28 239/105/28 240/104/28
f 237/104/28 239/105/28 236/98/28
f 241/100/28 199/101/28 242/99/28
f 242/99/28 236/98/28 241/100/28
f 236/98/28 240/104/28 241/100/28
f 200/102/28 241/100/28 240/104/28
f 243/103/28 200/102/28 240/104/28
f 244/106/6 245/107/6 246/108/6
f 244/106/6 247/109/6 245/107/6
f 248/106/6 245/107/6 247/109/6
f 248/106/6 249/108/6 245/107/6
f 250/110/29 251/111/29 252/112/29
f 253/113/30 250/110/30 252/112/30
f 254/114/10 253/113/10 252/112/10
f 252/112/10 255/115/10 254/114/10
f 255/115/10 256/116/10 254/114/10
f 255/115/10 257/117/10 256/116/10
f 187/118/6 258/119/6 188/120/6
f 187/118/6 190/121/6 258/119/6
f 193/118/6 258/119/6 190/121/6
f 193/118/6 259/120/6 258/119/6
f 143/96/6 260/97/6 261/94/6
f 144/95/6 143/96/6 261/94/6
f 262/92/6 144/95/6 261/94/6
f 261/94/6 256/93/6 262/92/6
f 256/93/6 257/90/6 262/92/6
f 257/90/6 263/91/6 262/92/6
f 264/74/11 265/75/11 266/76/11
f 265/75/11 263/74/11 257/76/11
f 267/77/11 265/75/11 257/76/11
f 265/75/11 267/77/11 266/76/11
f 267/77/11 268/78/11 266/76/11
f 268/78/11 269/79/11 266/76/11
f 257/76/11 270/78/11 267/77/11
f 257/76/11 255/79/11 270/78/11
f 271/122/6 272/123/6 273/124/6
f 271/122/6 274/125/6 272/123/6
f 275/122/6 272/123/6 274/125/6
f 275/122/6 276/124/6 272/123/6
f 277/126/31 278/127/31 279/128/31
f 278/127/31 280/129/31 279/128/31
f 281/130/31 282/131/31 283/132/31
f 281/130/31 283/132/31 279/128/31
f 277/126/31 279/128/31 283/132/31
f 283/132/31 284/133/31 277/126/31
f 284/133/31 285/134/31 277/126/31
f 286/135/31 285/134/31 284/133/31
f 286/135/31 287/136/31 285/134/31
f 288/137/31 289/138/31 290/139/31
f 291/140/31 288/137/31 290/139/31
f 290/139/31 292/141/31 291/140/31
f 278/127/31 291/140/31 292/141/31
f 278/127/31 292/141/31 293/142/31
f 278/127/31 293/142/31 280/129/31
f 289/138/31 280/129/31 293/142/31
f 289/138/31 294/143/31 280/129/31
f 295/144/31 294/143/31 289/138/31
f 295/144/31 296/145/31 294/143/31
f 296/145/31 281/130/31 294/143/31
f 296/145/31 297/146/31 281/130/31
f 297/146/31 282/131/31 281/130/31
f 297/146/31 298/147/31 282/131/31
f 298/147/31 286/135/31 282/131/31
f 298/147/31 299/148/31 286/135/31
f 299/148/31 287/136/31 286/135/31
f 299/148/31 300/149/31 287/136/31
f 288/137/31 295/144/31 289/138/31
f 287/150/31 300/149/31 301/151/31
f 300/149/31 302/152/31 301/151/31
f 302/152/31 303/153/31 301/151/31
f 188/154/11 57/155/11 62/156/11
f 188/154/11 258/157/11 57/155/11
f 259/154/11 57/155/11 258/157/11
f 259/154/11 58/156/11 57/155/11
f 304/158/11 305/159/11 306/160/11
f 305/159/11 307/161/11 306/160/11
f 308/160/11 307/161/11 305/159/11
f 305/159/11 309/158/11 308/160/11
f 310/162/11 311/163/11 312/164/11
f 313/160/11 310/162/11 312/164/11
f 312/164/11 309/158/11 313/160/11
f 314/165/11 309/158/11 312/164/11
f 309/158/11 314/165/11 315/164/11
f 309/158/11 315/164/11 308/160/11
f 315/164/11 316/162/11 308/160/11
f 315/164/11 317/163/11 316/162/11
f 318/164/11 310/162/11 319/160/11
f 318/164/11 320/163/11 310/162/11
f 316/162/11 321/163/11 322/164/11
f 306/160/11 316/162/11 322/164/11
f 322/164/11 304/158/11 306/160/11
f 323/165/11 304/158/11 322/164/11
f 304/158/11 323/165/11 324/164/11
f 304/158/11 324/164/11 325/160/11
f 326/159/11 304/158/11 325/160/11
f 325/160/11 327/161/11 326/159/11
f 326/159/11 327/161/11 328/160/11
f 329/158/11 326/159/11 328/160/11
f 330/164/11 329/158/11 328/160/11
f 328/160/11 331/162/11 330/164/11
f 331/162/11 332/163/11 330/164/11
f 324/164/11 331/162/11 325/160/11
f 324/164/11 333/163/11 331/162/11
f 329/158/11 334/165/11 335/164/11
f 334/165/11 329/158/11 330/164/11
f 140/158/11 137/159/11 336/160/11
f 137/159/11 337/161/11 336/160/11
f 338/160/11 337/161/11 137/159/11
f 137/159/11 329/158/11 338/160/11
f 329/158/11 335/164/11 338/160/11
f 335/164/11 339/162/11 338/160/11
f 335/164/11 340/163/11 339/162/11
f 309/158/11 141/159/11 313/160/11
f 141/159/11 341/161/11 313/160/11
f 319/160/11 341/161/11 141/159/11
f 141/159/11 140/158/11 319/160/11
f 140/158/11 318/164/11 319/160/11
f 140/158/11 342/165/11 318/164/11
f 342/165/11 140/158/11 343/164/11
f 343/164/11 140/158/11 336/160/11
f 336/160/11 339/162/11 343/164/11
f 339/162/11 344/163/11 343/164/11
f 149/17/31 148/18/31 345/19/31
f 148/18/31 346/20/31 345/19/31
f 347/18/31 348/17/31 349/19/31
f 346/20/31 347/18/31 349/19/31
f 349/19/31 350/21/31 346/20/31
f 346/20/31 350/21/31 345/19/31
f 350/21/31 351/22/31 345/19/31
f 349/19/31 352/22/31 350/21/31
f 353/166/28 354/167/28 355/168/28
f 80/169/28 353/166/28 355/168/28
f 355/168/28 356/170/28 80/169/28
f 356/170/28 357/171/28 80/169/28
f 358/172/6 359/173/6 360/174/6
f 358/172/6 361/175/6 359/173/6
f 362/172/6 359/173/6 361/175/6
f 362/172/6 363/174/6 359/173/6
f 354/126/5 364/127/5 365/128/5
f 364/127/5 366/129/5 365/128/5
f 367/130/5 368/131/5 369/132/5
f 367/130/5 369/132/5 365/128/5
f 354/126/5 365/128/5 369/132/5
f 369/132/5 370/133/5 354/126/5
f 370/133/5 371/134/5 354/126/5
f 372/135/5 371/134/5 370/133/5
f 372/135/5 373/136/5 371/134/5
f 374/137/5 375/138/5 376/139/5
f 377/140/5 374/137/5 376/139/5
f 376/139/5 378/141/5 377/140/5
f 364/127/5 377/140/5 378/141/5
f 364/127/5 378/141/5 379/142/5
f 364/127/5 379/142/5 366/129/5
f 375/138/5 366/129/5 379/142/5
f 375/138/5 380/143/5 366/129/5
f 381/144/5 380/143/5 375/138/5
f 381/144/5 382/145/5 380/143/5
f 382/145/5 367/130/5 380/143/5
f 382/145/5 383/146/5 367/130/5
f 383/146/5 368/131/5 367/130/5
f 383/146/5 384/147/5 368/131/5
f 384/147/5 372/135/5 368/131/5
f 384/147/5 385/148/5 372/135/5
f 385/148/5 373/136/5 372/135/5
f 385/148/5 386/149/5 373/136/5
f 374/137/5 381/144/5 375/138/5
f 373/150/5 386/149/5 387/151/5
f 386/149/5 357/152/5 387/151/5
f 357/152/5 356/153/5 387/151/5
f 348/17/5 347/18/5 388/19/5
f 347/18/5 389/20/5 388/19/5
f 54/18/5 53/17/5 390/19/5
f 389/20/5 54/18/5 390/19/5
f 390/19/5 391/21/5 389/20/5
f 389/20/5 391/21/5 388/19/5
f 391/21/5 392/22/5 388/19/5
f 390/19/5 393/22/5 391/21/5
f 131/176/28 133/177/28 394/178/28
f 395/176/28 394/178/28 133/177/28
f 395/176/28 396/177/28 394/178/28
f 397/176/28 394/178/28 396/177/28
f 397/176/28 398/177/28 394/178/28
f 399/176/28 394/178/28 398/177/28
f 399/176/28 136/177/28 394/178/28
f 131/176/28 394/178/28 136/177/28
f 90/166/28 92/167/28 400/168/28
f 119/169/28 90/166/28 400/168/28
f 400/168/28 401/170/28 119/169/28
f 401/170/28 402/171/28 119/169/28
f 403/179/6 404/180/6 405/181/6
f 403/179/6 406/182/6 404/180/6
f 407/179/6 404/180/6 406/182/6
f 407/179/6 408/181/6 404/180/6
f 92/126/6 91/127/6 51/128/6
f 91/127/6 49/129/6 51/128/6
f 409/130/6 410/131/6 411/132/6
f 409/130/6 411/132/6 51/128/6
f 92/126/6 51/128/6 411/132/6
f 411/132/6 412/133/6 92/126/6
f 412/133/6 413/134/6 92/126/6
f 414/135/6 413/134/6 412/133/6
f 414/135/6 415/136/6 413/134/6
f 416/148/6 417/149/6 415/136/6
f 416/148/6 415/136/6 414/135/6
f 418/147/6 416/148/6 414/135/6
f 418/147/6 414/135/6 410/131/6
f 419/146/6 418/147/6 410/131/6
f 419/146/6 410/131/6 409/130/6
f 420/145/6 419/146/6 409/130/6
f 420/145/6 409/130/6 421/143/6
f 422/144/6 420/145/6 421/143/6
f 422/144/6 421/143/6 423/138/6
f 424/137/6 422/144/6 423/138/6
f 424/137/6 423/138/6 425/139/6
f 426/140/6 424/137/6 425/139/6
f 425/139/6 427/141/6 426/140/6
f 91/127/6 426/140/6 427/141/6
f 91/127/6 427/141/6 428/142/6
f 91/127/6 428/142/6 49/129/6
f 423/138/6 49/129/6 428/142/6
f 423/138/6 421/143/6 49/129/6
f 415/150/6 417/149/6 429/151/6
f 417/149/6 402/152/6 429/151/6
f 402/152/6 401/153/6 429/151/6
f 430/183/11 431/184/11 432/185/11
f 433/183/11 434/185/11 431/184/11
f 433/183/11 431/184/11 435/186/11
f 430/183/11 435/186/11 431/184/11
f 430/183/11 436/184/11 435/186/11
f 430/183/11 437/185/11 436/184/11
f 433/183/11 438/184/11 439/185/11
f 433/183/11 435/186/11 438/184/11
f 440/183/11 438/184/11 435/186/11
f 440/183/11 441/185/11 438/184/11
f 442/183/11 436/184/11 443/185/11
f 442/183/11 435/186/11 436/184/11
f 442/183/11 444/184/11 435/186/11
f 440/183/11 435/186/11 444/184/11
f 440/183/11 444/184/11 445/185/11
f 442/183/11 446/185/11 444/184/11
f 447/187/11 448/188/11 449/189/11
f 447/187/11 450/190/11 448/188/11
f 447/187/11 451/188/11 450/190/11
f 447/187/11 452/189/11 451/188/11
f 94/115/6 186/117/6 189/116/6
f 94/115/6 189/116/6 453/114/6
f 97/112/6 94/115/6 453/114/6
f 453/114/6 454/113/6 97/112/6
f 454/113/6 455/110/6 97/112/6
f 455/110/6 456/111/6 97/112/6
f 457/36/31 458/23/31 459/38/31
f 458/23/31 460/25/31 459/38/31
f 458/23/31 461/24/31 460/25/31
f 462/26/31 463/27/31 464/28/31
f 462/26/31 465/29/31 463/27/31
f 466/49/31 465/29/31 462/26/31
f 466/49/31 467/48/31 465/29/31
f 467/48/31 468/31/31 465/29/31
f 467/48/31 469/47/31 468/31/31
f 469/47/31 470/33/31 468/31/31
f 469/47/31 471/46/31 470/33/31
f 471/46/31 472/34/31 470/33/31
f 471/46/31 473/35/31 472/34/31
f 457/36/31 472/34/31 473/35/31
f 457/36/31 474/37/31 472/34/31
f 457/36/31 459/38/31 474/37/31
f 474/37/31 459/38/31 475/45/31
f 459/38/31 476/39/31 475/45/31
f 459/38/31 460/25/31 476/39/31
f 460/25/31 477/40/31 476/39/31
f 460/25/31 478/41/31 477/40/31
f 461/24/31 478/41/31 460/25/31
f 461/24/31 479/42/31 478/41/31
f 465/29/31 480/30/31 463/27/31
f 465/29/31 468/31/31 480/30/31
f 468/31/31 481/32/31 480/30/31
f 468/31/31 470/33/31 481/32/31
f 470/33/31 482/43/31 481/32/31
f 470/33/31 472/34/31 482/43/31
f 474/37/31 482/43/31 472/34/31
f 474/37/31 483/44/31 482/43/31
f 474/37/31 475/45/31 483/44/31
f 430/191/31 484/192/31 437/193/31
f 430/191/31 485/194/31 484/192/31
f 197/195/31 486/196/31 199/197/31
f 197/195/31 487/198/31 486/196/31
f 317/199/31 488/200/31 489/201/31
f 317/199/31 315/202/31 488/200/31
f 201/191/31 490/203/31 202/204/31
f 201/191/31 491/194/31 490/203/31
f 316/205/10 489/206/10 492/207/10
f 316/205/10 317/208/10 489/206/10
f 200/209/10 491/210/10 201/211/10
f 200/209/10 493/212/10 491/210/10
f 316/213/6 494/214/6 308/215/6
f 316/213/6 492/216/6 494/214/6
f 492/216/6 495/217/6 494/214/6
f 492/216/6 493/218/6 495/217/6
f 493/218/6 198/219/6 495/217/6
f 493/218/6 200/220/6 198/219/6
f 308/221/10 496/102/10 307/222/10
f 308/221/10 494/223/10 496/102/10
f 494/223/10 497/224/10 496/102/10
f 494/223/10 495/225/10 497/224/10
f 495/225/10 199/226/10 497/224/10
f 495/225/10 198/227/10 199/226/10
f 498/50/32 451/51/32 499/52/32
f 498/50/32 500/53/32 451/51/32
f 255/54/31 501/55/31 270/56/31
f 255/54/31 252/57/31 501/55/31
f 502/62/10 260/63/10 503/64/10
f 502/62/10 261/65/10 260/63/10
f 504/228/29 505/229/29 506/230/29
f 504/228/29 507/231/29 505/229/29
f 303/232/31 508/233/31 301/234/31
f 303/232/31 509/235/31 508/233/31
f 508/233/31 509/235/31 277/126/31
f 285/134/31 508/233/31 277/126/31
f 510/224/31 511/236/31 512/226/31
f 510/224/31 513/237/31 511/236/31
f 514/224/31 511/236/31 513/237/31
f 514/224/31 515/226/31 511/236/31
f 196/238/10 487/239/10 197/240/10
f 196/238/10 516/241/10 487/239/10
f 196/238/10 517/239/10 516/241/10
f 196/238/10 206/240/10 517/239/10
f 432/242/31 518/243/31 519/244/31
f 432/242/31 431/245/31 518/243/31
f 434/242/31 518/243/31 431/245/31
f 434/242/31 520/244/31 518/243/31
f 521/246/10 267/247/10 522/248/10
f 523/246/10 522/248/10 267/247/10
f 523/246/10 267/247/10 270/249/10
f 270/249/10 524/250/10 523/246/10
f 270/249/10 501/251/10 524/250/10
f 501/251/10 525/252/10 524/250/10
f 501/251/10 526/253/10 525/252/10
f 527/251/10 525/252/10 526/253/10
f 527/251/10 528/250/10 525/252/10
f 268/249/10 528/250/10 527/251/10
f 268/249/10 521/246/10 528/250/10
f 521/246/10 268/249/10 267/247/10
f 529/254/5 515/255/5 514/256/5
f 529/254/5 530/257/5 515/255/5
f 433/191/5 520/192/5 434/193/5
f 433/191/5 531/194/5 520/192/5
f 234/195/5 532/196/5 226/197/5
f 234/195/5 533/198/5 532/196/5
f 236/238/31 533/239/31 234/240/31
f 236/238/31 534/241/31 533/239/31
f 236/238/31 535/239/31 534/241/31
f 236/238/31 242/240/31 535/239/31
f 240/258/31 536/259/31 537/260/31
f 240/258/31 239/261/31 536/259/31
f 237/258/31 536/259/31 239/261/31
f 237/258/31 538/260/31 536/259/31
f 162/262/11 539/263/11 540/264/11
f 541/262/11 540/264/11 539/263/11
f 541/262/11 539/263/11 542/265/11
f 541/262/11 542/265/11 543/263/11
f 541/262/11 543/263/11 544/264/11
f 545/262/11 544/264/11 543/263/11
f 545/262/11 543/263/11 546/265/11
f 545/262/11 546/265/11 547/263/11
f 545/262/11 547/263/11 548/264/11
f 165/262/11 548/264/11 547/263/11
f 165/262/11 547/263/11 275/265/11
f 165/262/11 275/265/11 274/263/11
f 165/262/11 274/263/11 161/264/11
f 162/262/11 161/264/11 274/263/11
f 162/262/11 274/263/11 271/265/11
f 162/262/11 271/265/11 539/263/11
f 60/266/11 549/267/11 147/268/11
f 148/266/11 147/268/11 549/267/11
f 148/266/11 549/267/11 550/269/11
f 148/266/11 550/269/11 551/267/11
f 148/266/11 551/267/11 346/268/11
f 347/266/11 346/268/11 551/267/11
f 347/266/11 551/267/11 552/269/11
f 347/266/11 552/269/11 553/267/11
f 347/266/11 553/267/11 389/268/11
f 54/266/11 389/268/11 553/267/11
f 54/266/11 553/267/11 164/269/11
f 54/266/11 164/269/11 163/267/11
f 54/266/11 163/267/11 56/268/11
f 60/266/11 56/268/11 163/267/11
f 60/266/11 163/267/11 160/269/11
f 60/266/11 160/269/11 549/267/11
f 504/110/31 506/111/31 554/112/31
f 555/113/31 504/110/31 554/112/31
f 556/114/31 555/113/31 554/112/31
f 554/112/31 159/115/31 556/114/31
f 159/115/31 557/116/31 556/114/31
f 159/115/31 154/117/31 557/116/31
f 333/199/5 558/200/5 559/201/5
f 333/199/5 324/202/5 558/200/5
f 238/191/5 538/203/5 237/204/5
f 238/191/5 560/194/5 538/203/5
f 331/205/31 559/206/31 561/207/31
f 331/205/31 333/208/31 559/206/31
f 233/209/31 560/210/31 238/211/31
f 233/209/31 562/212/31 560/210/31
f 331/213/10 563/214/10 325/215/10
f 331/213/10 561/216/10 563/214/10
f 561/216/10 564/217/10 563/214/10
f 561/216/10 562/218/10 564/217/10
f 562/218/10 235/219/10 564/217/10
f 562/218/10 233/220/10 235/219/10
f 325/221/31 565/102/31 327/222/31
f 325/221/31 563/223/31 565/102/31
f 563/223/31 566/224/31 565/102/31
f 563/223/31 564/225/31 566/224/31
f 564/225/31 226/226/31 566/224/31
f 564/225/31 235/227/31 226/226/31
f 287/270/5 567/271/5 568/272/5
f 287/270/5 301/273/5 567/271/5
f 285/274/10 569/275/10 508/276/10
f 285/274/10 570/277/10 569/275/10
f 289/278/28 571/279/28 572/280/28
f 289/278/28 293/281/28 571/279/28
f 282/282/11 573/283/11 283/284/11
f 282/282/11 574/285/11 573/283/11
f 281/286/28 575/287/28 576/288/28
f 281/286/28 279/289/28 575/287/28
f 286/290/28 577/291/28 578/292/28
f 286/290/28 284/293/28 577/291/28
f 292/294/10 571/295/10 293/296/10
f 292/294/10 579/297/10 571/295/10
f 281/298/5 580/299/5 294/300/5
f 281/298/5 576/301/5 580/299/5
f 287/302/11 570/303/11 285/304/11
f 287/302/11 568/305/11 570/303/11
f 283/306/10 577/307/10 284/308/10
f 283/306/10 573/309/10 577/307/10
f 286/310/5 574/311/5 282/312/5
f 286/310/5 578/313/5 574/311/5
f 289/314/5 581/315/5 290/316/5
f 289/314/5 572/317/5 581/315/5
f 290/318/11 579/319/11 292/320/11
f 290/318/11 581/321/11 579/319/11
f 574/322/31 577/323/31 573/324/31
f 574/322/31 578/325/31 577/323/31
f 580/326/31 575/327/31 582/328/31
f 580/326/31 576/329/31 575/327/31
f 567/330/28 508/331/28 569/332/28
f 567/330/28 301/333/28 508/331/28
f 581/334/31 571/335/31 579/336/31
f 581/334/31 572/337/31 571/335/31
f 294/338/11 582/339/11 280/340/11
f 294/338/11 580/341/11 582/339/11
f 280/13/10 575/14/10 279/15/10
f 280/13/10 582/16/10 575/14/10
f 583/228/31 170/229/31 169/230/31
f 583/228/31 584/231/31 170/229/31
f 356/232/5 585/233/5 387/234/5
f 356/232/5 355/235/5 585/233/5
f 585/233/5 355/235/5 354/126/5
f 371/134/5 585/233/5 354/126/5
f 586/224/5 587/236/5 588/226/5
f 586/224/5 589/237/5 587/236/5
f 590/224/5 587/236/5 589/237/5
f 590/224/5 591/226/5 587/236/5
f 592/149/5 593/150/5 594/151/5
f 595/152/5 592/149/5 594/151/5
f 594/151/5 596/153/5 595/152/5
f 597/137/5 598/138/5 599/144/5
f 597/137/5 600/139/5 598/138/5
f 597/137/5 601/140/5 600/139/5
f 600/139/5 601/140/5 602/141/5
f 601/140/5 603/127/5 602/141/5
f 602/141/5 603/127/5 604/142/5
f 604/142/5 603/127/5 605/129/5
f 598/138/5 604/142/5 605/129/5
f 598/138/5 605/129/5 606/143/5
f 599/144/5 598/138/5 606/143/5
f 599/144/5 606/143/5 607/145/5
f 607/145/5 606/143/5 608/130/5
f 607/145/5 608/130/5 609/146/5
f 609/146/5 608/130/5 610/131/5
f 609/146/5 610/131/5 611/147/5
f 611/147/5 610/131/5 612/135/5
f 611/147/5 612/135/5 613/148/5
f 613/148/5 612/135/5 593/136/5
f 613/148/5 593/136/5 592/149/5
f 608/130/5 614/132/5 610/131/5
f 608/130/5 615/128/5 614/132/5
f 605/129/5 603/127/5 615/128/5
f 603/127/5 616/126/5 615/128/5
f 616/126/5 614/132/5 615/128/5
f 616/126/5 617/133/5 614/132/5
f 616/126/5 618/134/5 617/133/5
f 612/135/5 617/133/5 618/134/5
f 612/135/5 618/134/5 593/136/5
f 616/126/5 619/233/5 618/134/5
f 616/126/5 620/235/5 619/233/5
f 596/232/5 619/233/5 620/235/5
f 596/232/5 594/234/5 619/233/5
f 439/242/5 621/243/5 622/244/5
f 439/242/5 438/245/5 621/243/5
f 441/242/5 621/243/5 438/245/5
f 441/242/5 623/244/5 621/243/5
f 167/342/33 624/343/33 625/344/33
f 167/342/34 626/345/34 624/343/34
f 82/346/5 626/345/5 167/342/5
f 167/342/35 166/347/35 82/346/35
f 166/347/36 81/348/36 82/346/36
f 80/346/36 81/348/36 166/347/36
f 353/345/36 80/346/36 166/347/36
f 170/342/37 353/345/37 166/347/37
f 170/342/38 627/343/38 353/345/38
f 170/342/33 584/344/33 627/343/33
f 628/254/6 591/255/6 590/256/6
f 628/254/6 629/257/6 591/255/6
f 440/191/6 623/192/6 441/193/6
f 440/191/6 630/194/6 623/192/6
f 223/195/6 631/196/6 221/197/6
f 223/195/6 632/198/6 631/196/6
f 222/238/5 632/239/5 223/240/5
f 222/238/5 633/241/5 632/239/5
f 222/238/5 634/239/5 633/241/5
f 222/238/5 227/240/5 634/239/5
f 335/349/5 635/350/5 636/351/5
f 335/349/5 334/352/5 635/350/5
f 330/349/5 635/350/5 334/352/5
f 330/349/5 637/351/5 635/350/5
f 583/110/33 169/111/33 175/112/33
f 638/113/39 583/110/39 175/112/39
f 639/114/5 638/113/5 175/112/5
f 175/112/5 183/115/5 639/114/5
f 183/115/5 640/116/5 639/114/5
f 183/115/5 178/117/5 640/116/5
f 228/258/5 641/259/5 642/260/5
f 228/258/5 229/261/5 641/259/5
f 230/258/5 641/259/5 229/261/5
f 230/258/5 643/260/5 641/259/5
f 644/149/6 645/150/6 646/151/6
f 647/152/6 644/149/6 646/151/6
f 646/151/6 648/153/6 647/152/6
f 649/137/6 650/138/6 651/144/6
f 649/137/6 652/139/6 650/138/6
f 649/137/6 653/140/6 652/139/6
f 652/139/6 653/140/6 654/141/6
f 653/140/6 655/127/6 654/141/6
f 654/141/6 655/127/6 656/142/6
f 656/142/6 655/127/6 657/129/6
f 650/138/6 656/142/6 657/129/6
f 650/138/6 657/129/6 658/143/6
f 651/144/6 650/138/6 658/143/6
f 651/144/6 658/143/6 659/145/6
f 659/145/6 658/143/6 660/130/6
f 659/145/6 660/130/6 661/146/6
f 661/146/6 660/130/6 662/131/6
f 661/146/6 662/131/6 663/147/6
f 663/147/6 662/131/6 664/135/6
f 663/147/6 664/135/6 665/148/6
f 665/148/6 664/135/6 645/136/6
f 665/148/6 645/136/6 644/149/6
f 660/130/6 666/132/6 662/131/6
f 660/130/6 667/128/6 666/132/6
f 657/129/6 655/127/6 667/128/6
f 655/127/6 668/126/6 667/128/6
f 668/126/6 666/132/6 667/128/6
f 668/126/6 669/133/6 666/132/6
f 668/126/6 670/134/6 669/133/6
f 664/135/6 669/133/6 670/134/6
f 664/135/6 670/134/6 645/136/6
f 668/126/6 671/233/6 670/134/6
f 668/126/6 672/235/6 671/233/6
f 648/232/6 671/233/6 672/235/6
f 648/232/6 646/234/6 671/233/6
f 340/199/6 636/200/6 673/201/6
f 340/199/6 335/202/6 636/200/6
f 231/191/6 643/203/6 230/204/6
f 231/191/6 674/194/6 643/203/6
f 339/205/5 673/206/5 675/207/5
f 339/205/5 340/208/5 673/206/5
f 214/209/5 674/210/5 231/211/5
f 214/209/5 676/212/5 674/210/5
f 339/213/31 677/214/31 338/215/31
f 339/213/31 675/216/31 677/214/31
f 675/216/31 678/217/31 677/214/31
f 675/216/31 676/218/31 678/217/31
f 676/218/31 224/219/31 678/217/31
f 676/218/31 214/220/31 224/219/31
f 338/221/5 679/102/5 337/222/5
f 338/221/5 677/223/5 679/102/5
f 677/223/5 680/224/5 679/102/5
f 677/223/5 678/225/5 680/224/5
f 678/225/5 221/226/5 680/224/5
f 678/225/5 224/227/5 221/226/5
f 373/270/6 681/271/6 682/272/6
f 373/270/6 387/273/6 681/271/6
f 371/274/31 683/275/31 585/276/31
f 371/274/31 684/277/31 683/275/31
f 375/278/28 685/279/28 686/280/28
f 375/278/28 379/281/28 685/279/28
f 368/282/11 687/283/11 369/284/11
f 368/282/11 688/285/11 687/283/11
f 367/286/28 689/287/28 690/288/28
f 367/286/28 365/289/28 689/287/28
f 372/290/28 691/291/28 692/292/28
f 372/290/28 370/293/28 691/291/28
f 378/294/31 685/295/31 379/296/31
f 378/294/31 693/297/31 685/295/31
f 367/298/6 694/299/6 380/300/6
f 367/298/6 690/301/6 694/299/6
f 373/302/11 684/303/11 371/304/11
f 373/302/11 682/305/11 684/303/11
f 369/306/31 691/307/31 370/308/31
f 369/306/31 687/309/31 691/307/31
f 372/310/6 688/311/6 368/312/6
f 372/310/6 692/313/6 688/311/6
f 375/314/6 695/315/6 376/316/6
f 375/314/6 686/317/6 695/315/6
f 376/318/11 693/319/11 378/320/11
f 376/318/11 695/321/11 693/319/11
f 688/322/5 691/323/5 687/324/5
f 688/322/5 692/325/5 691/323/5
f 694/326/5 689/327/5 696/328/5
f 694/326/5 690/329/5 689/327/5
f 681/330/28 585/331/28 683/332/28
f 681/330/28 387/333/28 585/331/28
f 695/334/5 685/335/5 693/336/5
f 695/334/5 686/337/5 685/335/5
f 380/338/11 696/339/11 366/340/11
f 380/338/11 694/341/11 696/339/11
f 366/13/31 689/14/31 365/15/31
f 366/13/31 696/16/31 689/14/31
f 399/66/5 135/67/5 136/68/5
f 399/66/5 697/69/5 135/67/5
f 399/66/5 698/67/5 697/69/5
f 399/66/5 398/68/5 698/67/5
f 275/122/5 699/123/5 276/124/5
f 275/122/5 547/125/5 699/123/5
f 546/122/5 699/123/5 547/125/5
f 546/122/5 700/124/5 699/123/5
f 194/249/6 701/250/6 702/251/6
f 702/251/6 701/250/6 703/252/6
f 702/251/6 703/252/6 704/253/6
f 95/251/6 704/253/6 703/252/6
f 95/251/6 703/252/6 705/250/6
f 96/249/6 95/251/6 705/250/6
f 96/249/6 705/250/6 706/246/6
f 706/246/6 191/247/6 96/249/6
f 706/246/6 707/248/6 191/247/6
f 708/246/6 191/247/6 707/248/6
f 708/246/6 194/249/6 191/247/6
f 194/249/6 708/246/6 701/250/6
f 709/154/11 391/155/11 393/156/11
f 709/154/11 710/157/11 391/155/11
f 711/154/11 391/155/11 710/157/11
f 711/154/11 392/156/11 391/155/11
f 95/88/28 97/89/28 456/86/28
f 704/87/28 95/88/28 456/86/28
f 712/84/28 704/87/28 456/86/28
f 456/86/28 713/85/28 712/84/28
f 714/86/28 715/89/28 702/88/28
f 702/88/28 704/87/28 714/86/28
f 704/87/28 712/84/28 714/86/28
f 712/84/28 716/85/28 714/86/28
f 717/137/31 718/138/31 719/144/31
f 717/137/31 720/139/31 718/138/31
f 717/137/31 721/140/31 720/139/31
f 720/139/31 721/140/31 722/141/31
f 721/140/31 723/127/31 722/141/31
f 722/141/31 723/127/31 724/142/31
f 725/147/31 726/135/31 727/148/31
f 725/147/31 728/131/31 726/135/31
f 729/146/31 728/131/31 725/147/31
f 729/146/31 730/130/31 728/131/31
f 731/145/31 730/130/31 729/146/31
f 731/145/31 732/143/31 730/130/31
f 719/144/31 732/143/31 731/145/31
f 719/144/31 718/138/31 732/143/31
f 718/138/31 733/129/31 732/143/31
f 718/138/31 724/142/31 733/129/31
f 724/142/31 723/127/31 733/129/31
f 733/129/31 723/127/31 734/128/31
f 723/127/31 735/126/31 734/128/31
f 735/126/31 736/132/31 734/128/31
f 735/126/31 737/133/31 736/132/31
f 730/130/31 736/132/31 728/131/31
f 730/130/31 734/128/31 736/132/31
f 727/148/31 738/136/31 739/149/31
f 727/148/31 726/135/31 738/136/31
f 726/135/31 740/134/31 738/136/31
f 726/135/31 737/133/31 740/134/31
f 735/126/31 740/134/31 737/133/31
f 735/126/31 741/233/31 740/134/31
f 735/126/31 742/235/31 741/233/31
f 743/232/31 741/233/31 742/235/31
f 743/232/31 744/234/31 741/233/31
f 744/151/31 743/153/31 745/152/31
f 745/152/31 739/149/31 744/151/31
f 739/149/31 738/150/31 744/151/31
f 362/172/5 746/173/5 363/174/5
f 362/172/5 747/175/5 746/173/5
f 748/172/5 746/173/5 747/175/5
f 748/172/5 749/174/5 746/173/5
f 735/167/28 750/166/28 742/168/28
f 750/166/28 479/169/28 742/168/28
f 479/169/28 743/170/28 742/168/28
f 479/169/28 745/171/28 743/170/28
f 407/179/5 751/180/5 408/181/5
f 407/179/5 752/182/5 751/180/5
f 753/179/5 751/180/5 752/182/5
f 753/179/5 754/181/5 751/180/5
f 534/353/11 535/205/11 512/354/11
f 535/205/11 486/355/11 512/354/11
f 486/355/11 755/214/11 512/354/11
f 756/354/11 755/214/11 486/355/11
f 756/354/11 486/355/11 487/205/11
f 487/205/11 516/353/11 756/354/11
f 516/353/11 757/356/11 756/354/11
f 757/356/11 516/353/11 758/354/11
f 516/353/11 517/205/11 758/354/11
f 517/205/11 759/355/11 758/354/11
f 759/355/11 760/214/11 758/354/11
f 761/354/11 760/214/11 759/355/11
f 761/354/11 759/355/11 762/205/11
f 762/205/11 763/353/11 761/354/11
f 763/353/11 764/356/11 761/354/11
f 764/356/11 763/353/11 765/354/11
f 763/353/11 766/205/11 765/354/11
f 766/205/11 631/355/11 765/354/11
f 631/355/11 629/214/11 765/354/11
f 591/354/11 629/214/11 631/355/11
f 591/354/11 631/355/11 632/205/11
f 632/205/11 633/353/11 591/354/11
f 633/353/11 587/356/11 591/354/11
f 587/356/11 633/353/11 588/354/11
f 633/353/11 634/205/11 588/354/11
f 634/205/11 532/355/11 588/354/11
f 532/355/11 530/214/11 588/354/11
f 515/354/11 530/214/11 532/355/11
f 515/354/11 532/355/11 533/205/11
f 533/205/11 534/353/11 515/354/11
f 534/353/11 511/356/11 515/354/11
f 511/356/11 534/353/11 512/354/11
f 767/58/11 53/59/11 55/60/11
f 767/58/11 768/61/11 53/59/11
f 769/58/11 53/59/11 768/61/11
f 769/58/11 390/60/11 53/59/11
f 519/357/11 518/243/11 513/358/11
f 520/357/11 513/358/11 518/243/11
f 520/357/11 514/359/11 513/358/11
f 531/360/11 514/359/11 520/357/11
f 531/360/11 529/361/11 514/359/11
f 531/360/11 586/359/11 529/361/11
f 531/360/11 622/357/11 586/359/11
f 622/357/11 589/358/11 586/359/11
f 622/357/11 621/243/11 589/358/11
f 623/357/11 589/358/11 621/243/11
f 623/357/11 590/359/11 589/358/11
f 630/360/11 590/359/11 623/357/11
f 630/360/11 628/361/11 590/359/11
f 630/360/11 770/359/11 628/361/11
f 630/360/11 771/357/11 770/359/11
f 771/357/11 772/358/11 770/359/11
f 771/357/11 773/243/11 772/358/11
f 774/357/11 772/358/11 773/243/11
f 774/357/11 775/359/11 772/358/11
f 776/360/11 775/359/11 774/357/11
f 776/360/11 777/361/11 775/359/11
f 776/360/11 778/359/11 777/361/11
f 776/360/11 779/357/11 778/359/11
f 779/357/11 780/358/11 778/359/11
f 779/357/11 781/243/11 780/358/11
f 484/357/11 780/358/11 781/243/11
f 484/357/11 782/359/11 780/358/11
f 485/360/11 782/359/11 484/357/11
f 485/360/11 783/361/11 782/359/11
f 485/360/11 510/359/11 783/361/11
f 485/360/11 519/357/11 510/359/11
f 519/357/11 513/358/11 510/359/11
f 303/170/28 302/171/28 477/169/28
f 509/168/28 303/170/28 477/169/28
f 477/169/28 784/166/28 509/168/28
f 784/166/28 277/167/28 509/168/28
f 395/66/10 785/67/10 396/68/10
f 395/66/10 786/69/10 785/67/10
f 395/66/10 132/67/10 786/69/10
f 395/66/10 133/68/10 132/67/10
f 787/62/6 767/63/6 788/65/6
f 787/62/6 768/64/6 767/63/6
f 788/94/10 767/97/10 55/96/10
f 55/96/10 58/95/10 788/94/10
f 58/95/10 259/92/10 788/94/10
f 789/93/10 788/94/10 259/92/10
f 192/90/10 789/93/10 259/92/10
f 259/92/10 193/91/10 192/90/10
f 455/362/6 454/363/6 790/364/6
f 790/364/6 791/365/6 455/362/6
f 791/365/6 792/366/6 455/362/6
f 792/366/6 791/365/6 793/362/6
f 791/365/6 794/364/6 793/362/6
f 794/364/6 638/363/6 793/362/6
f 713/342/6 795/344/6 93/343/6
f 713/342/6 93/343/6 90/345/6
f 713/342/40 90/345/40 712/347/40
f 90/345/41 119/346/41 712/347/41
f 119/346/20 120/348/20 712/347/20
f 712/347/21 120/348/21 121/346/21
f 716/342/42 712/347/42 121/346/42
f 121/346/6 796/345/6 716/342/6
f 716/342/6 796/345/6 797/343/6
f 716/342/6 797/343/6 798/344/6
f 349/96/10 799/97/10 800/94/10
f 352/95/10 349/96/10 800/94/10
f 801/92/10 352/95/10 800/94/10
f 800/94/10 557/93/10 801/92/10
f 557/93/10 154/90/10 801/92/10
f 154/90/10 153/91/10 801/92/10
f 802/364/31 253/363/31 803/362/31
f 804/365/31 802/364/31 803/362/31
f 805/366/31 804/365/31 803/362/31
f 804/365/31 805/366/31 504/362/31
f 806/364/31 804/365/31 504/362/31
f 504/362/31 555/363/31 806/364/31
f 455/228/33 713/229/33 456/230/33
f 455/228/33 795/231/33 713/229/33
f 401/232/6 807/233/6 429/234/6
f 401/232/6 400/235/6 807/233/6
f 807/233/6 400/235/6 92/126/6
f 413/134/6 807/233/6 92/126/6
f 500/367/11 808/368/11 250/369/11
f 500/367/11 250/369/11 809/370/11
f 809/370/11 810/371/11 500/367/11
f 811/367/11 810/371/11 809/370/11
f 809/370/11 812/369/11 811/367/11
f 812/369/11 813/368/11 811/367/11
f 124/372/11 655/373/11 653/374/11
f 124/372/11 797/375/11 655/373/11
f 93/375/11 426/374/11 91/373/11
f 93/375/11 107/372/11 426/374/11
f 627/375/11 377/374/11 364/373/11
f 627/375/11 68/372/11 377/374/11
f 89/372/11 603/373/11 601/374/11
f 89/372/11 624/375/11 603/373/11
f 814/375/11 291/374/11 278/373/11
f 814/375/11 464/372/11 291/374/11
f 466/372/11 723/373/11 721/374/11
f 466/372/11 815/375/11 723/373/11
f 464/376/43 288/377/43 291/378/43
f 464/376/7 463/379/7 288/377/7
f 463/379/5 295/380/5 288/377/5
f 463/379/5 480/381/5 295/380/5
f 480/381/5 296/382/5 295/380/5
f 480/381/5 481/383/5 296/382/5
f 481/383/5 297/384/5 296/382/5
f 481/383/5 482/385/5 297/384/5
f 483/386/5 297/384/5 482/385/5
f 483/386/5 298/387/5 297/384/5
f 483/386/5 299/388/5 298/387/5
f 483/386/5 475/389/5 299/388/5
f 475/389/5 300/390/5 299/388/5
f 475/389/5 476/391/5 300/390/5
f 476/391/5 302/392/5 300/390/5
f 476/391/5 477/393/5 302/392/5
f 79/391/6 80/393/6 357/392/6
f 79/391/6 357/392/6 386/390/6
f 85/389/6 79/391/6 386/390/6
f 85/389/6 386/390/6 385/388/6
f 85/389/6 385/388/6 384/387/6
f 85/389/6 384/387/6 84/386/6
f 84/386/6 384/387/6 383/384/6
f 84/386/6 383/384/6 83/385/6
f 382/382/6 83/385/6 383/384/6
f 382/382/6 72/383/6 83/385/6
f 70/381/6 72/383/6 382/382/6
f 70/381/6 382/382/6 381/380/6
f 374/377/6 70/381/6 381/380/6
f 374/377/6 67/379/6 70/381/6
f 68/376/6 67/379/6 374/377/6
f 68/376/6 374/377/6 377/378/6
f 653/376/44 125/377/44 124/378/44
f 653/376/5 649/379/5 125/377/5
f 125/377/5 649/379/5 651/381/5
f 125/377/5 651/381/5 126/380/5
f 651/381/5 127/382/5 126/380/5
f 651/381/5 659/383/5 127/382/5
f 127/382/5 659/383/5 661/385/5
f 127/382/5 661/385/5 128/384/5
f 663/386/5 128/384/5 661/385/5
f 663/386/5 116/387/5 128/384/5
f 665/389/5 116/387/5 663/386/5
f 665/389/5 102/388/5 116/387/5
f 665/389/5 103/390/5 102/388/5
f 665/389/5 644/391/5 103/390/5
f 644/391/5 121/392/5 103/390/5
f 644/391/5 647/393/5 121/392/5
f 107/376/45 424/377/45 426/378/45
f 107/376/46 106/379/46 424/377/46
f 422/380/10 424/377/10 106/379/10
f 422/380/10 106/379/10 109/381/10
f 109/381/10 420/382/10 422/380/10
f 109/381/10 111/383/10 420/382/10
f 419/384/10 420/382/10 111/383/10
f 419/384/10 111/383/10 113/385/10
f 122/386/10 419/384/10 113/385/10
f 122/386/10 418/387/10 419/384/10
f 123/389/10 418/387/10 122/386/10
f 123/389/10 416/388/10 418/387/10
f 123/389/10 417/390/10 416/388/10
f 123/389/10 118/391/10 417/390/10
f 118/391/10 402/392/10 417/390/10
f 118/391/10 119/393/10 402/392/10
f 721/376/47 467/377/47 466/378/47
f 721/376/10 717/379/10 467/377/10
f 717/379/10 469/380/10 467/377/10
f 717/379/10 719/381/10 469/380/10
f 719/381/10 471/382/10 469/380/10
f 719/381/10 731/383/10 471/382/10
f 731/383/10 473/384/10 471/382/10
f 731/383/10 729/385/10 473/384/10
f 725/386/10 473/384/10 729/385/10
f 725/386/10 457/387/10 473/384/10
f 725/386/10 458/388/10 457/387/10
f 725/386/10 727/389/10 458/388/10
f 727/389/10 461/390/10 458/388/10
f 727/389/10 739/391/10 461/390/10
f 739/391/10 479/392/10 461/390/10
f 739/391/10 745/393/10 479/392/10
f 592/391/48 595/393/48 82/392/48
f 592/391/31 82/392/31 64/390/31
f 613/389/31 592/391/31 64/390/31
f 613/389/31 64/390/31 63/388/31
f 613/389/31 63/388/31 76/387/31
f 613/389/31 76/387/31 611/386/31
f 611/386/31 76/387/31 75/384/31
f 611/386/31 75/384/31 609/385/31
f 86/382/31 609/385/31 75/384/31
f 86/382/31 607/383/31 609/385/31
f 599/381/31 607/383/31 86/382/31
f 599/381/31 86/382/31 87/380/31
f 88/377/31 599/381/31 87/380/31
f 88/377/31 597/379/31 599/381/31
f 601/376/31 597/379/31 88/377/31
f 601/376/31 88/377/31 89/378/31
f 250/228/6 816/229/6 251/230/6
f 250/228/6 808/231/6 816/229/6
f 783/254/31 756/255/31 782/256/31
f 783/254/31 755/257/31 756/255/31
f 817/166/28 818/394/28 819/167/28
f 817/166/28 820/395/28 818/394/28
f 498/166/28 818/394/28 820/395/28
f 498/166/28 499/167/28 818/394/28
f 390/96/31 769/97/31 821/94/31
f 393/95/31 390/96/31 821/94/31
f 709/92/31 393/95/31 821/94/31
f 821/94/31 640/93/31 709/92/31
f 640/93/31 178/90/31 709/92/31
f 178/90/31 177/91/31 709/92/31
f 639/396/11 788/397/11 789/398/11
f 639/396/11 787/399/11 788/397/11
f 639/396/11 821/397/11 787/399/11
f 639/396/11 640/398/11 821/397/11
f 806/364/49 555/363/49 822/362/49
f 823/365/50 806/364/50 822/362/50
f 824/366/50 823/365/50 822/362/50
f 823/365/50 824/366/50 583/362/50
f 794/364/50 823/365/50 583/362/50
f 583/362/51 638/363/51 794/364/51
f 812/228/31 825/229/31 813/231/31
f 812/228/31 826/230/31 825/229/31
f 778/224/10 757/236/10 758/226/10
f 778/224/10 780/237/10 757/236/10
f 782/224/10 757/236/10 780/237/10
f 782/224/10 756/226/10 757/236/10
f 814/367/11 507/368/11 504/369/11
f 464/400/11 814/367/11 504/369/11
f 504/369/11 805/370/11 464/400/11
f 805/370/11 462/401/11 464/400/11
f 466/400/11 462/401/11 805/370/11
f 805/370/11 803/369/11 466/400/11
f 466/400/11 803/369/11 815/367/11
f 803/369/11 827/368/11 815/367/11
f 443/242/10 781/243/10 779/244/10
f 443/242/10 436/245/10 781/243/10
f 437/242/10 781/243/10 436/245/10
f 437/242/10 484/244/10 781/243/10
f 276/402/11 747/403/11 362/404/11
f 276/402/11 699/405/11 747/403/11
f 700/402/11 747/403/11 699/405/11
f 700/402/11 748/404/11 747/403/11
f 700/402/11 828/403/11 748/404/11
f 700/402/11 829/405/11 828/403/11
f 830/402/11 828/403/11 829/405/11
f 830/402/11 831/404/11 828/403/11
f 830/402/11 832/403/11 831/404/11
f 830/402/11 833/405/11 832/403/11
f 273/402/11 832/403/11 833/405/11
f 273/402/11 358/404/11 832/403/11
f 273/402/11 361/403/11 358/404/11
f 273/402/11 272/405/11 361/403/11
f 276/402/11 361/403/11 272/405/11
f 276/402/11 362/404/11 361/403/11
f 777/254/6 758/255/6 760/257/6
f 777/254/6 778/256/6 758/255/6
f 442/191/6 779/192/6 776/194/6
f 442/191/6 443/193/6 779/192/6
f 206/195/6 759/196/6 517/198/6
f 206/195/6 207/197/6 759/196/6
f 315/349/10 834/350/10 488/351/10
f 315/349/10 314/352/10 834/350/10
f 312/349/10 834/350/10 314/352/10
f 312/349/10 835/351/10 834/350/10
f 836/406/11 837/407/11 838/408/11
f 836/406/11 839/408/11 837/407/11
f 836/406/11 840/409/11 839/408/11
f 360/406/11 839/408/11 840/409/11
f 360/406/11 403/407/11 839/408/11
f 360/406/11 406/408/11 403/407/11
f 360/406/11 359/409/11 406/408/11
f 363/406/11 406/408/11 359/409/11
f 363/406/11 407/407/11 406/408/11
f 363/406/11 752/408/11 407/407/11
f 363/406/11 746/409/11 752/408/11
f 749/406/11 752/408/11 746/409/11
f 749/406/11 753/407/11 752/408/11
f 749/406/11 838/408/11 753/407/11
f 749/406/11 841/409/11 838/408/11
f 836/406/11 838/408/11 841/409/11
f 204/258/10 842/259/10 843/260/10
f 204/258/10 203/261/10 842/259/10
f 202/258/10 842/259/10 203/261/10
f 202/258/10 490/260/10 842/259/10
f 844/342/31 815/343/31 827/344/31
f 844/342/31 750/345/31 815/343/31
f 479/346/31 750/345/31 844/342/31
f 844/342/52 845/347/52 479/346/52
f 845/347/53 478/348/53 479/346/53
f 477/346/53 478/348/53 845/347/53
f 784/345/53 477/346/53 845/347/53
f 505/342/54 784/345/54 845/347/54
f 505/342/31 814/343/31 784/345/31
f 505/342/31 507/344/31 814/343/31
f 846/94/6 847/97/6 388/96/6
f 388/96/6 392/95/6 846/94/6
f 392/95/6 711/92/6 846/94/6
f 848/93/6 846/94/6 711/92/6
f 180/90/6 848/93/6 711/92/6
f 711/92/6 179/91/6 180/90/6
f 715/112/6 714/111/6 793/110/6
f 793/110/6 638/113/6 715/112/6
f 638/113/6 639/114/6 715/112/6
f 639/114/6 195/115/6 715/112/6
f 639/114/6 789/116/6 195/115/6
f 789/116/6 192/117/6 195/115/6
f 311/199/6 835/200/6 312/202/6
f 311/199/6 849/201/6 835/200/6
f 208/191/6 843/203/6 850/194/6
f 208/191/6 204/204/6 843/203/6
f 310/205/10 849/206/10 311/208/10
f 310/205/10 851/207/10 849/206/10
f 209/209/10 850/210/10 852/212/10
f 209/209/10 208/211/10 850/210/10
f 852/218/31 205/219/31 209/220/31
f 852/218/31 853/217/31 205/219/31
f 851/216/31 853/217/31 852/218/31
f 851/216/31 854/214/31 853/217/31
f 310/213/31 854/214/31 851/216/31
f 310/213/31 313/215/31 854/214/31
f 177/118/5 710/119/5 709/120/5
f 177/118/5 176/121/5 710/119/5
f 179/118/5 710/119/5 176/121/5
f 179/118/5 711/120/5 710/119/5
f 853/225/10 207/226/10 205/227/10
f 853/225/10 855/224/10 207/226/10
f 854/223/10 855/224/10 853/225/10
f 854/223/10 856/102/10 855/224/10
f 313/221/10 856/102/10 854/223/10
f 313/221/10 341/222/10 856/102/10
f 546/122/31 829/123/31 700/124/31
f 546/122/31 543/125/31 829/123/31
f 542/122/31 829/123/31 543/125/31
f 542/122/31 830/124/31 829/123/31
f 825/342/29 811/343/29 813/344/29
f 825/342/55 817/345/55 811/343/55
f 817/345/56 825/342/56 857/347/56
f 817/345/57 857/347/57 820/348/57
f 498/345/58 820/348/58 857/347/58
f 498/345/59 857/347/59 816/342/59
f 816/342/60 500/343/60 498/345/60
f 816/342/29 808/344/29 500/343/29
f 817/50/61 448/51/61 811/53/61
f 817/50/61 819/52/61 448/51/61
f 269/54/6 527/55/6 858/57/6
f 269/54/6 268/56/6 527/55/6
f 550/80/10 540/81/10 541/82/10
f 550/80/10 549/83/10 540/81/10
f 160/80/10 540/81/10 549/83/10
f 160/80/10 162/82/10 540/81/10
f 754/410/11 859/411/11 860/412/11
f 754/410/11 861/413/11 859/411/11
f 862/410/11 859/411/11 861/413/11
f 862/410/11 863/412/11 859/411/11
f 862/410/11 864/411/11 863/412/11
f 862/410/11 865/413/11 864/411/11
f 405/410/11 864/411/11 865/413/11
f 405/410/11 244/412/11 864/411/11
f 405/410/11 247/411/11 244/412/11
f 405/410/11 404/413/11 247/411/11
f 408/410/11 247/411/11 404/413/11
f 408/410/11 248/412/11 247/411/11
f 408/410/11 866/411/11 248/412/11
f 408/410/11 751/413/11 866/411/11
f 754/410/11 866/411/11 751/413/11
f 754/410/11 860/412/11 866/411/11
f 863/106/10 867/107/10 868/108/10
f 863/106/10 864/109/10 867/107/10
f 244/106/10 867/107/10 864/109/10
f 244/106/10 246/108/10 867/107/10
f 397/66/31 698/67/31 398/68/31
f 397/66/31 869/69/31 698/67/31
f 397/66/31 785/67/31 869/69/31
f 397/66/31 396/68/31 785/67/31
f 153/118/31 870/119/31 801/120/31
f 153/118/31 151/121/31 870/119/31
f 150/118/31 870/119/31 151/121/31
f 150/118/31 871/120/31 870/119/31
f 453/396/11 872/397/11 873/398/11
f 453/396/11 129/399/11 872/397/11
f 453/396/11 130/397/11 129/399/11
f 453/396/11 189/398/11 130/397/11
f 129/62/10 98/63/10 872/65/10
f 129/62/10 100/64/10 98/63/10
f 874/414/11 811/375/11 448/373/11
f 874/414/11 810/415/11 811/375/11
f 874/414/11 500/375/11 810/415/11
f 874/414/11 451/373/11 500/375/11
f 837/179/10 865/180/10 862/181/10
f 837/179/10 839/182/10 865/180/10
f 403/179/10 865/180/10 839/182/10
f 403/179/10 405/181/10 865/180/10
f 831/172/10 840/173/10 836/174/10
f 831/172/10 832/175/10 840/173/10
f 358/172/10 840/173/10 832/175/10
f 358/172/10 360/174/10 840/173/10
f 803/228/33 844/229/33 827/231/33
f 803/228/33 875/230/33 844/229/33
f 783/254/10 512/255/10 755/257/10
f 783/254/10 510/256/10 512/255/10
f 430/191/10 519/192/10 485/194/10
f 430/191/10 432/193/10 519/192/10
f 242/195/10 486/196/10 535/198/10
f 242/195/10 199/197/10 486/196/10
f 321/199/10 876/200/10 322/202/10
f 321/199/10 877/201/10 876/200/10
f 243/191/10 537/203/10 878/194/10
f 243/191/10 240/204/10 537/203/10
f 316/205/31 877/206/31 321/208/31
f 316/205/31 492/207/31 877/206/31
f 200/209/31 878/210/31 493/212/31
f 200/209/31 243/211/31 878/210/31
f 493/218/5 241/219/5 200/220/5
f 493/218/5 879/217/5 241/219/5
f 492/216/5 879/217/5 493/218/5
f 492/216/5 880/214/5 879/217/5
f 316/213/5 880/214/5 492/216/5
f 316/213/5 306/215/5 880/214/5
f 262/154/11 145/155/11 144/156/11
f 262/154/11 881/157/11 145/155/11
f 882/154/11 145/155/11 881/157/11
f 882/154/11 146/156/11 145/155/11
f 879/225/31 199/226/31 241/227/31
f 879/225/31 497/224/31 199/226/31
f 880/223/31 497/224/31 879/225/31
f 880/223/31 496/102/31 497/224/31
f 306/221/31 496/102/31 880/223/31
f 306/221/31 307/222/31 496/102/31
f 542/122/10 833/123/10 830/124/10
f 542/122/10 539/125/10 833/123/10
f 271/122/10 833/123/10 539/125/10
f 271/122/10 273/124/10 833/123/10
f 738/270/10 883/271/10 744/273/10
f 738/270/10 884/272/10 883/271/10
f 740/274/5 885/275/5 886/277/5
f 740/274/5 741/276/5 885/275/5
f 718/278/28 887/279/28 724/281/28
f 718/278/28 888/280/28 887/279/28
f 728/282/11 889/283/11 890/285/11
f 728/282/11 736/284/11 889/283/11
f 730/286/28 891/287/28 734/289/28
f 730/286/28 892/288/28 891/287/28
f 726/290/28 893/291/28 737/293/28
f 726/290/28 894/292/28 893/291/28
f 722/294/5 887/295/5 895/297/5
f 722/294/5 724/296/5 887/295/5
f 730/298/10 896/299/10 892/301/10
f 730/298/10 732/300/10 896/299/10
f 738/302/11 886/303/11 884/305/11
f 738/302/11 740/304/11 886/303/11
f 736/306/5 893/307/5 889/309/5
f 736/306/5 737/308/5 893/307/5
f 726/310/10 890/311/10 894/313/10
f 726/310/10 728/312/10 890/311/10
f 718/314/10 897/315/10 888/317/10
f 718/314/10 720/316/10 897/315/10
f 720/318/11 895/319/11 897/321/11
f 720/318/11 722/320/11 895/319/11
f 890/322/31 893/323/31 894/325/31
f 890/322/31 889/324/31 893/323/31
f 896/326/31 891/327/31 892/329/31
f 896/326/31 898/328/31 891/327/31
f 883/330/28 741/331/28 744/333/28
f 883/330/28 885/332/28 741/331/28
f 897/334/31 887/335/31 888/337/31
f 897/334/31 895/336/31 887/335/31
f 732/338/11 898/339/11 896/341/11
f 732/338/11 733/340/11 898/339/11
f 733/13/5 891/14/5 898/16/5
f 733/13/5 734/15/5 891/14/5
f 750/50/62 723/51/62 815/53/62
f 750/50/63 735/52/63 723/51/63
f 157/54/10 899/55/10 900/57/10
f 157/54/10 156/56/10 899/55/10
f 254/396/11 901/397/11 902/398/11
f 254/396/11 502/399/11 901/397/11
f 254/396/11 261/397/11 502/399/11
f 254/396/11 256/398/11 261/397/11
f 903/58/11 149/59/11 345/60/11
f 903/58/11 503/61/11 149/59/11
f 260/58/11 149/59/11 503/61/11
f 260/58/11 143/60/11 149/59/11
f 250/362/64 253/363/64 802/364/64
f 802/364/65 904/365/65 250/362/65
f 904/365/65 809/366/65 250/362/65
f 809/366/65 904/365/65 812/362/65
f 904/365/65 790/364/65 812/362/65
f 790/364/66 454/363/66 812/362/66
f 263/118/10 881/119/10 262/120/10
f 263/118/10 265/121/10 881/119/10
f 264/118/10 881/119/10 265/121/10
f 264/118/10 882/120/10 881/119/10
f 502/62/31 903/63/31 901/65/31
f 502/62/31 503/64/31 903/63/31
f 784/50/58 278/51/58 277/52/58
f 784/50/67 814/53/67 278/51/67
f 159/54/5 905/55/5 158/56/5
f 159/54/5 554/57/5 905/55/5
f 906/246/31 155/247/31 158/249/31
f 906/246/31 907/248/31 155/247/31
f 908/246/31 155/247/31 907/248/31
f 908/246/31 156/249/31 155/247/31
f 156/249/31 908/246/31 909/250/31
f 156/249/31 909/250/31 899/251/31
f 899/251/31 909/250/31 910/252/31
f 899/251/31 910/252/31 911/253/31
f 905/251/31 911/253/31 910/252/31
f 905/251/31 910/252/31 912/250/31
f 158/249/31 905/251/31 912/250/31
f 158/249/31 912/250/31 906/246/31
f 913/62/31 799/63/31 914/64/31
f 913/62/31 800/65/31 799/63/31
f 305/70/31 915/71/31 916/72/31
f 305/70/31 304/73/31 915/71/31
f 326/70/31 915/71/31 304/73/31
f 326/70/31 917/72/31 915/71/31
f 872/94/31 98/97/31 99/96/31
f 99/96/31 146/95/31 872/94/31
f 146/95/31 882/92/31 872/94/31
f 873/93/31 872/94/31 882/92/31
f 266/90/31 873/93/31 882/92/31
f 882/92/31 264/91/31 266/90/31
f 753/179/31 861/180/31 754/181/31
f 753/179/31 838/182/31 861/180/31
f 837/179/31 861/180/31 838/182/31
f 837/179/31 862/181/31 861/180/31
f 822/369/11 625/368/11 624/367/11
f 89/400/11 822/369/11 624/367/11
f 824/370/11 822/369/11 89/400/11
f 89/400/11 66/401/11 824/370/11
f 824/370/11 66/401/11 68/400/11
f 583/369/11 824/370/11 68/400/11
f 68/400/11 627/367/11 583/369/11
f 627/367/11 584/368/11 583/369/11
f 748/172/31 841/173/31 749/174/31
f 748/172/31 828/175/31 841/173/31
f 831/172/31 841/173/31 828/175/31
f 831/172/31 836/174/31 841/173/31
f 616/167/28 626/166/28 620/168/28
f 626/166/28 82/169/28 620/168/28
f 82/169/28 596/170/28 620/168/28
f 82/169/28 595/171/28 596/170/28
f 822/228/6 167/229/6 625/231/6
f 822/228/6 168/230/6 167/229/6
f 529/254/31 588/255/31 530/257/31
f 529/254/31 586/256/31 588/255/31
f 433/191/31 622/192/31 531/194/31
f 433/191/31 439/193/31 622/192/31
f 227/195/31 532/196/31 634/198/31
f 227/195/31 226/197/31 532/196/31
f 332/199/31 637/200/31 330/202/31
f 332/199/31 918/201/31 637/200/31
f 232/191/31 642/203/31 919/194/31
f 232/191/31 228/204/31 642/203/31
f 331/205/5 918/206/5 332/208/5
f 331/205/5 561/207/5 918/206/5
f 233/209/5 919/210/5 562/212/5
f 233/209/5 232/211/5 919/210/5
f 562/218/6 225/219/6 233/220/6
f 562/218/6 920/217/6 225/219/6
f 561/216/6 920/217/6 562/218/6
f 561/216/6 921/214/6 920/217/6
f 331/213/6 921/214/6 561/216/6
f 331/213/6 328/215/6 921/214/6
f 801/154/11 350/155/11 352/156/11
f 801/154/11 870/157/11 350/155/11
f 871/154/11 350/155/11 870/157/11
f 871/154/11 351/156/11 350/155/11
f 920/225/5 226/226/5 225/227/5
f 920/225/5 566/224/5 226/226/5
f 921/223/5 566/224/5 920/225/5
f 921/223/5 565/102/5 566/224/5
f 328/221/5 565/102/5 921/223/5
f 328/221/5 327/222/5 565/102/5
f 901/94/5 903/97/5 345/96/5
f 345/96/5 351/95/5 901/94/5
f 351/95/5 871/92/5 901/94/5
f 902/93/5 901/94/5 871/92/5
f 152/90/5 902/93/5 871/92/5
f 871/92/5 150/91/5 152/90/5
f 593/270/31 922/271/31 594/273/31
f 593/270/31 923/272/31 922/271/31
f 618/274/6 924/275/6 925/277/6
f 618/274/6 619/276/6 924/275/6
f 598/278/28 926/279/28 604/281/28
f 598/278/28 927/280/28 926/279/28
f 610/282/11 928/283/11 929/285/11
f 610/282/11 614/284/11 928/283/11
f 608/286/28 930/287/28 615/289/28
f 608/286/28 931/288/28 930/287/28
f 612/290/28 932/291/28 617/293/28
f 612/290/28 933/292/28 932/291/28
f 602/294/6 926/295/6 934/297/6
f 602/294/6 604/296/6 926/295/6
f 608/298/31 935/299/31 931/301/31
f 608/298/31 606/300/31 935/299/31
f 593/302/11 925/303/11 923/305/11
f 593/302/11 618/304/11 925/303/11
f 614/306/6 932/307/6 928/309/6
f 614/306/6 617/308/6 932/307/6
f 612/310/31 929/311/31 933/313/31
f 612/310/31 610/312/31 929/311/31
f 598/314/31 936/315/31 927/317/31
f 598/314/31 600/316/31 936/315/31
f 600/318/11 934/319/11 936/321/11
f 600/318/11 602/320/11 934/319/11
f 929/322/5 932/323/5 933/325/5
f 929/322/5 928/324/5 932/323/5
f 935/326/5 930/327/5 931/329/5
f 935/326/5 937/328/5 930/327/5
f 922/330/28 619/331/28 594/333/28
f 922/330/28 924/332/28 619/331/28
f 936/334/5 926/335/5 927/337/5
f 936/334/5 934/336/5 926/335/5
f 606/338/11 937/339/11 935/341/11
f 606/338/11 605/340/11 937/339/11
f 605/13/6 930/14/6 937/16/6
f 605/13/6 615/15/6 930/14/6
f 626/50/68 603/51/68 624/53/68
f 626/50/68 616/52/68 603/51/68
f 185/54/31 172/55/31 173/57/31
f 185/54/31 184/56/31 172/55/31
f 173/112/33 168/111/33 822/110/33
f 822/110/69 555/113/69 173/112/69
f 555/113/5 556/114/5 173/112/5
f 556/114/5 185/115/5 173/112/5
f 556/114/5 848/116/5 185/115/5
f 848/116/5 180/117/5 185/115/5
f 860/106/31 938/107/31 939/108/31
f 860/106/31 859/109/31 938/107/31
f 863/106/31 938/107/31 859/109/31
f 863/106/31 868/108/31 938/107/31
f 556/396/11 846/397/11 848/398/11
f 556/396/11 913/399/11 846/397/11
f 556/396/11 800/397/11 913/399/11
f 556/396/11 557/398/11 800/397/11
f 847/58/11 348/59/11 388/60/11
f 847/58/11 914/61/11 348/59/11
f 799/58/11 348/59/11 914/61/11
f 799/58/11 349/60/11 348/59/11
f 552/80/31 544/81/31 545/82/31
f 552/80/31 551/83/31 544/81/31
f 550/80/31 544/81/31 551/83/31
f 550/80/31 541/82/31 544/81/31
f 913/62/5 847/63/5 846/65/5
f 913/62/5 914/64/5 847/63/5
f 353/50/70 364/51/70 354/52/70
f 353/50/70 627/53/70 364/51/70
f 183/54/6 174/55/6 182/56/6
f 183/54/6 175/57/6 174/55/6
f 940/246/5 181/247/5 182/249/5
f 940/246/5 941/248/5 181/247/5
f 942/246/5 181/247/5 941/248/5
f 942/246/5 184/249/5 181/247/5
f 184/249/5 942/246/5 943/250/5
f 184/249/5 943/250/5 172/251/5
f 172/251/5 943/250/5 944/252/5
f 172/251/5 944/252/5 171/253/5
f 174/251/5 171/253/5 944/252/5
f 174/251/5 944/252/5 945/250/5
f 182/249/5 174/251/5 945/250/5
f 182/249/5 945/250/5 940/246/5
f 164/80/5 548/81/5 165/82/5
f 164/80/5 553/83/5 548/81/5
f 552/80/5 548/81/5 553/83/5
f 552/80/5 545/82/5 548/81/5
f 900/112/31 875/111/31 803/110/31
f 803/110/31 253/113/31 900/112/31
f 253/113/31 254/114/31 900/112/31
f 254/114/31 157/115/31 900/112/31
f 254/114/31 902/116/31 157/115/31
f 902/116/31 152/117/31 157/115/31
f 248/106/5 946/107/5 249/108/5
f 248/106/5 866/109/5 946/107/5
f 860/106/5 946/107/5 866/109/5
f 860/106/5 939/108/5 946/107/5
f 875/86/28 900/89/28 899/88/28
f 899/88/28 911/87/28 875/86/28
f 911/87/28 845/84/28 875/86/28
f 845/84/28 844/85/28 875/86/28
f 506/86/28 505/85/28 845/84/28
f 845/84/28 911/87/28 506/86/28
f 911/87/28 905/88/28 506/86/28
f 905/88/28 554/89/28 506/86/28
f 324/349/31 947/350/31 558/351/31
f 324/349/31 323/352/31 947/350/31
f 322/349/31 947/350/31 323/352/31
f 322/349/31 876/351/31 947/350/31
f 787/62/5 769/63/5 768/64/5
f 787/62/5 821/65/5 769/63/5
f 823/416/11 135/417/11 697/418/11
f 823/416/11 794/419/11 135/417/11
f 791/416/11 135/417/11 794/419/11
f 791/416/11 134/418/11 135/417/11
f 791/416/11 132/417/11 134/418/11
f 791/416/11 790/419/11 132/417/11
f 904/416/11 132/417/11 790/419/11
f 904/416/11 786/418/11 132/417/11
f 904/416/11 785/417/11 786/418/11
f 904/416/11 802/419/11 785/417/11
f 804/416/11 785/417/11 802/419/11
f 804/416/11 869/418/11 785/417/11
f 804/416/11 698/417/11 869/418/11
f 804/416/11 806/419/11 698/417/11
f 823/416/11 698/417/11 806/419/11
f 823/416/11 697/418/11 698/417/11
f 858/112/29 826/111/29 812/110/29
f 812/110/71 454/113/71 858/112/71
f 454/113/10 453/114/10 858/112/10
f 453/114/10 269/115/10 858/112/10
f 453/114/10 873/116/10 269/115/10
f 873/116/10 266/117/10 269/115/10
f 326/70/5 948/71/5 917/72/5
f 326/70/5 329/73/5 948/71/5
f 137/70/5 948/71/5 329/73/5
f 137/70/5 139/72/5 948/71/5
f 826/86/28 858/89/28 527/88/28
f 527/88/28 526/87/28 826/86/28
f 526/87/28 857/84/28 826/86/28
f 857/84/28 825/85/28 826/86/28
f 251/86/28 816/85/28 857/84/28
f 857/84/28 526/87/28 251/86/28
f 526/87/28 501/88/28 251/86/28
f 501/88/28 252/89/28 251/86/28
f 141/70/10 949/71/10 142/72/10
f 141/70/10 309/73/10 949/71/10
f 305/70/10 949/71/10 309/73/10
f 305/70/10 916/72/10 949/71/10
f 249/420/11 948/421/11 139/422/11
f 249/420/11 946/423/11 948/421/11
f 939/420/11 948/421/11 946/423/11
f 939/420/11 917/422/11 948/421/11
f 939/420/11 915/421/11 917/422/11
f 939/420/11 938/423/11 915/421/11
f 868/420/11 915/421/11 938/423/11
f 868/420/11 916/422/11 915/421/11
f 868/420/11 949/421/11 916/422/11
f 868/420/11 867/423/11 949/421/11
f 246/420/11 949/421/11 867/423/11
f 246/420/11 142/422/11 949/421/11
f 246/420/11 138/421/11 142/422/11
f 246/420/11 245/423/11 138/421/11
f 249/420/11 138/421/11 245/423/11
f 249/420/11 139/422/11 138/421/11
f 421/338/11 52/339/11 49/340/11
f 421/338/11 950/341/11 52/339/11
f 951/334/6 952/335/6 953/336/6
f 951/334/6 954/337/6 952/335/6
f 955/330/28 807/331/28 956/332/28
f 955/330/28 429/333/28 807/331/28
f 950/326/6 50/327/6 52/328/6
f 950/326/6 957/329/6 50/327/6
f 958/322/6 959/323/6 960/324/6
f 958/322/6 961/325/6 959/323/6
f 425/318/11 953/319/11 427/320/11
f 425/318/11 951/321/11 953/319/11
f 423/314/10 951/315/10 425/316/10
f 423/314/10 954/317/10 951/315/10
f 414/310/10 958/311/10 410/312/10
f 414/310/10 961/313/10 958/311/10
f 411/306/5 959/307/5 412/308/5
f 411/306/5 960/309/5 959/307/5
f 415/302/11 962/303/11 413/304/11
f 415/302/11 963/305/11 962/303/11
f 409/298/10 950/299/10 421/300/10
f 409/298/10 957/301/10 950/299/10
f 427/294/5 952/295/5 428/296/5
f 427/294/5 953/297/5 952/295/5
f 414/290/28 959/291/28 961/292/28
f 414/290/28 412/293/28 959/291/28
f 409/286/28 50/287/28 957/288/28
f 409/286/28 51/289/28 50/287/28
f 410/282/11 960/283/11 411/284/11
f 410/282/11 958/285/11 960/283/11
f 423/278/28 952/279/28 954/280/28
f 423/278/28 428/281/28 952/279/28
f 413/274/5 956/275/5 807/276/5
f 413/274/5 962/277/5 956/275/5
f 415/270/10 955/271/10 963/272/10
f 415/270/10 429/273/10 955/271/10
f 319/221/6 856/102/6 341/222/6
f 319/221/6 964/223/6 856/102/6
f 964/223/6 855/224/6 856/102/6
f 964/223/6 965/225/6 855/224/6
f 965/225/6 207/226/6 855/224/6
f 965/225/6 210/227/6 207/226/6
f 310/213/5 964/214/5 319/215/5
f 310/213/5 851/216/5 964/214/5
f 851/216/5 965/217/5 964/214/5
f 851/216/5 852/218/5 965/217/5
f 852/218/5 210/219/5 965/217/5
f 852/218/5 209/220/5 210/219/5
f 209/209/6 966/210/6 212/211/6
f 209/209/6 852/212/6 966/210/6
f 310/205/6 967/206/6 851/207/6
f 310/205/6 320/208/6 967/206/6
f 212/191/10 968/203/10 211/204/10
f 212/191/10 966/194/10 968/203/10
f 320/199/10 969/200/10 967/201/10
f 320/199/10 318/202/10 969/200/10
f 215/258/6 970/259/6 971/260/6
f 215/258/6 218/261/6 970/259/6
f 211/258/6 970/259/6 218/261/6
f 211/258/6 968/260/6 970/259/6
f 793/369/11 798/368/11 797/367/11
f 124/400/11 793/369/11 797/367/11
f 792/370/11 793/369/11 124/400/11
f 124/400/11 105/401/11 792/370/11
f 792/370/11 105/401/11 107/400/11
f 455/369/11 792/370/11 107/400/11
f 107/400/11 93/367/11 455/369/11
f 93/367/11 795/368/11 455/369/11
f 318/349/6 972/350/6 969/351/6
f 318/349/6 342/352/6 972/350/6
f 343/349/6 972/350/6 342/352/6
f 343/349/6 973/351/6 972/350/6
f 668/167/28 796/166/28 672/168/28
f 796/166/28 121/169/28 672/168/28
f 121/169/28 648/170/28 672/168/28
f 121/169/28 647/171/28 648/170/28
f 793/228/29 716/229/29 798/231/29
f 793/228/29 714/230/29 716/229/29
f 628/254/5 765/255/5 629/257/5
f 628/254/5 770/256/5 765/255/5
f 440/191/5 771/192/5 630/194/5
f 440/191/5 445/193/5 771/192/5
f 220/195/5 631/196/5 766/198/5
f 220/195/5 221/197/5 631/196/5
f 344/199/5 973/200/5 343/202/5
f 344/199/5 974/201/5 973/200/5
f 213/191/5 971/203/5 975/194/5
f 213/191/5 215/204/5 971/203/5
f 339/205/6 974/206/6 344/208/6
f 339/205/6 675/207/6 974/206/6
f 214/209/6 975/210/6 676/212/6
f 214/209/6 213/211/6 975/210/6
f 676/218/10 216/219/10 214/220/10
f 676/218/10 976/217/10 216/219/10
f 675/216/10 976/217/10 676/218/10
f 675/216/10 977/214/10 976/217/10
f 339/213/10 977/214/10 675/216/10
f 339/213/10 336/215/10 977/214/10
f 217/238/6 762/239/6 219/240/6
f 217/238/6 763/241/6 762/239/6
f 217/238/6 766/239/6 763/241/6
f 217/238/6 220/240/6 766/239/6
f 219/195/10 759/196/10 207/197/10
f 219/195/10 762/198/10 759/196/10
f 442/191/10 774/192/10 446/193/10
f 442/191/10 776/194/10 774/192/10
f 777/254/10 761/255/10 775/256/10
f 777/254/10 760/257/10 761/255/10
f 445/242/6 773/243/6 771/244/6
f 445/242/6 444/245/6 773/243/6
f 446/242/6 773/243/6 444/245/6
f 446/242/6 774/244/6 773/243/6
f 976/225/6 221/226/6 216/227/6
f 976/225/6 680/224/6 221/226/6
f 977/223/6 680/224/6 976/225/6
f 977/223/6 679/102/6 680/224/6
f 336/221/6 679/102/6 977/223/6
f 336/221/6 337/222/6 679/102/6
f 770/224/6 764/236/6 765/226/6
f 770/224/6 772/237/6 764/236/6
f 775/224/6 764/236/6 772/237/6
f 775/224/6 761/226/6 764/236/6
f 645/270/5 978/271/5 646/273/5
f 645/270/5 979/272/5 978/271/5
f 670/274/10 980/275/10 981/277/10
f 670/274/10 671/276/10 980/275/10
f 650/278/28 982/279/28 656/281/28
f 650/278/28 983/280/28 982/279/28
f 662/282/11 984/283/11 985/285/11
f 662/282/11 666/284/11 984/283/11
f 660/286/28 986/287/28 667/289/28
f 660/286/28 987/288/28 986/287/28
f 664/290/28 988/291/28 669/293/28
f 664/290/28 989/292/28 988/291/28
f 654/294/10 982/295/10 990/297/10
f 654/294/10 656/296/10 982/295/10
f 660/298/5 991/299/5 987/301/5
f 660/298/5 658/300/5 991/299/5
f 645/302/11 981/303/11 979/305/11
f 645/302/11 670/304/11 981/303/11
f 666/306/10 988/307/10 984/309/10
f 666/306/10 669/308/10 988/307/10
f 664/310/5 985/311/5 989/313/5
f 664/310/5 662/312/5 985/311/5
f 650/314/5 992/315/5 983/317/5
f 650/314/5 652/316/5 992/315/5
f 652/318/11 990/319/11 992/321/11
f 652/318/11 654/320/11 990/319/11
f 985/322/6 988/323/6 989/325/6
f 985/322/6 984/324/6 988/323/6
f 991/326/6 986/327/6 987/329/6
f 991/326/6 993/328/6 986/327/6
f 978/330/28 671/331/28 646/333/28
f 978/330/28 980/332/28 671/331/28
f 992/334/6 982/335/6 983/337/6
f 992/334/6 990/336/6 982/335/6
f 658/338/11 993/339/11 991/341/11
f 658/338/11 657/340/11 993/339/11
f 657/13/10 986/14/10 993/16/10
f 657/13/10 667/15/10 986/14/10
f 796/50/72 655/51/72 797/53/72
f 796/50/57 668/52/57 655/51/57
f 195/54/5 702/55/5 715/57/5
f 195/54/5 194/56/5 702/55/5
o doorframe
v 25.921844 6.171871 -20.984003
v 23.453093 6.171871 -20.983810
v 25.921852 6.171871 20.983995
v 23.453100 6.171871 20.984188
v 25.921844 92.578072 -20.984003
v 23.453093 92.578072 -20.983810
v 23.453100 92.578072 0.000188
v 25.925091 92.578072 0.000188
v 25.921852 92.578072 20.984379
v 23.453100 92.578072 20.984184
vn 0.0001 -0.0000 1.0000
vn -0.0000 -1.0000 -0.0000
vn 0.0001 -0.0000 -1.0000
vn -0.0001 -0.0000 -1.0000
vt 0.906253 0.859388
vt 0.898441 0.312513
vt 0.906254 0.312513
vt 0.898441 0.859388
vt 0.757816 0.867200
vt 0.890629 0.875007
vt 0.757816 0.875013
vt 0.890629 0.867200
s 0
usemtl black
f 998/424/73 995/425/73 994/426/73
f 998/424/73 999/427/73 995/425/73
f 998/428/74 1000/429/74 999/430/74
f 998/428/74 1001/431/74 1000/429/74
f 1002/428/74 1000/429/74 1001/431/74
f 1002/428/74 1003/430/74 1000/429/74
f 1002/424/75 997/425/75 1003/427/75
f 1002/424/76 996/426/76 997/425/76
o windows
v 7.406287 80.234329 -23.453094
v 7.406287 72.828079 -23.453094
v 7.406301 81.468704 23.453093
v 3.703177 81.468704 23.453093
v 13.578172 80.234329 23.453083
v 17.281298 80.234329 23.453083
v 12.343797 80.234329 23.453083
v 12.343797 72.828079 23.453083
v 17.281298 88.874947 23.453083
v 17.281298 81.468704 23.453083
v 8.640676 88.874947 23.453091
v 12.343797 88.874947 23.453083
v 8.640676 72.828079 23.453091
v 8.640676 80.234329 23.453091
v 7.406301 72.828079 23.453093
v 3.703177 72.828079 23.453093
v 12.343797 81.468704 23.453083
v 8.640676 81.468704 23.453091
v 13.578172 81.468704 23.453083
v 13.578172 88.874947 23.453083
v 3.703177 80.234329 23.453093
v 7.406301 80.234329 23.453093
v 7.406301 88.874947 23.453093
v 17.281298 72.828079 23.453083
v 13.578172 72.828079 23.453083
v 3.703177 88.874947 23.453093
v -8.640655 81.468704 23.453094
v -8.640655 88.874947 23.453094
v -3.703156 80.234329 23.453102
v -7.406280 80.234329 23.453096
v -7.406280 88.874947 23.453096
v -7.406280 81.468704 23.453096
v -17.281275 72.828079 23.453096
v -13.578152 72.828079 23.453096
v -3.703156 81.468704 23.453102
v -3.703156 88.874947 23.453102
v -17.281275 80.234329 23.453096
v -13.578152 80.234329 23.453096
v -12.343777 80.234329 23.453096
v -12.343777 72.828079 23.453096
v -17.281275 88.874947 23.453096
v -17.281275 81.468704 23.453096
v -12.343777 88.874947 23.453096
v -8.640655 72.828079 23.453094
v -8.640655 80.234329 23.453094
v -7.406280 72.828079 23.453096
v -3.703156 72.828079 23.453102
v -12.343777 81.468704 23.453096
v -13.578152 81.468704 23.453096
v -13.578152 88.874947 23.453096
v -23.453091 81.468704 8.640671
v -23.453091 88.874947 8.640671
v -23.453094 80.234329 3.703174
v -23.453093 80.234329 7.406296
v -23.453093 88.874947 7.406296
v -23.453093 81.468704 7.406296
v -23.453087 72.828079 17.281294
v -23.453087 72.828079 13.578168
v -23.453094 81.468704 3.703174
v -23.453094 88.874947 3.703174
v -23.453087 80.234329 17.281294
v -23.453087 80.234329 13.578168
v -23.453087 80.234329 12.343793
v -23.453087 72.828079 12.343793
v -23.453087 88.874947 17.281294
v -23.453087 81.468704 17.281294
v -23.453087 88.874947 12.343793
v -23.453091 72.828079 8.640671
v -23.453091 80.234329 8.640671
v -23.453093 72.828079 7.406296
v -23.453094 72.828079 3.703174
v -23.453087 81.468704 12.343793
v -23.453087 81.468704 13.578168
v -23.453087 88.874947 13.578168
v -23.453094 81.468704 -8.640658
v -23.453094 88.874947 -8.640658
v -23.453098 80.234329 -3.703160
v -23.453096 80.234329 -7.406283
v -23.453096 88.874947 -7.406283
v -23.453096 81.468704 -7.406283
v -23.453094 72.828079 -17.281279
v -23.453094 72.828079 -13.578156
v -23.453098 81.468704 -3.703160
v -23.453098 88.874947 -3.703160
v -23.453094 80.234329 -17.281279
v -23.453094 80.234329 -13.578156
v -23.453094 80.234329 -12.343780
v -23.453094 72.828079 -12.343780
v -23.453094 88.874947 -17.281279
v -23.453094 81.468704 -17.281279
v -23.453094 88.874947 -12.343780
v -23.453094 72.828079 -8.640658
v -23.453094 80.234329 -8.640658
v -23.453096 72.828079 -7.406283
v -23.453098 72.828079 -3.703160
v -23.453094 81.468704 -12.343780
v -23.453094 81.468704 -13.578156
v -23.453094 88.874947 -13.578156
v -8.640668 81.468704 -23.453093
v -8.640668 88.874947 -23.453093
v -3.703170 80.234329 -23.453094
v -7.406293 80.234329 -23.453094
v -7.406293 88.874947 -23.453094
v -7.406293 81.468704 -23.453094
v -17.281290 72.828079 -23.453089
v -13.578165 72.828079 -23.453089
v -3.703170 81.468704 -23.453094
v -3.703170 88.874947 -23.453094
v -17.281290 80.234329 -23.453089
v -13.578165 80.234329 -23.453089
v -12.343789 80.234329 -23.453089
v -12.343789 72.828079 -23.453089
v -17.281290 88.874947 -23.453089
v -17.281290 81.468704 -23.453089
v -12.343789 88.874947 -23.453089
v -8.640668 72.828079 -23.453093
v -8.640668 80.234329 -23.453093
v -7.406293 72.828079 -23.453094
v -3.703170 72.828079 -23.453094
v -12.343789 81.468704 -23.453089
v -13.578165 81.468704 -23.453089
v -13.578165 88.874947 -23.453089
v 8.640662 81.468704 -23.453093
v 8.640662 88.874947 -23.453093
v 3.703164 80.234329 -23.453098
v 7.406287 88.874947 -23.453094
v 7.406287 81.468704 -23.453094
v 17.281282 72.828079 -23.453093
v 13.578159 72.828079 -23.453093
v 3.703164 81.468704 -23.453098
v 3.703164 88.874947 -23.453098
v 17.281282 80.234329 -23.453093
v 13.578159 80.234329 -23.453093
v 12.343783 80.234329 -23.453093
v 12.343783 72.828079 -23.453093
v 17.281282 88.874947 -23.453093
v 17.281282 81.468704 -23.453093
v 12.343783 88.874947 -23.453093
v 8.640662 72.828079 -23.453093
v 8.640662 80.234329 -23.453093
v 3.703164 72.828079 -23.453098
v 12.343783 81.468704 -23.453093
v 13.578159 81.468704 -23.453093
v 13.578159 88.874947 -23.453093
vn -0.0000 -0.0000 -1.0000
vn -1.0000 -0.0000 -0.0000
vn -0.0000 -0.0000 1.0000
vt 0.164066 0.742200
vt 0.187504 0.789075
vt 0.187504 0.742200
vt 0.164066 0.789075
vt 0.132816 0.742200
vt 0.156254 0.789075
vt 0.156254 0.742200
vt 0.132816 0.789075
vt 0.101566 0.742200
vt 0.125004 0.789075
vt 0.125004 0.742200
vt 0.101566 0.789075
vt 0.101566 0.687513
vt 0.125004 0.734387
vt 0.125004 0.687513
vt 0.101566 0.734387
vt 0.132816 0.687513
vt 0.156254 0.734387
vt 0.156254 0.687513
vt 0.132816 0.734387
vt 0.164066 0.687513
vt 0.187504 0.734387
vt 0.187504 0.687513
vt 0.164066 0.734387
s 0
usemtl windows
f 1146/432/77 1139/433/77 1140/434/77
f 1146/432/77 1147/435/77 1139/433/77
f 1126/436/77 1141/437/77 1145/438/77
f 1126/436/77 1127/439/77 1141/437/77
f 1133/440/77 1129/441/77 1130/442/77
f 1133/440/77 1134/443/77 1129/441/77
f 1144/444/77 1004/445/77 1005/446/77
f 1144/444/77 1128/447/77 1004/445/77
f 1142/448/77 1137/449/77 1138/450/77
f 1142/448/77 1143/451/77 1137/449/77
f 1132/452/77 1135/453/77 1131/454/77
f 1132/452/77 1136/455/77 1135/453/77
f 1124/432/77 1116/433/77 1125/435/77
f 1124/432/77 1117/434/77 1116/433/77
f 1102/436/77 1118/437/77 1103/439/77
f 1102/436/77 1123/438/77 1118/437/77
f 1110/440/77 1106/441/77 1111/443/77
f 1110/440/77 1107/442/77 1106/441/77
f 1122/444/77 1105/445/77 1104/447/77
f 1122/444/77 1121/446/77 1105/445/77
f 1119/448/77 1114/449/77 1120/451/77
f 1119/448/77 1115/450/77 1114/449/77
f 1109/452/77 1112/453/77 1113/455/77
f 1109/452/77 1108/454/77 1112/453/77
f 1100/432/78 1092/433/78 1093/434/78
f 1100/432/78 1101/435/78 1092/433/78
f 1078/436/78 1094/437/78 1099/438/78
f 1078/436/78 1079/439/78 1094/437/78
f 1086/440/78 1082/441/78 1083/442/78
f 1086/440/78 1087/443/78 1082/441/78
f 1098/444/78 1081/445/78 1097/446/78
f 1098/444/78 1080/447/78 1081/445/78
f 1095/448/78 1090/449/78 1091/450/78
f 1095/448/78 1096/451/78 1090/449/78
f 1085/452/78 1088/453/78 1084/454/78
f 1085/452/78 1089/455/78 1088/453/78
f 1076/432/78 1068/433/78 1077/435/78
f 1076/432/78 1069/434/78 1068/433/78
f 1054/436/78 1070/437/78 1055/439/78
f 1054/436/78 1075/438/78 1070/437/78
f 1062/440/78 1058/441/78 1063/443/78
f 1062/440/78 1059/442/78 1058/441/78
f 1074/444/78 1057/445/78 1056/447/78
f 1074/444/78 1073/446/78 1057/445/78
f 1071/448/78 1066/449/78 1072/451/78
f 1071/448/78 1067/450/78 1066/449/78
f 1061/452/78 1064/453/78 1065/455/78
f 1061/452/78 1060/454/78 1064/453/78
f 1052/432/79 1044/433/79 1045/434/79
f 1052/432/79 1053/435/79 1044/433/79
f 1030/436/79 1046/437/79 1051/438/79
f 1030/436/79 1031/439/79 1046/437/79
f 1038/440/79 1034/441/79 1035/442/79
f 1038/440/79 1039/443/79 1034/441/79
f 1050/444/79 1033/445/79 1049/446/79
f 1050/444/79 1032/447/79 1033/445/79
f 1047/448/79 1042/449/79 1043/450/79
f 1047/448/79 1048/451/79 1042/449/79
f 1037/452/79 1040/453/79 1036/454/79
f 1037/452/79 1041/455/79 1040/453/79
f 1022/432/79 1012/433/79 1023/435/79
f 1022/432/79 1013/434/79 1012/433/79
f 1021/436/79 1015/437/79 1014/439/79
f 1021/436/79 1020/438/79 1015/437/79
f 1007/440/79 1026/441/79 1029/443/79
f 1007/440/79 1006/442/79 1026/441/79
f 1019/444/79 1025/445/79 1024/447/79
f 1019/444/79 1018/446/79 1025/445/79
f 1016/448/79 1010/449/79 1017/451/79
f 1016/448/79 1011/450/79 1010/449/79
f 1028/452/79 1009/453/79 1008/455/79
f 1028/452/79 1027/454/79 1009/453/79
o frame
v 7.406288 72.828079 -24.687469
v 7.406287 80.234329 -23.453094
v 7.406288 80.234329 -24.687469
v 7.406287 72.828079 -23.453094
v 2.468777 71.593712 -24.687477
v 3.703164 72.828079 -24.687473
v 3.703164 80.234329 -24.687473
v 3.703164 81.468704 -24.687473
v 2.468777 90.109322 -24.687477
v 3.703164 88.874947 -24.687473
v 7.406288 88.874947 -24.687469
v 8.640664 88.874947 -24.687469
v 7.406288 81.468704 -24.687469
v 8.640664 81.468704 -24.687469
v 8.640664 80.234329 -24.687469
v 8.640664 72.828079 -24.687469
v 18.515642 71.593712 -24.687464
v 12.343786 72.828079 -24.687466
v 13.578160 72.828079 -24.687464
v 13.578160 80.234329 -24.687464
v 12.343786 80.234329 -24.687466
v 12.343786 81.468704 -24.687466
v 13.578160 81.468704 -24.687464
v 13.578160 88.874947 -24.687464
v 12.343786 88.874947 -24.687466
v 18.515642 90.109322 -24.687464
v 17.281284 88.874947 -24.687466
v 17.281284 81.468704 -24.687466
v 17.281284 80.234329 -24.687466
v 17.281284 72.828079 -24.687466
v 2.468791 90.109322 24.687477
v 2.468791 71.593712 24.687477
v 3.703179 80.234329 24.687468
v 3.703179 72.828079 24.687468
v 7.406302 72.828079 24.687468
v 7.406302 88.874947 24.687468
v 8.640678 88.874947 24.687468
v 3.703179 88.874947 24.687468
v 3.703179 81.468704 24.687468
v 7.406302 81.468704 24.687468
v 7.406302 80.234329 24.687468
v 8.640678 81.468704 24.687468
v 8.640678 80.234329 24.687468
v 8.640678 72.828079 24.687468
v 18.515654 71.593712 24.687452
v 12.343800 72.828079 24.687458
v 13.578175 72.828079 24.687456
v 13.578175 80.234329 24.687456
v 12.343800 80.234329 24.687458
v 13.578175 81.468704 24.687456
v 12.343800 81.468704 24.687458
v 13.578175 88.874947 24.687456
v 12.343800 88.874947 24.687458
v 18.515654 90.109322 24.687452
v 17.281298 72.828079 24.687458
v 17.281298 80.234329 24.687458
v 17.281298 81.468704 24.687458
v 17.281298 88.874947 24.687458
v -24.687458 90.109322 18.515650
v -24.687477 90.109322 2.468787
v -24.687468 88.874947 8.640674
v -24.687460 81.468704 12.343795
v -24.687458 81.468704 13.578170
v -24.687458 88.874947 13.578170
v -24.687460 88.874947 12.343795
v -24.687460 88.874947 17.281292
v -24.687460 81.468704 17.281292
v -24.687460 80.234329 17.281292
v -24.687458 80.234329 13.578170
v -24.687460 80.234329 12.343795
v -24.687468 80.234329 8.640674
v -24.687468 81.468704 8.640674
v -24.687468 80.234329 7.406299
v -24.687468 81.468704 7.406299
v -24.687469 80.234329 3.703175
v -24.687469 81.468704 3.703175
v -24.687469 88.874947 3.703175
v -24.687468 88.874947 7.406299
v -24.687468 72.828079 7.406299
v -24.687468 72.828079 8.640674
v -24.687477 71.593712 2.468787
v -24.687469 72.828079 3.703175
v -24.687458 71.593712 18.515650
v -24.687460 72.828079 12.343795
v -24.687458 72.828079 13.578170
v -24.687460 72.828079 17.281292
v -24.687466 90.109322 -18.515638
v -24.687469 88.874947 -17.281282
v -24.687466 88.874947 -13.578156
v -24.687469 81.468704 -17.281282
v -24.687469 80.234329 -17.281282
v -24.687466 71.593712 -18.515638
v -24.687469 72.828079 -17.281282
v -24.687466 72.828079 -13.578156
v -24.687469 72.828079 -12.343782
v -24.687466 80.234329 -13.578156
v -24.687469 80.234329 -12.343782
v -24.687466 81.468704 -13.578156
v -24.687469 81.468704 -12.343782
v -24.687469 88.874947 -12.343782
v -24.687477 90.109322 -2.468773
v -24.687471 88.874947 -8.640660
v -24.687471 88.874947 -7.406283
v -24.687471 81.468704 -7.406283
v -24.687471 81.468704 -8.640660
v -24.687471 80.234329 -8.640660
v -24.687471 80.234329 -7.406283
v -24.687471 72.828079 -7.406283
v -24.687471 72.828079 -8.640660
v -24.687477 71.593712 -2.468773
v -24.687473 80.234329 -3.703160
v -24.687473 72.828079 -3.703160
v -24.687473 81.468704 -3.703160
v -24.687473 88.874947 -3.703160
v 7.406301 81.468704 23.453093
v 3.703177 81.468704 23.453093
v 13.578172 80.234329 23.453083
v 17.281298 80.234329 23.453083
v 12.343797 80.234329 23.453083
v 12.343797 72.828079 23.453083
v 17.281298 88.874947 23.453083
v 17.281298 81.468704 23.453083
v 8.640676 88.874947 23.453091
v 12.343797 88.874947 23.453083
v 8.640676 72.828079 23.453091
v 8.640676 80.234329 23.453091
v 7.406301 72.828079 23.453093
v 3.703177 72.828079 23.453093
v 12.343797 81.468704 23.453083
v 8.640676 81.468704 23.453091
v 13.578172 81.468704 23.453083
v 13.578172 88.874947 23.453083
v 3.703177 80.234329 23.453093
v 7.406301 80.234329 23.453093
v 7.406301 88.874947 23.453093
v 17.281298 72.828079 23.453083
v 13.578172 72.828079 23.453083
v 3.703177 88.874947 23.453093
v -8.640656 88.874947 24.687471
v -8.640655 81.468704 23.453094
v -8.640656 81.468704 24.687471
v -8.640655 88.874947 23.453094
v -7.406280 80.234329 24.687471
v -3.703156 80.234329 23.453102
v -3.703156 80.234329 24.687475
v -7.406280 80.234329 23.453096
v -7.406280 81.468704 24.687471
v -7.406280 88.874947 23.453096
v -7.406280 88.874947 24.687471
v -7.406280 81.468704 23.453096
v -13.578152 72.828079 24.687469
v -17.281275 72.828079 23.453096
v -17.281277 72.828079 24.687471
v -13.578152 72.828079 23.453096
v -3.703156 88.874947 24.687475
v -3.703156 81.468704 23.453102
v -3.703156 81.468704 24.687475
v -3.703156 88.874947 23.453102
v -17.281275 80.234329 23.453096
v -17.281277 80.234329 24.687471
v -13.578152 80.234329 24.687469
v -13.578152 80.234329 23.453096
v -12.343778 72.828079 24.687471
v -12.343777 80.234329 23.453096
v -12.343778 80.234329 24.687471
v -12.343777 72.828079 23.453096
v -17.281277 81.468704 24.687471
v -17.281275 88.874947 23.453096
v -17.281277 88.874947 24.687471
v -17.281275 81.468704 23.453096
v -12.343778 88.874947 24.687471
v -12.343777 88.874947 23.453096
v -8.640656 80.234329 24.687471
v -8.640655 72.828079 23.453094
v -8.640656 72.828079 24.687471
v -8.640655 80.234329 23.453094
v -3.703156 72.828079 24.687475
v -7.406280 72.828079 23.453096
v -7.406280 72.828079 24.687471
v -3.703156 72.828079 23.453102
v -12.343777 81.468704 23.453096
v -12.343778 81.468704 24.687471
v -13.578152 88.874947 24.687469
v -13.578152 81.468704 23.453096
v -13.578152 81.468704 24.687469
v -13.578152 88.874947 23.453096
v -2.468769 71.593712 24.687477
v -18.515633 71.593712 24.687471
v -18.515633 90.109322 24.687471
v -2.468769 90.109322 24.687477
v -2.468783 90.109322 -24.687477
v -2.468783 71.593712 -24.687477
v -3.703171 80.234329 -24.687469
v -3.703171 72.828079 -24.687469
v -7.406294 72.828079 -24.687469
v -3.703171 88.874947 -24.687469
v -7.406294 88.874947 -24.687469
v -3.703171 81.468704 -24.687469
v -7.406294 81.468704 -24.687469
v -7.406294 80.234329 -24.687469
v -8.640670 88.874947 -24.687469
v -8.640670 81.468704 -24.687469
v -8.640670 80.234329 -24.687469
v -8.640670 72.828079 -24.687469
v -18.515646 71.593712 -24.687460
v -12.343792 72.828079 -24.687462
v -13.578166 72.828079 -24.687460
v -13.578166 80.234329 -24.687460
v -12.343792 80.234329 -24.687462
v -13.578166 81.468704 -24.687460
v -12.343792 81.468704 -24.687462
v -13.578166 88.874947 -24.687460
v -12.343792 88.874947 -24.687462
v -18.515646 90.109322 -24.687460
v -17.281288 72.828079 -24.687462
v -17.281288 80.234329 -24.687462
v -17.281288 81.468704 -24.687462
v -17.281288 88.874947 -24.687462
v -23.453091 81.468704 8.640671
v -23.453091 88.874947 8.640671
v -23.453094 80.234329 3.703174
v -23.453093 80.234329 7.406296
v -23.453093 88.874947 7.406296
v -23.453093 81.468704 7.406296
v -23.453087 72.828079 17.281294
v -23.453087 72.828079 13.578168
v -23.453094 81.468704 3.703174
v -23.453094 88.874947 3.703174
v -23.453087 80.234329 17.281294
v -23.453087 80.234329 13.578168
v -23.453087 80.234329 12.343793
v -23.453087 72.828079 12.343793
v -23.453087 88.874947 17.281294
v -23.453087 81.468704 17.281294
v -23.453087 88.874947 12.343793
v -23.453091 72.828079 8.640671
v -23.453091 80.234329 8.640671
v -23.453093 72.828079 7.406296
v -23.453094 72.828079 3.703174
v -23.453087 81.468704 12.343793
v -23.453087 81.468704 13.578168
v -23.453087 88.874947 13.578168
v -23.453094 81.468704 -8.640658
v -23.453094 88.874947 -8.640658
v -23.453098 80.234329 -3.703160
v -23.453096 80.234329 -7.406283
v -23.453096 88.874947 -7.406283
v -23.453096 81.468704 -7.406283
v -23.453094 72.828079 -17.281279
v -23.453094 72.828079 -13.578156
v -23.453098 81.468704 -3.703160
v -23.453098 88.874947 -3.703160
v -23.453094 80.234329 -17.281279
v -23.453094 80.234329 -13.578156
v -23.453094 80.234329 -12.343780
v -23.453094 72.828079 -12.343780
v -23.453094 88.874947 -17.281279
v -23.453094 81.468704 -17.281279
v -23.453094 88.874947 -12.343780
v -23.453094 72.828079 -8.640658
v -23.453094 80.234329 -8.640658
v -23.453096 72.828079 -7.406283
v -23.453098 72.828079 -3.703160
v -23.453094 81.468704 -12.343780
v -23.453094 81.468704 -13.578156
v -23.453094 88.874947 -13.578156
v -8.640668 81.468704 -23.453093
v -8.640668 88.874947 -23.453093
v -3.703170 80.234329 -23.453094
v -7.406293 80.234329 -23.453094
v -7.406293 88.874947 -23.453094
v -7.406293 81.468704 -23.453094
v -17.281290 72.828079 -23.453089
v -13.578165 72.828079 -23.453089
v -3.703170 81.468704 -23.453094
v -3.703170 88.874947 -23.453094
v -17.281290 80.234329 -23.453089
v -13.578165 80.234329 -23.453089
v -12.343789 80.234329 -23.453089
v -12.343789 72.828079 -23.453089
v -17.281290 88.874947 -23.453089
v -17.281290 81.468704 -23.453089
v -12.343789 88.874947 -23.453089
v -8.640668 72.828079 -23.453093
v -8.640668 80.234329 -23.453093
v -7.406293 72.828079 -23.453094
v -3.703170 72.828079 -23.453094
v -12.343789 81.468704 -23.453089
v -13.578165 81.468704 -23.453089
v -13.578165 88.874947 -23.453089
v 8.640662 81.468704 -23.453093
v 8.640662 88.874947 -23.453093
v 3.703164 80.234329 -23.453098
v 7.406287 88.874947 -23.453094
v 7.406287 81.468704 -23.453094
v 17.281282 72.828079 -23.453093
v 13.578159 72.828079 -23.453093
v 3.703164 81.468704 -23.453098
v 3.703164 88.874947 -23.453098
v 17.281282 80.234329 -23.453093
v 13.578159 80.234329 -23.453093
v 12.343783 80.234329 -23.453093
v 12.343783 72.828079 -23.453093
v 17.281282 88.874947 -23.453093
v 17.281282 81.468704 -23.453093
v 12.343783 88.874947 -23.453093
v 8.640662 72.828079 -23.453093
v 8.640662 80.234329 -23.453093
v 3.703164 72.828079 -23.453098
v 12.343783 81.468704 -23.453093
v 13.578159 81.468704 -23.453093
v 13.578159 88.874947 -23.453093
vn -1.0000 -0.0000 -0.0000
vn -0.0000 -0.0000 -1.0000
vn -0.0000 -0.0000 1.0000
vn -0.0000 1.0000 -0.0000
vn -0.0000 -1.0000 -0.0000
vn 1.0000 -0.0000 -0.0000
vt 0.648441 0.710950
vt 0.656254 0.664075
vt 0.648441 0.664075
vt 0.656254 0.710950
vt 0.359379 0.679700
vt 0.367192 0.687512
vt 0.390630 0.687512
vt 0.367192 0.734387
vt 0.367192 0.742199
vt 0.359379 0.796888
vt 0.367192 0.789074
vt 0.390630 0.789074
vt 0.398441 0.789074
vt 0.390630 0.742199
vt 0.398441 0.742199
vt 0.390630 0.734387
vt 0.398441 0.734387
vt 0.398441 0.687512
vt 0.460941 0.679700
vt 0.421879 0.687512
vt 0.429691 0.687512
vt 0.429691 0.734387
vt 0.421879 0.734387
vt 0.421879 0.742199
vt 0.429691 0.742199
vt 0.429691 0.789074
vt 0.421879 0.789074
vt 0.460941 0.796888
vt 0.453129 0.789074
vt 0.453129 0.742199
vt 0.453129 0.734387
vt 0.453129 0.687512
vt 0.765629 0.671888
vt 0.757817 0.695325
vt 0.757817 0.671888
vt 0.765629 0.695325
vt 0.773441 0.726561
vt 0.781254 0.703138
vt 0.781254 0.726561
vt 0.773441 0.703138
vt 0.679691 0.765638
vt 0.687504 0.718763
vt 0.687504 0.765638
vt 0.679691 0.718763
vt 0.664066 0.710950
vt 0.671879 0.664075
vt 0.671879 0.710950
vt 0.664066 0.664075
vt 0.789066 0.726561
vt 0.796905 0.703138
vt 0.796905 0.726561
vt 0.789066 0.703138
vt 0.671879 0.718763
vt 0.664066 0.765638
vt 0.664066 0.718763
vt 0.671879 0.765638
vt 0.750004 0.734373
vt 0.742191 0.757797
vt 0.742191 0.734373
vt 0.750004 0.757797
vt 0.796905 0.671888
vt 0.789080 0.695325
vt 0.789080 0.671888
vt 0.796905 0.695325
vt 0.656254 0.718763
vt 0.648441 0.765638
vt 0.648441 0.718763
vt 0.656254 0.765638
vt 0.789066 0.757911
vt 0.796824 0.734488
vt 0.796824 0.757911
vt 0.789066 0.734488
vt 0.750004 0.671888
vt 0.742191 0.695325
vt 0.742191 0.671888
vt 0.750004 0.695325
vt 0.781254 0.734373
vt 0.773441 0.757797
vt 0.773441 0.734373
vt 0.781254 0.757797
vt 0.734379 0.664075
vt 0.726566 0.710950
vt 0.726566 0.664075
vt 0.734379 0.710950
vt 0.773441 0.695325
vt 0.781268 0.671888
vt 0.781268 0.695325
vt 0.773441 0.671888
vt 0.710941 0.710950
vt 0.718754 0.664075
vt 0.718754 0.710950
vt 0.710941 0.664075
vt 0.734379 0.718763
vt 0.726566 0.765638
vt 0.726566 0.718763
vt 0.734379 0.765638
vt 0.757817 0.757797
vt 0.765629 0.734373
vt 0.765629 0.757797
vt 0.757817 0.734373
vt 0.695316 0.710950
vt 0.703129 0.664075
vt 0.703129 0.710950
vt 0.695316 0.664075
vt 0.750004 0.703138
vt 0.742191 0.726561
vt 0.742191 0.703138
vt 0.750004 0.726561
vt 0.718754 0.718763
vt 0.710941 0.765638
vt 0.710941 0.718763
vt 0.718754 0.765638
vt 0.679691 0.710950
vt 0.687504 0.664075
vt 0.687504 0.710950
vt 0.679691 0.664075
vt 0.757817 0.726561
vt 0.765629 0.703138
vt 0.765629 0.726561
vt 0.757817 0.703138
vt 0.703129 0.718763
vt 0.695316 0.765638
vt 0.695316 0.718763
vt 0.703129 0.765638
s 0
usemtl exterior
f 1148/456/80 1149/457/80 1150/458/80
f 1148/456/80 1151/459/80 1149/457/80
f 1152/460/81 1153/461/81 1148/462/81
f 1154/463/81 1153/461/81 1152/460/81
f 1155/464/81 1154/463/81 1152/460/81
f 1152/460/81 1156/465/81 1155/464/81
f 1156/465/81 1157/466/81 1155/464/81
f 1158/467/81 1157/466/81 1156/465/81
f 1159/468/81 1158/467/81 1156/465/81
f 1160/469/81 1158/467/81 1159/468/81
f 1160/469/81 1159/468/81 1161/470/81
f 1150/471/81 1160/469/81 1161/470/81
f 1150/471/81 1161/470/81 1162/472/81
f 1148/462/81 1150/471/81 1162/472/81
f 1148/462/81 1162/472/81 1163/473/81
f 1152/460/81 1148/462/81 1163/473/81
f 1164/474/81 1152/460/81 1163/473/81
f 1163/473/81 1165/475/81 1164/474/81
f 1165/475/81 1166/476/81 1164/474/81
f 1165/475/81 1167/477/81 1166/476/81
f 1165/475/81 1168/478/81 1167/477/81
f 1154/463/81 1160/469/81 1150/471/81
f 1154/463/81 1155/464/81 1160/469/81
f 1162/472/81 1169/479/81 1168/478/81
f 1162/472/81 1161/470/81 1169/479/81
f 1168/478/81 1170/480/81 1167/477/81
f 1168/478/81 1169/479/81 1170/480/81
f 1169/479/81 1171/481/81 1170/480/81
f 1169/479/81 1172/482/81 1171/481/81
f 1173/483/81 1171/481/81 1172/482/81
f 1156/465/81 1173/483/81 1172/482/81
f 1156/465/81 1172/482/81 1159/468/81
f 1173/483/81 1174/484/81 1171/481/81
f 1175/485/81 1174/484/81 1173/483/81
f 1176/486/81 1175/485/81 1173/483/81
f 1173/483/81 1164/474/81 1176/486/81
f 1164/474/81 1177/487/81 1176/486/81
f 1166/476/81 1177/487/81 1164/474/81
f 1167/477/81 1175/485/81 1176/486/81
f 1167/477/81 1170/480/81 1175/485/81
f 1178/465/82 1179/460/82 1180/463/82
f 1179/460/82 1181/461/82 1180/463/82
f 1181/461/82 1179/460/82 1182/462/82
f 1178/465/82 1183/467/82 1184/468/82
f 1178/465/82 1185/466/82 1183/467/82
f 1186/464/82 1185/466/82 1178/465/82
f 1180/463/82 1186/464/82 1178/465/82
f 1180/463/82 1187/469/82 1186/464/82
f 1180/463/82 1188/471/82 1187/469/82
f 1187/469/82 1184/468/82 1183/467/82
f 1187/469/82 1189/470/82 1184/468/82
f 1188/471/82 1189/470/82 1187/469/82
f 1188/471/82 1190/472/82 1189/470/82
f 1182/462/82 1190/472/82 1188/471/82
f 1182/462/82 1191/473/82 1190/472/82
f 1182/462/82 1179/460/82 1191/473/82
f 1179/460/82 1192/474/82 1191/473/82
f 1192/474/82 1193/475/82 1191/473/82
f 1192/474/82 1194/476/82 1193/475/82
f 1193/475/82 1194/476/82 1195/477/82
f 1193/475/82 1195/477/82 1196/478/82
f 1196/478/82 1195/477/82 1197/480/82
f 1196/478/82 1197/480/82 1198/479/82
f 1198/479/82 1197/480/82 1199/481/82
f 1198/479/82 1199/481/82 1200/482/82
f 1200/482/82 1199/481/82 1201/483/82
f 1184/468/82 1200/482/82 1201/483/82
f 1201/483/82 1178/465/82 1184/468/82
f 1190/472/82 1198/479/82 1189/470/82
f 1190/472/82 1196/478/82 1198/479/82
f 1192/474/82 1202/487/82 1194/476/82
f 1202/487/82 1192/474/82 1203/486/82
f 1192/474/82 1201/483/82 1203/486/82
f 1201/483/82 1204/485/82 1203/486/82
f 1201/483/82 1205/484/82 1204/485/82
f 1199/481/82 1205/484/82 1201/483/82
f 1195/477/82 1204/485/82 1197/480/82
f 1195/477/82 1203/486/82 1204/485/82
f 1206/483/80 1207/465/80 1208/468/80
f 1209/479/80 1210/480/80 1211/481/80
f 1209/479/80 1211/481/80 1212/482/80
f 1212/482/80 1211/481/80 1206/483/80
f 1208/468/80 1212/482/80 1206/483/80
f 1211/481/80 1213/484/80 1206/483/80
f 1206/483/80 1213/484/80 1214/485/80
f 1206/483/80 1214/485/80 1215/486/80
f 1216/477/80 1215/486/80 1214/485/80
f 1216/477/80 1214/485/80 1210/480/80
f 1217/478/80 1216/477/80 1210/480/80
f 1217/478/80 1210/480/80 1209/479/80
f 1218/472/80 1217/478/80 1209/479/80
f 1218/472/80 1209/479/80 1219/470/80
f 1220/471/80 1218/472/80 1219/470/80
f 1220/471/80 1219/470/80 1221/469/80
f 1222/463/80 1220/471/80 1221/469/80
f 1222/463/80 1221/469/80 1223/464/80
f 1222/463/80 1223/464/80 1207/465/80
f 1223/464/80 1224/466/80 1207/465/80
f 1207/465/80 1224/466/80 1225/467/80
f 1207/465/80 1225/467/80 1208/468/80
f 1221/469/80 1208/468/80 1225/467/80
f 1221/469/80 1219/470/80 1208/468/80
f 1226/462/80 1218/472/80 1220/471/80
f 1226/462/80 1227/473/80 1218/472/80
f 1207/465/80 1228/460/80 1222/463/80
f 1228/460/80 1229/461/80 1222/463/80
f 1229/461/80 1228/460/80 1226/462/80
f 1226/462/80 1228/460/80 1227/473/80
f 1228/460/80 1230/474/80 1227/473/80
f 1230/474/80 1231/475/80 1227/473/80
f 1231/475/80 1216/477/80 1217/478/80
f 1231/475/80 1232/476/80 1216/477/80
f 1230/474/80 1232/476/80 1231/475/80
f 1230/474/80 1233/487/80 1232/476/80
f 1233/487/80 1230/474/80 1215/486/80
f 1230/474/80 1206/483/80 1215/486/80
f 1234/483/80 1235/484/80 1236/481/80
f 1237/485/80 1235/484/80 1234/483/80
f 1238/486/80 1237/485/80 1234/483/80
f 1234/483/80 1239/474/80 1238/486/80
f 1239/474/80 1240/487/80 1238/486/80
f 1241/476/80 1240/487/80 1239/474/80
f 1242/475/80 1241/476/80 1239/474/80
f 1242/475/80 1243/477/80 1241/476/80
f 1242/475/80 1244/478/80 1243/477/80
f 1244/478/80 1245/480/80 1243/477/80
f 1244/478/80 1246/479/80 1245/480/80
f 1246/479/80 1236/481/80 1245/480/80
f 1246/479/80 1247/482/80 1236/481/80
f 1234/483/80 1236/481/80 1247/482/80
f 1248/465/80 1234/483/80 1247/482/80
f 1248/465/80 1247/482/80 1249/468/80
f 1249/468/80 1250/467/80 1248/465/80
f 1251/469/80 1250/467/80 1249/468/80
f 1251/469/80 1249/468/80 1252/470/80
f 1243/477/80 1237/485/80 1238/486/80
f 1243/477/80 1245/480/80 1237/485/80
f 1253/472/80 1246/479/80 1244/478/80
f 1253/472/80 1252/470/80 1246/479/80
f 1254/471/80 1251/469/80 1252/470/80
f 1254/471/80 1252/470/80 1253/472/80
f 1255/462/80 1254/471/80 1253/472/80
f 1255/462/80 1253/472/80 1256/473/80
f 1257/460/80 1255/462/80 1256/473/80
f 1239/474/80 1257/460/80 1256/473/80
f 1256/473/80 1242/475/80 1239/474/80
f 1258/463/80 1259/461/80 1257/460/80
f 1257/460/80 1259/461/80 1255/462/80
f 1258/463/80 1251/469/80 1254/471/80
f 1258/463/80 1260/464/80 1251/469/80
f 1260/464/80 1258/463/80 1257/460/80
f 1257/460/80 1248/465/80 1260/464/80
f 1248/465/80 1261/466/80 1260/464/80
f 1250/467/80 1261/466/80 1248/465/80
f 1186/488/83 1262/489/83 1263/490/83
f 1186/488/83 1187/491/83 1262/489/83
f 1203/492/84 1264/493/84 1265/494/84
f 1203/492/84 1195/495/84 1264/493/84
f 1193/496/80 1266/497/80 1267/498/80
f 1193/496/80 1196/499/80 1266/497/80
f 1204/500/80 1268/501/80 1269/502/80
f 1204/500/80 1205/503/80 1268/501/80
f 1200/504/84 1270/505/84 1271/506/84
f 1200/504/84 1184/507/84 1270/505/84
f 1190/508/85 1272/509/85 1273/510/85
f 1190/508/85 1191/511/85 1272/509/85
f 1181/512/83 1274/513/83 1275/514/83
f 1181/512/83 1182/515/83 1274/513/83
f 1189/516/83 1276/517/83 1277/518/83
f 1189/516/83 1198/519/83 1276/517/83
f 1199/520/85 1278/521/85 1279/522/85
f 1199/520/85 1197/523/85 1278/521/85
f 1196/524/84 1273/525/84 1266/526/84
f 1196/524/84 1190/527/84 1273/525/84
f 1197/528/83 1269/529/83 1278/530/83
f 1197/528/83 1204/531/83 1269/529/83
f 1191/532/83 1267/533/83 1272/534/83
f 1191/532/83 1193/535/83 1267/533/83
f 1180/536/85 1275/537/85 1280/538/85
f 1180/536/85 1181/539/85 1275/537/85
f 1205/540/84 1279/541/84 1268/542/84
f 1205/540/84 1199/543/84 1279/541/84
f 1198/544/80 1271/545/80 1276/546/80
f 1198/544/80 1200/547/80 1271/545/80
f 1182/456/80 1281/457/80 1274/459/80
f 1182/456/80 1188/458/80 1281/457/80
f 1184/548/85 1277/549/85 1270/550/85
f 1184/548/85 1189/551/85 1277/549/85
f 1188/552/84 1280/553/84 1281/554/84
f 1188/552/84 1180/555/84 1280/553/84
f 1187/556/80 1282/557/80 1262/558/80
f 1187/556/80 1183/559/80 1282/557/80
f 1194/560/83 1283/561/83 1284/562/83
f 1194/560/83 1202/563/83 1283/561/83
f 1185/564/85 1263/565/85 1285/566/85
f 1185/564/85 1186/567/85 1263/565/85
f 1202/568/80 1265/569/80 1283/570/80
f 1202/568/80 1203/571/80 1265/569/80
f 1183/572/84 1285/573/84 1282/574/84
f 1183/572/84 1185/575/84 1285/573/84
f 1195/576/85 1284/577/85 1264/578/85
f 1195/576/85 1194/579/85 1284/577/85
f 1286/548/80 1287/549/80 1288/551/80
f 1286/548/80 1289/550/80 1287/549/80
f 1290/552/84 1291/553/84 1292/555/84
f 1290/552/84 1293/554/84 1291/553/84
f 1294/556/85 1295/557/85 1296/559/85
f 1294/556/85 1297/558/85 1295/557/85
f 1298/560/83 1299/561/83 1300/563/83
f 1298/560/83 1301/562/83 1299/561/83
f 1302/564/80 1303/565/80 1304/567/80
f 1302/564/80 1305/566/80 1303/565/80
f 1300/568/85 1306/569/85 1307/571/85
f 1300/568/85 1299/570/85 1306/569/85
f 1296/572/84 1305/573/84 1302/575/84
f 1296/572/84 1295/574/84 1305/573/84
f 1308/576/80 1301/577/80 1298/579/80
f 1308/576/80 1309/578/80 1301/577/80
f 1304/488/83 1297/489/83 1294/491/83
f 1304/488/83 1303/490/83 1297/489/83
f 1307/492/84 1309/493/84 1308/495/84
f 1307/492/84 1306/494/84 1309/493/84
f 1310/496/85 1311/497/85 1312/499/85
f 1310/496/85 1313/498/85 1311/497/85
f 1314/500/85 1315/501/85 1316/503/85
f 1314/500/85 1317/502/85 1315/501/85
f 1318/504/84 1289/505/84 1286/507/84
f 1318/504/84 1319/506/84 1289/505/84
f 1320/508/80 1321/509/80 1322/511/80
f 1320/508/80 1323/510/80 1321/509/80
f 1324/512/83 1325/513/83 1326/515/83
f 1324/512/83 1327/514/83 1325/513/83
f 1288/516/83 1328/517/83 1329/519/83
f 1288/516/83 1287/518/83 1328/517/83
f 1330/520/80 1331/521/80 1332/523/80
f 1330/520/80 1333/522/80 1331/521/80
f 1312/524/84 1323/525/84 1320/527/84
f 1312/524/84 1311/526/84 1323/525/84
f 1332/528/83 1317/529/83 1314/531/83
f 1332/528/83 1331/530/83 1317/529/83
f 1322/532/83 1313/533/83 1310/535/83
f 1322/532/83 1321/534/83 1313/533/83
f 1326/462/82 1320/472/82 1322/473/82
f 1326/462/82 1290/471/82 1320/472/82
f 1292/463/82 1324/461/82 1334/460/82
f 1334/460/82 1324/461/82 1326/462/82
f 1334/460/82 1326/462/82 1322/473/82
f 1335/474/82 1334/460/82 1322/473/82
f 1322/473/82 1310/475/82 1335/474/82
f 1336/483/82 1335/474/82 1307/486/82
f 1335/474/82 1300/487/82 1307/486/82
f 1298/476/82 1300/487/82 1335/474/82
f 1310/475/82 1298/476/82 1335/474/82
f 1310/475/82 1308/477/82 1298/476/82
f 1310/475/82 1312/478/82 1308/477/82
f 1337/465/82 1318/482/82 1286/468/82
f 1337/465/82 1336/483/82 1318/482/82
f 1336/483/82 1330/481/82 1318/482/82
f 1336/483/82 1316/484/82 1330/481/82
f 1314/485/82 1316/484/82 1336/483/82
f 1307/486/82 1314/485/82 1336/483/82
f 1308/477/82 1314/485/82 1307/486/82
f 1308/477/82 1332/480/82 1314/485/82
f 1312/478/82 1332/480/82 1308/477/82
f 1312/478/82 1329/479/82 1332/480/82
f 1320/472/82 1329/479/82 1312/478/82
f 1320/472/82 1288/470/82 1329/479/82
f 1290/471/82 1288/470/82 1320/472/82
f 1290/471/82 1294/469/82 1288/470/82
f 1292/463/82 1294/469/82 1290/471/82
f 1292/463/82 1304/464/82 1294/469/82
f 1304/464/82 1292/463/82 1334/460/82
f 1334/460/82 1337/465/82 1304/464/82
f 1329/479/82 1330/481/82 1332/480/82
f 1329/479/82 1318/482/82 1330/481/82
f 1337/465/82 1302/466/82 1304/464/82
f 1296/467/82 1302/466/82 1337/465/82
f 1286/468/82 1296/467/82 1337/465/82
f 1294/469/82 1296/467/82 1286/468/82
f 1294/469/82 1286/468/82 1288/470/82
f 1338/465/81 1339/460/81 1340/463/81
f 1339/460/81 1341/461/81 1340/463/81
f 1341/461/81 1339/460/81 1342/462/81
f 1338/465/81 1343/466/81 1344/467/81
f 1345/464/81 1343/466/81 1338/465/81
f 1340/463/81 1345/464/81 1338/465/81
f 1340/463/81 1346/469/81 1345/464/81
f 1340/463/81 1347/471/81 1346/469/81
f 1346/469/81 1348/468/81 1344/467/81
f 1346/469/81 1349/470/81 1348/468/81
f 1347/471/81 1349/470/81 1346/469/81
f 1347/471/81 1350/472/81 1349/470/81
f 1342/462/81 1350/472/81 1347/471/81
f 1342/462/81 1351/473/81 1350/472/81
f 1342/462/81 1339/460/81 1351/473/81
f 1339/460/81 1352/474/81 1351/473/81
f 1352/474/81 1353/475/81 1351/473/81
f 1352/474/81 1354/476/81 1353/475/81
f 1353/475/81 1354/476/81 1355/477/81
f 1353/475/81 1355/477/81 1356/478/81
f 1356/478/81 1355/477/81 1357/480/81
f 1356/478/81 1357/480/81 1358/479/81
f 1358/479/81 1357/480/81 1359/481/81
f 1358/479/81 1359/481/81 1360/482/81
f 1360/482/81 1359/481/81 1361/483/81
f 1348/468/81 1360/482/81 1361/483/81
f 1361/483/81 1338/465/81 1348/468/81
f 1338/465/81 1344/467/81 1348/468/81
f 1350/472/81 1358/479/81 1349/470/81
f 1350/472/81 1356/478/81 1358/479/81
f 1352/474/81 1362/487/81 1354/476/81
f 1362/487/81 1352/474/81 1363/486/81
f 1352/474/81 1361/483/81 1363/486/81
f 1361/483/81 1364/485/81 1363/486/81
f 1361/483/81 1365/484/81 1364/485/81
f 1359/481/81 1365/484/81 1361/483/81
f 1355/477/81 1364/485/81 1357/480/81
f 1355/477/81 1363/486/81 1364/485/81
f 1292/536/80 1327/537/80 1324/539/80
f 1292/536/80 1291/538/80 1327/537/80
f 1316/540/84 1333/541/84 1330/543/84
f 1316/540/84 1315/542/84 1333/541/84
f 1329/544/85 1319/545/85 1318/547/85
f 1329/544/85 1328/546/85 1319/545/85
f 1326/456/85 1293/457/85 1290/458/85
f 1326/456/85 1325/459/85 1293/457/85
f 1208/548/82 1366/549/82 1367/550/82
f 1208/548/82 1219/551/82 1366/549/82
f 1220/552/84 1368/553/84 1369/554/84
f 1220/552/84 1222/555/84 1368/553/84
f 1221/556/81 1370/557/81 1371/558/81
f 1221/556/81 1225/559/81 1370/557/81
f 1232/560/83 1372/561/83 1373/562/83
f 1232/560/83 1233/563/83 1372/561/83
f 1224/564/82 1374/565/82 1375/566/82
f 1224/564/82 1223/567/82 1374/565/82
f 1233/568/81 1376/569/81 1372/570/81
f 1233/568/81 1215/571/81 1376/569/81
f 1225/572/84 1375/573/84 1370/574/84
f 1225/572/84 1224/575/84 1375/573/84
f 1216/576/82 1373/577/82 1377/578/82
f 1216/576/82 1232/579/82 1373/577/82
f 1223/488/83 1371/489/83 1374/490/83
f 1223/488/83 1221/491/83 1371/489/83
f 1215/492/84 1377/493/84 1376/494/84
f 1215/492/84 1216/495/84 1377/493/84
f 1231/496/81 1378/497/81 1379/498/81
f 1231/496/81 1217/499/81 1378/497/81
f 1214/500/81 1380/501/81 1381/502/81
f 1214/500/81 1213/503/81 1380/501/81
f 1212/504/84 1367/505/84 1382/506/84
f 1212/504/84 1208/507/84 1367/505/84
f 1218/508/82 1383/509/82 1384/510/82
f 1218/508/82 1227/511/82 1383/509/82
f 1229/512/83 1385/513/83 1386/514/83
f 1229/512/83 1226/515/83 1385/513/83
f 1219/516/83 1387/517/83 1366/518/83
f 1219/516/83 1209/519/83 1387/517/83
f 1211/520/82 1388/521/82 1389/522/82
f 1211/520/82 1210/523/82 1388/521/82
f 1217/524/84 1384/525/84 1378/526/84
f 1217/524/84 1218/527/84 1384/525/84
f 1210/528/83 1381/529/83 1388/530/83
f 1210/528/83 1214/531/83 1381/529/83
f 1227/532/83 1379/533/83 1383/534/83
f 1227/532/83 1231/535/83 1379/533/83
f 1222/536/82 1386/537/82 1368/538/82
f 1222/536/82 1229/539/82 1386/537/82
f 1213/540/84 1389/541/84 1380/542/84
f 1213/540/84 1211/543/84 1389/541/84
f 1209/544/81 1382/545/81 1387/546/81
f 1209/544/81 1212/547/81 1382/545/81
f 1226/456/81 1369/457/81 1385/459/81
f 1226/456/81 1220/458/81 1369/457/81
f 1249/548/81 1390/549/81 1252/551/81
f 1249/548/81 1391/550/81 1390/549/81
f 1254/552/84 1392/553/84 1258/555/84
f 1254/552/84 1393/554/84 1392/553/84
f 1251/556/82 1394/557/82 1250/559/82
f 1251/556/82 1395/558/82 1394/557/82
f 1241/560/83 1396/561/83 1240/563/83
f 1241/560/83 1397/562/83 1396/561/83
f 1261/564/81 1398/565/81 1260/567/81
f 1261/564/81 1399/566/81 1398/565/81
f 1240/568/82 1400/569/82 1238/571/82
f 1240/568/82 1396/570/82 1400/569/82
f 1250/572/84 1399/573/84 1261/575/84
f 1250/572/84 1394/574/84 1399/573/84
f 1243/576/81 1397/577/81 1241/579/81
f 1243/576/81 1401/578/81 1397/577/81
f 1260/488/83 1395/489/83 1251/491/83
f 1260/488/83 1398/490/83 1395/489/83
f 1238/492/84 1401/493/84 1243/495/84
f 1238/492/84 1400/494/84 1401/493/84
f 1242/496/82 1402/497/82 1244/499/82
f 1242/496/82 1403/498/82 1402/497/82
f 1237/500/82 1404/501/82 1235/503/82
f 1237/500/82 1405/502/82 1404/501/82
f 1247/504/84 1391/505/84 1249/507/84
f 1247/504/84 1406/506/84 1391/505/84
f 1253/508/81 1407/509/81 1256/511/81
f 1253/508/81 1408/510/81 1407/509/81
f 1259/512/83 1409/513/83 1255/515/83
f 1259/512/83 1410/514/83 1409/513/83
f 1252/516/83 1411/517/83 1246/519/83
f 1252/516/83 1390/518/83 1411/517/83
f 1236/520/81 1412/521/81 1245/523/81
f 1236/520/81 1413/522/81 1412/521/81
f 1244/524/84 1408/525/84 1253/527/84
f 1244/524/84 1402/526/84 1408/525/84
f 1245/528/83 1405/529/83 1237/531/83
f 1245/528/83 1412/530/83 1405/529/83
f 1256/532/83 1403/533/83 1242/535/83
f 1256/532/83 1407/534/83 1403/533/83
f 1258/536/81 1410/537/81 1259/539/81
f 1258/536/81 1392/538/81 1410/537/81
f 1235/540/84 1413/541/84 1236/543/84
f 1235/540/84 1404/542/84 1413/541/84
f 1246/544/82 1406/545/82 1247/547/82
f 1246/544/82 1411/546/82 1406/545/82
f 1255/456/82 1393/457/82 1254/458/82
f 1255/456/82 1409/459/82 1393/457/82
f 1348/548/80 1414/549/80 1415/550/80
f 1348/548/80 1349/551/80 1414/549/80
f 1347/552/84 1416/553/84 1417/554/84
f 1347/552/84 1340/555/84 1416/553/84
f 1346/556/85 1418/557/85 1419/558/85
f 1346/556/85 1344/559/85 1418/557/85
f 1354/560/83 1420/561/83 1421/562/83
f 1354/560/83 1362/563/83 1420/561/83
f 1343/564/80 1422/565/80 1423/566/80
f 1343/564/80 1345/567/80 1422/565/80
f 1362/568/85 1424/569/85 1420/570/85
f 1362/568/85 1363/571/85 1424/569/85
f 1344/572/84 1423/573/84 1418/574/84
f 1344/572/84 1343/575/84 1423/573/84
f 1355/576/80 1421/577/80 1425/578/80
f 1355/576/80 1354/579/80 1421/577/80
f 1345/488/83 1419/489/83 1422/490/83
f 1345/488/83 1346/491/83 1419/489/83
f 1363/492/84 1425/493/84 1424/494/84
f 1363/492/84 1355/495/84 1425/493/84
f 1353/496/85 1426/497/85 1427/498/85
f 1353/496/85 1356/499/85 1426/497/85
f 1364/500/85 1428/501/85 1429/502/85
f 1364/500/85 1365/503/85 1428/501/85
f 1360/504/84 1415/505/84 1430/506/84
f 1360/504/84 1348/507/84 1415/505/84
f 1350/508/80 1431/509/80 1432/510/80
f 1350/508/80 1351/511/80 1431/509/80
f 1341/512/83 1433/513/83 1434/514/83
f 1341/512/83 1342/515/83 1433/513/83
f 1349/516/83 1435/517/83 1414/518/83
f 1349/516/83 1358/519/83 1435/517/83
f 1359/520/80 1436/521/80 1437/522/80
f 1359/520/80 1357/523/80 1436/521/80
f 1356/524/84 1432/525/84 1426/526/84
f 1356/524/84 1350/527/84 1432/525/84
f 1357/528/83 1429/529/83 1436/530/83
f 1357/528/83 1364/531/83 1429/529/83
f 1351/532/83 1427/533/83 1431/534/83
f 1351/532/83 1353/535/83 1427/533/83
f 1340/536/80 1434/537/80 1416/538/80
f 1340/536/80 1341/539/80 1434/537/80
f 1365/540/84 1437/541/84 1428/542/84
f 1365/540/84 1359/543/84 1437/541/84
f 1358/544/85 1430/545/85 1435/546/85
f 1358/544/85 1360/547/85 1430/545/85
f 1342/456/85 1417/457/85 1433/459/85
f 1342/456/85 1347/458/85 1417/457/85
f 1159/548/85 1438/549/85 1161/551/85
f 1159/548/85 1439/550/85 1438/549/85
f 1150/552/84 1440/553/84 1154/555/84
f 1150/552/84 1149/554/84 1440/553/84
f 1160/556/80 1441/557/80 1158/559/80
f 1160/556/80 1442/558/80 1441/557/80
f 1166/560/83 1443/561/83 1177/563/83
f 1166/560/83 1444/562/83 1443/561/83
f 1157/564/85 1445/565/85 1155/567/85
f 1157/564/85 1446/566/85 1445/565/85
f 1177/568/80 1447/569/80 1176/571/80
f 1177/568/80 1443/570/80 1447/569/80
f 1158/572/84 1446/573/84 1157/575/84
f 1158/572/84 1441/574/84 1446/573/84
f 1167/576/85 1444/577/85 1166/579/85
f 1167/576/85 1448/578/85 1444/577/85
f 1155/488/83 1442/489/83 1160/491/83
f 1155/488/83 1445/490/83 1442/489/83
f 1176/492/84 1448/493/84 1167/495/84
f 1176/492/84 1447/494/84 1448/493/84
f 1165/496/80 1449/497/80 1168/499/80
f 1165/496/80 1450/498/80 1449/497/80
f 1175/500/80 1451/501/80 1174/503/80
f 1175/500/80 1452/502/80 1451/501/80
f 1172/504/84 1439/505/84 1159/507/84
f 1172/504/84 1453/506/84 1439/505/84
f 1162/508/85 1454/509/85 1163/511/85
f 1162/508/85 1455/510/85 1454/509/85
f 1153/512/83 1151/513/83 1148/515/83
f 1153/512/83 1456/514/83 1151/513/83
f 1161/516/83 1457/517/83 1169/519/83
f 1161/516/83 1438/518/83 1457/517/83
f 1171/520/85 1458/521/85 1170/523/85
f 1171/520/85 1459/522/85 1458/521/85
f 1168/524/84 1455/525/84 1162/527/84
f 1168/524/84 1449/526/84 1455/525/84
f 1170/528/83 1452/529/83 1175/531/83
f 1170/528/83 1458/530/83 1452/529/83
f 1163/532/83 1450/533/83 1165/535/83
f 1163/532/83 1454/534/83 1450/533/83
f 1154/536/85 1456/537/85 1153/539/85
f 1154/536/85 1440/538/85 1456/537/85
f 1174/540/84 1459/541/84 1171/543/84
f 1174/540/84 1451/542/84 1459/541/84
f 1169/544/80 1453/545/80 1172/547/80
f 1169/544/80 1457/546/80 1453/545/80
o topsign
v -29.624968 99.984314 23.453146
v -29.624979 95.046822 -0.006791
v -29.624968 95.046822 23.453146
v -29.624979 99.984314 -0.006791
v -29.624975 99.984314 -23.453138
v -29.624975 95.046822 -23.453138
v 23.453150 99.984314 29.624962
v -0.006786 95.046822 29.624979
v 23.453150 95.046822 29.624962
v -0.006786 99.984314 29.624979
v -23.453133 99.984314 29.624979
v -23.453133 95.046822 29.624979
v 29.624975 99.984314 -23.453136
v 29.624983 95.046822 -0.006813
v 29.624975 95.046822 -23.453136
v 29.624983 99.984314 -0.006813
v 29.624985 99.984314 23.453129
v 29.624985 95.046822 23.453129
v -23.453136 99.984314 -29.624975
v -0.006814 95.046822 -29.624983
v -23.453136 95.046822 -29.624975
v -0.006814 99.984314 -29.624983
v 23.453129 99.984314 -29.624985
v 23.453129 95.046822 -29.624985
vn -1.0000 -0.0000 -0.0000
vn -0.0000 -0.0000 1.0000
vn 1.0000 -0.0000 -0.0000
vn -0.0000 -0.0000 -1.0000
vt 0.476566 0.960950
vt 0.335941 0.929700
vt 0.476566 0.929700
vt 0.335941 0.960950
vt 0.195316 0.960950
vt 0.195316 0.929700
s 0
usemtl topsign
f 1460/580/86 1461/581/86 1462/582/86
f 1460/580/86 1463/583/86 1461/581/86
f 1464/584/86 1461/581/86 1463/583/86
f 1464/584/86 1465/585/86 1461/581/86
f 1466/580/87 1467/581/87 1468/582/87
f 1466/580/87 1469/583/87 1467/581/87
f 1470/584/87 1467/581/87 1469/583/87
f 1470/584/87 1471/585/87 1467/581/87
f 1472/580/88 1473/581/88 1474/582/88
f 1472/580/88 1475/583/88 1473/581/88
f 1476/584/88 1473/581/88 1475/583/88
f 1476/584/88 1477/585/88 1473/581/88
f 1478/580/89 1479/581/89 1480/582/89
f 1478/580/89 1481/583/89 1479/581/89
f 1482/584/89 1479/581/89 1481/583/89
f 1482/584/89 1483/585/89 1479/581/89
o doorsign
v 23.453093 81.468704 -8.640658
v 23.453093 88.874954 -8.640658
v 23.453096 80.234329 -3.703160
v 23.453096 80.234329 -7.406283
v 23.453096 88.874954 -7.406283
v 23.453096 81.468704 -7.406283
v 23.453093 72.828079 -17.281281
v 23.453094 72.828079 -13.578156
v 23.453096 81.468704 -3.703160
v 23.453096 88.874954 -3.703160
v 23.453093 80.234329 -17.281281
v 23.453094 80.234329 -13.578156
v 23.453093 80.234329 -12.343780
v 23.453093 72.828079 -12.343780
v 23.453093 88.874954 -17.281281
v 23.453093 81.468704 -17.281281
v 23.453093 88.874954 -12.343780
v 23.453093 72.828079 -8.640658
v 23.453093 80.234329 -8.640658
v 23.453096 72.828079 -7.406283
v 23.453096 72.828079 -3.703160
v 23.453093 81.468704 -12.343780
v 23.453094 81.468704 -13.578156
v 23.453094 88.874954 -13.578156
v 24.687460 67.890587 3.703149
v 24.687460 51.843719 3.703149
v 24.687466 67.890587 17.281265
v 24.687466 51.843719 17.281265
v 23.453094 81.468704 8.640656
v 23.453094 88.874954 8.640656
v 23.453094 80.234329 3.703158
v 23.453096 80.234329 7.406281
v 23.453096 88.874954 7.406281
v 23.453096 81.468704 7.406281
v 23.453094 72.828079 17.281275
v 23.453094 72.828079 13.578153
v 23.453094 81.468704 3.703158
v 23.453094 88.874954 3.703158
v 23.453094 80.234329 17.281275
v 23.453094 80.234329 13.578153
v 23.453091 80.234329 12.343777
v 23.453091 72.828079 12.343777
v 23.453094 88.874954 17.281275
v 23.453094 81.468704 17.281275
v 23.453091 88.874954 12.343777
v 23.453094 72.828079 8.640656
v 23.453094 80.234329 8.640656
v 23.453096 72.828079 7.406281
v 23.453094 72.828079 3.703158
v 23.453091 81.468704 12.343777
v 23.453094 81.468704 13.578153
v 23.453094 88.874954 13.578153
vn 1.0000 -0.0000 -0.0000
vt 0.164066 0.742200
vt 0.187504 0.789075
vt 0.187504 0.742200
vt 0.164066 0.789075
vt 0.132816 0.742200
vt 0.156254 0.789075
vt 0.156254 0.742200
vt 0.132816 0.789075
vt 0.101566 0.742200
vt 0.125004 0.789075
vt 0.125004 0.742200
vt 0.101566 0.789075
vt 0.101566 0.687513
vt 0.125004 0.734387
vt 0.125004 0.687513
vt 0.101566 0.734387
vt 0.132816 0.687513
vt 0.156254 0.734387
vt 0.156254 0.687513
vt 0.132816 0.734387
vt 0.164066 0.687513
vt 0.187504 0.734387
vt 0.187504 0.687513
vt 0.164066 0.734387
vt 0.101566 0.554700
vt 0.187504 0.656263
vt 0.101566 0.656263
vt 0.187504 0.554700
s 0
usemtl windows
f 1534/586/90 1526/587/90 1527/588/90
f 1534/586/90 1535/589/90 1526/587/90
f 1512/590/90 1528/591/90 1533/592/90
f 1512/590/90 1513/593/90 1528/591/90
f 1520/594/90 1516/595/90 1517/596/90
f 1520/594/90 1521/597/90 1516/595/90
f 1532/598/90 1515/599/90 1531/600/90
f 1532/598/90 1514/601/90 1515/599/90
f 1529/602/90 1524/603/90 1525/604/90
f 1529/602/90 1530/605/90 1524/603/90
f 1519/606/90 1522/607/90 1518/608/90
f 1519/606/90 1523/609/90 1522/607/90
f 1511/610/90 1508/611/90 1510/612/90
f 1511/610/90 1509/613/90 1508/611/90
f 1506/586/90 1498/587/90 1507/589/90
f 1506/586/90 1499/588/90 1498/587/90
f 1484/590/90 1500/591/90 1485/593/90
f 1484/590/90 1505/592/90 1500/591/90
f 1492/594/90 1488/595/90 1493/597/90
f 1492/594/90 1489/596/90 1488/595/90
f 1504/598/90 1487/599/90 1486/601/90
f 1504/598/90 1503/600/90 1487/599/90
f 1501/602/90 1496/603/90 1502/605/90
f 1501/602/90 1497/604/90 1496/603/90
f 1491/606/90 1494/607/90 1495/609/90
f 1491/606/90 1490/608/90 1494/607/90
o doors
v 25.921839 29.624981 18.515635
v 24.687466 48.140594 18.515635
v 25.921839 48.140594 18.515635
v 24.687466 29.624981 18.515635
v 25.921841 92.578072 -20.984009
v 25.921841 69.124962 -18.515638
v 25.921841 50.609344 -18.515638
v 25.921846 48.140594 -2.468772
v 25.921846 50.609344 -2.468772
v 25.921841 48.140594 -18.515638
v 25.921841 6.171871 -20.984007
v 25.921841 29.624981 -18.515638
v 25.921846 69.124962 -2.468772
v 25.921841 71.593704 -18.515638
v 25.921846 71.593704 -2.468772
v 25.921841 90.109329 -18.515638
v 25.921841 92.578072 -18.515638
v 25.921846 92.578072 -2.468772
v 25.921846 90.109329 -2.468772
v 25.921850 8.640619 0.000001
v 25.921846 27.156233 -2.468772
v 25.921850 27.156233 0.000001
v 25.921846 8.640619 -2.468772
v 25.921850 6.171871 0.000001
v 25.921841 8.640619 -18.515638
v 25.921841 27.156233 -18.515638
v 25.921846 29.624981 -2.468772
v 25.921850 29.624981 0.000001
v 25.921846 48.140594 -0.000024
v 25.921846 50.609344 -0.000024
v 25.921850 69.124962 0.000001
v 25.921850 71.593704 0.000001
v 25.921848 27.156233 2.468772
v 25.921839 27.156233 18.515635
v 25.921848 29.624981 2.468772
v 25.921839 69.124962 18.515635
v 25.921839 71.593704 18.515635
v 25.921841 92.578072 20.984005
v 25.921839 50.609344 18.515635
v 25.921841 6.171871 20.984011
v 25.921839 8.640619 18.515635
v 25.921848 6.171871 1.234397
v 25.921848 8.640619 2.468772
v 25.921848 8.640619 1.234397
v 25.921848 27.156233 1.234397
v 25.921848 29.624981 1.234397
v 25.921848 48.140594 2.468772
v 25.921848 48.140594 1.234385
v 25.921848 50.609344 2.468772
v 25.921848 50.609344 1.234385
v 25.921831 69.124962 2.468770
v 25.921848 71.593704 2.468772
v 25.921841 69.124962 1.234397
v 25.921848 71.593704 1.234397
v 25.921848 90.109329 2.468772
v 25.921848 92.578072 1.234397
v 25.921848 92.578072 2.468772
v 27.156221 50.609344 -1.234399
v 25.921846 48.140594 -1.234397
v 27.156221 48.140594 -1.234399
v 25.921846 50.609344 -1.234397
v 25.921846 50.609344 -3.703145
v 27.156219 48.140594 -3.703147
v 25.921846 48.140594 -3.703145
v 27.156219 50.609344 -3.703147
v 25.921846 64.187462 -2.468772
v 27.156221 64.187462 -1.234399
v 27.156219 64.187462 -2.468774
v 25.921846 64.187462 -1.234397
v 25.921846 55.546841 -1.234397
v 27.156219 55.546841 -2.468774
v 27.156221 55.546841 -1.234399
v 25.921846 55.546841 -2.468772
v 23.453468 92.578072 -20.984009
v 23.453468 6.171875 -20.984009
v 24.687469 88.874954 -8.640659
v 23.453093 81.468704 -8.640658
v 23.453093 88.874954 -8.640658
v 24.687469 81.468704 -8.640659
v 24.687469 80.234329 -7.406283
v 23.453096 80.234329 -3.703160
v 23.453096 80.234329 -7.406283
v 24.687471 80.234329 -3.703160
v 24.687469 81.468704 -7.406283
v 23.453096 88.874954 -7.406283
v 23.453096 81.468704 -7.406283
v 24.687469 88.874954 -7.406283
v 24.687466 72.828079 -13.578157
v 23.453093 72.828079 -17.281281
v 23.453094 72.828079 -13.578156
v 24.687468 72.828079 -17.281281
v 24.687471 88.874954 -3.703160
v 23.453096 81.468704 -3.703160
v 23.453096 88.874954 -3.703160
v 24.687471 81.468704 -3.703160
v 23.453093 80.234329 -17.281281
v 24.687468 80.234329 -17.281281
v 24.687466 80.234329 -13.578157
v 23.453094 80.234329 -13.578156
v 24.687466 72.828079 -12.343782
v 23.453093 80.234329 -12.343780
v 23.453093 72.828079 -12.343780
v 24.687466 80.234329 -12.343782
v 24.687468 81.468704 -17.281281
v 23.453093 88.874954 -17.281281
v 23.453093 81.468704 -17.281281
v 24.687468 88.874954 -17.281281
v 24.687466 88.874954 -12.343782
v 23.453093 88.874954 -12.343780
v 24.687469 80.234329 -8.640659
v 23.453093 72.828079 -8.640658
v 23.453093 80.234329 -8.640658
v 24.687469 72.828079 -8.640659
v 24.687471 72.828079 -3.703160
v 23.453096 72.828079 -7.406283
v 23.453096 72.828079 -3.703160
v 24.687469 72.828079 -7.406283
v 23.453093 81.468704 -12.343780
v 24.687466 81.468704 -12.343782
v 24.687466 88.874954 -13.578157
v 23.453094 81.468704 -13.578156
v 23.453094 88.874954 -13.578156
v 24.687466 81.468704 -13.578157
v 24.687475 90.109329 -2.468772
v 24.687475 71.593704 -2.468772
v 24.687468 90.109329 -18.515638
v 24.687468 71.593704 -18.515638
v 25.921850 92.578072 0.000001
v 24.687468 27.156233 -18.515638
v 24.687475 27.156233 -2.468772
v 24.687468 50.609344 -18.515638
v 24.687475 50.609344 -2.468772
v 24.687468 48.140594 -18.515638
v 24.687475 48.140594 -2.468772
v 24.687468 69.124962 -18.515638
v 24.687475 69.124962 -2.468772
v 24.687468 8.640619 -18.515638
v 24.687475 29.624981 -2.468772
v 24.687475 8.640619 -2.468772
v 24.687468 29.624981 -18.515638
v 23.453468 92.578072 20.984009
v 23.453468 6.171875 20.984009
v 25.921848 61.718712 2.468749
v 27.156219 61.718712 3.703122
v 27.156223 61.718712 2.468747
v 25.921846 61.718712 3.703124
v 25.921846 58.015591 3.703124
v 27.156223 58.015591 2.468747
v 27.156219 58.015591 3.703122
v 25.921848 58.015591 2.468749
v 24.687460 67.890587 3.703149
v 25.921833 51.843719 3.703149
v 25.921833 67.890587 3.703149
v 24.687460 51.843719 3.703149
v 24.687466 67.890587 17.281265
v 25.921839 67.890587 17.281260
v 25.921839 51.843719 17.281260
v 24.687466 51.843719 17.281265
v 24.687471 88.874954 8.640659
v 23.453094 81.468704 8.640656
v 24.687471 81.468704 8.640659
v 23.453094 88.874954 8.640656
v 24.687471 80.234329 7.406283
v 23.453094 80.234329 3.703158
v 24.687469 80.234329 3.703158
v 23.453096 80.234329 7.406281
v 24.687471 81.468704 7.406283
v 23.453096 88.874954 7.406281
v 24.687471 88.874954 7.406283
v 23.453096 81.468704 7.406281
v 24.687466 72.828079 13.578156
v 23.453094 72.828079 17.281275
v 24.687469 72.828079 17.281277
v 23.453094 72.828079 13.578153
v 24.687469 88.874954 3.703158
v 23.453094 81.468704 3.703158
v 24.687469 81.468704 3.703158
v 23.453094 88.874954 3.703158
v 23.453094 80.234329 17.281275
v 24.687469 80.234329 17.281277
v 24.687466 80.234329 13.578156
v 23.453094 80.234329 13.578153
v 24.687466 72.828079 12.343781
v 23.453091 80.234329 12.343777
v 24.687466 80.234329 12.343781
v 23.453091 72.828079 12.343777
v 24.687469 81.468704 17.281277
v 23.453094 88.874954 17.281275
v 24.687469 88.874954 17.281277
v 23.453094 81.468704 17.281275
v 24.687466 88.874954 12.343781
v 23.453091 88.874954 12.343777
v 24.687471 80.234329 8.640659
v 23.453094 72.828079 8.640656
v 24.687471 72.828079 8.640659
v 23.453094 80.234329 8.640656
v 24.687469 72.828079 3.703158
v 23.453096 72.828079 7.406281
v 24.687471 72.828079 7.406283
v 23.453094 72.828079 3.703158
v 23.453091 81.468704 12.343777
v 24.687466 81.468704 12.343781
v 24.687466 88.874954 13.578156
v 23.453094 81.468704 13.578153
v 24.687466 81.468704 13.578156
v 23.453094 88.874954 13.578153
v 24.687477 90.109329 2.468772
v 24.687477 71.593704 2.468772
v 24.687466 90.109329 18.515635
v 25.921839 90.109329 18.515635
v 24.687466 71.593704 18.515635
v 24.687466 27.156233 18.515635
v 24.687477 27.156233 2.468772
v 24.687477 48.140594 2.468772
v 24.687466 8.640619 18.515635
v 24.687477 29.624981 2.468772
v 24.687477 8.640619 2.468772
v 27.156221 6.171871 1.234395
v 27.156221 8.640619 1.234395
v 27.156221 27.156233 1.234395
v 27.156221 29.624981 1.234395
v 27.156221 48.140594 1.234395
v 27.156221 50.609344 1.234395
v 27.156221 69.124962 1.234395
v 27.156221 71.593704 1.234395
v 27.156221 92.578072 1.234395
v 27.156221 6.171871 -1.234353
v 27.156221 8.640619 -1.234353
v 27.156221 27.156233 -1.234353
v 27.156221 29.624981 -1.234353
v 27.156221 48.140594 -1.234353
v 27.156221 50.609344 -1.234353
v 27.156221 69.124962 -1.234353
v 27.156221 71.593704 -1.234353
v 27.156221 92.578072 -1.234353
v 25.921846 6.171871 -1.234351
v 25.921846 8.640619 -1.234351
v 25.921846 27.156233 -1.234351
v 25.921846 29.624981 -1.234351
v 25.921846 48.140594 -1.234351
v 25.921846 50.609344 -1.234351
v 25.921846 69.124962 -1.234351
v 25.921846 71.593704 -1.234351
v 25.921846 92.578072 -1.234351
v 25.921839 92.578072 18.515635
vn -0.0000 -0.0000 -1.0000
vn 1.0000 -0.0000 -0.0000
vn -0.0000 -0.0000 1.0000
vn -0.0000 -1.0000 -0.0000
vn -0.0000 1.0000 -0.0000
vt 0.156254 0.187513
vt 0.164066 0.070325
vt 0.156254 0.070325
vt 0.164066 0.187513
vt 0.343754 0.812513
vt 0.328129 0.664075
vt 0.328129 0.546888
vt 0.226566 0.531263
vt 0.226566 0.546888
vt 0.328129 0.531263
vt 0.343754 0.265638
vt 0.328129 0.414075
vt 0.226566 0.664075
vt 0.328129 0.679700
vt 0.226566 0.679700
vt 0.328129 0.796888
vt 0.328129 0.812513
vt 0.226566 0.812513
vt 0.226566 0.796888
vt 0.210941 0.281263
vt 0.226566 0.398450
vt 0.210941 0.398450
vt 0.226566 0.281263
vt 0.210941 0.265638
vt 0.328129 0.281263
vt 0.328129 0.398450
vt 0.226566 0.414075
vt 0.210941 0.414075
vt 0.210941 0.531263
vt 0.210941 0.546888
vt 0.210941 0.664075
vt 0.210941 0.679700
vt 0.218754 0.265638
vt 0.218754 0.281263
vt 0.218754 0.398450
vt 0.218754 0.414075
vt 0.218754 0.531263
vt 0.218754 0.546888
vt 0.218754 0.664075
vt 0.218754 0.679700
vt 0.226566 0.679621
vt 0.226814 0.796888
vt 0.221708 0.812513
vt 0.226928 0.812513
vt 0.585938 0.953125
vt 0.593750 0.968750
vt 0.585938 0.968750
vt 0.593750 0.953125
vt 0.601562 0.953125
vt 0.609375 0.968750
vt 0.601562 0.968750
vt 0.609375 0.953125
vt 0.570312 0.945312
vt 0.585938 0.929688
vt 0.585938 0.945312
vt 0.570312 0.929688
vt 0.578125 0.953125
vt 0.570312 0.968750
vt 0.570312 0.953125
vt 0.578125 0.968750
vt 0.625000 0.968750
vt 0.617188 0.953125
vt 0.625000 0.953125
vt 0.617188 0.968750
vt 0.625000 0.937500
vt 0.617188 0.945312
vt 0.617188 0.937500
vt 0.625000 0.945312
vt 0.609375 0.937500
vt 0.601562 0.945312
vt 0.601562 0.937500
vt 0.609375 0.945312
vt 0.664062 0.968750
vt 0.671875 0.914062
vt 0.671875 0.968750
vt 0.664062 0.914062
vt 0.648438 0.968750
vt 0.656250 0.914062
vt 0.656250 0.968750
vt 0.648438 0.914062
vt 0.632812 0.968750
vt 0.640625 0.914062
vt 0.640625 0.968750
vt 0.632812 0.914062
vt 0.328129 0.265625
vt 0.734379 0.718763
vt 0.726566 0.765638
vt 0.726566 0.718763
vt 0.734379 0.765638
vt 0.757817 0.757797
vt 0.765629 0.734373
vt 0.765629 0.757797
vt 0.757817 0.734373
vt 0.695316 0.710950
vt 0.703129 0.664075
vt 0.703129 0.710950
vt 0.695316 0.664075
vt 0.750004 0.703138
vt 0.742191 0.726561
vt 0.742191 0.703138
vt 0.750004 0.726561
vt 0.718754 0.718763
vt 0.710941 0.765638
vt 0.710941 0.718763
vt 0.718754 0.765638
vt 0.679691 0.710950
vt 0.687504 0.664075
vt 0.687504 0.710950
vt 0.679691 0.664075
vt 0.757817 0.726561
vt 0.765629 0.703138
vt 0.765629 0.726561
vt 0.757817 0.703138
vt 0.703129 0.718763
vt 0.695316 0.765638
vt 0.695316 0.718763
vt 0.703129 0.765638
vt 0.765629 0.671888
vt 0.757817 0.695325
vt 0.757817 0.671888
vt 0.765629 0.695325
vt 0.773441 0.726561
vt 0.781254 0.703138
vt 0.781254 0.726561
vt 0.773441 0.703138
vt 0.679691 0.765638
vt 0.687504 0.718763
vt 0.687504 0.765638
vt 0.679691 0.718763
vt 0.664066 0.710950
vt 0.671879 0.664075
vt 0.671879 0.710950
vt 0.664066 0.664075
vt 0.789066 0.726561
vt 0.796905 0.703138
vt 0.796905 0.726561
vt 0.789066 0.703138
vt 0.671879 0.718763
vt 0.664066 0.765638
vt 0.664066 0.718763
vt 0.671879 0.765638
vt 0.750004 0.734373
vt 0.742191 0.757797
vt 0.742191 0.734373
vt 0.750004 0.757797
vt 0.796905 0.671888
vt 0.789080 0.695325
vt 0.789080 0.671888
vt 0.796905 0.695325
vt 0.656254 0.718763
vt 0.648441 0.765638
vt 0.648441 0.718763
vt 0.656254 0.765638
vt 0.789066 0.757911
vt 0.796824 0.734488
vt 0.796824 0.757911
vt 0.789066 0.734488
vt 0.750004 0.671888
vt 0.742191 0.695325
vt 0.742191 0.671888
vt 0.750004 0.695325
vt 0.781254 0.734373
vt 0.773441 0.757797
vt 0.773441 0.734373
vt 0.781254 0.757797
vt 0.734379 0.664075
vt 0.726566 0.710950
vt 0.726566 0.664075
vt 0.734379 0.710950
vt 0.242191 0.187513
vt 0.234379 0.070325
vt 0.242191 0.070325
vt 0.234379 0.187513
vt 0.171879 0.187513
vt 0.179691 0.070325
vt 0.179691 0.187513
vt 0.171879 0.070325
vt 0.773441 0.695325
vt 0.781268 0.671888
vt 0.781268 0.695325
vt 0.773441 0.671888
vt 0.710941 0.710950
vt 0.718754 0.664075
vt 0.718754 0.710950
vt 0.710941 0.664075
vt 0.648441 0.710950
vt 0.656254 0.664075
vt 0.656254 0.710950
vt 0.648441 0.664075
vt 0.429691 0.734387
vt 0.453129 0.742199
vt 0.429691 0.742199
vt 0.453129 0.734387
vt 0.460941 0.679700
vt 0.453129 0.687512
vt 0.429691 0.687512
vt 0.460941 0.796888
vt 0.453129 0.789074
vt 0.429691 0.789074
vt 0.390630 0.734387
vt 0.398441 0.742199
vt 0.390630 0.742199
vt 0.398441 0.734387
vt 0.390630 0.687512
vt 0.398441 0.687512
vt 0.359379 0.679700
vt 0.421879 0.687512
vt 0.421879 0.734387
vt 0.421879 0.742199
vt 0.421879 0.789074
vt 0.398441 0.789074
vt 0.359379 0.796888
vt 0.390630 0.789074
vt 0.367192 0.734387
vt 0.367192 0.687512
vt 0.367192 0.789074
vt 0.367192 0.742199
vt 0.210941 0.679780
vt 0.211427 0.812513
vt 0.359379 0.070325
vt 0.367191 0.171888
vt 0.359379 0.171888
vt 0.367191 0.070325
vt 0.304691 0.070325
vt 0.296879 0.171888
vt 0.296879 0.070325
vt 0.304691 0.171888
vt 0.343754 0.070325
vt 0.351566 0.171888
vt 0.343754 0.171888
vt 0.351566 0.070325
vt 0.328129 0.070325
vt 0.335941 0.171888
vt 0.328129 0.171888
vt 0.335941 0.070325
vt 0.140629 0.187513
vt 0.148441 0.070325
vt 0.148441 0.187513
vt 0.140629 0.070325
vt 0.226566 0.070325
vt 0.218754 0.187513
vt 0.218754 0.070325
vt 0.226566 0.187513
vt 0.289066 0.070325
vt 0.281254 0.171888
vt 0.281254 0.070325
vt 0.289066 0.171888
vt 0.125004 0.187513
vt 0.132816 0.070325
vt 0.132816 0.187513
vt 0.125004 0.070325
vt 0.195316 0.070325
vt 0.187504 0.187513
vt 0.187504 0.070325
vt 0.195316 0.187513
vt 0.210941 0.070325
vt 0.203129 0.187513
vt 0.203129 0.070325
vt 0.210941 0.187513
vt 0.273441 0.070325
vt 0.265629 0.171888
vt 0.265629 0.070325
vt 0.273441 0.171888
vt 0.359379 0.414075
vt 0.460941 0.531263
vt 0.359379 0.531263
vt 0.460941 0.414075
vt 0.320316 0.070325
vt 0.312504 0.171888
vt 0.312504 0.070325
vt 0.320316 0.171888
vt 0.359379 0.281263
vt 0.460941 0.398450
vt 0.359379 0.398450
vt 0.460941 0.281263
vt 0.257816 0.070325
vt 0.250004 0.171888
vt 0.250004 0.070325
vt 0.257816 0.171888
vt 0.546875 0.960938
vt 0.539063 0.968750
vt 0.539063 0.960937
vt 0.546875 0.968750
vt 0.531250 0.960937
vt 0.523438 0.968750
vt 0.523438 0.960937
vt 0.531250 0.968750
vt 0.554688 0.953125
vt 0.562500 0.929687
vt 0.562500 0.953125
vt 0.554688 0.929687
vt 0.539063 0.953125
vt 0.546875 0.929687
vt 0.546875 0.953125
vt 0.539063 0.929687
vt 0.523438 0.953125
vt 0.531250 0.929687
vt 0.531250 0.953125
vt 0.523438 0.929687
vt 0.023438 0.546875
vt 0.015625 0.664063
vt 0.015625 0.546875
vt 0.023438 0.664063
vt 0.070312 0.554688
vt 0.062500 0.656250
vt 0.062500 0.554688
vt 0.070313 0.656250
vt 0.046875 0.656250
vt 0.054688 0.554688
vt 0.054688 0.656250
vt 0.046875 0.554688
vt 0.031250 0.664062
vt 0.039062 0.546875
vt 0.039062 0.664062
vt 0.031250 0.546875
vt 0.570312 0.242188
vt 0.562500 0.257812
vt 0.562500 0.242188
vt 0.570312 0.257812
vt 0.562500 0.375000
vt 0.570312 0.375000
vt 0.562500 0.390625
vt 0.570312 0.390625
vt 0.562500 0.507812
vt 0.570312 0.507812
vt 0.570312 0.523438
vt 0.562500 0.523438
vt 0.562500 0.640625
vt 0.570312 0.640625
vt 0.562500 0.656250
vt 0.570312 0.656250
vt 0.562500 0.789062
vt 0.570312 0.789062
vt 0.226562 0.265625
vt 0.210938 0.281250
vt 0.210938 0.265625
vt 0.226562 0.281250
vt 0.210938 0.398438
vt 0.226562 0.398438
vt 0.210938 0.414062
vt 0.226562 0.414062
vt 0.210938 0.531250
vt 0.226562 0.531250
vt 0.226562 0.546875
vt 0.210938 0.546875
vt 0.210938 0.664062
vt 0.226562 0.664062
vt 0.210938 0.679688
vt 0.226562 0.679688
vt 0.210938 0.812500
vt 0.226562 0.812500
vt 0.320316 0.695325
vt 0.234379 0.695325
vt 0.226566 0.687513
vt 0.226566 0.804700
vt 0.234379 0.796888
vt 0.328129 0.804700
vt 0.320316 0.796888
vt 0.328129 0.687513
s 0
usemtl exterior
f 1536/614/91 1537/615/91 1538/616/91
f 1536/614/91 1539/617/91 1537/615/91
f 1540/618/92 1541/619/92 1542/620/92
f 1543/621/92 1542/620/92 1544/622/92
f 1543/621/92 1545/623/92 1542/620/92
f 1540/618/92 1542/620/92 1545/623/92
f 1546/624/92 1540/618/92 1545/623/92
f 1547/625/92 1546/624/92 1545/623/92
f 1548/626/92 1549/627/92 1550/628/92
f 1548/626/92 1541/619/92 1549/627/92
f 1540/618/92 1549/627/92 1541/619/92
f 1540/618/92 1551/629/92 1549/627/92
f 1540/618/92 1552/630/92 1551/629/92
f 1553/631/92 1551/629/92 1552/630/92
f 1553/631/92 1554/632/92 1551/629/92
f 1555/633/92 1556/634/92 1557/635/92
f 1555/633/92 1558/636/92 1556/634/92
f 1555/633/92 1559/637/92 1558/636/92
f 1559/637/92 1546/624/92 1558/636/92
f 1546/624/92 1560/638/92 1558/636/92
f 1560/638/92 1546/624/92 1561/639/92
f 1561/639/92 1546/624/92 1547/625/92
f 1556/634/92 1561/639/92 1547/625/92
f 1556/634/92 1547/625/92 1562/640/92
f 1557/635/92 1556/634/92 1562/640/92
f 1557/635/92 1562/640/92 1563/641/92
f 1563/641/92 1562/640/92 1543/621/92
f 1563/641/92 1543/621/92 1564/642/92
f 1564/642/92 1543/621/92 1544/622/92
f 1564/642/92 1544/622/92 1565/643/92
f 1565/643/92 1544/622/92 1548/626/92
f 1565/643/92 1548/626/92 1566/644/92
f 1566/644/92 1548/626/92 1550/628/92
f 1566/644/92 1550/628/92 1567/645/92
f 1568/634/92 1536/625/92 1569/639/92
f 1568/634/92 1570/640/92 1536/625/92
f 1571/619/92 1572/627/92 1573/618/92
f 1574/620/92 1571/619/92 1573/618/92
f 1573/618/92 1538/623/92 1574/620/92
f 1573/618/92 1575/624/92 1538/623/92
f 1575/624/92 1536/625/92 1538/623/92
f 1575/624/92 1569/639/92 1536/625/92
f 1575/624/92 1576/638/92 1569/639/92
f 1575/624/92 1577/646/92 1576/638/92
f 1578/636/92 1576/638/92 1577/646/92
f 1577/646/92 1579/647/92 1578/636/92
f 1579/647/92 1568/634/92 1578/636/92
f 1579/647/92 1580/648/92 1568/634/92
f 1580/648/92 1570/640/92 1568/634/92
f 1580/648/92 1581/649/92 1570/640/92
f 1581/649/92 1582/621/92 1570/640/92
f 1581/649/92 1583/650/92 1582/621/92
f 1583/650/92 1584/622/92 1582/621/92
f 1583/650/92 1585/651/92 1584/622/92
f 1582/621/92 1574/620/92 1538/623/92
f 1582/621/92 1584/622/92 1574/620/92
f 1586/626/92 1572/627/92 1571/619/92
f 1586/626/92 1587/628/92 1572/627/92
f 1585/651/92 1586/626/92 1584/622/92
f 1585/651/92 1588/652/92 1586/626/92
f 1588/652/92 1587/628/92 1586/626/92
f 1588/652/92 1589/653/92 1587/628/92
f 1587/654/92 1589/653/92 1590/655/92
f 1589/653/92 1591/656/92 1590/655/92
f 1591/656/92 1592/657/92 1590/655/92
f 1593/658/93 1594/659/93 1595/660/93
f 1593/658/93 1596/661/93 1594/659/93
f 1597/662/91 1598/663/91 1599/664/91
f 1597/662/91 1600/665/91 1598/663/91
f 1600/666/92 1595/667/92 1598/668/92
f 1600/666/92 1593/669/92 1595/667/92
f 1594/670/94 1598/671/94 1595/672/94
f 1594/670/94 1599/673/94 1598/671/94
f 1596/674/95 1600/675/95 1597/676/95
f 1596/674/95 1593/677/95 1600/675/95
f 1601/678/95 1602/679/95 1603/680/95
f 1601/678/95 1604/681/95 1602/679/95
f 1605/682/94 1606/683/94 1607/684/94
f 1605/682/94 1608/685/94 1606/683/94
f 1606/686/92 1602/687/92 1607/688/92
f 1606/686/92 1603/689/92 1602/687/92
f 1608/690/91 1603/691/91 1606/692/91
f 1608/690/91 1601/693/91 1603/691/91
f 1607/694/93 1604/695/93 1605/696/93
f 1607/694/93 1602/697/93 1604/695/93
f 1546/624/91 1609/630/91 1540/618/91
f 1546/624/91 1610/698/91 1609/630/91
f 1611/699/91 1612/700/91 1613/701/91
f 1611/699/91 1614/702/91 1612/700/91
f 1615/703/94 1616/704/94 1617/705/94
f 1615/703/94 1618/706/94 1616/704/94
f 1619/707/93 1620/708/93 1621/709/93
f 1619/707/93 1622/710/93 1620/708/93
f 1623/711/95 1624/712/95 1625/713/95
f 1623/711/95 1626/714/95 1624/712/95
f 1627/715/91 1628/716/91 1629/717/91
f 1627/715/91 1630/718/91 1628/716/91
f 1626/719/93 1631/720/93 1624/721/93
f 1626/719/93 1632/722/93 1631/720/93
f 1622/723/94 1629/724/94 1620/725/94
f 1622/723/94 1627/726/94 1629/724/94
f 1633/727/91 1625/728/91 1634/729/91
f 1633/727/91 1623/730/91 1625/728/91
f 1630/731/95 1621/732/95 1628/733/95
f 1630/731/95 1619/734/95 1621/732/95
f 1632/735/94 1634/736/94 1631/737/94
f 1632/735/94 1633/738/94 1634/736/94
f 1635/739/93 1636/740/93 1637/741/93
f 1635/739/93 1638/742/93 1636/740/93
f 1639/743/93 1640/744/93 1641/745/93
f 1639/743/93 1642/746/93 1640/744/93
f 1643/747/94 1613/748/94 1644/749/94
f 1643/747/94 1611/750/94 1613/748/94
f 1645/751/91 1646/752/91 1647/753/91
f 1645/751/91 1648/754/91 1646/752/91
f 1649/755/95 1650/756/95 1651/757/95
f 1649/755/95 1652/758/95 1650/756/95
f 1614/759/95 1653/760/95 1612/761/95
f 1614/759/95 1654/762/95 1653/760/95
f 1655/763/91 1656/764/91 1657/765/91
f 1655/763/91 1658/766/91 1656/764/91
f 1638/767/94 1647/768/94 1636/769/94
f 1638/767/94 1645/770/94 1647/768/94
f 1658/771/95 1641/772/95 1656/773/95
f 1658/771/95 1639/774/95 1641/772/95
f 1648/775/95 1637/776/95 1646/777/95
f 1648/775/95 1635/778/95 1637/776/95
f 1618/779/91 1651/780/91 1616/781/91
f 1618/779/91 1649/782/91 1651/780/91
f 1550/783/91 1659/784/91 1554/785/91
f 1550/783/91 1660/786/91 1659/784/91
f 1549/787/93 1661/788/93 1662/789/93
f 1549/787/93 1551/790/93 1661/788/93
f 1642/791/94 1657/792/94 1640/793/94
f 1642/791/94 1655/794/94 1657/792/94
f 1654/795/93 1644/796/93 1653/797/93
f 1654/795/93 1643/798/93 1644/796/93
f 1652/799/93 1617/800/93 1650/801/93
f 1652/799/93 1615/802/93 1617/800/93
f 1633/803/92 1639/804/92 1658/805/92
f 1633/803/92 1632/806/92 1639/804/92
f 1662/807/92 1626/808/92 1623/809/92
f 1626/808/92 1662/807/92 1632/806/92
f 1662/807/92 1661/810/92 1632/806/92
f 1661/810/92 1639/804/92 1632/806/92
f 1661/810/92 1642/811/92 1639/804/92
f 1655/812/92 1642/811/92 1661/810/92
f 1615/813/92 1614/814/92 1619/815/92
f 1615/813/92 1645/816/92 1614/814/92
f 1652/817/92 1645/816/92 1615/813/92
f 1652/817/92 1648/818/92 1645/816/92
f 1652/817/92 1660/819/92 1648/818/92
f 1660/819/92 1662/807/92 1648/818/92
f 1662/807/92 1635/820/92 1648/818/92
f 1662/807/92 1623/809/92 1635/820/92
f 1635/820/92 1623/809/92 1633/803/92
f 1635/820/92 1633/803/92 1638/821/92
f 1638/821/92 1633/803/92 1658/805/92
f 1638/821/92 1658/805/92 1654/822/92
f 1654/822/92 1658/805/92 1655/812/92
f 1654/822/92 1655/812/92 1643/823/92
f 1643/823/92 1655/812/92 1661/810/92
f 1611/824/92 1643/823/92 1661/810/92
f 1661/810/92 1659/825/92 1611/824/92
f 1659/825/92 1622/826/92 1611/824/92
f 1619/815/92 1611/824/92 1622/826/92
f 1619/815/92 1614/814/92 1611/824/92
f 1645/816/92 1654/822/92 1614/814/92
f 1645/816/92 1638/821/92 1654/822/92
f 1659/825/92 1660/819/92 1618/827/92
f 1660/819/92 1649/828/92 1618/827/92
f 1649/828/92 1660/819/92 1652/817/92
f 1659/825/92 1627/829/92 1622/826/92
f 1630/830/92 1627/829/92 1659/825/92
f 1618/827/92 1630/830/92 1659/825/92
f 1618/827/92 1619/815/92 1630/830/92
f 1618/827/92 1615/813/92 1619/815/92
f 1567/831/92 1550/654/92 1554/655/92
f 1663/832/92 1567/831/92 1554/655/92
f 1554/655/92 1553/657/92 1663/832/92
f 1556/833/94 1664/834/94 1561/835/94
f 1556/833/94 1665/836/94 1664/834/94
f 1544/837/95 1666/838/95 1667/839/95
f 1544/837/95 1542/840/95 1666/838/95
f 1543/841/94 1668/842/94 1545/843/94
f 1543/841/94 1669/844/94 1668/842/94
f 1548/845/94 1670/846/94 1541/847/94
f 1548/845/94 1671/848/94 1670/846/94
f 1560/849/93 1664/850/93 1672/851/93
f 1560/849/93 1561/852/93 1664/850/93
f 1543/853/91 1673/854/91 1669/855/91
f 1543/853/91 1562/856/91 1673/854/91
f 1550/857/95 1662/858/95 1660/859/95
f 1550/857/95 1549/860/95 1662/858/95
f 1542/861/93 1670/862/93 1666/863/93
f 1542/861/93 1541/864/93 1670/862/93
f 1548/865/91 1667/866/91 1671/867/91
f 1548/865/91 1544/868/91 1667/866/91
f 1556/869/91 1674/870/91 1665/871/91
f 1556/869/91 1558/872/91 1674/870/91
f 1558/873/95 1672/874/95 1674/875/95
f 1558/873/95 1560/876/95 1672/874/95
f 1673/877/92 1668/878/92 1669/879/92
f 1673/877/92 1675/880/92 1668/878/92
f 1659/881/94 1551/882/94 1554/883/94
f 1659/881/94 1661/884/94 1551/882/94
f 1674/885/92 1664/886/92 1665/887/92
f 1674/885/92 1672/888/92 1664/886/92
f 1562/889/95 1675/890/95 1673/891/95
f 1562/889/95 1547/892/95 1675/890/95
f 1547/614/93 1668/615/93 1675/617/93
f 1547/614/93 1545/616/93 1668/615/93
f 1575/624/93 1676/630/93 1677/698/93
f 1575/624/93 1573/618/93 1676/630/93
f 1678/893/95 1679/894/95 1680/895/95
f 1678/893/95 1681/896/95 1679/894/95
f 1682/897/94 1683/898/94 1684/899/94
f 1682/897/94 1685/900/94 1683/898/94
f 1683/901/92 1679/902/92 1684/903/92
f 1683/901/92 1680/904/92 1679/902/92
f 1685/905/91 1680/906/91 1683/907/91
f 1685/905/91 1678/908/91 1680/906/91
f 1684/909/93 1681/910/93 1682/911/93
f 1684/909/93 1679/912/93 1681/910/93
f 1686/913/93 1687/914/93 1688/915/93
f 1686/913/93 1689/916/93 1687/914/93
f 1690/917/94 1688/918/94 1691/919/94
f 1690/917/94 1686/920/94 1688/918/94
f 1689/921/95 1692/922/95 1687/923/95
f 1689/921/95 1693/924/95 1692/922/95
f 1693/925/91 1691/926/91 1692/927/91
f 1693/925/91 1690/928/91 1691/926/91
f 1694/699/93 1695/700/93 1696/702/93
f 1694/699/93 1697/701/93 1695/700/93
f 1698/703/94 1699/704/94 1700/706/94
f 1698/703/94 1701/705/94 1699/704/94
f 1702/707/91 1703/708/91 1704/710/91
f 1702/707/91 1705/709/91 1703/708/91
f 1706/711/95 1707/712/95 1708/714/95
f 1706/711/95 1709/713/95 1707/712/95
f 1710/715/93 1711/716/93 1712/718/93
f 1710/715/93 1713/717/93 1711/716/93
f 1708/719/91 1714/720/91 1715/722/91
f 1708/719/91 1707/721/91 1714/720/91
f 1704/723/94 1713/724/94 1710/726/94
f 1704/723/94 1703/725/94 1713/724/94
f 1716/727/93 1709/728/93 1706/730/93
f 1716/727/93 1717/729/93 1709/728/93
f 1712/731/95 1705/732/95 1702/734/95
f 1712/731/95 1711/733/95 1705/732/95
f 1715/735/94 1717/736/94 1716/738/94
f 1715/735/94 1714/737/94 1717/736/94
f 1718/739/91 1719/740/91 1720/742/91
f 1718/739/91 1721/741/91 1719/740/91
f 1722/743/91 1723/744/91 1724/746/91
f 1722/743/91 1725/745/91 1723/744/91
f 1726/747/94 1697/748/94 1694/750/94
f 1726/747/94 1727/749/94 1697/748/94
f 1728/751/93 1729/752/93 1730/754/93
f 1728/751/93 1731/753/93 1729/752/93
f 1732/755/95 1733/756/95 1734/758/95
f 1732/755/95 1735/757/95 1733/756/95
f 1696/759/95 1736/760/95 1737/762/95
f 1696/759/95 1695/761/95 1736/760/95
f 1738/763/93 1739/764/93 1740/766/93
f 1738/763/93 1741/765/93 1739/764/93
f 1720/767/94 1731/768/94 1728/770/94
f 1720/767/94 1719/769/94 1731/768/94
f 1740/771/95 1725/772/95 1722/774/95
f 1740/771/95 1739/773/95 1725/772/95
f 1730/775/95 1721/776/95 1718/778/95
f 1730/775/95 1729/777/95 1721/776/95
f 1700/779/93 1735/780/93 1732/782/93
f 1700/779/93 1699/781/93 1735/780/93
f 1587/783/93 1742/784/93 1743/786/93
f 1587/783/93 1590/785/93 1742/784/93
f 1572/787/91 1744/788/91 1745/790/91
f 1572/787/91 1746/789/91 1744/788/91
f 1724/791/94 1741/792/94 1738/794/94
f 1724/791/94 1723/793/94 1741/792/94
f 1737/795/91 1727/796/91 1726/798/91
f 1737/795/91 1736/797/91 1727/796/91
f 1734/799/91 1701/800/91 1698/802/91
f 1734/799/91 1733/801/91 1701/800/91
f 1700/827/92 1702/815/92 1698/813/92
f 1700/827/92 1712/830/92 1702/815/92
f 1712/830/92 1700/827/92 1743/819/92
f 1743/819/92 1742/825/92 1712/830/92
f 1742/825/92 1710/829/92 1712/830/92
f 1704/826/92 1710/829/92 1742/825/92
f 1700/827/92 1732/828/92 1743/819/92
f 1743/819/92 1732/828/92 1734/817/92
f 1702/815/92 1694/824/92 1696/814/92
f 1698/813/92 1702/815/92 1696/814/92
f 1698/813/92 1696/814/92 1728/816/92
f 1734/817/92 1698/813/92 1728/816/92
f 1734/817/92 1728/816/92 1730/818/92
f 1743/819/92 1734/817/92 1730/818/92
f 1746/807/92 1743/819/92 1730/818/92
f 1730/818/92 1718/820/92 1746/807/92
f 1728/816/92 1737/822/92 1720/821/92
f 1728/816/92 1696/814/92 1737/822/92
f 1737/822/92 1726/823/92 1738/812/92
f 1737/822/92 1738/812/92 1740/805/92
f 1720/821/92 1737/822/92 1740/805/92
f 1720/821/92 1740/805/92 1716/803/92
f 1718/820/92 1720/821/92 1716/803/92
f 1718/820/92 1716/803/92 1706/809/92
f 1718/820/92 1706/809/92 1746/807/92
f 1706/809/92 1708/808/92 1746/807/92
f 1746/807/92 1708/808/92 1715/806/92
f 1744/810/92 1746/807/92 1715/806/92
f 1715/806/92 1722/804/92 1744/810/92
f 1722/804/92 1724/811/92 1744/810/92
f 1744/810/92 1724/811/92 1738/812/92
f 1744/810/92 1738/812/92 1726/823/92
f 1742/825/92 1744/810/92 1726/823/92
f 1742/825/92 1726/823/92 1694/824/92
f 1694/824/92 1704/826/92 1742/825/92
f 1702/815/92 1704/826/92 1694/824/92
f 1716/803/92 1722/804/92 1715/806/92
f 1716/803/92 1740/805/92 1722/804/92
f 1568/833/94 1747/834/94 1748/836/94
f 1568/833/94 1569/835/94 1747/834/94
f 1582/841/94 1537/842/94 1749/844/94
f 1582/841/94 1538/843/94 1537/842/94
f 1576/849/91 1747/850/91 1569/852/91
f 1576/849/91 1750/851/91 1747/850/91
f 1582/853/93 1751/854/93 1570/856/93
f 1582/853/93 1749/855/93 1751/854/93
f 1587/857/95 1746/858/95 1572/860/95
f 1587/857/95 1743/859/95 1746/858/95
f 1568/869/93 1752/870/93 1578/872/93
f 1568/869/93 1748/871/93 1752/870/93
f 1578/873/95 1750/874/95 1576/876/95
f 1578/873/95 1752/875/95 1750/874/95
f 1751/877/92 1537/878/92 1539/880/92
f 1751/877/92 1749/879/92 1537/878/92
f 1742/881/94 1745/882/94 1744/884/94
f 1742/881/94 1590/883/94 1745/882/94
f 1752/885/92 1747/886/92 1750/888/92
f 1752/885/92 1748/887/92 1747/886/92
f 1570/889/95 1539/890/95 1536/892/95
f 1570/889/95 1751/891/95 1539/890/95
f 1753/929/93 1579/930/93 1577/931/93
f 1753/929/93 1754/932/93 1579/930/93
f 1754/932/93 1580/933/93 1579/930/93
f 1754/932/93 1755/934/93 1580/933/93
f 1755/934/93 1581/935/93 1580/933/93
f 1755/934/93 1756/936/93 1581/935/93
f 1756/936/93 1583/937/93 1581/935/93
f 1756/936/93 1757/938/93 1583/937/93
f 1758/939/93 1583/937/93 1757/938/93
f 1758/939/93 1585/940/93 1583/937/93
f 1758/939/93 1588/941/93 1585/940/93
f 1758/939/93 1759/942/93 1588/941/93
f 1759/942/93 1589/943/93 1588/941/93
f 1759/942/93 1760/944/93 1589/943/93
f 1760/944/93 1591/945/93 1589/943/93
f 1760/944/93 1761/946/93 1591/945/93
f 1762/947/92 1754/948/92 1753/949/92
f 1762/947/92 1763/950/92 1754/948/92
f 1763/950/92 1755/951/92 1754/948/92
f 1763/950/92 1764/952/92 1755/951/92
f 1764/952/92 1756/953/92 1755/951/92
f 1764/952/92 1765/954/92 1756/953/92
f 1765/954/92 1757/955/92 1756/953/92
f 1765/954/92 1766/956/92 1757/955/92
f 1767/957/92 1757/955/92 1766/956/92
f 1767/957/92 1758/958/92 1757/955/92
f 1767/957/92 1759/959/92 1758/958/92
f 1767/957/92 1768/960/92 1759/959/92
f 1768/960/92 1760/961/92 1759/959/92
f 1768/960/92 1769/962/92 1760/961/92
f 1769/962/92 1761/963/92 1760/961/92
f 1769/962/92 1770/964/92 1761/963/92
f 1771/929/91 1763/930/91 1762/931/91
f 1771/929/91 1772/932/91 1763/930/91
f 1772/932/91 1764/933/91 1763/930/91
f 1772/932/91 1773/934/91 1764/933/91
f 1773/934/91 1765/935/91 1764/933/91
f 1773/934/91 1774/936/91 1765/935/91
f 1774/936/91 1766/937/91 1765/935/91
f 1774/936/91 1775/938/91 1766/937/91
f 1776/939/91 1766/937/91 1775/938/91
f 1776/939/91 1767/940/91 1766/937/91
f 1776/939/91 1768/941/91 1767/940/91
f 1776/939/91 1777/942/91 1768/941/91
f 1777/942/91 1769/943/91 1768/941/91
f 1777/942/91 1778/944/91 1769/943/91
f 1778/944/91 1770/945/91 1769/943/91
f 1778/944/91 1779/946/91 1770/945/91
f 1687/965/92 1692/966/92 1574/967/92
f 1692/966/92 1571/968/92 1574/967/92
f 1692/966/92 1691/969/92 1571/968/92
f 1691/969/92 1586/970/92 1571/968/92
f 1691/969/92 1688/971/92 1586/970/92
f 1688/971/92 1584/972/92 1586/970/92
f 1688/971/92 1687/965/92 1584/972/92
f 1687/965/92 1574/967/92 1584/972/92
f 1572/627/92 1745/629/92 1573/618/92
f 1745/629/92 1780/630/92 1573/618/92
f 1592/631/92 1780/630/92 1745/629/92
f 1592/631/92 1745/629/92 1590/632/92
o badge
v 24.687469 61.718712 -12.343764
v 24.687471 62.953087 -8.640641
v 24.687471 61.718712 -8.640641
v 24.687469 62.953087 -12.343764
v 24.687471 58.015591 -7.406267
v 24.687471 61.718712 -7.406267
v 24.687471 58.015591 -8.640641
v 24.687469 58.015591 -12.343764
v 24.687469 61.718712 -13.578139
v 24.687469 58.015591 -13.578139
v 24.687469 56.781216 -12.343764
v 24.687471 56.781216 -8.640641
v 24.687468 69.124962 -18.515638
v 24.687468 50.609344 -18.515638
v 24.687475 50.609344 -2.468772
v 24.687475 69.124962 -2.468772
vn 1.0000 -0.0000 -0.0000
vt 0.078129 0.140638
vt 0.054691 0.148450
vt 0.054691 0.140638
vt 0.078129 0.148450
vt 0.046879 0.117200
vt 0.046879 0.140638
vt 0.054691 0.117200
vt 0.078129 0.117200
vt 0.085941 0.140638
vt 0.085941 0.117200
vt 0.078129 0.109388
vt 0.054691 0.109388
vt 0.421879 0.625013
vt 0.421879 0.617200
vt 0.460941 0.664075
vt 0.429691 0.617200
vt 0.460941 0.546888
vt 0.429691 0.593763
vt 0.421879 0.593763
vt 0.421879 0.585950
vt 0.359379 0.546888
vt 0.398441 0.585950
vt 0.398441 0.593763
vt 0.390629 0.593763
vt 0.390629 0.617200
vt 0.359379 0.664075
vt 0.398441 0.617200
vt 0.398441 0.625013
s 1
usemtl exterior
f 1781/973/96 1782/974/96 1783/975/96
f 1781/973/96 1784/976/96 1782/974/96
f 1785/977/96 1783/975/96 1786/978/96
f 1785/977/96 1787/979/96 1783/975/96
f 1787/979/96 1781/973/96 1783/975/96
f 1787/979/96 1788/980/96 1781/973/96
f 1788/980/96 1789/981/96 1781/973/96
f 1788/980/96 1790/982/96 1789/981/96
f 1791/983/96 1787/979/96 1792/984/96
f 1791/983/96 1788/980/96 1787/979/96
f 1784/985/96 1781/986/96 1793/987/96
f 1793/987/96 1781/986/96 1789/988/96
f 1794/989/96 1793/987/96 1789/988/96
f 1789/988/96 1790/990/96 1794/989/96
f 1790/990/96 1788/991/96 1794/989/96
f 1794/989/96 1788/991/96 1791/992/96
f 1794/989/96 1791/992/96 1795/993/96
f 1791/992/96 1792/994/96 1795/993/96
f 1792/994/96 1787/995/96 1795/993/96
f 1795/993/96 1787/995/96 1785/996/96
f 1795/993/96 1785/996/96 1786/997/96
f 1795/993/96 1786/997/96 1796/998/96
f 1786/997/96 1783/999/96 1796/998/96
f 1796/998/96 1783/999/96 1782/1000/96
f 1782/1000/96 1784/985/96 1796/998/96
f 1784/985/96 1793/987/96 1796/998/96
